id,name,age,country,department,salary,experience_years,email,status,join_date
1,Vihaan Sharma,59,UK,HR,143985,29,vihaan.sharma1@company.com,Inactive,2019-08-27
2,Ishaan Singh,49,UK,IT,98012,17,ishaan.singh2@company.com,Inactive,2021-12-23
3,Krishna Patel,35,UK,Finance,82686,21,krishna.patel3@yahoo.com,Inactive,2022-10-09
4,Vihaan Ghosh,28,India,Finance,99236,9,vihaan.ghosh4@outlook.com,Inactive,2020-03-30
5,Aditya Roy,41,USA,IT,165025,28,aditya.roy5@outlook.com,Inactive,2022-10-01
6,Priya Verma,59,Canada,HR,153222,22,priya.verma6@outlook.com,Active,2020-11-27
7,Aarav Gupta,39,Canada,Finance,66586,3,aarav.gupta7@yahoo.com,Active,2024-10-07
8,Muhammad Singh,43,USA,Data,92009,18,muhammad.singh8@company.com,Active,2025-03-11
9,Riya Mukherjee,31,Canada,HR,35607,25,riya.mukherjee9@outlook.com,Active,2018-07-04
10,Aarav Ghosh,31,USA,Marketing,72386,6,aarav.ghosh10@outlook.com,Active,2024-05-11
11,Muhammad Ghosh,44,India,Sales,114625,12,muhammad.ghosh11@yahoo.com,Active,2019-08-25
12,Priya Singh,56,India,IT,148872,2,priya.singh12@gmail.com,Inactive,2021-08-02
13,Kavya Roy,44,India,Sales,149235,10,kavya.roy13@company.com,Active,2021-10-03
14,Ishaan Sharma,23,USA,Marketing,155300,15,ishaan.sharma14@gmail.com,Inactive,2025-07-29
15,Reyansh Bansal,42,USA,Finance,98492,19,reyansh.bansal15@gmail.com,Inactive,2019-06-14
16,Ananya Malik,22,Germany,Data,176295,22,ananya.malik16@yahoo.com,Inactive,2020-10-09
17,Arjun Ansari,44,Canada,HR,57943,22,arjun.ansari17@outlook.com,Inactive,2025-09-04
18,Ananya Mehta,50,Canada,HR,122051,31,ananya.mehta18@company.com,Inactive,2023-01-29
19,Aditya Kapoor,58,Germany,Marketing,130155,2,aditya.kapoor19@outlook.com,Inactive,2018-01-07
20,Vihaan Chopra,22,Germany,IT,101287,7,vihaan.chopra20@gmail.com,Inactive,2018-07-07
21,Diya Mukherjee,41,India,Sales,146541,13,diya.mukherjee21@outlook.com,Inactive,2022-06-12
22,Ishaan Verma,53,Germany,Data,140849,7,ishaan.verma22@company.com,Active,2021-02-13
23,Kavya Ghosh,32,USA,Finance,105880,10,kavya.ghosh23@gmail.com,Active,2024-12-21
24,Vihaan Kapoor,42,UK,IT,109158,32,vihaan.kapoor24@company.com,Inactive,2018-03-04
25,Aditya Ghosh,45,USA,Data,157207,14,aditya.ghosh25@outlook.com,Inactive,2019-03-17
26,Shaurya Mukherjee,47,Germany,Data,137987,13,shaurya.mukherjee26@gmail.com,Active,2021-09-29
27,Diya Roy,48,Canada,Marketing,95461,25,diya.roy27@gmail.com,Inactive,2019-08-10
28,Muhammad Gupta,36,USA,Marketing,53658,7,muhammad.gupta28@company.com,Active,2019-01-14
29,Vivaan Singh,35,Canada,HR,157211,3,vivaan.singh29@gmail.com,Inactive,2024-05-31
30,Shaurya Gupta,23,USA,Finance,71133,17,shaurya.gupta30@outlook.com,Inactive,2022-09-03
31,Krishna Mehta,57,Canada,IT,160275,26,krishna.mehta31@gmail.com,Inactive,2021-06-09
32,Aditi Malik,27,USA,HR,55620,18,aditi.malik32@yahoo.com,Inactive,2024-10-23
33,Kavya Chopra,41,Canada,Finance,35860,2,kavya.chopra33@gmail.com,Inactive,2024-09-07
34,Reyansh Chopra,29,UK,Sales,150532,8,reyansh.chopra34@gmail.com,Active,2020-01-07
35,Diya Ansari,59,India,Sales,62618,1,diya.ansari35@outlook.com,Inactive,2020-05-23
36,Ishaan Gupta,38,USA,HR,62916,8,ishaan.gupta36@yahoo.com,Inactive,2019-12-05
37,Meera Khan,24,UK,IT,117056,5,meera.khan37@company.com,Active,2018-04-09
38,Pooja Singh,45,India,Finance,122667,27,pooja.singh38@outlook.com,Inactive,2024-09-25
39,Reyansh Agarwal,34,USA,Sales,57878,33,reyansh.agarwal39@gmail.com,Active,2019-02-18
40,Aditi Malik,29,UK,Sales,111960,28,aditi.malik40@gmail.com,Active,2018-11-10
41,Pooja Singh,46,UK,IT,73554,2,pooja.singh41@company.com,Active,2024-07-01
42,Ananya Verma,22,UK,HR,175417,15,ananya.verma42@gmail.com,Inactive,2023-12-17
43,Krishna Verma,40,Germany,Marketing,158858,34,krishna.verma43@yahoo.com,Active,2022-11-21
44,Ananya Kapoor,48,Canada,Data,158448,10,ananya.kapoor44@gmail.com,Inactive,2021-12-03
45,Ishaan Gupta,27,India,Finance,57584,22,ishaan.gupta45@gmail.com,Inactive,2019-02-27
46,Muhammad Roy,28,Canada,Sales,46598,29,muhammad.roy46@company.com,Inactive,2025-05-22
47,Ananya Ansari,55,Canada,Data,78813,4,ananya.ansari47@yahoo.com,Active,2018-08-18
48,Neha Kapoor,34,Canada,Data,169802,7,neha.kapoor48@yahoo.com,Active,2022-05-14
49,Kavya Patel,37,UK,Marketing,46684,9,kavya.patel49@outlook.com,Inactive,2019-11-08
50,Ishaan Patel,56,Canada,Data,139426,27,ishaan.patel50@outlook.com,Inactive,2019-12-17
51,Krishna Ghosh,24,Germany,IT,176113,9,krishna.ghosh51@gmail.com,Active,2023-05-03
52,Pooja Malik,22,USA,HR,108723,13,pooja.malik52@company.com,Inactive,2025-04-11
53,Sneha Bansal,26,UK,Finance,96320,4,sneha.bansal53@yahoo.com,Active,2018-12-04
54,Sneha Kapoor,24,India,IT,138144,5,sneha.kapoor54@outlook.com,Inactive,2018-09-03
55,Diya Singh,49,USA,HR,67624,29,diya.singh55@company.com,Active,2019-07-12
56,Arjun Das,38,USA,IT,38726,18,arjun.das56@yahoo.com,Active,2018-07-23
57,Neha Gupta,46,USA,Sales,167915,13,neha.gupta57@company.com,Active,2021-05-01
58,Vivaan Mehta,54,Canada,Sales,89929,10,vivaan.mehta58@gmail.com,Active,2022-04-27
59,Arjun Khan,30,Canada,Marketing,48754,4,arjun.khan59@outlook.com,Inactive,2019-11-05
60,Priya Mukherjee,56,UK,IT,130324,30,priya.mukherjee60@gmail.com,Active,2020-01-06
61,Aditya Kapoor,34,Canada,Data,39567,31,aditya.kapoor61@gmail.com,Inactive,2024-05-20
62,Aditi Mukherjee,51,Canada,Sales,97118,23,aditi.mukherjee62@yahoo.com,Active,2024-03-15
63,Kavya Das,35,Canada,HR,67150,9,kavya.das63@gmail.com,Active,2022-06-24
64,Ishaan Ghosh,28,UK,Marketing,132364,12,ishaan.ghosh64@company.com,Inactive,2019-07-27
65,Aarav Mehta,34,UK,Data,172534,12,aarav.mehta65@company.com,Active,2018-07-01
66,Pooja Malik,43,Germany,Finance,62560,21,pooja.malik66@yahoo.com,Inactive,2022-05-14
67,Ananya Mehta,41,Germany,IT,119568,8,ananya.mehta67@company.com,Inactive,2020-08-31
68,Shaurya Bansal,36,Germany,Sales,148246,18,shaurya.bansal68@gmail.com,Active,2020-07-29
69,Reyansh Agarwal,38,Germany,Data,169443,6,reyansh.agarwal69@outlook.com,Inactive,2021-05-31
70,Aarav Malik,44,USA,HR,120349,14,aarav.malik70@outlook.com,Inactive,2018-07-27
71,Riya Khan,46,USA,IT,159460,16,riya.khan71@company.com,Active,2024-10-06
72,Riya Mehta,45,Germany,HR,37932,13,riya.mehta72@gmail.com,Inactive,2021-04-08
73,Shaurya Das,49,Germany,Marketing,44778,1,shaurya.das73@yahoo.com,Inactive,2018-05-19
74,Meera Ansari,35,India,Sales,58033,13,meera.ansari74@company.com,Active,2024-02-29
75,Arjun Chopra,21,USA,Sales,176376,3,arjun.chopra75@gmail.com,Inactive,2018-09-11
76,Reyansh Ghosh,45,India,Marketing,162441,2,reyansh.ghosh76@gmail.com,Active,2021-04-04
77,Riya Sharma,27,India,HR,37521,2,riya.sharma77@outlook.com,Inactive,2019-07-23
78,Meera Reddy,29,Canada,IT,161631,10,meera.reddy78@company.com,Active,2022-07-17
79,Neha Sharma,44,UK,HR,119622,4,neha.sharma79@yahoo.com,Inactive,2019-03-02
80,Vihaan Chopra,21,USA,IT,152257,28,vihaan.chopra80@outlook.com,Inactive,2021-03-06
81,Shaurya Singh,28,Germany,Data,149647,27,shaurya.singh81@company.com,Active,2021-11-30
82,Vivaan Singh,44,Germany,Marketing,166855,22,vivaan.singh82@outlook.com,Inactive,2020-07-22
83,Sneha Gupta,31,UK,Finance,77666,29,sneha.gupta83@company.com,Active,2020-08-26
84,Aditya Nair,37,USA,IT,111303,22,aditya.nair84@company.com,Inactive,2020-02-01
85,Aditya Ghosh,28,Germany,Sales,36103,21,aditya.ghosh85@company.com,Active,2019-07-23
86,Arjun Patel,55,Germany,Data,105845,11,arjun.patel86@gmail.com,Active,2025-03-11
87,Neha Ghosh,55,Canada,Sales,109170,26,neha.ghosh87@yahoo.com,Inactive,2018-08-19
88,Reyansh Malik,53,India,Data,47135,14,reyansh.malik88@gmail.com,Active,2020-09-21
89,Riya Mukherjee,25,Germany,Sales,154433,22,riya.mukherjee89@yahoo.com,Active,2024-05-22
90,Priya Ansari,59,USA,HR,132580,18,priya.ansari90@outlook.com,Inactive,2022-07-15
91,Pooja Ansari,48,UK,HR,121481,10,pooja.ansari91@gmail.com,Inactive,2023-10-03
92,Shaurya Kapoor,27,Canada,HR,74404,2,shaurya.kapoor92@yahoo.com,Active,2022-12-29
93,Diya Agarwal,29,USA,Data,37589,15,diya.agarwal93@gmail.com,Active,2020-02-29
94,Riya Agarwal,28,Canada,Data,44695,31,riya.agarwal94@company.com,Active,2021-11-16
95,Vihaan Singh,32,India,Sales,40722,8,vihaan.singh95@gmail.com,Inactive,2023-03-16
96,Krishna Gupta,54,Germany,IT,84874,4,krishna.gupta96@yahoo.com,Active,2025-03-10
97,Ananya Sharma,53,USA,Data,166913,0,ananya.sharma97@company.com,Active,2021-07-17
98,Sneha Ghosh,43,UK,Sales,160101,34,sneha.ghosh98@gmail.com,Active,2024-09-02
99,Krishna Roy,44,India,IT,35645,34,krishna.roy99@company.com,Inactive,2020-11-02
100,Krishna Sharma,57,India,HR,67116,11,krishna.sharma0@outlook.com,Active,2018-12-09
101,Aditya Verma,55,Canada,Data,75983,20,aditya.verma1@outlook.com,Active,2022-06-01
102,Krishna Gupta,42,India,Finance,64402,7,krishna.gupta2@company.com,Inactive,2018-12-05
103,Vivaan Reddy,47,USA,HR,84158,26,vivaan.reddy3@yahoo.com,Active,2023-09-03
104,Aditya Das,55,Canada,Marketing,71469,8,aditya.das4@outlook.com,Inactive,2023-06-21
105,Krishna Malik,21,India,IT,95576,27,krishna.malik5@yahoo.com,Active,2023-04-30
106,Neha Ansari,55,UK,Finance,48908,29,neha.ansari6@company.com,Inactive,2019-08-09
107,Pooja Patel,57,USA,HR,95269,13,pooja.patel7@yahoo.com,Inactive,2022-02-18
108,Sneha Roy,34,UK,Data,77231,22,sneha.roy8@gmail.com,Active,2019-02-26
109,Neha Singh,23,UK,Finance,80221,28,neha.singh9@company.com,Active,2021-08-06
110,Neha Bansal,21,Canada,Sales,178787,25,neha.bansal10@company.com,Inactive,2021-08-06
111,Muhammad Mehta,25,Germany,IT,73398,21,muhammad.mehta11@outlook.com,Inactive,2020-11-08
112,Vihaan Bansal,46,Canada,Marketing,97372,14,vihaan.bansal12@yahoo.com,Active,2022-07-10
113,Diya Bansal,34,USA,Sales,70324,8,diya.bansal13@gmail.com,Active,2024-08-22
114,Priya Agarwal,59,USA,Finance,173459,25,priya.agarwal14@company.com,Inactive,2021-03-23
115,Vivaan Mehta,47,Canada,HR,65795,16,vivaan.mehta15@yahoo.com,Active,2022-10-05
116,Vivaan Kapoor,29,Germany,IT,162799,8,vivaan.kapoor16@company.com,Active,2022-07-25
117,Ananya Mehta,35,Canada,Data,165920,2,ananya.mehta17@company.com,Active,2018-05-08
118,Krishna Ansari,35,USA,Marketing,98105,15,krishna.ansari18@outlook.com,Active,2019-03-09
119,Muhammad Ghosh,46,Germany,HR,38801,12,muhammad.ghosh19@yahoo.com,Inactive,2025-09-25
120,Kavya Patel,33,USA,Marketing,173485,25,kavya.patel20@company.com,Active,2025-11-01
121,Priya Khan,52,Germany,Data,145375,16,priya.khan21@gmail.com,Active,2023-06-09
122,Ishaan Agarwal,59,Germany,IT,52665,31,ishaan.agarwal22@yahoo.com,Inactive,2019-05-30
123,Krishna Gupta,52,Canada,Finance,131636,23,krishna.gupta23@company.com,Inactive,2021-09-27
124,Kavya Ghosh,24,Canada,Marketing,144391,21,kavya.ghosh24@yahoo.com,Active,2019-05-17
125,Vihaan Verma,50,Canada,IT,43187,8,vihaan.verma25@outlook.com,Active,2020-09-15
126,Pooja Sharma,57,Germany,Marketing,99989,21,pooja.sharma26@gmail.com,Inactive,2019-02-21
127,Aditya Singh,43,Germany,HR,60784,19,aditya.singh27@company.com,Active,2018-04-10
128,Reyansh Bansal,59,USA,Marketing,84454,2,reyansh.bansal28@gmail.com,Inactive,2021-11-18
129,Neha Nair,35,UK,HR,179877,32,neha.nair29@outlook.com,Active,2020-05-28
130,Muhammad Kapoor,49,Canada,HR,76715,17,muhammad.kapoor30@yahoo.com,Active,2020-12-12
131,Vivaan Khan,56,USA,IT,88411,9,vivaan.khan31@gmail.com,Active,2024-10-11
132,Aditi Sharma,33,USA,Sales,155451,20,aditi.sharma32@company.com,Active,2025-06-18
133,Aditi Malik,52,India,Data,77186,24,aditi.malik33@outlook.com,Active,2024-01-06
134,Kavya Iyer,27,Canada,Marketing,108111,8,kavya.iyer34@outlook.com,Active,2023-07-08
135,Priya Ghosh,42,USA,Finance,142729,26,priya.ghosh35@yahoo.com,Inactive,2025-06-15
136,Neha Patel,48,India,HR,63093,14,neha.patel36@outlook.com,Active,2019-03-27
137,Muhammad Iyer,22,Canada,Sales,109625,31,muhammad.iyer37@company.com,Active,2022-06-07
138,Muhammad Verma,26,Germany,HR,57474,15,muhammad.verma38@yahoo.com,Active,2019-06-18
139,Sneha Ghosh,48,India,Sales,43154,27,sneha.ghosh39@outlook.com,Active,2025-01-23
140,Vivaan Reddy,48,Germany,Sales,136666,5,vivaan.reddy40@gmail.com,Inactive,2025-12-25
141,Vivaan Verma,40,UK,Finance,44646,5,vivaan.verma41@outlook.com,Inactive,2019-12-24
142,Sneha Nair,50,UK,Sales,94671,1,sneha.nair42@yahoo.com,Active,2021-10-21
143,Riya Das,31,UK,Finance,151700,6,riya.das43@company.com,Active,2021-09-09
144,Reyansh Verma,48,UK,IT,60391,26,reyansh.verma44@outlook.com,Inactive,2020-05-13
145,Riya Gupta,45,USA,HR,149059,27,riya.gupta45@gmail.com,Active,2022-03-24
146,Reyansh Gupta,59,UK,Finance,72872,15,reyansh.gupta46@company.com,Active,2020-03-29
147,Meera Gupta,53,USA,Data,110048,8,meera.gupta47@outlook.com,Inactive,2022-08-17
148,Krishna Kapoor,21,USA,HR,116605,14,krishna.kapoor48@yahoo.com,Inactive,2022-05-06
149,Vihaan Roy,47,Canada,Data,149610,33,vihaan.roy49@company.com,Active,2024-04-12
150,Krishna Roy,33,USA,Marketing,149559,19,krishna.roy50@company.com,Active,2022-01-12
151,Meera Verma,23,USA,Data,170574,13,meera.verma51@outlook.com,Inactive,2024-01-11
152,Meera Gupta,59,UK,IT,132772,10,meera.gupta52@company.com,Inactive,2018-09-03
153,Priya Roy,26,USA,Marketing,83020,29,priya.roy53@gmail.com,Active,2020-03-25
154,Sneha Das,28,Germany,Marketing,124543,2,sneha.das54@company.com,Active,2019-01-28
155,Ananya Malik,47,UK,Sales,55971,1,ananya.malik55@gmail.com,Inactive,2018-06-12
156,Muhammad Reddy,29,India,Data,41037,13,muhammad.reddy56@gmail.com,Active,2019-04-11
157,Krishna Malik,57,UK,Sales,142596,28,krishna.malik57@gmail.com,Inactive,2019-05-27
158,Aditi Patel,53,USA,Data,49466,4,aditi.patel58@yahoo.com,Inactive,2021-03-16
159,Shaurya Agarwal,44,Germany,Marketing,44627,5,shaurya.agarwal59@gmail.com,Inactive,2023-05-22
160,Ananya Gupta,35,UK,Sales,86697,7,ananya.gupta60@outlook.com,Active,2020-04-27
161,Aarav Agarwal,52,Germany,HR,58149,28,aarav.agarwal61@gmail.com,Inactive,2025-01-06
162,Meera Roy,52,India,Data,51737,26,meera.roy62@outlook.com,Inactive,2024-01-03
163,Vihaan Gupta,44,India,Data,102854,15,vihaan.gupta63@yahoo.com,Active,2024-06-01
164,Pooja Ansari,32,Canada,Sales,60314,26,pooja.ansari64@outlook.com,Inactive,2025-10-25
165,Riya Malik,59,Canada,Data,70287,0,riya.malik65@outlook.com,Inactive,2024-06-19
166,Arjun Chopra,22,UK,Marketing,105963,32,arjun.chopra66@company.com,Active,2025-03-01
167,Aditya Singh,23,Canada,Sales,68667,26,aditya.singh67@gmail.com,Inactive,2024-05-16
168,Diya Iyer,57,Germany,Sales,127214,16,diya.iyer68@outlook.com,Active,2024-11-29
169,Reyansh Agarwal,37,Canada,Finance,60099,14,reyansh.agarwal69@outlook.com,Active,2021-02-16
170,Pooja Iyer,22,Germany,Finance,132170,21,pooja.iyer70@company.com,Inactive,2025-01-25
171,Meera Das,22,Canada,Marketing,112604,18,meera.das71@company.com,Inactive,2019-04-19
172,Aarav Ghosh,48,Canada,HR,117635,27,aarav.ghosh72@gmail.com,Inactive,2024-03-09
173,Shaurya Mehta,43,Canada,Data,65518,22,shaurya.mehta73@yahoo.com,Inactive,2019-12-29
174,Arjun Malik,57,USA,IT,87763,19,arjun.malik74@outlook.com,Inactive,2019-08-11
175,Vihaan Mehta,52,USA,Data,94172,8,vihaan.mehta75@outlook.com,Active,2022-01-29
176,Pooja Patel,53,Canada,IT,169822,22,pooja.patel76@gmail.com,Active,2021-04-04
177,Ishaan Iyer,21,Germany,Marketing,177953,6,ishaan.iyer77@yahoo.com,Inactive,2019-04-25
178,Meera Ansari,39,UK,HR,51819,30,meera.ansari78@yahoo.com,Inactive,2021-11-07
179,Ananya Ansari,22,India,HR,127013,10,ananya.ansari79@gmail.com,Active,2018-03-02
180,Ishaan Das,46,USA,HR,60811,16,ishaan.das80@company.com,Inactive,2023-01-15
181,Neha Malik,52,Canada,Finance,72697,25,neha.malik81@yahoo.com,Inactive,2021-07-26
182,Vivaan Gupta,26,India,Marketing,96196,17,vivaan.gupta82@gmail.com,Inactive,2025-09-20
183,Priya Malik,52,USA,IT,148100,30,priya.malik83@outlook.com,Active,2019-08-11
184,Vivaan Sharma,24,UK,HR,55656,34,vivaan.sharma84@yahoo.com,Active,2018-07-28
185,Ananya Patel,31,Germany,Marketing,95574,27,ananya.patel85@yahoo.com,Active,2018-02-06
186,Ishaan Khan,37,Canada,Data,92529,25,ishaan.khan86@yahoo.com,Active,2025-04-06
187,Kavya Ghosh,58,UK,IT,167566,5,kavya.ghosh87@company.com,Inactive,2021-03-03
188,Priya Ghosh,44,USA,Finance,141741,33,priya.ghosh88@outlook.com,Inactive,2024-09-25
189,Aarav Mehta,25,Canada,Sales,131060,27,aarav.mehta89@yahoo.com,Inactive,2025-05-19
190,Aditya Patel,54,India,IT,42160,8,aditya.patel90@gmail.com,Active,2020-01-05
191,Pooja Verma,26,Germany,Data,58593,28,pooja.verma91@gmail.com,Inactive,2021-11-21
192,Diya Roy,42,USA,IT,166356,33,diya.roy92@company.com,Active,2022-03-07
193,Pooja Patel,31,Germany,IT,55378,11,pooja.patel93@yahoo.com,Inactive,2019-05-22
194,Priya Patel,36,Canada,Sales,174563,15,priya.patel94@gmail.com,Active,2022-06-03
195,Vivaan Iyer,53,UK,HR,100500,6,vivaan.iyer95@outlook.com,Inactive,2021-06-21
196,Diya Verma,29,Germany,Data,101436,30,diya.verma96@yahoo.com,Inactive,2020-04-09
197,Diya Ansari,26,India,Sales,36459,32,diya.ansari97@yahoo.com,Inactive,2020-08-30
198,Krishna Mehta,36,USA,IT,179752,6,krishna.mehta98@gmail.com,Inactive,2021-10-22
199,Diya Ghosh,49,India,Data,54305,2,diya.ghosh99@company.com,Inactive,2019-03-26
200,Priya Mukherjee,23,Germany,Finance,173667,19,priya.mukherjee0@company.com,Inactive,2018-04-30
201,Arjun Singh,40,UK,IT,99370,4,arjun.singh1@gmail.com,Inactive,2019-09-26
202,Reyansh Khan,56,UK,Finance,36921,2,reyansh.khan2@company.com,Inactive,2018-07-31
203,Priya Sharma,39,India,Marketing,138276,14,priya.sharma3@company.com,Inactive,2024-05-20
204,Reyansh Reddy,46,Canada,Finance,37387,34,reyansh.reddy4@gmail.com,Active,2024-05-13
205,Priya Singh,23,Canada,IT,111266,22,priya.singh5@outlook.com,Active,2020-11-30
206,Ishaan Khan,39,UK,Sales,115366,32,ishaan.khan6@yahoo.com,Active,2021-12-17
207,Vihaan Kapoor,40,India,IT,39825,1,vihaan.kapoor7@gmail.com,Active,2022-03-13
208,Vivaan Nair,52,India,IT,40282,20,vivaan.nair8@gmail.com,Active,2025-02-03
209,Krishna Ansari,27,India,Marketing,179941,13,krishna.ansari9@company.com,Active,2023-01-08
210,Kavya Chopra,53,Germany,HR,50451,13,kavya.chopra10@company.com,Inactive,2024-11-13
211,Shaurya Singh,59,Canada,IT,168770,10,shaurya.singh11@outlook.com,Inactive,2024-11-05
212,Krishna Sharma,38,Canada,Marketing,83068,3,krishna.sharma12@gmail.com,Active,2022-07-12
213,Muhammad Kapoor,21,Germany,Sales,106726,29,muhammad.kapoor13@yahoo.com,Active,2024-08-04
214,Ananya Malik,31,USA,Marketing,113702,19,ananya.malik14@gmail.com,Inactive,2020-12-02
215,Aditya Malik,48,Germany,Marketing,150962,15,aditya.malik15@company.com,Inactive,2021-06-05
216,Diya Das,45,India,Finance,66604,33,diya.das16@yahoo.com,Inactive,2019-10-08
217,Aditi Ghosh,43,Germany,HR,149751,7,aditi.ghosh17@company.com,Inactive,2021-09-18
218,Ananya Sharma,51,India,HR,104457,19,ananya.sharma18@gmail.com,Active,2025-06-09
219,Vihaan Malik,50,UK,Data,129527,20,vihaan.malik19@outlook.com,Active,2024-03-03
220,Reyansh Roy,55,India,Sales,78787,29,reyansh.roy20@yahoo.com,Inactive,2023-11-07
221,Ishaan Verma,27,Canada,Data,67035,4,ishaan.verma21@outlook.com,Active,2020-07-24
222,Vihaan Mukherjee,36,Germany,Marketing,69844,20,vihaan.mukherjee22@company.com,Active,2021-01-27
223,Priya Chopra,46,India,Sales,51820,22,priya.chopra23@company.com,Inactive,2020-11-26
224,Ananya Bansal,22,USA,Sales,81676,18,ananya.bansal24@yahoo.com,Inactive,2024-08-18
225,Meera Das,21,UK,HR,84914,9,meera.das25@company.com,Inactive,2022-02-18
226,Vihaan Kapoor,32,USA,HR,166807,26,vihaan.kapoor26@outlook.com,Inactive,2023-04-22
227,Sneha Ansari,25,USA,HR,107750,34,sneha.ansari27@company.com,Active,2024-09-05
228,Ishaan Verma,57,USA,IT,58968,12,ishaan.verma28@company.com,Inactive,2019-12-12
229,Priya Sharma,52,UK,Marketing,79624,8,priya.sharma29@yahoo.com,Inactive,2020-09-20
230,Riya Ghosh,29,UK,Sales,137398,16,riya.ghosh30@company.com,Active,2021-10-11
231,Muhammad Chopra,55,UK,Marketing,90746,30,muhammad.chopra31@yahoo.com,Inactive,2018-02-24
232,Priya Gupta,39,UK,Sales,105264,23,priya.gupta32@gmail.com,Inactive,2022-06-29
233,Ananya Mukherjee,36,USA,Sales,159458,18,ananya.mukherjee33@yahoo.com,Active,2025-09-03
234,Ananya Mehta,23,Canada,Data,71497,29,ananya.mehta34@yahoo.com,Inactive,2025-03-18
235,Shaurya Das,40,Canada,Sales,173313,4,shaurya.das35@yahoo.com,Inactive,2024-06-19
236,Shaurya Bansal,44,UK,Sales,52057,7,shaurya.bansal36@yahoo.com,Active,2022-10-23
237,Ananya Kapoor,53,Germany,Finance,84700,24,ananya.kapoor37@gmail.com,Inactive,2023-08-26
238,Shaurya Ghosh,44,India,Finance,49432,4,shaurya.ghosh38@gmail.com,Inactive,2021-12-03
239,Arjun Ansari,31,Germany,Data,96488,32,arjun.ansari39@gmail.com,Active,2023-09-08
240,Priya Kapoor,28,Germany,IT,134199,21,priya.kapoor40@outlook.com,Active,2020-02-15
241,Reyansh Mukherjee,56,Germany,HR,53953,24,reyansh.mukherjee41@outlook.com,Inactive,2023-06-27
242,Sneha Iyer,58,Canada,Sales,150864,28,sneha.iyer42@gmail.com,Inactive,2018-12-22
243,Aditi Ghosh,40,India,Marketing,64347,29,aditi.ghosh43@company.com,Inactive,2025-07-05
244,Aarav Iyer,55,Germany,Finance,56249,29,aarav.iyer44@yahoo.com,Inactive,2019-07-18
245,Shaurya Ansari,45,UK,HR,148346,30,shaurya.ansari45@outlook.com,Active,2025-01-02
246,Priya Roy,55,Canada,IT,118442,33,priya.roy46@company.com,Active,2024-07-22
247,Meera Reddy,45,UK,HR,140781,27,meera.reddy47@gmail.com,Active,2025-12-02
248,Kavya Agarwal,49,UK,Sales,168874,9,kavya.agarwal48@yahoo.com,Inactive,2020-07-10
249,Kavya Ansari,38,Germany,HR,136426,3,kavya.ansari49@gmail.com,Active,2022-03-07
250,Riya Nair,38,UK,Sales,146086,32,riya.nair50@gmail.com,Inactive,2018-01-25
251,Reyansh Gupta,22,India,Data,53033,16,reyansh.gupta51@company.com,Inactive,2018-04-02
252,Shaurya Das,55,UK,Finance,70088,10,shaurya.das52@gmail.com,Active,2024-07-04
253,Meera Reddy,36,Germany,Finance,144001,6,meera.reddy53@company.com,Active,2023-03-28
254,Aditya Singh,56,UK,Sales,52527,16,aditya.singh54@gmail.com,Active,2022-04-11
255,Shaurya Singh,53,Canada,Marketing,178036,27,shaurya.singh55@outlook.com,Inactive,2019-08-25
256,Muhammad Patel,24,Canada,Finance,76005,16,muhammad.patel56@company.com,Active,2022-09-07
257,Aarav Verma,53,Canada,Marketing,39406,9,aarav.verma57@outlook.com,Inactive,2018-12-08
258,Krishna Nair,34,USA,Sales,129538,25,krishna.nair58@company.com,Active,2022-01-11
259,Meera Gupta,41,Canada,Data,169191,5,meera.gupta59@yahoo.com,Inactive,2024-09-09
260,Kavya Bansal,40,Canada,Sales,93935,16,kavya.bansal60@outlook.com,Active,2019-06-26
261,Sneha Ansari,28,USA,Data,93327,15,sneha.ansari61@company.com,Inactive,2025-01-17
262,Aditi Nair,27,Canada,Finance,94094,25,aditi.nair62@outlook.com,Inactive,2021-12-01
263,Aditi Singh,23,Germany,Marketing,136815,3,aditi.singh63@gmail.com,Active,2021-02-27
264,Arjun Sharma,37,Canada,Sales,137132,19,arjun.sharma64@yahoo.com,Inactive,2022-10-13
265,Vihaan Bansal,53,Canada,Finance,117485,10,vihaan.bansal65@yahoo.com,Active,2021-03-18
266,Krishna Khan,32,USA,Data,173723,22,krishna.khan66@yahoo.com,Inactive,2023-07-22
267,Riya Agarwal,42,Germany,Sales,132196,32,riya.agarwal67@gmail.com,Active,2021-07-23
268,Vivaan Ghosh,42,UK,Data,142396,30,vivaan.ghosh68@company.com,Active,2019-02-13
269,Krishna Mehta,50,India,HR,45370,6,krishna.mehta69@company.com,Inactive,2020-06-01
270,Kavya Patel,58,Germany,Data,79552,21,kavya.patel70@gmail.com,Active,2022-07-18
271,Kavya Das,58,UK,HR,136075,4,kavya.das71@gmail.com,Inactive,2018-03-12
272,Pooja Mukherjee,28,Germany,Finance,172849,0,pooja.mukherjee72@gmail.com,Inactive,2021-05-07
273,Ananya Agarwal,47,UK,Sales,166185,5,ananya.agarwal73@yahoo.com,Active,2019-06-29
274,Meera Das,47,UK,Finance,166603,3,meera.das74@outlook.com,Active,2020-03-29
275,Priya Ghosh,54,Germany,IT,175786,29,priya.ghosh75@yahoo.com,Inactive,2019-08-25
276,Kavya Khan,41,USA,Data,169482,29,kavya.khan76@yahoo.com,Inactive,2022-01-28
277,Neha Agarwal,50,Germany,Finance,109772,16,neha.agarwal77@outlook.com,Inactive,2023-06-15
278,Ishaan Singh,53,Germany,Finance,155527,23,ishaan.singh78@gmail.com,Inactive,2020-06-03
279,Ishaan Das,48,UK,HR,59608,30,ishaan.das79@yahoo.com,Inactive,2025-12-04
280,Neha Singh,53,India,Data,43324,27,neha.singh80@company.com,Active,2022-12-17
281,Ishaan Agarwal,25,UK,HR,111695,3,ishaan.agarwal81@company.com,Active,2025-10-05
282,Aditya Iyer,39,Canada,Sales,89222,18,aditya.iyer82@yahoo.com,Inactive,2022-10-01
283,Krishna Malik,24,Germany,Finance,132643,23,krishna.malik83@company.com,Inactive,2020-08-09
284,Ananya Reddy,55,Germany,Data,80600,6,ananya.reddy84@company.com,Inactive,2022-05-11
285,Pooja Gupta,37,USA,Finance,44453,8,pooja.gupta85@company.com,Active,2022-11-08
286,Arjun Patel,48,UK,Sales,135369,21,arjun.patel86@company.com,Active,2018-01-01
287,Krishna Kapoor,50,USA,Marketing,101469,1,krishna.kapoor87@gmail.com,Active,2021-04-05
288,Arjun Ansari,49,Germany,Sales,131544,26,arjun.ansari88@yahoo.com,Inactive,2019-07-03
289,Aditya Bansal,26,UK,HR,60392,15,aditya.bansal89@company.com,Active,2022-12-15
290,Priya Reddy,55,UK,HR,93081,4,priya.reddy90@yahoo.com,Active,2020-08-25
291,Pooja Agarwal,57,Canada,Finance,123387,11,pooja.agarwal91@outlook.com,Active,2025-03-23
292,Priya Verma,44,Canada,HR,177178,25,priya.verma92@gmail.com,Active,2021-06-19
293,Muhammad Bansal,49,India,Data,87754,14,muhammad.bansal93@yahoo.com,Inactive,2023-12-22
294,Aditi Roy,51,Canada,Sales,41878,2,aditi.roy94@yahoo.com,Inactive,2020-05-18
295,Aarav Roy,55,UK,Finance,35792,8,aarav.roy95@company.com,Active,2022-12-08
296,Aditi Nair,53,Canada,Sales,46367,27,aditi.nair96@yahoo.com,Active,2025-08-09
297,Aarav Chopra,41,India,Sales,73731,24,aarav.chopra97@company.com,Inactive,2020-12-31
298,Shaurya Kapoor,52,Germany,Finance,44547,27,shaurya.kapoor98@company.com,Inactive,2019-06-05
299,Priya Ghosh,43,Canada,Marketing,134689,20,priya.ghosh99@yahoo.com,Active,2020-06-27
300,Pooja Mukherjee,53,UK,HR,63568,28,pooja.mukherjee0@gmail.com,Active,2023-04-07
301,Krishna Nair,23,Germany,IT,97907,24,krishna.nair1@company.com,Active,2023-06-10
302,Krishna Malik,38,UK,IT,85212,29,krishna.malik2@yahoo.com,Inactive,2022-09-27
303,Priya Nair,45,Germany,IT,99379,10,priya.nair3@yahoo.com,Active,2023-01-12
304,Aarav Kapoor,51,UK,HR,170210,18,aarav.kapoor4@outlook.com,Inactive,2025-10-14
305,Ananya Kapoor,23,Canada,Marketing,150837,10,ananya.kapoor5@outlook.com,Active,2019-05-16
306,Reyansh Agarwal,44,Canada,Sales,177466,24,reyansh.agarwal6@gmail.com,Active,2023-07-19
307,Arjun Mukherjee,52,India,Finance,124412,0,arjun.mukherjee7@company.com,Inactive,2022-12-28
308,Pooja Sharma,42,Germany,Marketing,169425,31,pooja.sharma8@outlook.com,Active,2021-08-24
309,Aditi Roy,43,India,IT,100064,20,aditi.roy9@outlook.com,Active,2018-09-08
310,Sneha Sharma,22,USA,Data,90121,12,sneha.sharma10@yahoo.com,Active,2022-06-15
311,Aditya Bansal,47,Canada,HR,50205,33,aditya.bansal11@yahoo.com,Active,2021-05-12
312,Arjun Agarwal,22,Germany,HR,170700,16,arjun.agarwal12@company.com,Active,2023-08-18
313,Reyansh Verma,46,India,Finance,87600,18,reyansh.verma13@company.com,Inactive,2023-11-26
314,Ishaan Kapoor,37,India,Data,130526,9,ishaan.kapoor14@outlook.com,Active,2022-11-04
315,Ananya Ansari,53,USA,Sales,73095,8,ananya.ansari15@outlook.com,Inactive,2023-02-21
316,Kavya Reddy,29,India,Marketing,128159,10,kavya.reddy16@company.com,Inactive,2025-11-04
317,Ananya Kapoor,59,UK,Data,160590,30,ananya.kapoor17@yahoo.com,Inactive,2025-01-14
318,Ishaan Bansal,49,Canada,Marketing,93844,1,ishaan.bansal18@yahoo.com,Inactive,2021-10-28
319,Ishaan Gupta,46,India,Marketing,56433,23,ishaan.gupta19@gmail.com,Active,2019-01-21
320,Neha Sharma,55,India,Sales,127060,4,neha.sharma20@gmail.com,Inactive,2023-05-03
321,Pooja Verma,45,USA,Sales,178165,29,pooja.verma21@company.com,Inactive,2018-07-02
322,Diya Singh,44,UK,Sales,51684,34,diya.singh22@yahoo.com,Inactive,2021-04-17
323,Aditya Verma,33,India,Finance,156485,16,aditya.verma23@yahoo.com,Inactive,2020-10-11
324,Aarav Singh,27,Canada,HR,86305,30,aarav.singh24@outlook.com,Inactive,2022-06-16
325,Muhammad Sharma,56,Canada,IT,89057,1,muhammad.sharma25@gmail.com,Inactive,2023-03-07
326,Meera Patel,40,India,Sales,178993,15,meera.patel26@gmail.com,Inactive,2020-11-01
327,Krishna Patel,21,UK,HR,120938,20,krishna.patel27@company.com,Active,2021-06-27
328,Neha Mehta,28,Canada,Sales,103618,29,neha.mehta28@outlook.com,Active,2024-02-24
329,Sneha Ansari,36,Canada,IT,107610,0,sneha.ansari29@outlook.com,Active,2022-01-11
330,Kavya Malik,34,UK,Data,64330,13,kavya.malik30@gmail.com,Inactive,2018-02-06
331,Diya Khan,32,UK,Sales,166531,15,diya.khan31@outlook.com,Active,2019-02-25
332,Meera Mukherjee,43,India,HR,161908,8,meera.mukherjee32@outlook.com,Inactive,2024-01-22
333,Vihaan Khan,35,Germany,Finance,157670,7,vihaan.khan33@yahoo.com,Active,2018-04-30
334,Shaurya Mehta,48,USA,Data,100037,8,shaurya.mehta34@outlook.com,Active,2020-01-14
335,Sneha Sharma,54,Germany,Data,152314,33,sneha.sharma35@company.com,Active,2024-08-16
336,Shaurya Roy,22,Germany,Data,103337,32,shaurya.roy36@company.com,Active,2024-03-30
337,Aditi Kapoor,52,Canada,IT,63831,21,aditi.kapoor37@company.com,Inactive,2021-12-24
338,Muhammad Gupta,43,UK,HR,35997,29,muhammad.gupta38@company.com,Active,2024-05-23
339,Sneha Singh,42,Canada,Marketing,132915,6,sneha.singh39@yahoo.com,Inactive,2020-01-08
340,Vihaan Iyer,45,USA,Marketing,99784,17,vihaan.iyer40@company.com,Active,2021-11-19
341,Meera Mehta,42,India,Marketing,172456,20,meera.mehta41@outlook.com,Active,2021-12-14
342,Sneha Verma,42,USA,Finance,113759,4,sneha.verma42@yahoo.com,Inactive,2019-03-28
343,Diya Ghosh,26,Canada,Sales,83067,6,diya.ghosh43@gmail.com,Inactive,2025-05-28
344,Priya Chopra,35,Canada,Sales,46198,11,priya.chopra44@company.com,Inactive,2023-08-04
345,Aditya Das,57,Canada,Sales,44382,16,aditya.das45@gmail.com,Inactive,2022-11-21
346,Ananya Sharma,53,Canada,Finance,59120,23,ananya.sharma46@gmail.com,Inactive,2021-07-19
347,Priya Nair,28,Germany,Marketing,61950,18,priya.nair47@gmail.com,Active,2021-08-02
348,Vihaan Bansal,25,India,Data,160456,15,vihaan.bansal48@outlook.com,Inactive,2020-11-28
349,Diya Agarwal,59,Germany,Sales,130504,24,diya.agarwal49@yahoo.com,Inactive,2022-04-29
350,Arjun Bansal,24,Canada,Data,103462,26,arjun.bansal50@gmail.com,Inactive,2020-08-22
351,Reyansh Das,26,UK,Data,50735,6,reyansh.das51@gmail.com,Inactive,2022-02-20
352,Ishaan Mukherjee,52,Germany,Finance,140846,7,ishaan.mukherjee52@yahoo.com,Inactive,2019-01-07
353,Pooja Nair,50,Canada,Finance,137733,14,pooja.nair53@yahoo.com,Inactive,2025-02-09
354,Kavya Bansal,55,Canada,HR,147235,15,kavya.bansal54@company.com,Active,2020-09-29
355,Sneha Malik,36,India,Sales,74986,7,sneha.malik55@gmail.com,Inactive,2021-07-03
356,Ananya Singh,33,USA,Marketing,58409,31,ananya.singh56@gmail.com,Inactive,2024-11-28
357,Aditya Malik,50,Germany,IT,151909,16,aditya.malik57@gmail.com,Active,2024-03-08
358,Kavya Singh,39,Germany,Finance,114987,21,kavya.singh58@gmail.com,Active,2019-02-09
359,Kavya Roy,37,Germany,Data,40814,31,kavya.roy59@company.com,Active,2025-04-05
360,Meera Kapoor,39,Canada,HR,57169,10,meera.kapoor60@company.com,Active,2022-04-04
361,Ananya Sharma,48,India,IT,120918,5,ananya.sharma61@company.com,Active,2025-04-13
362,Neha Reddy,46,Canada,Finance,55931,21,neha.reddy62@company.com,Active,2021-11-19
363,Reyansh Nair,57,Canada,HR,110506,13,reyansh.nair63@outlook.com,Inactive,2019-08-04
364,Muhammad Chopra,46,UK,Data,144865,27,muhammad.chopra64@outlook.com,Active,2023-09-04
365,Ishaan Reddy,43,India,Sales,128207,11,ishaan.reddy65@gmail.com,Inactive,2019-09-19
366,Ishaan Mukherjee,29,Germany,HR,172130,26,ishaan.mukherjee66@outlook.com,Active,2022-12-27
367,Ishaan Ghosh,32,USA,Finance,104051,0,ishaan.ghosh67@yahoo.com,Active,2021-07-20
368,Aarav Das,21,Germany,Sales,103866,9,aarav.das68@company.com,Active,2018-12-07
369,Muhammad Gupta,21,Canada,Data,157179,32,muhammad.gupta69@gmail.com,Inactive,2018-07-31
370,Krishna Bansal,54,India,Marketing,134978,15,krishna.bansal70@yahoo.com,Active,2022-07-05
371,Neha Ghosh,52,India,HR,109514,5,neha.ghosh71@company.com,Active,2023-06-23
372,Krishna Nair,45,India,IT,117475,24,krishna.nair72@outlook.com,Active,2025-03-20
373,Neha Agarwal,21,UK,Data,61615,19,neha.agarwal73@company.com,Active,2024-06-01
374,Aarav Gupta,36,Germany,Sales,147898,22,aarav.gupta74@yahoo.com,Active,2021-11-14
375,Shaurya Singh,59,UK,Data,157480,15,shaurya.singh75@outlook.com,Active,2020-10-06
376,Aditi Singh,25,USA,Sales,116059,0,aditi.singh76@company.com,Inactive,2024-10-10
377,Shaurya Roy,42,Canada,Data,36701,29,shaurya.roy77@gmail.com,Active,2020-07-01
378,Diya Nair,49,UK,Marketing,94430,26,diya.nair78@outlook.com,Active,2023-03-18
379,Pooja Das,23,UK,HR,136016,1,pooja.das79@gmail.com,Active,2018-02-24
380,Diya Bansal,32,Canada,IT,90615,20,diya.bansal80@outlook.com,Active,2022-06-16
381,Pooja Reddy,46,India,Marketing,127519,8,pooja.reddy81@gmail.com,Active,2025-09-13
382,Diya Agarwal,36,Canada,HR,74237,23,diya.agarwal82@outlook.com,Inactive,2020-05-30
383,Ishaan Iyer,57,Germany,IT,69378,6,ishaan.iyer83@yahoo.com,Active,2023-05-28
384,Ishaan Singh,42,Canada,Data,172415,29,ishaan.singh84@outlook.com,Inactive,2023-06-26
385,Vihaan Ansari,49,India,IT,50797,1,vihaan.ansari85@company.com,Inactive,2022-12-05
386,Ananya Mehta,34,Canada,Finance,88857,11,ananya.mehta86@yahoo.com,Active,2025-11-24
387,Pooja Khan,48,UK,IT,142623,12,pooja.khan87@outlook.com,Active,2021-08-15
388,Muhammad Ansari,25,USA,HR,122411,2,muhammad.ansari88@company.com,Active,2022-06-22
389,Neha Malik,50,UK,Marketing,102561,17,neha.malik89@yahoo.com,Inactive,2025-02-22
390,Sneha Das,25,USA,Marketing,165596,5,sneha.das90@company.com,Inactive,2019-12-26
391,Meera Iyer,32,Canada,Finance,166177,26,meera.iyer91@gmail.com,Active,2023-08-14
392,Vihaan Ansari,36,Germany,HR,129906,14,vihaan.ansari92@company.com,Active,2024-08-08
393,Shaurya Singh,46,Canada,IT,121379,14,shaurya.singh93@yahoo.com,Inactive,2021-08-08
394,Diya Khan,46,India,Finance,54476,18,diya.khan94@outlook.com,Inactive,2021-11-13
395,Shaurya Sharma,41,Canada,Data,83610,19,shaurya.sharma95@yahoo.com,Inactive,2020-01-23
396,Pooja Patel,59,USA,Sales,128979,19,pooja.patel96@yahoo.com,Active,2022-04-04
397,Ishaan Verma,56,UK,Data,76706,17,ishaan.verma97@outlook.com,Active,2019-03-02
398,Vivaan Ghosh,53,Germany,HR,139375,33,vivaan.ghosh98@yahoo.com,Active,2019-02-03
399,Shaurya Patel,50,Canada,Finance,100032,34,shaurya.patel99@outlook.com,Inactive,2018-10-31
400,Neha Mehta,57,Canada,Marketing,103833,0,neha.mehta0@gmail.com,Active,2025-11-27
401,Aarav Roy,43,UK,Finance,100744,11,aarav.roy1@outlook.com,Active,2022-10-03
402,Shaurya Nair,30,Germany,Sales,122327,4,shaurya.nair2@yahoo.com,Inactive,2018-04-14
403,Neha Agarwal,25,Canada,HR,167963,26,neha.agarwal3@yahoo.com,Active,2018-12-30
404,Ananya Khan,56,Canada,Finance,82594,19,ananya.khan4@yahoo.com,Inactive,2021-01-10
405,Vivaan Malik,54,USA,Data,136810,18,vivaan.malik5@yahoo.com,Active,2023-01-29
406,Neha Mehta,51,USA,IT,99190,14,neha.mehta6@gmail.com,Active,2019-07-21
407,Aditya Kapoor,30,India,Data,168111,5,aditya.kapoor7@gmail.com,Active,2025-10-18
408,Neha Gupta,39,UK,HR,54673,8,neha.gupta8@company.com,Active,2022-11-07
409,Sneha Verma,52,Germany,Finance,77412,22,sneha.verma9@yahoo.com,Active,2025-06-16
410,Arjun Patel,21,Canada,Data,154449,9,arjun.patel10@yahoo.com,Active,2021-01-13
411,Sneha Iyer,25,Canada,Finance,174258,0,sneha.iyer11@yahoo.com,Active,2021-05-27
412,Aditya Singh,24,India,Data,98708,10,aditya.singh12@yahoo.com,Inactive,2024-08-12
413,Vihaan Ghosh,36,Canada,HR,35434,19,vihaan.ghosh13@company.com,Inactive,2023-03-13
414,Priya Mukherjee,44,UK,Marketing,176591,27,priya.mukherjee14@yahoo.com,Active,2019-12-26
415,Meera Mukherjee,36,India,Data,53030,21,meera.mukherjee15@outlook.com,Inactive,2019-12-16
416,Krishna Das,22,UK,IT,111891,19,krishna.das16@outlook.com,Inactive,2025-11-12
417,Aditi Agarwal,48,India,Data,114864,15,aditi.agarwal17@gmail.com,Active,2023-01-10
418,Kavya Iyer,52,Canada,HR,40258,1,kavya.iyer18@gmail.com,Inactive,2021-06-19
419,Sneha Bansal,47,India,Data,107726,24,sneha.bansal19@outlook.com,Active,2021-04-17
420,Shaurya Roy,40,USA,IT,151128,26,shaurya.roy20@outlook.com,Active,2023-06-12
421,Meera Verma,44,Germany,IT,156563,2,meera.verma21@outlook.com,Inactive,2018-04-02
422,Meera Mehta,32,Canada,HR,93277,22,meera.mehta22@company.com,Active,2022-03-04
423,Muhammad Ansari,55,Germany,Finance,80238,31,muhammad.ansari23@yahoo.com,Inactive,2022-08-01
424,Ishaan Gupta,53,Canada,Data,45747,16,ishaan.gupta24@company.com,Inactive,2022-03-10
425,Reyansh Singh,53,Germany,Marketing,65377,19,reyansh.singh25@gmail.com,Inactive,2019-09-16
426,Reyansh Ghosh,57,USA,IT,159026,29,reyansh.ghosh26@company.com,Inactive,2018-06-18
427,Aditya Khan,32,Germany,IT,79956,27,aditya.khan27@company.com,Inactive,2024-08-31
428,Aarav Bansal,23,India,Data,141017,22,aarav.bansal28@company.com,Inactive,2023-11-19
429,Kavya Mukherjee,21,Germany,Finance,133684,18,kavya.mukherjee29@outlook.com,Inactive,2021-08-12
430,Neha Iyer,53,Canada,Data,58557,24,neha.iyer30@outlook.com,Inactive,2024-02-19
431,Vivaan Singh,30,UK,HR,124463,23,vivaan.singh31@yahoo.com,Active,2022-01-24
432,Shaurya Iyer,49,Germany,Marketing,68292,0,shaurya.iyer32@outlook.com,Active,2020-05-19
433,Kavya Gupta,33,Germany,Data,54491,27,kavya.gupta33@company.com,Inactive,2025-07-29
434,Krishna Malik,32,Germany,IT,101629,28,krishna.malik34@outlook.com,Inactive,2022-01-19
435,Sneha Ansari,51,Canada,IT,53123,34,sneha.ansari35@gmail.com,Inactive,2020-09-01
436,Priya Mehta,22,Germany,HR,99618,16,priya.mehta36@outlook.com,Active,2024-03-25
437,Pooja Singh,55,Canada,Finance,59288,10,pooja.singh37@company.com,Inactive,2018-12-27
438,Arjun Malik,43,Canada,Data,143850,6,arjun.malik38@outlook.com,Inactive,2018-02-12
439,Arjun Gupta,37,UK,Sales,124947,25,arjun.gupta39@gmail.com,Inactive,2024-02-07
440,Vivaan Khan,46,India,Finance,138220,22,vivaan.khan40@company.com,Inactive,2025-01-02
441,Shaurya Mukherjee,28,Canada,IT,80091,17,shaurya.mukherjee41@yahoo.com,Inactive,2024-11-14
442,Sneha Iyer,49,USA,Data,165180,28,sneha.iyer42@gmail.com,Inactive,2023-02-26
443,Kavya Mehta,46,Germany,IT,152622,33,kavya.mehta43@gmail.com,Inactive,2024-05-22
444,Kavya Iyer,30,USA,Marketing,150730,7,kavya.iyer44@gmail.com,Active,2021-08-13
445,Aditi Malik,46,Germany,Finance,117386,20,aditi.malik45@company.com,Inactive,2022-04-29
446,Riya Ghosh,54,UK,Sales,121214,20,riya.ghosh46@outlook.com,Active,2023-03-24
447,Neha Agarwal,27,Canada,Marketing,36591,16,neha.agarwal47@gmail.com,Inactive,2022-11-20
448,Aditya Mukherjee,24,India,Sales,95159,15,aditya.mukherjee48@yahoo.com,Active,2023-04-10
449,Vivaan Bansal,31,Canada,Marketing,179594,14,vivaan.bansal49@yahoo.com,Inactive,2023-03-31
450,Ananya Mukherjee,49,Germany,Finance,165656,14,ananya.mukherjee50@outlook.com,Active,2018-09-14
451,Ishaan Sharma,56,India,IT,116689,16,ishaan.sharma51@gmail.com,Active,2021-05-25
452,Aditya Singh,45,Canada,Sales,169644,0,aditya.singh52@company.com,Inactive,2025-01-13
453,Sneha Roy,41,India,Finance,93537,12,sneha.roy53@outlook.com,Active,2020-01-20
454,Aarav Malik,56,Germany,Sales,68061,9,aarav.malik54@yahoo.com,Inactive,2019-10-19
455,Sneha Verma,30,UK,Finance,126033,32,sneha.verma55@outlook.com,Inactive,2024-06-25
456,Reyansh Nair,57,UK,Marketing,96907,25,reyansh.nair56@yahoo.com,Inactive,2020-01-04
457,Riya Agarwal,29,Canada,Finance,51151,11,riya.agarwal57@outlook.com,Active,2024-09-24
458,Ishaan Khan,44,USA,Marketing,127526,18,ishaan.khan58@yahoo.com,Active,2024-11-11
459,Sneha Bansal,55,Germany,IT,131571,14,sneha.bansal59@outlook.com,Active,2024-07-14
460,Neha Gupta,55,Canada,Marketing,80813,4,neha.gupta60@yahoo.com,Inactive,2018-08-16
461,Neha Chopra,56,Canada,HR,148417,1,neha.chopra61@gmail.com,Inactive,2021-06-13
462,Priya Reddy,38,UK,IT,38088,13,priya.reddy62@gmail.com,Active,2024-08-10
463,Ananya Mehta,59,India,Data,82954,28,ananya.mehta63@gmail.com,Inactive,2024-10-17
464,Reyansh Reddy,52,Germany,Data,57011,0,reyansh.reddy64@gmail.com,Inactive,2025-12-15
465,Priya Nair,44,India,Finance,47839,12,priya.nair65@company.com,Active,2024-11-01
466,Shaurya Kapoor,43,Germany,Finance,98561,31,shaurya.kapoor66@company.com,Inactive,2024-12-29
467,Pooja Verma,52,USA,HR,58625,33,pooja.verma67@company.com,Inactive,2023-10-11
468,Kavya Gupta,57,UK,Finance,132289,13,kavya.gupta68@yahoo.com,Active,2018-07-06
469,Ananya Malik,32,USA,IT,54558,14,ananya.malik69@gmail.com,Active,2022-04-10
470,Ananya Mehta,33,Canada,IT,117307,5,ananya.mehta70@company.com,Active,2022-03-09
471,Aditi Das,43,UK,Marketing,66104,28,aditi.das71@yahoo.com,Inactive,2020-04-30
472,Aarav Ghosh,45,Canada,Sales,79420,18,aarav.ghosh72@outlook.com,Inactive,2025-04-09
473,Kavya Bansal,55,USA,Finance,39061,0,kavya.bansal73@yahoo.com,Inactive,2021-09-06
474,Vivaan Ansari,50,Germany,HR,97055,20,vivaan.ansari74@yahoo.com,Active,2021-05-01
475,Riya Chopra,37,Canada,Data,105593,17,riya.chopra75@yahoo.com,Inactive,2024-04-20
476,Meera Nair,40,India,IT,171361,26,meera.nair76@yahoo.com,Active,2019-08-02
477,Kavya Verma,45,Germany,IT,100180,27,kavya.verma77@yahoo.com,Inactive,2018-11-10
478,Muhammad Malik,42,Germany,IT,37221,7,muhammad.malik78@yahoo.com,Inactive,2019-03-07
479,Pooja Patel,33,USA,Sales,77942,30,pooja.patel79@company.com,Inactive,2021-10-11
480,Shaurya Agarwal,39,USA,Sales,56635,11,shaurya.agarwal80@gmail.com,Inactive,2021-11-16
481,Neha Mehta,56,UK,Finance,86072,5,neha.mehta81@outlook.com,Inactive,2024-03-19
482,Aarav Mukherjee,32,UK,Data,42075,25,aarav.mukherjee82@yahoo.com,Inactive,2024-06-23
483,Krishna Khan,39,India,HR,70084,15,krishna.khan83@gmail.com,Inactive,2025-09-08
484,Shaurya Ghosh,32,Germany,Sales,114217,29,shaurya.ghosh84@company.com,Active,2022-08-25
485,Aarav Ghosh,29,India,Marketing,148257,18,aarav.ghosh85@outlook.com,Inactive,2022-12-05
486,Priya Gupta,27,India,Sales,162748,17,priya.gupta86@company.com,Active,2021-05-27
487,Krishna Mehta,48,USA,IT,66584,23,krishna.mehta87@gmail.com,Inactive,2025-09-14
488,Kavya Mehta,34,India,HR,66245,19,kavya.mehta88@gmail.com,Active,2023-06-26
489,Arjun Nair,51,India,Finance,39983,6,arjun.nair89@yahoo.com,Active,2025-08-06
490,Shaurya Das,39,Canada,Sales,65897,6,shaurya.das90@outlook.com,Active,2022-06-04
491,Ishaan Bansal,36,UK,IT,120538,15,ishaan.bansal91@gmail.com,Inactive,2023-10-21
492,Neha Nair,25,UK,Marketing,111034,13,neha.nair92@outlook.com,Active,2022-05-18
493,Krishna Agarwal,55,Germany,Marketing,84411,11,krishna.agarwal93@company.com,Active,2020-09-16
494,Pooja Patel,32,UK,Finance,113466,28,pooja.patel94@yahoo.com,Active,2019-04-01
495,Aditi Ansari,45,Germany,Finance,138482,14,aditi.ansari95@company.com,Inactive,2021-07-10
496,Meera Das,41,Canada,Sales,127288,7,meera.das96@company.com,Active,2022-02-01
497,Arjun Gupta,56,UK,Finance,90610,8,arjun.gupta97@outlook.com,Active,2019-09-02
498,Ishaan Bansal,43,Canada,Data,58925,27,ishaan.bansal98@gmail.com,Active,2025-03-29
499,Ananya Das,36,UK,Data,98942,26,ananya.das99@yahoo.com,Active,2025-11-24
500,Ishaan Sharma,59,UK,IT,50238,6,ishaan.sharma0@yahoo.com,Inactive,2023-01-16
501,Shaurya Iyer,59,Canada,IT,95424,13,shaurya.iyer1@company.com,Active,2020-07-27
502,Sneha Roy,34,India,IT,46204,10,sneha.roy2@outlook.com,Active,2025-10-03
503,Neha Patel,51,India,Data,138820,31,neha.patel3@company.com,Active,2022-08-12
504,Kavya Ghosh,25,India,Sales,73567,27,kavya.ghosh4@gmail.com,Active,2025-01-09
505,Neha Chopra,55,India,Sales,147189,5,neha.chopra5@yahoo.com,Active,2022-07-03
506,Ananya Ghosh,43,UK,Finance,167602,34,ananya.ghosh6@company.com,Inactive,2021-05-07
507,Pooja Kapoor,49,USA,Sales,59297,5,pooja.kapoor7@outlook.com,Active,2025-11-30
508,Kavya Reddy,31,Canada,IT,109838,23,kavya.reddy8@yahoo.com,Inactive,2023-09-17
509,Muhammad Singh,38,USA,HR,83906,8,muhammad.singh9@company.com,Active,2024-06-24
510,Sneha Kapoor,32,USA,IT,75295,1,sneha.kapoor10@outlook.com,Active,2025-05-11
511,Krishna Bansal,29,Germany,Data,87464,13,krishna.bansal11@gmail.com,Inactive,2018-05-20
512,Vivaan Reddy,30,India,HR,42223,30,vivaan.reddy12@gmail.com,Inactive,2022-11-30
513,Neha Kapoor,37,UK,Finance,179493,29,neha.kapoor13@company.com,Inactive,2022-08-10
514,Aditi Patel,58,India,Marketing,128232,26,aditi.patel14@yahoo.com,Active,2019-03-03
515,Neha Verma,27,India,Sales,56576,30,neha.verma15@outlook.com,Inactive,2025-12-12
516,Arjun Das,33,USA,Sales,117121,5,arjun.das16@yahoo.com,Inactive,2023-07-11
517,Sneha Reddy,29,Germany,Data,168212,17,sneha.reddy17@outlook.com,Active,2021-05-03
518,Vihaan Agarwal,47,India,IT,94016,13,vihaan.agarwal18@outlook.com,Active,2018-08-03
519,Vihaan Das,22,Canada,IT,142552,19,vihaan.das19@outlook.com,Active,2023-03-28
520,Kavya Sharma,25,Canada,HR,136975,10,kavya.sharma20@company.com,Active,2025-05-16
521,Arjun Bansal,49,India,Sales,173442,3,arjun.bansal21@outlook.com,Inactive,2019-06-25
522,Arjun Gupta,57,USA,Data,158505,5,arjun.gupta22@outlook.com,Inactive,2024-09-02
523,Neha Malik,58,USA,Finance,47022,22,neha.malik23@outlook.com,Inactive,2021-12-23
524,Ananya Mukherjee,39,UK,IT,94222,7,ananya.mukherjee24@gmail.com,Active,2022-09-14
525,Aditi Gupta,28,Germany,Sales,53328,29,aditi.gupta25@outlook.com,Active,2024-01-09
526,Ananya Ghosh,21,USA,Marketing,37929,10,ananya.ghosh26@gmail.com,Active,2021-11-29
527,Aditi Reddy,42,UK,Data,103919,4,aditi.reddy27@company.com,Active,2021-08-04
528,Neha Ghosh,37,Canada,HR,87692,2,neha.ghosh28@gmail.com,Inactive,2020-01-17
529,Vivaan Mukherjee,27,Canada,IT,84545,14,vivaan.mukherjee29@company.com,Inactive,2023-12-21
530,Aditya Singh,45,Canada,IT,111647,1,aditya.singh30@outlook.com,Active,2025-08-21
531,Shaurya Singh,24,India,Finance,94962,1,shaurya.singh31@outlook.com,Active,2025-03-24
532,Aditya Bansal,56,Germany,IT,132435,7,aditya.bansal32@outlook.com,Active,2025-12-24
533,Vihaan Mehta,26,UK,Data,58161,29,vihaan.mehta33@gmail.com,Active,2020-01-24
534,Kavya Khan,51,Germany,Sales,174895,4,kavya.khan34@outlook.com,Inactive,2024-07-19
535,Shaurya Sharma,39,India,Sales,68089,29,shaurya.sharma35@outlook.com,Active,2019-04-29
536,Vivaan Reddy,59,UK,Sales,95850,9,vivaan.reddy36@outlook.com,Inactive,2019-01-23
537,Vivaan Iyer,47,UK,Marketing,56053,32,vivaan.iyer37@gmail.com,Active,2022-11-24
538,Diya Chopra,30,USA,Marketing,151381,23,diya.chopra38@gmail.com,Active,2019-06-29
539,Priya Patel,46,Germany,IT,52447,18,priya.patel39@gmail.com,Active,2025-12-16
540,Krishna Das,39,Germany,Marketing,124841,29,krishna.das40@gmail.com,Active,2025-07-09
541,Priya Roy,59,USA,Marketing,38111,24,priya.roy41@outlook.com,Active,2019-08-04
542,Reyansh Khan,23,Canada,Finance,93820,10,reyansh.khan42@outlook.com,Active,2021-03-07
543,Reyansh Gupta,33,India,Marketing,128029,34,reyansh.gupta43@outlook.com,Active,2018-05-11
544,Meera Kapoor,48,Germany,HR,152949,0,meera.kapoor44@gmail.com,Active,2022-07-17
545,Meera Singh,40,USA,HR,146739,16,meera.singh45@gmail.com,Inactive,2019-01-01
546,Neha Roy,48,UK,HR,87963,30,neha.roy46@gmail.com,Active,2019-02-25
547,Arjun Singh,28,USA,IT,124000,5,arjun.singh47@company.com,Active,2019-02-28
548,Kavya Malik,59,Canada,Sales,137447,12,kavya.malik48@company.com,Active,2022-12-14
549,Kavya Malik,21,India,Finance,103712,25,kavya.malik49@company.com,Inactive,2022-11-14
550,Aarav Agarwal,23,Canada,IT,168488,4,aarav.agarwal50@company.com,Inactive,2024-01-19
551,Shaurya Ghosh,33,UK,Sales,176558,13,shaurya.ghosh51@gmail.com,Active,2018-04-05
552,Reyansh Gupta,48,UK,Finance,36229,14,reyansh.gupta52@gmail.com,Active,2021-03-31
553,Kavya Chopra,45,UK,Finance,136101,11,kavya.chopra53@gmail.com,Inactive,2020-04-14
554,Sneha Iyer,53,UK,Finance,36363,7,sneha.iyer54@company.com,Inactive,2022-12-25
555,Priya Malik,58,USA,HR,137806,30,priya.malik55@company.com,Inactive,2021-02-13
556,Kavya Iyer,26,UK,HR,117372,25,kavya.iyer56@gmail.com,Active,2024-03-18
557,Muhammad Kapoor,52,UK,HR,80869,28,muhammad.kapoor57@gmail.com,Active,2019-04-08
558,Neha Mehta,41,USA,Finance,84729,3,neha.mehta58@gmail.com,Inactive,2020-07-19
559,Krishna Kapoor,36,UK,Data,55303,27,krishna.kapoor59@yahoo.com,Inactive,2019-11-12
560,Sneha Chopra,41,Canada,Finance,107853,24,sneha.chopra60@outlook.com,Active,2021-09-15
561,Sneha Iyer,31,Canada,HR,38264,31,sneha.iyer61@yahoo.com,Active,2019-10-19
562,Shaurya Sharma,57,Germany,Finance,113229,10,shaurya.sharma62@company.com,Active,2024-05-22
563,Aditi Malik,56,Canada,HR,117102,9,aditi.malik63@gmail.com,Active,2021-04-20
564,Aarav Roy,55,India,HR,95521,26,aarav.roy64@yahoo.com,Inactive,2025-11-07
565,Vivaan Mukherjee,39,India,HR,59811,16,vivaan.mukherjee65@gmail.com,Active,2019-04-01
566,Neha Iyer,40,India,Data,68405,6,neha.iyer66@outlook.com,Active,2020-07-07
567,Krishna Mukherjee,38,USA,Sales,94823,8,krishna.mukherjee67@yahoo.com,Inactive,2018-10-02
568,Diya Singh,34,Canada,Finance,54856,34,diya.singh68@yahoo.com,Active,2023-09-16
569,Muhammad Mukherjee,35,India,IT,150212,8,muhammad.mukherjee69@outlook.com,Inactive,2024-10-26
570,Ishaan Patel,51,Germany,HR,127902,29,ishaan.patel70@gmail.com,Inactive,2020-05-24
571,Vihaan Verma,21,USA,Data,155347,30,vihaan.verma71@gmail.com,Active,2018-03-09
572,Shaurya Agarwal,23,Germany,IT,142780,18,shaurya.agarwal72@company.com,Active,2021-12-04
573,Vivaan Roy,36,Canada,Sales,111174,22,vivaan.roy73@yahoo.com,Inactive,2023-07-24
574,Diya Patel,43,UK,Finance,121352,19,diya.patel74@company.com,Inactive,2018-12-26
575,Aditya Iyer,31,Germany,Data,157155,5,aditya.iyer75@outlook.com,Active,2025-07-27
576,Ananya Bansal,32,UK,HR,55598,23,ananya.bansal76@outlook.com,Active,2020-08-05
577,Reyansh Ansari,30,USA,HR,77541,21,reyansh.ansari77@yahoo.com,Active,2024-12-04
578,Arjun Ghosh,52,Germany,HR,176724,5,arjun.ghosh78@yahoo.com,Inactive,2024-05-25
579,Diya Das,36,Germany,Data,149047,23,diya.das79@company.com,Active,2023-03-17
580,Riya Malik,28,USA,IT,67223,21,riya.malik80@yahoo.com,Inactive,2023-11-08
581,Reyansh Malik,58,USA,Sales,66024,17,reyansh.malik81@gmail.com,Active,2024-03-09
582,Neha Iyer,32,India,Finance,157538,15,neha.iyer82@gmail.com,Inactive,2019-07-29
583,Ananya Mehta,44,Canada,Sales,38941,12,ananya.mehta83@gmail.com,Inactive,2020-12-31
584,Kavya Gupta,48,Germany,HR,108923,23,kavya.gupta84@outlook.com,Inactive,2025-12-05
585,Arjun Singh,28,Germany,Sales,109060,18,arjun.singh85@gmail.com,Active,2023-06-12
586,Aditi Ghosh,48,USA,IT,136395,19,aditi.ghosh86@company.com,Active,2018-10-17
587,Diya Gupta,56,USA,Marketing,76617,26,diya.gupta87@company.com,Inactive,2024-08-11
588,Aditi Sharma,46,Canada,Marketing,125815,16,aditi.sharma88@outlook.com,Active,2023-09-06
589,Ishaan Ghosh,28,USA,Finance,89704,15,ishaan.ghosh89@gmail.com,Inactive,2024-10-03
590,Vihaan Agarwal,48,UK,Finance,61025,0,vihaan.agarwal90@yahoo.com,Inactive,2021-10-17
591,Diya Malik,48,UK,Sales,118172,20,diya.malik91@yahoo.com,Inactive,2022-05-08
592,Sneha Kapoor,57,UK,Finance,142019,26,sneha.kapoor92@yahoo.com,Inactive,2022-11-13
593,Diya Mehta,56,UK,Data,78224,0,diya.mehta93@company.com,Active,2022-01-18
594,Krishna Nair,47,Canada,IT,48277,29,krishna.nair94@company.com,Active,2020-03-15
595,Aarav Mukherjee,37,Germany,HR,75995,19,aarav.mukherjee95@gmail.com,Active,2019-09-04
596,Pooja Reddy,29,UK,HR,149715,23,pooja.reddy96@yahoo.com,Active,2019-04-17
597,Meera Singh,53,USA,Sales,173611,1,meera.singh97@gmail.com,Inactive,2023-05-24
598,Aditya Agarwal,40,UK,HR,67853,14,aditya.agarwal98@gmail.com,Inactive,2019-01-04
599,Shaurya Bansal,33,Canada,Sales,127464,28,shaurya.bansal99@company.com,Inactive,2019-02-14
600,Vihaan Patel,48,USA,Finance,41909,34,vihaan.patel0@company.com,Active,2022-06-14
601,Vivaan Verma,49,UK,Finance,128605,12,vivaan.verma1@company.com,Active,2018-06-10
602,Shaurya Nair,33,Germany,Data,81084,18,shaurya.nair2@company.com,Active,2022-10-03
603,Vihaan Mehta,55,USA,Data,176820,0,vihaan.mehta3@yahoo.com,Inactive,2025-06-18
604,Krishna Ghosh,26,USA,IT,105602,15,krishna.ghosh4@gmail.com,Active,2022-10-24
605,Arjun Kapoor,38,Germany,HR,149200,2,arjun.kapoor5@gmail.com,Active,2018-01-13
606,Kavya Chopra,25,USA,Data,84408,5,kavya.chopra6@gmail.com,Active,2023-06-10
607,Pooja Bansal,45,UK,IT,46998,30,pooja.bansal7@company.com,Active,2023-02-22
608,Sneha Patel,22,USA,Marketing,179836,4,sneha.patel8@yahoo.com,Inactive,2023-11-06
609,Priya Mehta,30,UK,Data,134751,25,priya.mehta9@yahoo.com,Active,2019-03-15
610,Neha Mukherjee,50,Germany,IT,154287,27,neha.mukherjee10@gmail.com,Inactive,2019-02-25
611,Priya Malik,25,India,Sales,136647,14,priya.malik11@gmail.com,Inactive,2022-08-03
612,Vivaan Chopra,53,Germany,Sales,79560,8,vivaan.chopra12@outlook.com,Inactive,2021-07-23
613,Muhammad Agarwal,21,UK,IT,145716,21,muhammad.agarwal13@yahoo.com,Active,2020-10-27
614,Kavya Singh,38,Canada,Finance,158362,20,kavya.singh14@gmail.com,Inactive,2019-05-15
615,Diya Mehta,52,Germany,Marketing,104201,28,diya.mehta15@company.com,Inactive,2018-09-03
616,Diya Ghosh,31,Canada,IT,160955,25,diya.ghosh16@yahoo.com,Active,2018-12-12
617,Diya Verma,41,Canada,Data,143894,5,diya.verma17@gmail.com,Inactive,2022-11-11
618,Aditi Malik,46,UK,Finance,51734,10,aditi.malik18@company.com,Inactive,2019-04-25
619,Muhammad Mehta,45,UK,IT,158107,19,muhammad.mehta19@yahoo.com,Active,2021-01-22
620,Kavya Gupta,42,India,HR,168135,19,kavya.gupta20@company.com,Active,2021-08-26
621,Muhammad Mukherjee,47,USA,Data,57313,26,muhammad.mukherjee21@gmail.com,Active,2025-01-11
622,Aarav Verma,33,Germany,Data,158304,5,aarav.verma22@gmail.com,Active,2023-05-07
623,Ananya Singh,53,UK,Sales,47464,32,ananya.singh23@yahoo.com,Active,2024-10-13
624,Arjun Roy,54,Germany,HR,144086,29,arjun.roy24@outlook.com,Active,2018-06-19
625,Muhammad Gupta,55,Canada,HR,62132,33,muhammad.gupta25@company.com,Active,2018-04-29
626,Pooja Ansari,21,USA,Data,85737,4,pooja.ansari26@company.com,Inactive,2020-01-28
627,Sneha Ansari,41,India,Marketing,135584,15,sneha.ansari27@outlook.com,Active,2022-10-24
628,Krishna Reddy,26,Germany,Finance,70306,11,krishna.reddy28@yahoo.com,Active,2023-10-12
629,Arjun Mukherjee,48,USA,Sales,60592,11,arjun.mukherjee29@outlook.com,Inactive,2018-04-19
630,Aarav Malik,37,India,HR,150131,10,aarav.malik30@company.com,Inactive,2020-01-16
631,Arjun Patel,25,Germany,Sales,79758,20,arjun.patel31@company.com,Active,2022-02-25
632,Pooja Malik,51,USA,Data,133392,6,pooja.malik32@outlook.com,Inactive,2025-07-27
633,Reyansh Mehta,25,UK,Finance,153078,33,reyansh.mehta33@company.com,Active,2022-06-12
634,Aarav Patel,58,Germany,IT,41577,28,aarav.patel34@company.com,Inactive,2019-02-21
635,Aarav Chopra,23,USA,HR,120230,5,aarav.chopra35@gmail.com,Active,2021-09-10
636,Krishna Roy,43,India,Finance,174335,33,krishna.roy36@outlook.com,Inactive,2019-12-11
637,Ananya Sharma,57,USA,Sales,117741,7,ananya.sharma37@company.com,Active,2019-09-10
638,Reyansh Malik,57,UK,Data,43072,9,reyansh.malik38@gmail.com,Inactive,2018-09-09
639,Vivaan Patel,30,Germany,Finance,95814,15,vivaan.patel39@company.com,Inactive,2020-01-08
640,Priya Das,30,Germany,IT,151386,1,priya.das40@company.com,Inactive,2021-12-07
641,Vihaan Gupta,39,Germany,Finance,143538,18,vihaan.gupta41@gmail.com,Inactive,2024-12-26
642,Neha Agarwal,37,UK,Data,171763,6,neha.agarwal42@yahoo.com,Active,2024-01-11
643,Diya Das,41,India,Sales,168025,1,diya.das43@gmail.com,Active,2024-03-21
644,Sneha Mehta,34,Germany,HR,105499,22,sneha.mehta44@yahoo.com,Inactive,2019-08-21
645,Kavya Das,29,India,HR,128405,30,kavya.das45@company.com,Inactive,2022-04-26
646,Krishna Mukherjee,21,USA,Marketing,111981,3,krishna.mukherjee46@outlook.com,Inactive,2025-12-03
647,Vivaan Das,33,India,Sales,69699,15,vivaan.das47@yahoo.com,Inactive,2021-12-12
648,Shaurya Agarwal,24,India,Marketing,150799,9,shaurya.agarwal48@company.com,Active,2022-02-17
649,Aarav Verma,21,Germany,Marketing,134176,20,aarav.verma49@gmail.com,Active,2019-11-15
650,Neha Kapoor,52,Canada,Data,108490,27,neha.kapoor50@company.com,Active,2023-04-05
651,Priya Mehta,54,Canada,Data,88739,11,priya.mehta51@company.com,Active,2022-08-23
652,Neha Agarwal,48,UK,Data,90631,12,neha.agarwal52@gmail.com,Active,2024-01-17
653,Aditya Gupta,51,UK,IT,47920,16,aditya.gupta53@outlook.com,Active,2020-12-10
654,Ananya Mukherjee,28,Canada,Sales,106096,17,ananya.mukherjee54@outlook.com,Inactive,2022-07-12
655,Arjun Gupta,59,USA,HR,97358,9,arjun.gupta55@gmail.com,Inactive,2024-01-29
656,Arjun Malik,46,Germany,Sales,175510,27,arjun.malik56@gmail.com,Inactive,2024-07-07
657,Meera Roy,54,Germany,Data,150434,12,meera.roy57@outlook.com,Active,2022-06-08
658,Pooja Reddy,23,USA,IT,105779,33,pooja.reddy58@company.com,Active,2023-02-19
659,Aditi Mukherjee,32,USA,Sales,170157,5,aditi.mukherjee59@yahoo.com,Active,2023-10-15
660,Riya Iyer,21,Canada,Sales,117926,11,riya.iyer60@company.com,Active,2023-07-07
661,Kavya Das,25,UK,Marketing,95084,28,kavya.das61@outlook.com,Inactive,2018-09-28
662,Meera Bansal,50,USA,Sales,121230,12,meera.bansal62@company.com,Inactive,2020-12-20
663,Vihaan Mehta,50,UK,Marketing,98605,25,vihaan.mehta63@gmail.com,Active,2025-06-29
664,Pooja Ansari,37,India,Marketing,96666,3,pooja.ansari64@yahoo.com,Active,2023-03-05
665,Priya Agarwal,43,Germany,Finance,143987,14,priya.agarwal65@gmail.com,Active,2019-09-21
666,Krishna Bansal,35,Canada,Data,115420,15,krishna.bansal66@gmail.com,Active,2021-03-05
667,Ananya Agarwal,57,Germany,IT,103412,18,ananya.agarwal67@yahoo.com,Inactive,2020-09-28
668,Aditi Bansal,41,Canada,Marketing,86178,25,aditi.bansal68@outlook.com,Inactive,2024-04-25
669,Vihaan Reddy,34,India,Sales,106092,31,vihaan.reddy69@gmail.com,Active,2021-07-03
670,Priya Reddy,22,Germany,Marketing,73009,5,priya.reddy70@company.com,Inactive,2024-07-06
671,Ishaan Chopra,31,India,Marketing,149210,5,ishaan.chopra71@yahoo.com,Active,2025-10-01
672,Arjun Nair,59,Canada,Marketing,98976,4,arjun.nair72@yahoo.com,Active,2022-04-17
673,Aditya Gupta,58,USA,HR,161202,1,aditya.gupta73@yahoo.com,Inactive,2021-07-01
674,Aditya Gupta,54,Germany,HR,105935,1,aditya.gupta74@gmail.com,Inactive,2023-07-31
675,Priya Mehta,58,India,HR,142237,2,priya.mehta75@company.com,Inactive,2024-05-03
676,Diya Patel,54,Germany,HR,179720,5,diya.patel76@company.com,Inactive,2023-04-07
677,Pooja Verma,38,Germany,Finance,83373,30,pooja.verma77@company.com,Inactive,2020-03-04
678,Sneha Ghosh,50,Germany,Marketing,161680,4,sneha.ghosh78@yahoo.com,Active,2020-10-27
679,Pooja Reddy,35,UK,Finance,81972,9,pooja.reddy79@gmail.com,Active,2020-05-09
680,Vihaan Bansal,47,India,Sales,54295,26,vihaan.bansal80@outlook.com,Active,2019-03-15
681,Diya Bansal,54,India,Data,41897,23,diya.bansal81@company.com,Active,2019-07-05
682,Vivaan Iyer,58,Germany,IT,40838,21,vivaan.iyer82@yahoo.com,Active,2023-08-14
683,Meera Iyer,53,USA,Finance,114942,24,meera.iyer83@company.com,Inactive,2022-04-15
684,Diya Mehta,44,Germany,HR,61414,2,diya.mehta84@outlook.com,Active,2019-11-09
685,Sneha Das,35,UK,HR,96157,15,sneha.das85@gmail.com,Inactive,2024-06-12
686,Muhammad Patel,50,Canada,Sales,64483,29,muhammad.patel86@gmail.com,Inactive,2019-04-07
687,Neha Singh,37,UK,Marketing,177585,3,neha.singh87@outlook.com,Active,2022-04-21
688,Vihaan Chopra,25,USA,IT,75909,15,vihaan.chopra88@yahoo.com,Active,2022-03-03
689,Pooja Chopra,49,Germany,Finance,83091,7,pooja.chopra89@gmail.com,Active,2021-05-19
690,Vihaan Malik,24,India,Marketing,87389,23,vihaan.malik90@company.com,Inactive,2021-02-10
691,Sneha Singh,30,Germany,Marketing,113167,15,sneha.singh91@outlook.com,Active,2018-04-27
692,Priya Ghosh,37,USA,Data,100509,26,priya.ghosh92@company.com,Inactive,2021-09-01
693,Meera Mukherjee,30,India,Data,163104,1,meera.mukherjee93@yahoo.com,Active,2019-07-17
694,Pooja Sharma,37,UK,Finance,67291,19,pooja.sharma94@outlook.com,Active,2021-12-27
695,Meera Malik,40,Canada,Finance,111968,19,meera.malik95@outlook.com,Active,2024-02-27
696,Aarav Khan,44,Canada,Finance,119487,19,aarav.khan96@outlook.com,Inactive,2018-05-04
697,Ishaan Iyer,25,Germany,Finance,145003,18,ishaan.iyer97@company.com,Inactive,2018-06-05
698,Ananya Chopra,54,UK,HR,168631,17,ananya.chopra98@yahoo.com,Inactive,2019-02-13
699,Aarav Khan,26,USA,Marketing,49744,12,aarav.khan99@gmail.com,Active,2019-04-11
700,Arjun Roy,22,Canada,Marketing,56021,16,arjun.roy0@company.com,Active,2020-01-24
701,Aditi Gupta,33,UK,HR,117532,32,aditi.gupta1@gmail.com,Inactive,2021-04-02
702,Arjun Sharma,31,Germany,Marketing,91898,27,arjun.sharma2@yahoo.com,Active,2020-02-11
703,Aditya Das,43,India,Finance,113723,4,aditya.das3@yahoo.com,Inactive,2021-07-24
704,Muhammad Kapoor,36,Germany,IT,88176,27,muhammad.kapoor4@yahoo.com,Active,2025-11-24
705,Priya Agarwal,51,Germany,Data,136438,24,priya.agarwal5@outlook.com,Inactive,2020-09-30
706,Ananya Khan,31,UK,Data,93399,19,ananya.khan6@gmail.com,Active,2025-08-29
707,Diya Iyer,36,Canada,Marketing,87434,20,diya.iyer7@yahoo.com,Inactive,2019-01-29
708,Ananya Roy,28,UK,IT,152298,12,ananya.roy8@yahoo.com,Active,2023-09-29
709,Meera Gupta,24,India,Data,148214,5,meera.gupta9@yahoo.com,Inactive,2025-08-04
710,Vivaan Patel,24,UK,IT,99591,28,vivaan.patel10@company.com,Inactive,2022-12-07
711,Reyansh Mukherjee,45,USA,HR,169141,8,reyansh.mukherjee11@gmail.com,Inactive,2018-05-24
712,Vivaan Gupta,23,Germany,Sales,41486,28,vivaan.gupta12@yahoo.com,Active,2018-06-15
713,Ishaan Agarwal,52,Canada,Marketing,63800,0,ishaan.agarwal13@company.com,Inactive,2020-11-09
714,Priya Nair,23,India,HR,126154,29,priya.nair14@outlook.com,Active,2025-04-24
715,Meera Agarwal,47,Germany,HR,159322,31,meera.agarwal15@gmail.com,Inactive,2018-03-10
716,Priya Malik,49,UK,IT,46869,22,priya.malik16@outlook.com,Inactive,2024-11-06
717,Muhammad Das,52,USA,Marketing,170248,9,muhammad.das17@outlook.com,Inactive,2018-01-25
718,Vihaan Chopra,39,UK,HR,71454,20,vihaan.chopra18@yahoo.com,Inactive,2024-06-15
719,Priya Mehta,41,Germany,Finance,160593,25,priya.mehta19@company.com,Active,2018-01-12
720,Shaurya Roy,25,India,HR,105773,14,shaurya.roy20@gmail.com,Active,2019-07-31
721,Neha Das,38,Canada,Finance,91813,16,neha.das21@gmail.com,Inactive,2025-07-04
722,Shaurya Verma,48,Germany,Sales,101326,34,shaurya.verma22@gmail.com,Active,2018-08-22
723,Krishna Kapoor,42,India,Finance,82595,24,krishna.kapoor23@gmail.com,Active,2025-11-22
724,Meera Verma,41,Germany,Finance,76184,14,meera.verma24@company.com,Inactive,2020-07-05
725,Aarav Ansari,26,USA,IT,115290,32,aarav.ansari25@outlook.com,Active,2022-09-18
726,Shaurya Ansari,21,UK,HR,155036,10,shaurya.ansari26@yahoo.com,Active,2019-08-14
727,Arjun Malik,25,Canada,Sales,109539,23,arjun.malik27@company.com,Active,2022-07-26
728,Shaurya Reddy,32,India,HR,62068,5,shaurya.reddy28@yahoo.com,Active,2021-07-22
729,Vihaan Sharma,46,Canada,Finance,81996,27,vihaan.sharma29@gmail.com,Active,2025-12-06
730,Neha Bansal,54,Canada,Data,124440,28,neha.bansal30@company.com,Inactive,2023-01-21
731,Reyansh Patel,34,Canada,Finance,131940,20,reyansh.patel31@outlook.com,Active,2023-01-27
732,Aditi Ghosh,46,India,HR,56407,11,aditi.ghosh32@outlook.com,Active,2022-10-02
733,Krishna Das,47,India,Sales,133550,21,krishna.das33@outlook.com,Inactive,2019-09-05
734,Pooja Chopra,29,Canada,Data,122657,26,pooja.chopra34@yahoo.com,Inactive,2018-06-01
735,Aditya Kapoor,46,UK,Sales,61403,20,aditya.kapoor35@company.com,Inactive,2024-03-13
736,Vivaan Bansal,42,Germany,IT,46637,14,vivaan.bansal36@outlook.com,Active,2019-10-21
737,Aarav Agarwal,50,Canada,Finance,174684,17,aarav.agarwal37@outlook.com,Inactive,2018-11-06
738,Aditya Reddy,37,USA,Finance,171232,9,aditya.reddy38@yahoo.com,Active,2018-05-29
739,Sneha Bansal,46,Canada,IT,95108,21,sneha.bansal39@yahoo.com,Inactive,2024-07-12
740,Sneha Kapoor,56,India,HR,173800,19,sneha.kapoor40@gmail.com,Inactive,2022-02-11
741,Priya Iyer,21,Germany,Finance,98594,18,priya.iyer41@gmail.com,Active,2024-12-29
742,Vihaan Kapoor,28,USA,HR,53464,27,vihaan.kapoor42@gmail.com,Inactive,2021-04-19
743,Aarav Reddy,55,Germany,Sales,65838,0,aarav.reddy43@company.com,Inactive,2024-10-17
744,Reyansh Mukherjee,35,Germany,Data,40919,33,reyansh.mukherjee44@outlook.com,Inactive,2022-12-25
745,Kavya Chopra,42,USA,Data,42797,34,kavya.chopra45@outlook.com,Active,2024-03-01
746,Aditya Bansal,34,Canada,Data,123003,25,aditya.bansal46@yahoo.com,Inactive,2019-04-09
747,Vihaan Singh,46,Canada,Marketing,124272,29,vihaan.singh47@company.com,Active,2020-08-31
748,Priya Roy,48,Canada,IT,169130,11,priya.roy48@outlook.com,Active,2018-11-23
749,Aditi Das,43,UK,Data,109577,13,aditi.das49@gmail.com,Inactive,2018-05-29
750,Aditya Kapoor,34,Canada,Finance,138638,3,aditya.kapoor50@outlook.com,Inactive,2021-07-24
751,Shaurya Reddy,44,USA,IT,160660,11,shaurya.reddy51@company.com,Inactive,2018-02-04
752,Krishna Reddy,22,UK,Sales,147911,23,krishna.reddy52@gmail.com,Inactive,2023-03-17
753,Reyansh Gupta,46,Canada,Sales,112557,30,reyansh.gupta53@company.com,Inactive,2018-01-01
754,Riya Mehta,34,UK,Sales,62258,0,riya.mehta54@yahoo.com,Inactive,2024-11-20
755,Riya Das,27,USA,Sales,150090,0,riya.das55@gmail.com,Active,2025-04-05
756,Muhammad Chopra,23,Canada,Marketing,126714,14,muhammad.chopra56@company.com,Inactive,2024-11-18
757,Diya Patel,43,India,HR,47914,12,diya.patel57@gmail.com,Inactive,2024-11-03
758,Krishna Mehta,38,USA,HR,173608,28,krishna.mehta58@gmail.com,Active,2025-04-04
759,Arjun Malik,58,Germany,Data,156448,3,arjun.malik59@yahoo.com,Inactive,2023-10-19
760,Muhammad Khan,55,Germany,Marketing,68748,14,muhammad.khan60@gmail.com,Active,2022-07-26
761,Meera Patel,35,USA,HR,74448,11,meera.patel61@gmail.com,Active,2024-04-23
762,Aditya Khan,45,Germany,Sales,81132,24,aditya.khan62@gmail.com,Active,2023-04-25
763,Neha Agarwal,57,USA,HR,111022,26,neha.agarwal63@yahoo.com,Inactive,2025-12-24
764,Sneha Roy,48,India,IT,168456,5,sneha.roy64@gmail.com,Active,2020-10-17
765,Kavya Roy,30,USA,Data,142294,22,kavya.roy65@outlook.com,Inactive,2018-04-02
766,Meera Reddy,59,Canada,HR,111323,14,meera.reddy66@company.com,Active,2019-08-17
767,Ananya Patel,37,Canada,IT,136242,4,ananya.patel67@gmail.com,Active,2024-08-16
768,Kavya Gupta,59,UK,Finance,157347,22,kavya.gupta68@gmail.com,Active,2023-11-17
769,Neha Agarwal,42,Germany,IT,95120,14,neha.agarwal69@yahoo.com,Inactive,2025-01-01
770,Shaurya Malik,46,Germany,IT,95592,24,shaurya.malik70@outlook.com,Inactive,2022-05-08
771,Sneha Verma,45,USA,Sales,44885,29,sneha.verma71@company.com,Active,2023-02-20
772,Diya Das,37,Germany,Sales,164006,3,diya.das72@gmail.com,Inactive,2020-09-12
773,Aditya Iyer,33,Canada,Data,130964,12,aditya.iyer73@gmail.com,Active,2020-08-26
774,Kavya Agarwal,40,India,Sales,85073,22,kavya.agarwal74@yahoo.com,Active,2020-08-19
775,Vivaan Verma,45,USA,IT,107650,15,vivaan.verma75@outlook.com,Inactive,2023-06-10
776,Diya Iyer,24,Germany,Marketing,59996,34,diya.iyer76@company.com,Active,2018-09-03
777,Aditya Gupta,30,Canada,Sales,127290,15,aditya.gupta77@gmail.com,Active,2025-10-19
778,Meera Mukherjee,23,UK,Sales,118086,6,meera.mukherjee78@outlook.com,Inactive,2018-10-06
779,Riya Kapoor,38,Germany,IT,161379,12,riya.kapoor79@outlook.com,Active,2025-09-22
780,Kavya Roy,56,India,Finance,68095,28,kavya.roy80@gmail.com,Active,2020-05-02
781,Pooja Verma,42,India,Finance,127971,19,pooja.verma81@gmail.com,Inactive,2019-03-07
782,Kavya Roy,54,Germany,HR,122158,28,kavya.roy82@company.com,Active,2024-10-25
783,Muhammad Reddy,28,Germany,Data,110821,17,muhammad.reddy83@gmail.com,Active,2021-07-08
784,Meera Nair,39,Canada,Finance,125463,21,meera.nair84@company.com,Inactive,2021-07-02
785,Riya Patel,57,Germany,Sales,40291,7,riya.patel85@yahoo.com,Active,2024-05-01
786,Vivaan Agarwal,26,UK,Marketing,148844,2,vivaan.agarwal86@gmail.com,Inactive,2025-01-06
787,Vihaan Reddy,46,Canada,HR,38122,28,vihaan.reddy87@gmail.com,Inactive,2024-10-28
788,Aditya Das,54,USA,Data,39876,8,aditya.das88@company.com,Inactive,2024-03-20
789,Reyansh Verma,26,UK,Marketing,92147,7,reyansh.verma89@yahoo.com,Inactive,2025-09-10
790,Krishna Agarwal,57,Canada,Marketing,167895,29,krishna.agarwal90@gmail.com,Active,2024-02-18
791,Kavya Das,53,Canada,Sales,87652,11,kavya.das91@yahoo.com,Inactive,2025-02-18
792,Riya Mukherjee,42,India,IT,137377,27,riya.mukherjee92@yahoo.com,Active,2020-03-17
793,Reyansh Chopra,41,Canada,IT,161225,9,reyansh.chopra93@yahoo.com,Active,2018-09-26
794,Diya Iyer,26,UK,IT,176459,12,diya.iyer94@outlook.com,Inactive,2025-05-22
795,Aditi Bansal,26,Germany,Finance,137699,1,aditi.bansal95@outlook.com,Inactive,2023-09-20
796,Ananya Mukherjee,24,UK,IT,53980,0,ananya.mukherjee96@company.com,Inactive,2021-04-13
797,Vivaan Reddy,50,USA,Data,42121,21,vivaan.reddy97@company.com,Active,2019-03-09
798,Aditya Reddy,31,Canada,Sales,163946,32,aditya.reddy98@outlook.com,Active,2020-03-13
799,Vihaan Ghosh,50,Canada,Finance,177953,15,vihaan.ghosh99@company.com,Active,2023-08-01
800,Aditi Iyer,51,Canada,Data,118176,28,aditi.iyer0@yahoo.com,Inactive,2020-07-19
801,Ishaan Mukherjee,44,Canada,IT,85809,9,ishaan.mukherjee1@outlook.com,Active,2024-06-28
802,Arjun Reddy,29,India,Data,159032,6,arjun.reddy2@yahoo.com,Inactive,2020-06-18
803,Aditya Roy,23,India,Marketing,112621,0,aditya.roy3@yahoo.com,Inactive,2021-07-27
804,Arjun Chopra,51,Germany,Sales,151440,25,arjun.chopra4@company.com,Active,2021-01-22
805,Shaurya Kapoor,57,Canada,Sales,58097,4,shaurya.kapoor5@gmail.com,Inactive,2025-12-21
806,Arjun Mukherjee,56,USA,Data,37978,34,arjun.mukherjee6@company.com,Active,2024-07-15
807,Aditya Iyer,44,Germany,HR,170404,12,aditya.iyer7@gmail.com,Active,2024-10-03
808,Pooja Kapoor,51,Canada,Sales,120573,26,pooja.kapoor8@outlook.com,Active,2021-05-13
809,Ananya Patel,26,India,Marketing,50089,11,ananya.patel9@company.com,Active,2019-07-22
810,Riya Gupta,22,USA,Sales,162550,29,riya.gupta10@outlook.com,Inactive,2020-01-13
811,Priya Das,40,Germany,HR,91804,31,priya.das11@yahoo.com,Active,2024-04-26
812,Diya Sharma,48,USA,Sales,89018,30,diya.sharma12@gmail.com,Inactive,2025-08-11
813,Diya Iyer,31,Canada,Sales,162198,4,diya.iyer13@outlook.com,Active,2025-06-20
814,Reyansh Ansari,24,UK,HR,38830,1,reyansh.ansari14@gmail.com,Active,2019-11-14
815,Ananya Nair,35,USA,Sales,156388,6,ananya.nair15@gmail.com,Inactive,2023-01-24
816,Muhammad Singh,26,USA,Data,103494,0,muhammad.singh16@yahoo.com,Active,2021-11-15
817,Arjun Patel,50,India,Finance,160200,2,arjun.patel17@yahoo.com,Active,2021-07-25
818,Aditya Iyer,58,Canada,Data,60998,19,aditya.iyer18@gmail.com,Active,2022-12-01
819,Vihaan Das,22,USA,Sales,102076,1,vihaan.das19@outlook.com,Inactive,2020-06-14
820,Pooja Das,35,Canada,IT,64101,20,pooja.das20@yahoo.com,Active,2020-07-20
821,Vivaan Reddy,31,India,IT,155155,31,vivaan.reddy21@company.com,Active,2019-04-26
822,Meera Patel,28,Canada,Finance,42053,19,meera.patel22@outlook.com,Active,2022-01-14
823,Meera Kapoor,46,India,Sales,171742,30,meera.kapoor23@outlook.com,Inactive,2018-10-18
824,Arjun Khan,25,India,Marketing,143994,32,arjun.khan24@gmail.com,Inactive,2025-10-19
825,Reyansh Mukherjee,26,Germany,Sales,147566,23,reyansh.mukherjee25@company.com,Inactive,2025-05-18
826,Reyansh Agarwal,46,Canada,IT,148651,17,reyansh.agarwal26@yahoo.com,Inactive,2023-11-23
827,Vivaan Bansal,24,UK,HR,176353,19,vivaan.bansal27@outlook.com,Active,2023-05-29
828,Diya Singh,39,Germany,Finance,88341,31,diya.singh28@yahoo.com,Inactive,2021-11-01
829,Kavya Mukherjee,40,India,HR,103069,4,kavya.mukherjee29@company.com,Inactive,2018-07-09
830,Shaurya Agarwal,53,UK,Marketing,176828,1,shaurya.agarwal30@yahoo.com,Inactive,2021-05-03
831,Krishna Ghosh,40,USA,Sales,100323,25,krishna.ghosh31@outlook.com,Inactive,2022-05-19
832,Krishna Iyer,32,USA,Marketing,125610,24,krishna.iyer32@yahoo.com,Active,2019-01-12
833,Neha Ansari,21,Germany,HR,119338,21,neha.ansari33@outlook.com,Active,2025-06-23
834,Diya Roy,46,UK,Sales,44876,21,diya.roy34@company.com,Inactive,2020-11-07
835,Kavya Agarwal,34,Canada,Data,137591,10,kavya.agarwal35@gmail.com,Inactive,2018-09-16
836,Shaurya Kapoor,58,UK,Data,50171,10,shaurya.kapoor36@company.com,Inactive,2020-04-06
837,Riya Das,57,Germany,Marketing,77204,3,riya.das37@yahoo.com,Inactive,2024-08-16
838,Priya Khan,31,Canada,Data,171238,32,priya.khan38@company.com,Active,2022-09-22
839,Muhammad Mukherjee,56,Canada,Data,120794,17,muhammad.mukherjee39@gmail.com,Active,2023-01-05
840,Arjun Malik,33,USA,IT,78734,30,arjun.malik40@company.com,Inactive,2025-11-19
841,Vivaan Nair,23,UK,Data,126251,27,vivaan.nair41@company.com,Inactive,2025-03-25
842,Diya Ghosh,53,Canada,IT,162539,21,diya.ghosh42@outlook.com,Inactive,2023-10-09
843,Vihaan Das,26,Germany,Finance,131621,2,vihaan.das43@outlook.com,Inactive,2023-11-23
844,Vihaan Iyer,30,USA,IT,80078,6,vihaan.iyer44@yahoo.com,Inactive,2021-12-20
845,Aditya Khan,25,Canada,IT,62778,19,aditya.khan45@yahoo.com,Inactive,2022-11-26
846,Ishaan Agarwal,43,UK,HR,80832,6,ishaan.agarwal46@outlook.com,Inactive,2019-10-06
847,Riya Patel,30,USA,IT,143540,6,riya.patel47@yahoo.com,Active,2022-02-09
848,Priya Gupta,22,UK,IT,101243,28,priya.gupta48@outlook.com,Active,2024-05-03
849,Krishna Agarwal,33,UK,HR,67815,25,krishna.agarwal49@yahoo.com,Active,2020-08-13
850,Diya Sharma,22,UK,IT,69682,2,diya.sharma50@outlook.com,Inactive,2022-04-07
851,Priya Verma,40,USA,Data,52489,16,priya.verma51@company.com,Active,2022-09-13
852,Aditi Das,21,Canada,IT,152868,19,aditi.das52@yahoo.com,Inactive,2021-03-18
853,Diya Singh,57,India,Finance,148694,33,diya.singh53@company.com,Inactive,2024-05-16
854,Aditi Gupta,29,Canada,IT,92701,32,aditi.gupta54@outlook.com,Inactive,2019-06-09
855,Diya Singh,37,USA,IT,177524,15,diya.singh55@gmail.com,Active,2025-12-21
856,Aarav Reddy,29,India,Finance,63635,22,aarav.reddy56@yahoo.com,Active,2023-09-05
857,Vihaan Reddy,31,India,HR,134332,3,vihaan.reddy57@yahoo.com,Inactive,2025-02-12
858,Arjun Patel,35,India,Data,153214,32,arjun.patel58@gmail.com,Active,2021-07-29
859,Vivaan Iyer,44,Germany,IT,57953,7,vivaan.iyer59@company.com,Active,2022-02-16
860,Neha Patel,58,USA,Data,41278,4,neha.patel60@company.com,Active,2023-05-19
861,Neha Agarwal,55,Germany,Marketing,94722,32,neha.agarwal61@yahoo.com,Active,2020-03-08
862,Meera Sharma,50,India,Data,53036,24,meera.sharma62@gmail.com,Inactive,2023-11-29
863,Aditya Sharma,51,Germany,HR,148031,6,aditya.sharma63@company.com,Inactive,2019-02-26
864,Ishaan Ansari,25,Germany,HR,105244,6,ishaan.ansari64@yahoo.com,Active,2020-06-23
865,Arjun Ghosh,34,USA,IT,175548,32,arjun.ghosh65@company.com,Active,2019-12-27
866,Meera Das,31,UK,Finance,105854,32,meera.das66@yahoo.com,Active,2022-01-03
867,Priya Mehta,29,Germany,HR,129805,28,priya.mehta67@yahoo.com,Inactive,2024-05-30
868,Shaurya Singh,54,Germany,Finance,156303,31,shaurya.singh68@gmail.com,Active,2021-03-18
869,Shaurya Mehta,32,India,Marketing,54979,28,shaurya.mehta69@yahoo.com,Inactive,2021-03-09
870,Vivaan Singh,55,India,Finance,105446,21,vivaan.singh70@company.com,Active,2025-10-22
871,Priya Mukherjee,55,India,Sales,71022,1,priya.mukherjee71@outlook.com,Active,2021-02-19
872,Kavya Gupta,21,Canada,Finance,39453,8,kavya.gupta72@outlook.com,Inactive,2019-01-19
873,Vihaan Nair,42,Germany,HR,86575,28,vihaan.nair73@outlook.com,Inactive,2023-06-10
874,Meera Ghosh,49,India,Finance,92260,32,meera.ghosh74@gmail.com,Inactive,2024-05-19
875,Aarav Das,28,USA,Finance,126862,9,aarav.das75@gmail.com,Inactive,2025-09-12
876,Sneha Singh,31,Canada,Sales,89029,27,sneha.singh76@yahoo.com,Active,2022-01-10
877,Arjun Iyer,57,UK,Sales,170249,11,arjun.iyer77@yahoo.com,Inactive,2020-08-24
878,Priya Sharma,34,Germany,IT,103965,21,priya.sharma78@gmail.com,Inactive,2024-02-20
879,Meera Chopra,50,Germany,HR,67952,5,meera.chopra79@gmail.com,Inactive,2020-04-21
880,Krishna Roy,55,USA,IT,155825,22,krishna.roy80@company.com,Active,2022-06-05
881,Priya Khan,41,UK,Sales,162005,33,priya.khan81@yahoo.com,Inactive,2019-09-11
882,Aditya Das,57,UK,Finance,164959,15,aditya.das82@gmail.com,Active,2020-10-16
883,Diya Gupta,25,Canada,Sales,106710,9,diya.gupta83@gmail.com,Active,2023-05-08
884,Riya Ghosh,39,Germany,Marketing,56796,20,riya.ghosh84@outlook.com,Inactive,2018-07-25
885,Riya Das,34,India,Finance,112413,9,riya.das85@gmail.com,Active,2019-10-01
886,Pooja Sharma,46,USA,IT,52722,10,pooja.sharma86@gmail.com,Inactive,2018-03-05
887,Aditi Nair,24,USA,Finance,147761,20,aditi.nair87@gmail.com,Active,2021-12-29
888,Vivaan Kapoor,45,USA,Marketing,114098,24,vivaan.kapoor88@company.com,Active,2022-09-08
889,Diya Malik,45,USA,Sales,107082,33,diya.malik89@company.com,Inactive,2018-08-16
890,Aarav Chopra,38,India,HR,60258,30,aarav.chopra90@gmail.com,Inactive,2019-12-03
891,Aditya Chopra,28,India,Data,46706,26,aditya.chopra91@gmail.com,Active,2019-01-30
892,Krishna Mehta,59,Canada,HR,63943,24,krishna.mehta92@outlook.com,Inactive,2021-05-21
893,Sneha Reddy,34,Germany,HR,99324,31,sneha.reddy93@yahoo.com,Inactive,2025-08-12
894,Arjun Verma,52,India,Sales,57315,10,arjun.verma94@yahoo.com,Active,2023-02-03
895,Diya Ghosh,58,Canada,HR,45352,25,diya.ghosh95@company.com,Active,2022-08-25
896,Ananya Khan,53,UK,Marketing,69497,32,ananya.khan96@company.com,Active,2024-06-03
897,Kavya Nair,43,Germany,Sales,110145,32,kavya.nair97@gmail.com,Inactive,2021-12-19
898,Reyansh Patel,35,India,HR,133322,12,reyansh.patel98@outlook.com,Active,2020-10-17
899,Aditya Agarwal,53,UK,Data,155659,13,aditya.agarwal99@outlook.com,Inactive,2025-09-09
900,Vivaan Iyer,45,Canada,IT,62228,0,vivaan.iyer0@gmail.com,Active,2025-07-12
901,Muhammad Verma,37,India,Sales,150152,4,muhammad.verma1@company.com,Inactive,2025-01-15
902,Muhammad Verma,53,India,Sales,43882,29,muhammad.verma2@yahoo.com,Inactive,2019-07-07
903,Ananya Iyer,22,UK,Finance,105846,17,ananya.iyer3@outlook.com,Active,2021-11-22
904,Riya Kapoor,34,India,HR,59463,11,riya.kapoor4@yahoo.com,Active,2021-07-07
905,Pooja Nair,59,USA,IT,111789,33,pooja.nair5@yahoo.com,Inactive,2023-12-14
906,Ishaan Verma,26,India,Data,120940,13,ishaan.verma6@gmail.com,Active,2024-03-23
907,Muhammad Iyer,26,Germany,Marketing,44827,15,muhammad.iyer7@outlook.com,Active,2025-08-01
908,Diya Verma,23,UK,Sales,125690,10,diya.verma8@gmail.com,Inactive,2018-11-29
909,Ananya Malik,27,Germany,Marketing,173312,32,ananya.malik9@gmail.com,Inactive,2018-11-26
910,Vihaan Chopra,28,Canada,Marketing,163743,14,vihaan.chopra10@outlook.com,Active,2021-07-12
911,Priya Kapoor,35,Germany,Marketing,36585,9,priya.kapoor11@outlook.com,Active,2024-01-28
912,Kavya Kapoor,49,USA,Finance,87532,2,kavya.kapoor12@company.com,Active,2023-08-11
913,Ananya Khan,53,USA,Marketing,176613,10,ananya.khan13@yahoo.com,Active,2020-05-25
914,Neha Nair,50,Germany,HR,40427,10,neha.nair14@yahoo.com,Active,2025-12-18
915,Diya Das,59,Canada,HR,127283,15,diya.das15@gmail.com,Inactive,2022-10-11
916,Ishaan Gupta,47,India,IT,116156,29,ishaan.gupta16@gmail.com,Active,2024-04-07
917,Priya Gupta,56,USA,IT,44033,0,priya.gupta17@outlook.com,Inactive,2019-08-07
918,Priya Mukherjee,49,Germany,Data,147458,33,priya.mukherjee18@company.com,Active,2019-08-24
919,Reyansh Ghosh,58,Germany,Marketing,163767,18,reyansh.ghosh19@gmail.com,Active,2023-08-30
920,Shaurya Reddy,53,Germany,Marketing,47199,33,shaurya.reddy20@gmail.com,Active,2021-08-31
921,Vihaan Gupta,57,India,Finance,178848,3,vihaan.gupta21@yahoo.com,Inactive,2024-11-25
922,Ananya Iyer,47,UK,Marketing,37931,9,ananya.iyer22@gmail.com,Active,2023-06-28
923,Shaurya Agarwal,53,Canada,Marketing,115379,16,shaurya.agarwal23@yahoo.com,Inactive,2023-12-29
924,Meera Bansal,24,UK,Marketing,40699,15,meera.bansal24@outlook.com,Inactive,2019-11-18
925,Reyansh Agarwal,42,Canada,Sales,96032,20,reyansh.agarwal25@outlook.com,Active,2023-09-29
926,Diya Agarwal,22,Canada,Sales,42636,27,diya.agarwal26@yahoo.com,Active,2022-06-18
927,Vivaan Chopra,30,Germany,Finance,102396,7,vivaan.chopra27@yahoo.com,Active,2022-01-24
928,Meera Bansal,25,USA,Finance,155249,28,meera.bansal28@company.com,Active,2022-08-31
929,Ishaan Verma,30,Germany,HR,150618,5,ishaan.verma29@yahoo.com,Inactive,2019-01-26
930,Aditya Kapoor,53,India,Finance,49989,29,aditya.kapoor30@gmail.com,Inactive,2020-12-14
931,Diya Das,58,Canada,Data,86086,1,diya.das31@company.com,Active,2019-05-05
932,Reyansh Sharma,33,USA,HR,71062,30,reyansh.sharma32@yahoo.com,Inactive,2021-09-17
933,Arjun Mukherjee,51,Canada,Marketing,65398,24,arjun.mukherjee33@gmail.com,Active,2023-04-06
934,Kavya Verma,56,Canada,Finance,105283,22,kavya.verma34@company.com,Inactive,2018-09-27
935,Arjun Gupta,44,Germany,Data,137696,20,arjun.gupta35@gmail.com,Active,2018-12-28
936,Krishna Chopra,35,USA,Finance,105774,15,krishna.chopra36@company.com,Active,2018-05-25
937,Diya Kapoor,49,USA,Finance,37834,3,diya.kapoor37@outlook.com,Inactive,2019-08-12
938,Sneha Verma,28,Canada,HR,83203,7,sneha.verma38@outlook.com,Inactive,2021-02-26
939,Meera Patel,25,USA,HR,80676,5,meera.patel39@company.com,Inactive,2019-01-10
940,Kavya Chopra,49,USA,IT,61230,26,kavya.chopra40@gmail.com,Active,2022-07-05
941,Diya Agarwal,24,Germany,HR,107652,23,diya.agarwal41@yahoo.com,Inactive,2025-01-29
942,Aditya Roy,32,UK,HR,103464,5,aditya.roy42@yahoo.com,Active,2022-07-10
943,Arjun Das,22,India,Sales,128715,32,arjun.das43@gmail.com,Active,2021-04-12
944,Diya Kapoor,47,UK,Finance,43190,1,diya.kapoor44@outlook.com,Active,2018-11-14
945,Ananya Malik,51,USA,HR,124364,15,ananya.malik45@gmail.com,Active,2019-08-08
946,Krishna Mehta,56,Canada,Finance,170422,8,krishna.mehta46@gmail.com,Inactive,2025-02-23
947,Aarav Khan,56,India,Finance,69055,4,aarav.khan47@gmail.com,Active,2022-10-17
948,Neha Das,46,India,Sales,116572,9,neha.das48@company.com,Active,2025-02-13
949,Aditi Ghosh,47,Canada,Finance,107146,29,aditi.ghosh49@yahoo.com,Active,2018-11-07
950,Vihaan Malik,25,India,Data,142554,6,vihaan.malik50@outlook.com,Inactive,2018-04-04
951,Ishaan Agarwal,40,Canada,HR,60177,28,ishaan.agarwal51@yahoo.com,Inactive,2018-07-08
952,Muhammad Mukherjee,31,India,Finance,128386,1,muhammad.mukherjee52@gmail.com,Inactive,2019-10-09
953,Shaurya Nair,30,UK,IT,89339,19,shaurya.nair53@outlook.com,Active,2022-10-08
954,Muhammad Mehta,58,India,IT,84282,3,muhammad.mehta54@gmail.com,Inactive,2024-03-01
955,Arjun Gupta,26,Germany,Sales,127683,27,arjun.gupta55@gmail.com,Inactive,2022-02-23
956,Kavya Khan,28,Canada,Data,136038,7,kavya.khan56@yahoo.com,Active,2022-08-19
957,Kavya Gupta,43,India,HR,93009,34,kavya.gupta57@yahoo.com,Active,2023-10-03
958,Ananya Chopra,46,Canada,Sales,36066,1,ananya.chopra58@outlook.com,Inactive,2020-08-29
959,Aditya Ghosh,32,Germany,IT,87940,27,aditya.ghosh59@gmail.com,Inactive,2018-04-04
960,Pooja Iyer,46,India,Data,85469,10,pooja.iyer60@outlook.com,Active,2024-06-19
961,Shaurya Khan,33,India,HR,149972,8,shaurya.khan61@company.com,Inactive,2023-05-21
962,Reyansh Chopra,38,Germany,Finance,170186,0,reyansh.chopra62@gmail.com,Active,2018-12-26
963,Riya Singh,45,Germany,HR,146138,26,riya.singh63@yahoo.com,Active,2024-01-25
964,Vihaan Ansari,53,Germany,Marketing,159648,2,vihaan.ansari64@gmail.com,Active,2020-09-08
965,Arjun Singh,32,Canada,HR,100133,8,arjun.singh65@gmail.com,Active,2022-12-15
966,Neha Sharma,56,Germany,Finance,56245,27,neha.sharma66@yahoo.com,Inactive,2019-02-02
967,Diya Ghosh,24,Canada,Marketing,143574,20,diya.ghosh67@gmail.com,Active,2019-06-21
968,Sneha Chopra,25,UK,Data,78266,27,sneha.chopra68@outlook.com,Active,2019-01-29
969,Kavya Ghosh,57,India,Sales,124762,23,kavya.ghosh69@yahoo.com,Inactive,2021-10-11
970,Arjun Mukherjee,28,India,Data,178667,17,arjun.mukherjee70@outlook.com,Inactive,2018-02-17
971,Aditya Gupta,48,USA,HR,128254,8,aditya.gupta71@yahoo.com,Inactive,2021-12-26
972,Shaurya Kapoor,51,UK,Sales,74218,25,shaurya.kapoor72@yahoo.com,Active,2025-07-11
973,Neha Das,29,Germany,HR,42787,23,neha.das73@outlook.com,Active,2023-10-02
974,Priya Bansal,49,Germany,IT,80286,5,priya.bansal74@yahoo.com,Active,2024-04-07
975,Sneha Gupta,34,UK,IT,35081,11,sneha.gupta75@yahoo.com,Inactive,2021-04-24
976,Arjun Reddy,42,Germany,Finance,38005,8,arjun.reddy76@outlook.com,Inactive,2021-03-10
977,Aditya Agarwal,31,USA,Data,108944,9,aditya.agarwal77@gmail.com,Active,2020-08-18
978,Kavya Das,43,Canada,IT,166406,2,kavya.das78@yahoo.com,Active,2023-07-16
979,Diya Patel,21,India,Marketing,158438,28,diya.patel79@company.com,Active,2020-12-16
980,Pooja Roy,57,UK,Marketing,111639,6,pooja.roy80@gmail.com,Inactive,2019-03-26
981,Reyansh Patel,41,India,HR,93217,25,reyansh.patel81@gmail.com,Inactive,2021-02-03
982,Priya Das,46,Canada,Sales,142248,7,priya.das82@gmail.com,Active,2019-03-09
983,Vivaan Mehta,56,UK,Marketing,145257,12,vivaan.mehta83@company.com,Inactive,2022-08-31
984,Riya Patel,43,Canada,HR,60169,34,riya.patel84@company.com,Inactive,2020-04-26
985,Shaurya Khan,21,Germany,Sales,144247,18,shaurya.khan85@gmail.com,Inactive,2022-11-17
986,Reyansh Reddy,35,Germany,IT,92110,21,reyansh.reddy86@gmail.com,Inactive,2022-10-16
987,Krishna Chopra,41,Germany,HR,92253,15,krishna.chopra87@company.com,Active,2022-03-18
988,Riya Iyer,29,Canada,Sales,110210,14,riya.iyer88@company.com,Active,2023-05-28
989,Aditya Malik,29,Canada,Finance,117702,1,aditya.malik89@gmail.com,Inactive,2021-11-23
990,Muhammad Ghosh,30,Canada,Data,127246,20,muhammad.ghosh90@gmail.com,Inactive,2025-12-23
991,Ishaan Patel,46,India,Data,169866,29,ishaan.patel91@company.com,Active,2024-02-08
992,Shaurya Mukherjee,55,Canada,Finance,64184,6,shaurya.mukherjee92@company.com,Inactive,2021-08-18
993,Pooja Gupta,45,Germany,Marketing,146178,30,pooja.gupta93@company.com,Inactive,2018-07-02
994,Riya Khan,46,USA,Data,73365,34,riya.khan94@yahoo.com,Active,2022-03-14
995,Sneha Roy,31,Canada,Sales,66217,3,sneha.roy95@gmail.com,Inactive,2021-01-23
996,Arjun Khan,58,USA,Finance,40051,33,arjun.khan96@outlook.com,Active,2018-06-05
997,Meera Mukherjee,22,Germany,Marketing,117662,0,meera.mukherjee97@company.com,Inactive,2022-09-12
998,Ananya Roy,27,Canada,HR,178947,9,ananya.roy98@yahoo.com,Inactive,2023-11-15
999,Vivaan Sharma,38,India,HR,104891,29,vivaan.sharma99@outlook.com,Inactive,2020-07-25
1000,Aditya Verma,47,India,Sales,152959,31,aditya.verma0@outlook.com,Inactive,2021-10-24
1001,Sneha Malik,54,USA,Sales,141589,2,sneha.malik1@outlook.com,Inactive,2020-02-28
1002,Muhammad Roy,47,India,Sales,93475,9,muhammad.roy2@yahoo.com,Inactive,2024-04-04
1003,Priya Mukherjee,37,India,Data,66074,8,priya.mukherjee3@yahoo.com,Inactive,2023-08-23
1004,Aarav Nair,44,India,Sales,103052,16,aarav.nair4@yahoo.com,Inactive,2021-08-17
1005,Pooja Iyer,45,Germany,Finance,57622,2,pooja.iyer5@outlook.com,Active,2020-05-07
1006,Shaurya Nair,27,India,Finance,149778,26,shaurya.nair6@gmail.com,Active,2018-07-01
1007,Krishna Kapoor,26,UK,Marketing,148707,34,krishna.kapoor7@gmail.com,Active,2023-04-23
1008,Shaurya Agarwal,44,Canada,Finance,127543,3,shaurya.agarwal8@company.com,Active,2021-03-24
1009,Aditya Verma,53,India,Data,75982,3,aditya.verma9@company.com,Inactive,2020-02-02
1010,Reyansh Agarwal,49,India,HR,152993,31,reyansh.agarwal10@company.com,Active,2021-11-15
1011,Priya Nair,42,India,Marketing,98798,10,priya.nair11@company.com,Active,2025-10-11
1012,Kavya Ansari,46,UK,Finance,103083,5,kavya.ansari12@outlook.com,Inactive,2024-02-03
1013,Ananya Mukherjee,48,India,Sales,138227,34,ananya.mukherjee13@yahoo.com,Inactive,2025-12-29
1014,Arjun Reddy,41,India,Finance,63130,31,arjun.reddy14@yahoo.com,Inactive,2019-08-06
1015,Ananya Chopra,27,Canada,IT,100995,22,ananya.chopra15@gmail.com,Inactive,2023-04-28
1016,Aditi Patel,37,UK,Marketing,102772,25,aditi.patel16@outlook.com,Inactive,2020-05-30
1017,Diya Das,40,UK,Data,101116,33,diya.das17@outlook.com,Active,2023-10-18
1018,Pooja Mehta,40,India,Finance,170787,10,pooja.mehta18@yahoo.com,Inactive,2018-11-04
1019,Ananya Singh,42,UK,Finance,78394,20,ananya.singh19@gmail.com,Inactive,2022-08-27
1020,Kavya Mehta,48,USA,Data,128103,23,kavya.mehta20@gmail.com,Inactive,2025-07-01
1021,Ishaan Agarwal,27,UK,HR,73665,14,ishaan.agarwal21@company.com,Active,2023-10-02
1022,Krishna Patel,21,UK,Sales,165753,2,krishna.patel22@outlook.com,Inactive,2024-03-13
1023,Vihaan Verma,52,UK,Sales,119360,1,vihaan.verma23@company.com,Inactive,2019-12-15
1024,Shaurya Kapoor,33,Germany,HR,143889,6,shaurya.kapoor24@yahoo.com,Active,2023-09-17
1025,Meera Bansal,50,Germany,HR,123604,4,meera.bansal25@yahoo.com,Active,2021-12-22
1026,Krishna Khan,43,Germany,IT,169741,28,krishna.khan26@outlook.com,Inactive,2021-10-29
1027,Ananya Roy,39,UK,Data,114918,31,ananya.roy27@company.com,Active,2023-09-10
1028,Ananya Ansari,52,USA,Marketing,39638,29,ananya.ansari28@outlook.com,Active,2024-09-06
1029,Reyansh Nair,50,UK,Sales,92000,7,reyansh.nair29@yahoo.com,Inactive,2020-03-10
1030,Riya Agarwal,49,India,HR,44251,31,riya.agarwal30@gmail.com,Active,2019-03-01
1031,Neha Iyer,49,USA,HR,175020,1,neha.iyer31@company.com,Active,2020-10-25
1032,Neha Sharma,50,Germany,Data,87647,9,neha.sharma32@yahoo.com,Inactive,2019-11-22
1033,Aditya Kapoor,36,Canada,Marketing,123414,2,aditya.kapoor33@outlook.com,Active,2025-09-28
1034,Riya Agarwal,39,USA,HR,92245,22,riya.agarwal34@gmail.com,Active,2018-07-19
1035,Krishna Ansari,38,Germany,IT,173480,33,krishna.ansari35@outlook.com,Inactive,2021-07-20
1036,Sneha Chopra,21,USA,Marketing,104069,17,sneha.chopra36@outlook.com,Inactive,2020-02-15
1037,Vivaan Verma,34,USA,IT,104676,32,vivaan.verma37@outlook.com,Active,2018-08-14
1038,Shaurya Nair,22,UK,Finance,98982,32,shaurya.nair38@outlook.com,Active,2019-04-16
1039,Meera Nair,48,India,Sales,137346,16,meera.nair39@yahoo.com,Active,2023-08-28
1040,Shaurya Ghosh,50,Canada,HR,127154,5,shaurya.ghosh40@yahoo.com,Active,2022-11-14
1041,Aarav Mehta,58,Germany,Marketing,121190,12,aarav.mehta41@gmail.com,Active,2019-09-21
1042,Priya Patel,24,USA,IT,87203,20,priya.patel42@gmail.com,Inactive,2023-08-20
1043,Ishaan Chopra,21,Canada,Sales,89617,30,ishaan.chopra43@gmail.com,Active,2018-02-10
1044,Aditi Chopra,28,USA,Sales,131311,20,aditi.chopra44@gmail.com,Active,2025-04-21
1045,Vivaan Kapoor,49,India,HR,141037,32,vivaan.kapoor45@gmail.com,Inactive,2023-09-23
1046,Vivaan Roy,59,Canada,Sales,115212,27,vivaan.roy46@company.com,Inactive,2024-02-23
1047,Pooja Ansari,23,Germany,HR,41005,5,pooja.ansari47@gmail.com,Active,2018-10-26
1048,Diya Ghosh,52,USA,Finance,46973,7,diya.ghosh48@yahoo.com,Active,2018-07-28
1049,Shaurya Gupta,30,India,HR,81976,12,shaurya.gupta49@outlook.com,Inactive,2023-05-21
1050,Aditi Das,30,Canada,Data,52804,33,aditi.das50@gmail.com,Active,2019-04-04
1051,Kavya Ghosh,39,USA,IT,123613,21,kavya.ghosh51@company.com,Inactive,2020-05-28
1052,Ishaan Mukherjee,54,USA,Data,82276,0,ishaan.mukherjee52@yahoo.com,Inactive,2022-09-08
1053,Meera Mehta,53,Germany,Sales,59680,12,meera.mehta53@outlook.com,Inactive,2022-12-16
1054,Arjun Mehta,43,India,Sales,95967,0,arjun.mehta54@gmail.com,Inactive,2020-02-28
1055,Aditi Chopra,48,UK,Sales,51862,9,aditi.chopra55@outlook.com,Active,2025-01-06
1056,Ananya Ghosh,52,USA,HR,122438,4,ananya.ghosh56@gmail.com,Inactive,2019-01-18
1057,Diya Patel,27,Canada,Marketing,174956,19,diya.patel57@gmail.com,Active,2021-12-21
1058,Muhammad Mukherjee,49,Germany,HR,95313,12,muhammad.mukherjee58@company.com,Inactive,2021-07-01
1059,Riya Kapoor,28,Germany,IT,66562,9,riya.kapoor59@company.com,Active,2025-02-08
1060,Riya Verma,21,USA,HR,149746,2,riya.verma60@company.com,Active,2019-05-22
1061,Vivaan Verma,23,USA,Sales,86038,33,vivaan.verma61@outlook.com,Inactive,2018-11-26
1062,Arjun Reddy,44,USA,Finance,103116,33,arjun.reddy62@outlook.com,Active,2024-12-10
1063,Neha Das,43,UK,IT,127080,29,neha.das63@gmail.com,Active,2020-03-24
1064,Kavya Patel,28,USA,Data,97278,3,kavya.patel64@yahoo.com,Active,2024-12-04
1065,Meera Das,57,India,Finance,145549,33,meera.das65@yahoo.com,Inactive,2024-11-24
1066,Arjun Reddy,23,Canada,IT,146937,31,arjun.reddy66@company.com,Active,2023-04-27
1067,Meera Reddy,53,USA,IT,88796,20,meera.reddy67@yahoo.com,Active,2020-10-16
1068,Reyansh Kapoor,48,UK,Sales,177349,23,reyansh.kapoor68@company.com,Inactive,2021-12-16
1069,Meera Iyer,28,Canada,Data,133524,8,meera.iyer69@yahoo.com,Inactive,2020-10-19
1070,Sneha Reddy,54,Germany,HR,101411,23,sneha.reddy70@outlook.com,Active,2021-03-31
1071,Riya Das,55,USA,Data,101732,24,riya.das71@gmail.com,Inactive,2019-03-10
1072,Pooja Nair,52,Canada,Sales,58398,7,pooja.nair72@outlook.com,Inactive,2022-05-02
1073,Sneha Iyer,44,Germany,Sales,114906,28,sneha.iyer73@company.com,Inactive,2023-01-02
1074,Neha Sharma,34,UK,Sales,63517,24,neha.sharma74@yahoo.com,Active,2018-01-16
1075,Diya Reddy,52,India,Finance,129395,34,diya.reddy75@outlook.com,Inactive,2019-09-12
1076,Vihaan Bansal,36,USA,Data,59564,27,vihaan.bansal76@company.com,Inactive,2019-11-20
1077,Sneha Iyer,24,India,Data,160570,18,sneha.iyer77@gmail.com,Inactive,2023-10-14
1078,Aarav Mukherjee,57,UK,IT,146554,31,aarav.mukherjee78@outlook.com,Active,2019-07-29
1079,Neha Malik,41,Canada,Marketing,42111,27,neha.malik79@outlook.com,Inactive,2020-03-30
1080,Sneha Roy,34,Canada,HR,135190,34,sneha.roy80@company.com,Active,2023-10-22
1081,Krishna Verma,51,UK,Sales,166382,7,krishna.verma81@outlook.com,Inactive,2024-03-01
1082,Sneha Nair,38,UK,Data,125480,22,sneha.nair82@gmail.com,Active,2024-04-20
1083,Reyansh Das,27,USA,Data,136850,22,reyansh.das83@outlook.com,Inactive,2025-04-14
1084,Meera Kapoor,30,Germany,IT,165874,31,meera.kapoor84@company.com,Inactive,2022-04-02
1085,Arjun Singh,27,India,HR,124937,9,arjun.singh85@yahoo.com,Active,2024-02-21
1086,Vivaan Roy,53,India,Marketing,68264,16,vivaan.roy86@yahoo.com,Active,2024-04-17
1087,Vihaan Ansari,43,Canada,Marketing,143841,34,vihaan.ansari87@outlook.com,Inactive,2025-02-10
1088,Aarav Agarwal,41,Canada,Sales,40910,34,aarav.agarwal88@gmail.com,Inactive,2022-04-16
1089,Ananya Bansal,39,USA,Marketing,106020,2,ananya.bansal89@yahoo.com,Inactive,2020-08-12
1090,Arjun Bansal,39,UK,Marketing,67821,28,arjun.bansal90@company.com,Active,2024-06-15
1091,Muhammad Bansal,56,India,HR,149293,26,muhammad.bansal91@company.com,Inactive,2021-04-19
1092,Riya Mukherjee,49,USA,HR,166065,30,riya.mukherjee92@gmail.com,Inactive,2022-12-23
1093,Neha Verma,38,Canada,Sales,67996,33,neha.verma93@outlook.com,Inactive,2019-10-15
1094,Arjun Das,22,Canada,Data,125890,11,arjun.das94@gmail.com,Active,2024-10-24
1095,Muhammad Ghosh,21,India,IT,130765,24,muhammad.ghosh95@company.com,Inactive,2018-10-02
1096,Ananya Nair,25,Canada,Sales,60044,1,ananya.nair96@gmail.com,Active,2021-06-01
1097,Riya Kapoor,40,Canada,Finance,77809,29,riya.kapoor97@gmail.com,Active,2021-10-22
1098,Ananya Khan,31,Germany,Marketing,114247,8,ananya.khan98@yahoo.com,Inactive,2019-06-23
1099,Kavya Ghosh,22,UK,IT,117481,22,kavya.ghosh99@outlook.com,Active,2021-06-27
1100,Ananya Ghosh,23,Canada,Data,67857,8,ananya.ghosh0@outlook.com,Active,2025-08-22
1101,Diya Malik,43,Germany,Data,73503,19,diya.malik1@gmail.com,Inactive,2018-01-13
1102,Meera Nair,32,USA,HR,136449,0,meera.nair2@outlook.com,Inactive,2019-09-02
1103,Muhammad Singh,40,Canada,Finance,88262,22,muhammad.singh3@outlook.com,Inactive,2024-02-18
1104,Ishaan Ghosh,25,USA,Data,133074,17,ishaan.ghosh4@company.com,Active,2019-11-29
1105,Shaurya Singh,57,Canada,Finance,42559,31,shaurya.singh5@outlook.com,Active,2023-08-29
1106,Shaurya Iyer,58,India,Marketing,71549,8,shaurya.iyer6@gmail.com,Active,2024-07-14
1107,Muhammad Nair,50,Germany,HR,153755,10,muhammad.nair7@outlook.com,Inactive,2025-09-19
1108,Ananya Nair,29,Germany,IT,153193,0,ananya.nair8@gmail.com,Active,2019-08-02
1109,Diya Ghosh,54,India,HR,70159,10,diya.ghosh9@yahoo.com,Inactive,2023-09-05
1110,Ishaan Iyer,55,UK,Marketing,94289,32,ishaan.iyer10@gmail.com,Inactive,2022-11-09
1111,Vihaan Roy,42,Germany,Data,113740,29,vihaan.roy11@company.com,Active,2020-11-16
1112,Pooja Kapoor,44,USA,Finance,37252,4,pooja.kapoor12@gmail.com,Active,2023-11-23
1113,Aditi Chopra,37,Germany,Marketing,175938,0,aditi.chopra13@yahoo.com,Active,2025-10-02
1114,Arjun Iyer,30,UK,Data,150463,9,arjun.iyer14@gmail.com,Inactive,2024-06-08
1115,Vivaan Iyer,50,USA,Sales,162661,12,vivaan.iyer15@company.com,Active,2020-11-01
1116,Aditya Chopra,43,USA,Finance,160645,26,aditya.chopra16@gmail.com,Inactive,2022-08-19
1117,Kavya Malik,52,India,Marketing,42553,7,kavya.malik17@gmail.com,Active,2025-05-13
1118,Neha Ansari,37,Canada,IT,102323,27,neha.ansari18@company.com,Inactive,2018-06-23
1119,Muhammad Ghosh,37,India,IT,154744,1,muhammad.ghosh19@outlook.com,Active,2021-11-25
1120,Ishaan Ghosh,34,Canada,Data,79810,11,ishaan.ghosh20@yahoo.com,Active,2019-03-25
1121,Ishaan Patel,29,India,Data,141373,26,ishaan.patel21@yahoo.com,Inactive,2023-10-03
1122,Vihaan Mukherjee,22,Canada,IT,93719,12,vihaan.mukherjee22@gmail.com,Active,2021-12-21
1123,Sneha Singh,45,Germany,Sales,177798,21,sneha.singh23@yahoo.com,Active,2018-03-19
1124,Krishna Verma,59,USA,HR,166164,14,krishna.verma24@company.com,Inactive,2022-10-06
1125,Riya Singh,29,Canada,IT,64995,30,riya.singh25@company.com,Active,2024-10-22
1126,Krishna Verma,42,Germany,Data,167749,6,krishna.verma26@outlook.com,Active,2020-02-21
1127,Vihaan Bansal,24,UK,Data,128778,34,vihaan.bansal27@gmail.com,Inactive,2018-06-21
1128,Ananya Nair,46,India,Sales,56892,6,ananya.nair28@company.com,Active,2025-02-10
1129,Vihaan Patel,49,UK,IT,62057,11,vihaan.patel29@gmail.com,Active,2024-08-05
1130,Aarav Ghosh,54,Germany,Sales,151089,13,aarav.ghosh30@gmail.com,Inactive,2024-04-02
1131,Reyansh Bansal,43,UK,IT,145452,33,reyansh.bansal31@yahoo.com,Active,2019-03-09
1132,Neha Nair,57,UK,HR,95753,8,neha.nair32@outlook.com,Active,2020-11-05
1133,Muhammad Iyer,31,Germany,Marketing,95275,32,muhammad.iyer33@company.com,Inactive,2025-08-17
1134,Ananya Iyer,26,USA,IT,152819,11,ananya.iyer34@outlook.com,Active,2020-04-29
1135,Vivaan Gupta,38,Canada,Marketing,110705,33,vivaan.gupta35@gmail.com,Active,2022-02-28
1136,Sneha Singh,41,India,IT,91438,26,sneha.singh36@company.com,Active,2022-05-29
1137,Pooja Verma,56,Canada,HR,135102,21,pooja.verma37@outlook.com,Inactive,2021-05-19
1138,Reyansh Bansal,58,India,Data,92314,17,reyansh.bansal38@company.com,Active,2023-02-03
1139,Reyansh Verma,54,Canada,Marketing,65740,17,reyansh.verma39@outlook.com,Active,2021-09-12
1140,Aditi Nair,37,UK,Sales,176102,6,aditi.nair40@yahoo.com,Inactive,2025-04-28
1141,Reyansh Iyer,57,USA,IT,173123,3,reyansh.iyer41@yahoo.com,Inactive,2024-04-13
1142,Vivaan Sharma,45,UK,Data,91010,15,vivaan.sharma42@yahoo.com,Active,2019-07-03
1143,Shaurya Roy,58,USA,IT,160871,21,shaurya.roy43@gmail.com,Active,2020-08-22
1144,Meera Mehta,32,Germany,Sales,143159,19,meera.mehta44@gmail.com,Inactive,2018-06-16
1145,Ananya Iyer,43,India,HR,45589,30,ananya.iyer45@outlook.com,Inactive,2024-07-28
1146,Kavya Ghosh,42,India,Finance,46395,32,kavya.ghosh46@outlook.com,Inactive,2025-07-13
1147,Riya Nair,41,Germany,IT,178905,12,riya.nair47@company.com,Active,2022-07-06
1148,Arjun Das,47,Canada,Sales,101134,19,arjun.das48@outlook.com,Inactive,2022-05-12
1149,Kavya Malik,51,Germany,Finance,121491,21,kavya.malik49@gmail.com,Active,2018-12-19
1150,Muhammad Mehta,26,Germany,IT,156656,22,muhammad.mehta50@gmail.com,Active,2025-03-06
1151,Ananya Khan,47,USA,Marketing,176169,32,ananya.khan51@outlook.com,Active,2022-03-05
1152,Kavya Malik,54,Germany,Data,123096,29,kavya.malik52@outlook.com,Inactive,2020-11-28
1153,Reyansh Sharma,32,India,Data,58426,13,reyansh.sharma53@yahoo.com,Inactive,2024-06-28
1154,Ananya Iyer,27,UK,Sales,158267,7,ananya.iyer54@outlook.com,Inactive,2022-03-02
1155,Sneha Ansari,30,USA,Marketing,145128,21,sneha.ansari55@outlook.com,Inactive,2023-09-08
1156,Reyansh Mukherjee,37,USA,HR,78463,3,reyansh.mukherjee56@outlook.com,Active,2020-01-09
1157,Aditi Bansal,46,Canada,Finance,106249,34,aditi.bansal57@outlook.com,Active,2019-06-27
1158,Riya Reddy,41,UK,Sales,75079,7,riya.reddy58@gmail.com,Inactive,2021-09-01
1159,Aditya Kapoor,48,USA,IT,159805,33,aditya.kapoor59@yahoo.com,Active,2022-04-24
1160,Vihaan Khan,22,Germany,Data,106447,21,vihaan.khan60@gmail.com,Inactive,2019-07-22
1161,Arjun Nair,21,USA,IT,170026,24,arjun.nair61@yahoo.com,Active,2025-12-26
1162,Ananya Singh,56,USA,Finance,143123,24,ananya.singh62@yahoo.com,Active,2025-07-08
1163,Aarav Malik,46,USA,Marketing,164247,16,aarav.malik63@company.com,Inactive,2023-04-25
1164,Aditi Singh,49,Canada,Marketing,131411,15,aditi.singh64@yahoo.com,Active,2024-02-25
1165,Kavya Malik,41,USA,Sales,90331,14,kavya.malik65@outlook.com,Active,2019-11-14
1166,Ananya Iyer,31,USA,Sales,53440,16,ananya.iyer66@outlook.com,Active,2022-10-27
1167,Sneha Roy,31,Canada,Marketing,93407,34,sneha.roy67@gmail.com,Inactive,2024-02-08
1168,Aarav Malik,56,UK,Sales,65898,32,aarav.malik68@gmail.com,Active,2023-12-18
1169,Diya Singh,59,India,Marketing,156332,17,diya.singh69@company.com,Active,2022-08-05
1170,Vivaan Mehta,55,Canada,Finance,80428,29,vivaan.mehta70@yahoo.com,Active,2023-12-19
1171,Kavya Iyer,54,Canada,Sales,50427,22,kavya.iyer71@outlook.com,Inactive,2025-05-25
1172,Reyansh Kapoor,44,USA,Marketing,134751,6,reyansh.kapoor72@gmail.com,Active,2020-10-25
1173,Riya Iyer,42,USA,Sales,80419,9,riya.iyer73@outlook.com,Inactive,2025-12-06
1174,Vihaan Iyer,25,India,IT,122490,15,vihaan.iyer74@gmail.com,Inactive,2024-01-24
1175,Diya Mukherjee,53,USA,Data,114363,27,diya.mukherjee75@outlook.com,Active,2019-01-20
1176,Krishna Singh,56,Germany,IT,109501,22,krishna.singh76@gmail.com,Active,2022-04-28
1177,Arjun Nair,40,USA,HR,133632,33,arjun.nair77@outlook.com,Active,2020-01-12
1178,Arjun Agarwal,39,USA,Marketing,43985,17,arjun.agarwal78@gmail.com,Active,2022-11-11
1179,Meera Chopra,55,Germany,HR,172045,22,meera.chopra79@yahoo.com,Active,2024-02-13
1180,Priya Ghosh,37,India,Marketing,101673,19,priya.ghosh80@outlook.com,Active,2022-06-02
1181,Neha Ghosh,54,Germany,Data,137776,30,neha.ghosh81@outlook.com,Inactive,2019-07-12
1182,Muhammad Singh,29,Canada,Sales,91718,13,muhammad.singh82@outlook.com,Active,2022-03-23
1183,Meera Gupta,46,Germany,Marketing,136578,22,meera.gupta83@outlook.com,Active,2022-09-02
1184,Riya Agarwal,22,UK,IT,103809,1,riya.agarwal84@company.com,Inactive,2018-04-25
1185,Riya Chopra,29,Canada,Sales,57627,28,riya.chopra85@company.com,Active,2023-05-21
1186,Aditya Roy,29,USA,Data,87621,8,aditya.roy86@yahoo.com,Active,2021-09-29
1187,Vihaan Verma,37,Canada,IT,132729,32,vihaan.verma87@outlook.com,Inactive,2020-05-07
1188,Pooja Das,21,India,Sales,50151,11,pooja.das88@gmail.com,Inactive,2018-08-27
1189,Muhammad Roy,45,India,Marketing,110691,18,muhammad.roy89@outlook.com,Active,2022-12-16
1190,Pooja Patel,45,Germany,Marketing,123484,19,pooja.patel90@yahoo.com,Inactive,2024-06-14
1191,Reyansh Reddy,59,Canada,IT,105172,30,reyansh.reddy91@outlook.com,Inactive,2023-02-25
1192,Riya Agarwal,55,USA,Finance,132185,34,riya.agarwal92@gmail.com,Inactive,2023-08-26
1193,Vihaan Ansari,23,India,Marketing,144242,20,vihaan.ansari93@outlook.com,Inactive,2018-03-03
1194,Sneha Nair,57,USA,Finance,72236,12,sneha.nair94@gmail.com,Active,2019-12-07
1195,Aditya Das,50,UK,Sales,36042,26,aditya.das95@company.com,Inactive,2018-10-19
1196,Kavya Verma,58,India,Finance,179135,24,kavya.verma96@yahoo.com,Active,2020-01-17
1197,Kavya Patel,54,Germany,IT,137035,1,kavya.patel97@gmail.com,Active,2025-10-10
1198,Riya Bansal,32,UK,HR,143069,34,riya.bansal98@company.com,Inactive,2018-08-29
1199,Kavya Roy,39,Canada,HR,107838,7,kavya.roy99@yahoo.com,Active,2021-09-10
1200,Vivaan Ghosh,57,USA,IT,150148,32,vivaan.ghosh0@company.com,Inactive,2020-07-13
1201,Kavya Iyer,37,India,HR,95650,24,kavya.iyer1@outlook.com,Inactive,2021-02-26
1202,Aarav Kapoor,30,UK,IT,168374,20,aarav.kapoor2@gmail.com,Inactive,2020-08-10
1203,Ishaan Sharma,32,UK,Marketing,77311,12,ishaan.sharma3@gmail.com,Inactive,2022-07-31
1204,Muhammad Roy,36,India,Finance,166433,8,muhammad.roy4@yahoo.com,Active,2022-01-27
1205,Aditya Verma,44,Canada,HR,73261,34,aditya.verma5@outlook.com,Active,2025-01-18
1206,Priya Chopra,39,Canada,Marketing,156834,9,priya.chopra6@company.com,Inactive,2023-02-09
1207,Aditya Ghosh,28,Germany,HR,52171,4,aditya.ghosh7@company.com,Inactive,2020-01-12
1208,Vivaan Gupta,51,Canada,Sales,76226,30,vivaan.gupta8@company.com,Active,2018-06-25
1209,Neha Verma,41,Germany,IT,64327,23,neha.verma9@yahoo.com,Active,2025-10-22
1210,Shaurya Bansal,37,UK,IT,105628,31,shaurya.bansal10@company.com,Inactive,2025-09-06
1211,Reyansh Patel,43,India,Marketing,117473,2,reyansh.patel11@gmail.com,Inactive,2020-12-12
1212,Priya Chopra,57,Canada,Sales,99223,15,priya.chopra12@outlook.com,Inactive,2018-12-01
1213,Aditi Agarwal,36,Germany,Finance,110315,19,aditi.agarwal13@outlook.com,Active,2020-06-17
1214,Aditi Kapoor,26,UK,Sales,139755,23,aditi.kapoor14@gmail.com,Inactive,2019-10-21
1215,Aditya Ghosh,28,Canada,Sales,98624,33,aditya.ghosh15@gmail.com,Inactive,2022-04-26
1216,Arjun Chopra,45,USA,Data,130650,22,arjun.chopra16@outlook.com,Active,2024-05-29
1217,Vihaan Khan,38,UK,Finance,175382,1,vihaan.khan17@gmail.com,Inactive,2019-03-19
1218,Pooja Kapoor,45,Canada,Finance,69281,4,pooja.kapoor18@company.com,Inactive,2022-09-27
1219,Riya Patel,32,UK,Sales,94270,17,riya.patel19@gmail.com,Active,2021-03-05
1220,Krishna Sharma,35,India,HR,124345,28,krishna.sharma20@company.com,Active,2025-04-01
1221,Aarav Iyer,46,India,Data,56735,9,aarav.iyer21@yahoo.com,Active,2020-02-05
1222,Kavya Ghosh,46,India,HR,144899,15,kavya.ghosh22@company.com,Active,2022-09-21
1223,Priya Ghosh,52,USA,Sales,128173,22,priya.ghosh23@gmail.com,Inactive,2020-03-13
1224,Aditi Singh,30,India,HR,173077,29,aditi.singh24@outlook.com,Active,2020-06-30
1225,Krishna Agarwal,36,USA,Finance,92564,5,krishna.agarwal25@outlook.com,Active,2018-03-12
1226,Diya Patel,27,India,Finance,86496,19,diya.patel26@gmail.com,Inactive,2022-11-04
1227,Ishaan Ansari,37,UK,HR,64898,15,ishaan.ansari27@gmail.com,Active,2020-08-13
1228,Vihaan Verma,43,Canada,Finance,151659,27,vihaan.verma28@yahoo.com,Active,2025-09-28
1229,Priya Mukherjee,46,Canada,IT,137742,25,priya.mukherjee29@outlook.com,Active,2018-12-02
1230,Aarav Singh,41,India,Finance,146184,21,aarav.singh30@yahoo.com,Inactive,2025-04-28
1231,Muhammad Gupta,42,Canada,Sales,80024,10,muhammad.gupta31@gmail.com,Active,2023-02-03
1232,Vihaan Mukherjee,27,India,Marketing,64378,0,vihaan.mukherjee32@company.com,Inactive,2019-02-23
1233,Vivaan Agarwal,34,India,HR,147591,4,vivaan.agarwal33@company.com,Active,2021-08-17
1234,Meera Verma,35,Germany,Data,154849,1,meera.verma34@outlook.com,Inactive,2018-08-25
1235,Krishna Verma,27,Germany,HR,128638,5,krishna.verma35@outlook.com,Inactive,2023-01-27
1236,Aditi Agarwal,29,Germany,Finance,113580,26,aditi.agarwal36@gmail.com,Active,2023-07-09
1237,Krishna Ghosh,28,USA,Finance,168507,25,krishna.ghosh37@outlook.com,Inactive,2019-05-21
1238,Muhammad Verma,43,Germany,Marketing,144470,34,muhammad.verma38@gmail.com,Active,2020-09-07
1239,Arjun Das,49,India,Marketing,169458,12,arjun.das39@company.com,Active,2019-02-03
1240,Shaurya Singh,38,UK,Data,80503,11,shaurya.singh40@company.com,Inactive,2025-04-12
1241,Sneha Reddy,51,Germany,Sales,143312,17,sneha.reddy41@gmail.com,Inactive,2018-01-02
1242,Sneha Mukherjee,50,Germany,IT,151465,5,sneha.mukherjee42@gmail.com,Inactive,2018-01-16
1243,Ananya Singh,59,UK,Sales,107939,27,ananya.singh43@yahoo.com,Inactive,2018-10-06
1244,Shaurya Patel,55,India,Data,103475,27,shaurya.patel44@company.com,Inactive,2021-10-06
1245,Riya Singh,38,USA,HR,117758,24,riya.singh45@yahoo.com,Inactive,2024-08-14
1246,Priya Iyer,59,Germany,Finance,155413,4,priya.iyer46@company.com,Inactive,2022-04-26
1247,Ishaan Verma,37,UK,Sales,121679,14,ishaan.verma47@company.com,Inactive,2020-08-20
1248,Pooja Roy,34,India,Finance,89012,8,pooja.roy48@company.com,Active,2019-01-13
1249,Reyansh Bansal,51,Canada,Finance,169210,1,reyansh.bansal49@gmail.com,Active,2020-12-14
1250,Pooja Nair,44,USA,Sales,37752,8,pooja.nair50@company.com,Inactive,2024-03-05
1251,Vivaan Chopra,55,UK,Sales,60765,25,vivaan.chopra51@outlook.com,Inactive,2023-12-20
1252,Aditi Das,54,UK,Marketing,146193,22,aditi.das52@company.com,Active,2021-10-21
1253,Ananya Bansal,23,UK,Data,35837,27,ananya.bansal53@outlook.com,Inactive,2021-10-11
1254,Priya Patel,57,Germany,Data,129010,5,priya.patel54@gmail.com,Inactive,2022-12-25
1255,Shaurya Kapoor,46,Canada,IT,162977,3,shaurya.kapoor55@company.com,Inactive,2024-02-04
1256,Reyansh Ghosh,43,USA,Marketing,91997,29,reyansh.ghosh56@yahoo.com,Active,2020-01-24
1257,Neha Singh,59,India,IT,124608,17,neha.singh57@yahoo.com,Active,2021-07-31
1258,Krishna Iyer,35,India,Sales,138510,29,krishna.iyer58@gmail.com,Active,2022-07-17
1259,Arjun Agarwal,24,Canada,Data,156907,26,arjun.agarwal59@yahoo.com,Active,2019-03-13
1260,Vivaan Ghosh,49,UK,Data,95594,30,vivaan.ghosh60@yahoo.com,Inactive,2022-12-23
1261,Priya Bansal,42,UK,IT,120269,29,priya.bansal61@yahoo.com,Inactive,2019-11-10
1262,Pooja Das,45,UK,HR,136614,11,pooja.das62@yahoo.com,Active,2019-06-09
1263,Arjun Kapoor,33,UK,Marketing,72448,16,arjun.kapoor63@gmail.com,Active,2023-10-20
1264,Krishna Malik,38,UK,Marketing,137979,33,krishna.malik64@company.com,Active,2018-02-23
1265,Muhammad Reddy,53,Canada,Marketing,113340,27,muhammad.reddy65@company.com,Inactive,2023-08-23
1266,Aditya Agarwal,36,Germany,Data,116746,3,aditya.agarwal66@company.com,Active,2021-10-31
1267,Diya Gupta,22,USA,Finance,174384,33,diya.gupta67@outlook.com,Active,2021-07-07
1268,Pooja Ansari,55,UK,Data,89994,13,pooja.ansari68@yahoo.com,Inactive,2018-03-21
1269,Vivaan Malik,54,Germany,Finance,120765,12,vivaan.malik69@outlook.com,Inactive,2024-11-28
1270,Aditi Mukherjee,50,India,Data,37884,2,aditi.mukherjee70@outlook.com,Active,2023-02-12
1271,Meera Verma,33,Canada,Sales,144113,20,meera.verma71@company.com,Active,2022-02-22
1272,Aditya Ansari,33,Germany,Data,55522,15,aditya.ansari72@yahoo.com,Inactive,2025-07-24
1273,Sneha Ghosh,38,UK,Sales,40623,25,sneha.ghosh73@gmail.com,Inactive,2018-10-13
1274,Muhammad Nair,52,UK,Finance,46460,5,muhammad.nair74@yahoo.com,Active,2022-04-26
1275,Muhammad Reddy,52,UK,Marketing,45234,17,muhammad.reddy75@company.com,Inactive,2020-08-01
1276,Shaurya Sharma,55,Germany,Finance,81905,5,shaurya.sharma76@outlook.com,Active,2018-08-16
1277,Muhammad Ansari,59,UK,IT,166454,24,muhammad.ansari77@company.com,Active,2023-05-31
1278,Vihaan Nair,49,Germany,Marketing,150492,23,vihaan.nair78@outlook.com,Inactive,2024-01-28
1279,Krishna Mukherjee,49,UK,Data,73353,29,krishna.mukherjee79@outlook.com,Active,2022-03-01
1280,Muhammad Kapoor,36,India,Data,175441,22,muhammad.kapoor80@outlook.com,Inactive,2023-06-08
1281,Krishna Ghosh,30,India,Data,69985,7,krishna.ghosh81@company.com,Inactive,2019-06-08
1282,Ananya Iyer,50,USA,Data,77255,8,ananya.iyer82@outlook.com,Active,2022-10-17
1283,Aditi Agarwal,45,UK,Data,124197,5,aditi.agarwal83@company.com,Inactive,2024-06-03
1284,Pooja Chopra,59,UK,Finance,96590,32,pooja.chopra84@gmail.com,Inactive,2024-11-09
1285,Shaurya Malik,40,Germany,Sales,156282,32,shaurya.malik85@gmail.com,Active,2021-12-31
1286,Diya Das,25,Germany,Finance,82883,6,diya.das86@yahoo.com,Active,2019-04-23
1287,Neha Agarwal,21,UK,HR,86566,17,neha.agarwal87@outlook.com,Inactive,2021-04-23
1288,Vihaan Nair,50,USA,Finance,35650,5,vihaan.nair88@yahoo.com,Active,2024-05-08
1289,Ananya Ansari,23,UK,Marketing,56299,20,ananya.ansari89@outlook.com,Active,2024-11-13
1290,Diya Reddy,34,Germany,Data,61862,25,diya.reddy90@company.com,Inactive,2021-01-27
1291,Priya Verma,50,UK,Finance,51312,14,priya.verma91@outlook.com,Inactive,2024-10-17
1292,Sneha Singh,24,Germany,Sales,45943,29,sneha.singh92@yahoo.com,Active,2022-07-26
1293,Arjun Sharma,38,UK,Data,103734,10,arjun.sharma93@yahoo.com,Inactive,2025-04-28
1294,Ishaan Ghosh,57,Canada,IT,160560,7,ishaan.ghosh94@yahoo.com,Active,2022-02-05
1295,Sneha Roy,45,Germany,HR,87879,4,sneha.roy95@outlook.com,Active,2021-07-16
1296,Priya Iyer,21,USA,Marketing,154652,7,priya.iyer96@gmail.com,Active,2025-10-14
1297,Arjun Ansari,35,Canada,Sales,169078,4,arjun.ansari97@gmail.com,Active,2019-09-13
1298,Ananya Singh,29,UK,HR,96876,9,ananya.singh98@company.com,Inactive,2024-09-09
1299,Aditi Roy,35,Germany,Finance,43505,14,aditi.roy99@gmail.com,Inactive,2021-12-02
1300,Krishna Nair,44,Canada,HR,55498,2,krishna.nair0@company.com,Inactive,2025-12-17
1301,Pooja Reddy,24,USA,Data,142679,9,pooja.reddy1@outlook.com,Inactive,2023-04-05
1302,Ishaan Nair,32,Germany,Data,172675,6,ishaan.nair2@outlook.com,Inactive,2020-07-18
1303,Neha Agarwal,57,Canada,IT,59744,23,neha.agarwal3@yahoo.com,Active,2019-01-22
1304,Reyansh Chopra,57,Canada,HR,179532,25,reyansh.chopra4@gmail.com,Active,2025-01-25
1305,Reyansh Patel,26,Canada,HR,88273,33,reyansh.patel5@company.com,Active,2023-04-25
1306,Pooja Nair,59,India,Data,114095,7,pooja.nair6@yahoo.com,Inactive,2018-08-02
1307,Reyansh Ghosh,44,UK,Finance,63544,4,reyansh.ghosh7@outlook.com,Active,2024-09-10
1308,Vivaan Das,31,Germany,Finance,41864,25,vivaan.das8@outlook.com,Inactive,2023-09-23
1309,Vivaan Gupta,33,Germany,Marketing,124314,9,vivaan.gupta9@yahoo.com,Inactive,2019-08-15
1310,Vivaan Sharma,54,Germany,Finance,114770,32,vivaan.sharma10@outlook.com,Active,2019-01-01
1311,Priya Patel,45,Canada,HR,63593,30,priya.patel11@outlook.com,Active,2022-12-21
1312,Krishna Gupta,27,UK,IT,36729,24,krishna.gupta12@yahoo.com,Inactive,2024-01-31
1313,Arjun Sharma,24,USA,Finance,79515,12,arjun.sharma13@company.com,Inactive,2018-09-30
1314,Muhammad Das,28,Germany,Data,69936,0,muhammad.das14@outlook.com,Active,2022-12-02
1315,Kavya Chopra,40,UK,Data,47413,23,kavya.chopra15@yahoo.com,Inactive,2019-05-05
1316,Vivaan Mukherjee,49,UK,Marketing,82652,26,vivaan.mukherjee16@gmail.com,Active,2023-05-01
1317,Meera Nair,30,India,Marketing,64764,17,meera.nair17@yahoo.com,Active,2022-06-29
1318,Neha Sharma,54,Germany,HR,98784,14,neha.sharma18@outlook.com,Inactive,2019-08-25
1319,Aarav Ghosh,46,Canada,Finance,113796,16,aarav.ghosh19@outlook.com,Active,2019-09-04
1320,Pooja Bansal,23,UK,Finance,111844,28,pooja.bansal20@outlook.com,Inactive,2018-11-23
1321,Aarav Sharma,26,UK,Marketing,162610,4,aarav.sharma21@yahoo.com,Inactive,2022-09-03
1322,Riya Malik,25,USA,Finance,159887,10,riya.malik22@outlook.com,Active,2018-12-13
1323,Pooja Iyer,25,India,HR,109432,15,pooja.iyer23@gmail.com,Active,2018-06-15
1324,Aarav Das,43,UK,IT,139944,33,aarav.das24@outlook.com,Inactive,2020-01-22
1325,Priya Khan,29,UK,Data,60282,16,priya.khan25@gmail.com,Active,2021-05-24
1326,Vihaan Mehta,55,Canada,HR,108210,32,vihaan.mehta26@gmail.com,Inactive,2024-07-19
1327,Riya Patel,40,Canada,Finance,87984,30,riya.patel27@yahoo.com,Inactive,2023-10-10
1328,Krishna Ansari,55,USA,HR,132496,17,krishna.ansari28@company.com,Active,2023-05-19
1329,Meera Das,38,USA,Data,39721,24,meera.das29@company.com,Active,2021-04-24
1330,Ishaan Chopra,37,USA,Sales,64197,4,ishaan.chopra30@gmail.com,Active,2018-12-30
1331,Ishaan Kapoor,44,Canada,Data,36066,29,ishaan.kapoor31@yahoo.com,Active,2020-10-20
1332,Aditya Chopra,23,Canada,Data,143442,22,aditya.chopra32@yahoo.com,Active,2021-04-20
1333,Aditi Agarwal,52,India,Sales,94418,17,aditi.agarwal33@yahoo.com,Active,2022-10-21
1334,Sneha Singh,55,Germany,Finance,102454,31,sneha.singh34@company.com,Inactive,2023-09-13
1335,Krishna Iyer,58,Germany,Finance,111262,29,krishna.iyer35@company.com,Inactive,2019-02-09
1336,Aditya Verma,33,India,IT,101678,28,aditya.verma36@yahoo.com,Inactive,2022-04-30
1337,Aditya Kapoor,45,Germany,Data,152911,8,aditya.kapoor37@company.com,Active,2023-12-26
1338,Aditi Kapoor,29,Canada,HR,120768,22,aditi.kapoor38@yahoo.com,Active,2023-03-01
1339,Pooja Nair,24,Germany,IT,101951,2,pooja.nair39@company.com,Active,2023-09-07
1340,Vivaan Sharma,34,Canada,Finance,41374,21,vivaan.sharma40@company.com,Inactive,2018-04-16
1341,Reyansh Gupta,57,India,Finance,61974,30,reyansh.gupta41@yahoo.com,Active,2024-01-14
1342,Neha Bansal,54,USA,Marketing,66914,21,neha.bansal42@yahoo.com,Active,2022-12-28
1343,Ananya Roy,31,India,IT,85014,10,ananya.roy43@outlook.com,Active,2021-06-10
1344,Vihaan Das,23,Germany,Finance,44347,2,vihaan.das44@yahoo.com,Inactive,2018-07-15
1345,Vivaan Singh,48,Canada,Sales,125468,13,vivaan.singh45@outlook.com,Inactive,2023-02-18
1346,Muhammad Roy,49,Germany,Marketing,124129,18,muhammad.roy46@company.com,Inactive,2018-07-21
1347,Neha Malik,29,Germany,HR,127103,30,neha.malik47@yahoo.com,Active,2023-11-27
1348,Vivaan Gupta,23,USA,Marketing,112599,31,vivaan.gupta48@company.com,Active,2019-06-27
1349,Ishaan Ghosh,45,Germany,Data,165774,25,ishaan.ghosh49@yahoo.com,Inactive,2022-10-28
1350,Sneha Verma,54,USA,Data,169212,0,sneha.verma50@company.com,Inactive,2018-02-10
1351,Reyansh Reddy,32,Canada,HR,109266,1,reyansh.reddy51@company.com,Inactive,2020-12-23
1352,Aarav Ansari,29,Canada,Sales,159737,5,aarav.ansari52@company.com,Active,2020-06-08
1353,Sneha Patel,35,USA,HR,49057,13,sneha.patel53@gmail.com,Active,2019-11-13
1354,Aditi Gupta,45,India,IT,64114,27,aditi.gupta54@company.com,Inactive,2025-10-30
1355,Shaurya Khan,25,Canada,HR,53580,32,shaurya.khan55@outlook.com,Inactive,2024-09-28
1356,Sneha Singh,31,India,HR,44802,24,sneha.singh56@yahoo.com,Active,2023-07-31
1357,Sneha Kapoor,54,Canada,Marketing,122857,17,sneha.kapoor57@outlook.com,Inactive,2024-08-16
1358,Pooja Reddy,44,Canada,Sales,136467,33,pooja.reddy58@gmail.com,Inactive,2022-08-02
1359,Aditi Patel,35,UK,HR,137767,11,aditi.patel59@outlook.com,Inactive,2025-10-22
1360,Aditya Das,58,Germany,IT,170747,26,aditya.das60@yahoo.com,Inactive,2018-12-30
1361,Diya Verma,28,Germany,Marketing,124450,23,diya.verma61@yahoo.com,Active,2021-06-13
1362,Vihaan Bansal,25,India,Sales,141039,32,vihaan.bansal62@yahoo.com,Active,2024-11-23
1363,Krishna Gupta,46,Germany,Sales,63695,14,krishna.gupta63@gmail.com,Active,2023-03-11
1364,Ananya Mukherjee,38,India,Finance,130970,31,ananya.mukherjee64@gmail.com,Inactive,2019-05-15
1365,Meera Mukherjee,26,Canada,Data,65185,16,meera.mukherjee65@yahoo.com,Inactive,2024-10-06
1366,Aditi Reddy,57,UK,IT,124692,34,aditi.reddy66@yahoo.com,Active,2019-08-02
1367,Aarav Malik,33,UK,Data,80908,34,aarav.malik67@gmail.com,Inactive,2021-04-26
1368,Kavya Nair,48,Canada,Marketing,151710,12,kavya.nair68@yahoo.com,Active,2024-09-16
1369,Krishna Chopra,25,USA,Marketing,37078,8,krishna.chopra69@outlook.com,Inactive,2024-12-16
1370,Pooja Kapoor,33,USA,IT,130886,9,pooja.kapoor70@company.com,Inactive,2022-10-13
1371,Priya Khan,37,Germany,Sales,178409,0,priya.khan71@outlook.com,Inactive,2021-06-11
1372,Sneha Kapoor,52,India,HR,41011,33,sneha.kapoor72@yahoo.com,Active,2024-12-14
1373,Aditya Mukherjee,49,UK,IT,152124,24,aditya.mukherjee73@yahoo.com,Active,2020-08-03
1374,Shaurya Singh,23,Germany,Marketing,110532,21,shaurya.singh74@company.com,Inactive,2025-01-22
1375,Aditya Gupta,54,Canada,Data,81845,9,aditya.gupta75@company.com,Inactive,2021-08-28
1376,Ishaan Patel,47,UK,IT,122030,25,ishaan.patel76@yahoo.com,Active,2023-12-01
1377,Aditi Patel,33,India,Sales,41618,18,aditi.patel77@company.com,Active,2022-03-05
1378,Aditi Reddy,53,India,Finance,107435,3,aditi.reddy78@outlook.com,Active,2024-07-19
1379,Diya Mehta,26,USA,Finance,153158,4,diya.mehta79@gmail.com,Inactive,2018-12-24
1380,Aditya Sharma,44,Germany,HR,113014,28,aditya.sharma80@outlook.com,Active,2018-05-06
1381,Shaurya Agarwal,39,Canada,HR,160713,4,shaurya.agarwal81@gmail.com,Inactive,2022-10-10
1382,Diya Malik,36,UK,Sales,146550,0,diya.malik82@company.com,Active,2023-10-31
1383,Vihaan Patel,48,India,Data,126965,27,vihaan.patel83@yahoo.com,Inactive,2018-09-09
1384,Aditya Khan,53,UK,HR,150503,18,aditya.khan84@outlook.com,Active,2022-04-26
1385,Priya Agarwal,33,Canada,Finance,177769,0,priya.agarwal85@outlook.com,Active,2019-01-17
1386,Pooja Ghosh,45,UK,Sales,73380,28,pooja.ghosh86@yahoo.com,Active,2022-12-10
1387,Riya Bansal,56,Germany,Sales,130877,31,riya.bansal87@gmail.com,Active,2023-06-11
1388,Vihaan Sharma,47,USA,Sales,95857,13,vihaan.sharma88@yahoo.com,Active,2019-12-18
1389,Aditya Chopra,58,UK,IT,56259,31,aditya.chopra89@outlook.com,Active,2021-01-27
1390,Pooja Gupta,27,USA,Data,107622,8,pooja.gupta90@company.com,Active,2024-11-04
1391,Meera Mukherjee,25,Canada,Data,167221,18,meera.mukherjee91@gmail.com,Inactive,2025-03-27
1392,Ananya Kapoor,51,USA,HR,57792,10,ananya.kapoor92@yahoo.com,Inactive,2018-01-24
1393,Aarav Iyer,43,UK,Data,128651,3,aarav.iyer93@gmail.com,Inactive,2018-12-19
1394,Priya Kapoor,30,UK,Marketing,124583,24,priya.kapoor94@yahoo.com,Active,2023-10-22
1395,Aditya Ghosh,52,India,Finance,117614,16,aditya.ghosh95@outlook.com,Inactive,2019-11-26
1396,Krishna Roy,50,UK,HR,49263,7,krishna.roy96@outlook.com,Inactive,2019-05-30
1397,Riya Khan,59,USA,Data,95309,0,riya.khan97@outlook.com,Inactive,2020-02-10
1398,Aditi Khan,51,India,Finance,87451,1,aditi.khan98@company.com,Active,2020-11-19
1399,Arjun Malik,38,UK,HR,105379,9,arjun.malik99@gmail.com,Active,2019-10-20
1400,Shaurya Malik,56,UK,Marketing,112969,26,shaurya.malik0@yahoo.com,Active,2022-01-13
1401,Neha Patel,22,Canada,Finance,157425,26,neha.patel1@yahoo.com,Active,2022-01-20
1402,Aditya Khan,34,India,Marketing,177631,12,aditya.khan2@yahoo.com,Active,2025-11-21
1403,Priya Malik,33,Canada,Finance,98728,10,priya.malik3@outlook.com,Inactive,2022-10-14
1404,Priya Iyer,49,Canada,IT,39952,13,priya.iyer4@gmail.com,Inactive,2020-11-16
1405,Neha Gupta,32,Canada,IT,96726,31,neha.gupta5@company.com,Active,2021-10-11
1406,Diya Malik,59,Germany,Finance,154735,15,diya.malik6@company.com,Inactive,2019-09-14
1407,Krishna Nair,22,Canada,Finance,75610,28,krishna.nair7@outlook.com,Inactive,2018-01-19
1408,Meera Mukherjee,52,USA,Marketing,121467,33,meera.mukherjee8@company.com,Inactive,2025-01-19
1409,Muhammad Agarwal,33,UK,Data,168225,25,muhammad.agarwal9@outlook.com,Inactive,2020-03-04
1410,Vihaan Patel,47,Germany,Sales,129447,4,vihaan.patel10@gmail.com,Active,2021-03-15
1411,Shaurya Sharma,37,Canada,Finance,174091,18,shaurya.sharma11@gmail.com,Active,2023-03-18
1412,Aditi Reddy,51,UK,HR,141827,27,aditi.reddy12@gmail.com,Inactive,2019-06-26
1413,Meera Kapoor,54,India,HR,132167,27,meera.kapoor13@gmail.com,Active,2019-09-09
1414,Ananya Agarwal,44,India,HR,163890,16,ananya.agarwal14@company.com,Inactive,2023-04-25
1415,Ananya Bansal,55,UK,IT,72929,18,ananya.bansal15@yahoo.com,Active,2021-04-21
1416,Meera Patel,26,USA,Data,69620,26,meera.patel16@outlook.com,Inactive,2018-06-14
1417,Shaurya Reddy,39,UK,Marketing,153818,11,shaurya.reddy17@outlook.com,Active,2025-10-27
1418,Meera Ansari,50,UK,Data,160803,2,meera.ansari18@gmail.com,Inactive,2025-12-21
1419,Neha Reddy,27,Germany,IT,45623,3,neha.reddy19@gmail.com,Active,2021-05-22
1420,Reyansh Kapoor,30,India,Data,120504,10,reyansh.kapoor20@yahoo.com,Inactive,2021-04-26
1421,Ananya Iyer,52,India,Data,38809,33,ananya.iyer21@company.com,Inactive,2022-01-21
1422,Neha Roy,54,Canada,HR,158690,17,neha.roy22@gmail.com,Inactive,2022-02-04
1423,Krishna Reddy,48,UK,Finance,127907,34,krishna.reddy23@yahoo.com,Inactive,2022-11-28
1424,Aditi Malik,35,UK,HR,144502,17,aditi.malik24@yahoo.com,Inactive,2020-12-13
1425,Aditi Chopra,50,USA,Data,97496,5,aditi.chopra25@outlook.com,Active,2024-08-16
1426,Vihaan Roy,57,India,Finance,173049,33,vihaan.roy26@outlook.com,Active,2023-05-05
1427,Muhammad Roy,49,USA,Marketing,170206,32,muhammad.roy27@yahoo.com,Inactive,2018-12-31
1428,Pooja Khan,42,Germany,Sales,64431,7,pooja.khan28@yahoo.com,Inactive,2018-04-29
1429,Pooja Sharma,24,Canada,Finance,84565,19,pooja.sharma29@outlook.com,Active,2019-02-13
1430,Kavya Ansari,40,USA,IT,82312,19,kavya.ansari30@company.com,Inactive,2018-12-29
1431,Kavya Iyer,52,India,HR,145613,17,kavya.iyer31@company.com,Active,2020-08-15
1432,Aditya Bansal,56,Germany,HR,73916,26,aditya.bansal32@yahoo.com,Inactive,2021-03-22
1433,Neha Patel,24,UK,Data,117839,4,neha.patel33@yahoo.com,Active,2018-11-19
1434,Shaurya Singh,47,Germany,Data,85058,6,shaurya.singh34@company.com,Inactive,2020-01-28
1435,Ishaan Patel,37,USA,Data,177930,21,ishaan.patel35@gmail.com,Inactive,2019-03-24
1436,Priya Kapoor,32,India,Data,78324,33,priya.kapoor36@gmail.com,Inactive,2025-07-14
1437,Aditya Agarwal,42,USA,HR,125687,12,aditya.agarwal37@company.com,Inactive,2025-07-19
1438,Meera Nair,37,UK,Finance,63147,31,meera.nair38@outlook.com,Inactive,2022-11-27
1439,Sneha Kapoor,30,UK,Marketing,112914,23,sneha.kapoor39@outlook.com,Inactive,2022-08-11
1440,Pooja Das,21,India,Finance,157879,15,pooja.das40@gmail.com,Active,2024-07-17
1441,Priya Ghosh,42,Canada,IT,113593,13,priya.ghosh41@company.com,Inactive,2021-07-14
1442,Vivaan Chopra,46,Germany,HR,167432,6,vivaan.chopra42@yahoo.com,Active,2019-04-20
1443,Pooja Mukherjee,38,Germany,Finance,37048,11,pooja.mukherjee43@outlook.com,Inactive,2018-10-18
1444,Aditya Mehta,34,UK,HR,78935,19,aditya.mehta44@outlook.com,Active,2018-06-21
1445,Krishna Chopra,49,USA,IT,152884,32,krishna.chopra45@company.com,Inactive,2022-01-02
1446,Reyansh Mukherjee,32,USA,Sales,126199,5,reyansh.mukherjee46@company.com,Active,2018-10-28
1447,Vivaan Roy,56,Canada,Sales,144982,26,vivaan.roy47@company.com,Active,2024-01-06
1448,Aditi Reddy,55,USA,Sales,90885,12,aditi.reddy48@outlook.com,Inactive,2025-05-31
1449,Priya Mehta,32,Germany,HR,53061,4,priya.mehta49@company.com,Inactive,2025-07-08
1450,Aarav Mehta,27,USA,Finance,112015,23,aarav.mehta50@company.com,Inactive,2024-09-30
1451,Ishaan Singh,49,Canada,HR,144508,9,ishaan.singh51@yahoo.com,Inactive,2024-04-23
1452,Riya Das,31,Germany,Marketing,152700,31,riya.das52@company.com,Active,2022-10-13
1453,Pooja Roy,53,USA,Finance,176964,8,pooja.roy53@outlook.com,Inactive,2019-05-30
1454,Sneha Singh,26,Germany,IT,58931,34,sneha.singh54@outlook.com,Inactive,2019-11-10
1455,Kavya Chopra,35,UK,Data,135175,11,kavya.chopra55@company.com,Active,2020-06-30
1456,Aditi Agarwal,52,UK,Sales,59654,10,aditi.agarwal56@gmail.com,Inactive,2024-03-02
1457,Sneha Das,31,UK,Finance,123478,7,sneha.das57@gmail.com,Inactive,2019-11-21
1458,Arjun Chopra,43,USA,Finance,88886,9,arjun.chopra58@yahoo.com,Active,2018-12-10
1459,Aarav Nair,46,Canada,Sales,155477,13,aarav.nair59@gmail.com,Inactive,2024-11-17
1460,Vihaan Iyer,54,Germany,IT,107470,29,vihaan.iyer60@gmail.com,Inactive,2018-01-29
1461,Priya Gupta,54,India,HR,135029,0,priya.gupta61@yahoo.com,Active,2023-11-23
1462,Vihaan Patel,49,UK,HR,100324,11,vihaan.patel62@outlook.com,Inactive,2024-07-09
1463,Diya Iyer,24,UK,Data,140520,4,diya.iyer63@company.com,Inactive,2018-04-17
1464,Ananya Agarwal,37,India,Finance,100027,13,ananya.agarwal64@gmail.com,Inactive,2022-09-12
1465,Muhammad Das,55,India,Sales,36425,16,muhammad.das65@gmail.com,Active,2018-04-12
1466,Neha Chopra,33,USA,Marketing,167805,21,neha.chopra66@yahoo.com,Inactive,2021-07-09
1467,Neha Mehta,59,Germany,IT,99411,30,neha.mehta67@yahoo.com,Active,2022-08-15
1468,Kavya Agarwal,35,UK,HR,45603,25,kavya.agarwal68@gmail.com,Active,2025-02-12
1469,Ananya Gupta,49,Canada,IT,47152,12,ananya.gupta69@gmail.com,Inactive,2023-12-25
1470,Shaurya Verma,49,USA,IT,91318,2,shaurya.verma70@gmail.com,Active,2019-05-05
1471,Vihaan Sharma,31,USA,Data,143051,10,vihaan.sharma71@outlook.com,Inactive,2018-03-08
1472,Ananya Mehta,52,Canada,IT,56068,4,ananya.mehta72@company.com,Inactive,2018-10-05
1473,Reyansh Singh,22,Canada,Sales,48531,3,reyansh.singh73@outlook.com,Inactive,2023-02-07
1474,Riya Khan,34,Canada,Data,147289,31,riya.khan74@outlook.com,Active,2024-03-09
1475,Pooja Khan,40,India,Sales,69288,9,pooja.khan75@gmail.com,Inactive,2021-10-05
1476,Ananya Ghosh,42,UK,Data,135694,9,ananya.ghosh76@yahoo.com,Active,2019-09-20
1477,Priya Agarwal,31,India,Sales,126762,17,priya.agarwal77@outlook.com,Active,2025-05-19
1478,Krishna Kapoor,47,UK,Data,133197,22,krishna.kapoor78@yahoo.com,Active,2021-03-16
1479,Reyansh Khan,23,India,Data,178531,17,reyansh.khan79@company.com,Inactive,2018-12-31
1480,Priya Kapoor,37,Germany,Finance,139445,34,priya.kapoor80@outlook.com,Active,2019-11-09
1481,Aarav Mukherjee,48,UK,Sales,141243,2,aarav.mukherjee81@gmail.com,Active,2022-09-12
1482,Muhammad Agarwal,49,USA,Finance,105313,0,muhammad.agarwal82@company.com,Active,2025-12-20
1483,Sneha Bansal,41,UK,Data,162286,16,sneha.bansal83@gmail.com,Active,2024-09-08
1484,Aditi Sharma,36,UK,HR,38801,5,aditi.sharma84@yahoo.com,Active,2019-07-09
1485,Muhammad Ansari,57,UK,Data,107593,10,muhammad.ansari85@outlook.com,Active,2020-03-13
1486,Ishaan Gupta,40,Germany,HR,108635,13,ishaan.gupta86@gmail.com,Inactive,2021-03-08
1487,Sneha Mehta,26,India,HR,115729,27,sneha.mehta87@outlook.com,Active,2019-02-28
1488,Pooja Khan,39,USA,HR,90233,10,pooja.khan88@company.com,Inactive,2021-06-30
1489,Diya Reddy,25,India,HR,55011,3,diya.reddy89@gmail.com,Inactive,2019-02-20
1490,Muhammad Agarwal,23,India,Sales,83900,5,muhammad.agarwal90@company.com,Inactive,2022-03-11
1491,Vihaan Malik,21,Canada,Marketing,115085,18,vihaan.malik91@outlook.com,Active,2024-07-21
1492,Neha Das,58,Germany,Sales,173032,30,neha.das92@gmail.com,Inactive,2023-06-29
1493,Ananya Mukherjee,35,Canada,Marketing,51583,1,ananya.mukherjee93@outlook.com,Inactive,2025-07-07
1494,Aditi Mukherjee,54,Germany,Sales,165283,24,aditi.mukherjee94@gmail.com,Active,2019-07-31
1495,Aditi Roy,55,India,HR,107532,10,aditi.roy95@outlook.com,Active,2025-11-03
1496,Vihaan Chopra,45,India,IT,49201,20,vihaan.chopra96@company.com,Inactive,2023-07-06
1497,Diya Agarwal,44,Germany,Data,95019,2,diya.agarwal97@yahoo.com,Inactive,2018-06-29
1498,Meera Khan,32,India,Marketing,55420,1,meera.khan98@yahoo.com,Inactive,2023-01-05
1499,Shaurya Mukherjee,38,India,IT,75602,10,shaurya.mukherjee99@outlook.com,Active,2018-08-02
1500,Sneha Gupta,35,USA,HR,135156,23,sneha.gupta0@company.com,Active,2024-10-21
1501,Arjun Reddy,36,Canada,Marketing,84031,23,arjun.reddy1@outlook.com,Active,2018-06-02
1502,Vihaan Singh,47,Canada,IT,47629,20,vihaan.singh2@gmail.com,Inactive,2025-12-29
1503,Shaurya Mehta,28,Canada,Sales,63675,24,shaurya.mehta3@outlook.com,Active,2020-07-29
1504,Reyansh Chopra,45,UK,HR,162652,3,reyansh.chopra4@company.com,Active,2021-12-07
1505,Arjun Das,37,USA,Sales,167734,22,arjun.das5@outlook.com,Active,2021-02-20
1506,Aditi Bansal,49,Canada,Sales,115270,23,aditi.bansal6@yahoo.com,Inactive,2025-04-07
1507,Meera Patel,28,Canada,HR,42589,20,meera.patel7@outlook.com,Active,2023-03-31
1508,Sneha Kapoor,35,USA,Marketing,143954,1,sneha.kapoor8@yahoo.com,Inactive,2022-06-06
1509,Priya Khan,47,India,Data,39655,22,priya.khan9@yahoo.com,Inactive,2022-07-02
1510,Neha Ghosh,27,Canada,Finance,109285,14,neha.ghosh10@outlook.com,Active,2025-08-31
1511,Reyansh Ghosh,23,India,Finance,176869,25,reyansh.ghosh11@outlook.com,Active,2022-05-22
1512,Reyansh Nair,49,Canada,Data,41645,25,reyansh.nair12@outlook.com,Active,2022-12-09
1513,Shaurya Patel,44,Germany,HR,152379,27,shaurya.patel13@outlook.com,Inactive,2020-08-11
1514,Reyansh Reddy,23,UK,Finance,82634,25,reyansh.reddy14@outlook.com,Inactive,2020-02-27
1515,Kavya Mukherjee,40,Canada,Data,71760,1,kavya.mukherjee15@company.com,Inactive,2021-08-22
1516,Vivaan Chopra,35,Germany,IT,63233,34,vivaan.chopra16@outlook.com,Inactive,2021-03-28
1517,Aarav Nair,45,USA,Data,85091,31,aarav.nair17@outlook.com,Active,2018-06-01
1518,Arjun Ansari,50,Germany,Marketing,170510,29,arjun.ansari18@outlook.com,Active,2020-06-27
1519,Aditi Ghosh,34,USA,Data,139602,19,aditi.ghosh19@gmail.com,Inactive,2023-08-06
1520,Riya Nair,27,Canada,Sales,119905,12,riya.nair20@yahoo.com,Inactive,2024-11-08
1521,Priya Nair,37,USA,Sales,127139,26,priya.nair21@yahoo.com,Inactive,2018-11-30
1522,Priya Agarwal,40,Germany,HR,46319,22,priya.agarwal22@company.com,Inactive,2019-04-08
1523,Neha Khan,56,UK,Sales,115258,15,neha.khan23@outlook.com,Active,2022-02-01
1524,Aditya Roy,29,India,IT,138293,30,aditya.roy24@yahoo.com,Active,2023-02-14
1525,Aarav Singh,58,India,Data,172100,11,aarav.singh25@outlook.com,Active,2020-11-15
1526,Shaurya Verma,42,UK,IT,146930,32,shaurya.verma26@outlook.com,Active,2020-03-16
1527,Ishaan Singh,22,India,HR,145629,31,ishaan.singh27@outlook.com,Inactive,2019-03-15
1528,Pooja Iyer,44,Canada,Sales,60940,1,pooja.iyer28@company.com,Inactive,2023-11-15
1529,Reyansh Agarwal,28,Canada,Finance,174494,22,reyansh.agarwal29@company.com,Active,2019-01-29
1530,Sneha Nair,31,Germany,Data,86651,31,sneha.nair30@gmail.com,Active,2018-09-24
1531,Pooja Das,33,Germany,Finance,55688,14,pooja.das31@yahoo.com,Active,2023-04-07
1532,Vihaan Roy,37,USA,Marketing,49472,7,vihaan.roy32@gmail.com,Active,2022-04-08
1533,Vihaan Malik,28,Germany,HR,115436,21,vihaan.malik33@company.com,Active,2025-11-17
1534,Pooja Chopra,41,Canada,Marketing,70671,33,pooja.chopra34@company.com,Active,2021-05-06
1535,Pooja Verma,38,Germany,Finance,108299,0,pooja.verma35@gmail.com,Inactive,2023-12-09
1536,Kavya Ghosh,50,India,Finance,45960,9,kavya.ghosh36@gmail.com,Inactive,2024-10-08
1537,Muhammad Bansal,38,USA,Finance,157652,15,muhammad.bansal37@company.com,Active,2023-02-28
1538,Vihaan Singh,51,USA,Marketing,159118,23,vihaan.singh38@gmail.com,Active,2023-08-14
1539,Shaurya Verma,58,Canada,HR,168146,23,shaurya.verma39@outlook.com,Inactive,2019-10-05
1540,Kavya Malik,52,Germany,Data,69833,13,kavya.malik40@company.com,Inactive,2025-11-06
1541,Diya Gupta,31,India,Data,70976,25,diya.gupta41@company.com,Active,2018-07-02
1542,Kavya Mehta,45,Germany,IT,142549,17,kavya.mehta42@gmail.com,Inactive,2024-12-21
1543,Krishna Ansari,53,UK,IT,165120,19,krishna.ansari43@outlook.com,Inactive,2023-10-21
1544,Sneha Chopra,58,Germany,Finance,100658,23,sneha.chopra44@outlook.com,Inactive,2023-10-19
1545,Meera Bansal,28,Canada,HR,85108,25,meera.bansal45@company.com,Inactive,2025-03-13
1546,Reyansh Mukherjee,31,Germany,HR,85138,28,reyansh.mukherjee46@gmail.com,Inactive,2022-12-05
1547,Arjun Ansari,42,USA,Sales,44443,21,arjun.ansari47@gmail.com,Inactive,2018-05-03
1548,Muhammad Verma,44,India,Sales,104969,10,muhammad.verma48@gmail.com,Inactive,2019-01-27
1549,Sneha Chopra,37,Canada,Marketing,167062,10,sneha.chopra49@company.com,Inactive,2020-07-03
1550,Pooja Malik,32,UK,Sales,158781,2,pooja.malik50@gmail.com,Inactive,2024-08-12
1551,Meera Ghosh,52,India,Data,127198,20,meera.ghosh51@outlook.com,Inactive,2019-04-03
1552,Reyansh Reddy,35,India,Data,96336,10,reyansh.reddy52@company.com,Active,2024-02-09
1553,Shaurya Iyer,36,USA,Marketing,64097,7,shaurya.iyer53@gmail.com,Active,2025-01-03
1554,Sneha Malik,42,USA,IT,86356,30,sneha.malik54@yahoo.com,Inactive,2023-05-31
1555,Riya Mehta,48,USA,Finance,119744,9,riya.mehta55@outlook.com,Active,2020-12-31
1556,Arjun Bansal,40,Canada,HR,123015,5,arjun.bansal56@outlook.com,Active,2025-08-03
1557,Vivaan Malik,53,Germany,IT,178994,16,vivaan.malik57@gmail.com,Inactive,2022-12-04
1558,Arjun Patel,30,India,Data,110919,6,arjun.patel58@company.com,Active,2018-02-15
1559,Krishna Patel,52,Germany,IT,138854,31,krishna.patel59@company.com,Inactive,2019-08-16
1560,Ananya Singh,53,Germany,Marketing,88034,12,ananya.singh60@yahoo.com,Active,2020-02-12
1561,Aditi Nair,22,USA,Finance,132431,5,aditi.nair61@yahoo.com,Active,2019-04-27
1562,Arjun Roy,53,Germany,Data,169279,2,arjun.roy62@company.com,Active,2021-12-03
1563,Ishaan Bansal,53,India,Marketing,63234,26,ishaan.bansal63@company.com,Inactive,2021-04-13
1564,Aditi Agarwal,33,India,IT,65568,25,aditi.agarwal64@outlook.com,Active,2021-12-21
1565,Aditya Gupta,50,UK,HR,103633,3,aditya.gupta65@yahoo.com,Inactive,2019-10-17
1566,Aditi Das,53,Canada,Sales,152766,20,aditi.das66@company.com,Active,2022-08-22
1567,Ishaan Chopra,33,Germany,Marketing,144582,27,ishaan.chopra67@yahoo.com,Active,2024-04-03
1568,Kavya Nair,46,Canada,Data,89703,17,kavya.nair68@outlook.com,Inactive,2025-06-27
1569,Ananya Roy,42,Canada,IT,152634,31,ananya.roy69@outlook.com,Active,2021-03-09
1570,Aarav Gupta,59,Canada,Sales,134928,32,aarav.gupta70@outlook.com,Inactive,2018-03-05
1571,Kavya Chopra,22,Canada,Sales,110253,25,kavya.chopra71@outlook.com,Inactive,2024-05-15
1572,Aditya Ghosh,58,India,IT,151170,16,aditya.ghosh72@outlook.com,Inactive,2018-02-19
1573,Aditi Ansari,59,Germany,Finance,51642,28,aditi.ansari73@outlook.com,Inactive,2018-08-03
1574,Priya Ansari,46,UK,IT,114176,19,priya.ansari74@outlook.com,Active,2022-07-19
1575,Neha Malik,35,Canada,Data,117373,29,neha.malik75@gmail.com,Inactive,2023-09-15
1576,Ananya Iyer,54,UK,HR,43990,4,ananya.iyer76@gmail.com,Inactive,2022-08-02
1577,Ananya Ghosh,31,India,Data,39170,5,ananya.ghosh77@yahoo.com,Inactive,2024-10-14
1578,Sneha Patel,23,India,Sales,171208,9,sneha.patel78@yahoo.com,Active,2019-05-20
1579,Sneha Nair,26,USA,HR,167784,5,sneha.nair79@outlook.com,Active,2022-05-11
1580,Ananya Verma,29,Canada,Marketing,108687,9,ananya.verma80@yahoo.com,Inactive,2018-09-06
1581,Vivaan Mehta,26,USA,Sales,176545,20,vivaan.mehta81@outlook.com,Active,2020-01-04
1582,Kavya Sharma,29,UK,Finance,158376,3,kavya.sharma82@outlook.com,Active,2023-02-04
1583,Vihaan Khan,59,Germany,IT,120031,12,vihaan.khan83@outlook.com,Inactive,2025-10-23
1584,Kavya Agarwal,51,USA,Marketing,56625,9,kavya.agarwal84@yahoo.com,Inactive,2019-04-13
1585,Aarav Bansal,52,India,Data,179833,15,aarav.bansal85@company.com,Active,2025-09-09
1586,Muhammad Patel,32,Canada,HR,109454,18,muhammad.patel86@gmail.com,Active,2019-05-25
1587,Shaurya Khan,28,UK,Marketing,36821,5,shaurya.khan87@company.com,Active,2022-01-03
1588,Ishaan Gupta,28,India,Finance,135120,25,ishaan.gupta88@outlook.com,Active,2025-08-05
1589,Diya Malik,48,Germany,IT,71200,8,diya.malik89@yahoo.com,Inactive,2025-10-28
1590,Aditya Chopra,40,Canada,Marketing,118889,9,aditya.chopra90@outlook.com,Active,2022-12-19
1591,Reyansh Verma,27,Germany,Data,119304,2,reyansh.verma91@yahoo.com,Active,2022-02-18
1592,Aditi Iyer,31,Germany,HR,71447,18,aditi.iyer92@gmail.com,Active,2018-06-15
1593,Krishna Bansal,40,Canada,Marketing,126568,34,krishna.bansal93@company.com,Inactive,2020-12-15
1594,Aditya Mehta,36,Canada,IT,141502,5,aditya.mehta94@outlook.com,Active,2021-11-02
1595,Aarav Ansari,24,Germany,Data,139567,28,aarav.ansari95@company.com,Inactive,2025-12-03
1596,Neha Gupta,26,UK,Marketing,52757,18,neha.gupta96@outlook.com,Inactive,2021-11-19
1597,Arjun Roy,42,Canada,HR,142136,14,arjun.roy97@gmail.com,Inactive,2021-11-15
1598,Krishna Das,46,India,IT,178026,20,krishna.das98@gmail.com,Active,2021-10-07
1599,Kavya Sharma,23,USA,Finance,127342,22,kavya.sharma99@gmail.com,Active,2025-02-06
1600,Aarav Reddy,34,UK,Finance,123760,19,aarav.reddy0@yahoo.com,Inactive,2018-03-04
1601,Vihaan Bansal,31,Canada,Sales,169883,1,vihaan.bansal1@company.com,Active,2025-07-12
1602,Arjun Nair,38,Canada,Marketing,174709,31,arjun.nair2@company.com,Inactive,2019-07-09
1603,Aditya Singh,32,UK,HR,47133,27,aditya.singh3@yahoo.com,Inactive,2025-04-08
1604,Aditi Gupta,43,USA,Marketing,81986,3,aditi.gupta4@gmail.com,Active,2024-01-05
1605,Vihaan Mehta,32,Germany,IT,90508,6,vihaan.mehta5@outlook.com,Inactive,2022-03-23
1606,Ananya Chopra,33,India,Sales,36401,2,ananya.chopra6@gmail.com,Inactive,2022-10-16
1607,Shaurya Patel,45,Canada,HR,176076,24,shaurya.patel7@company.com,Active,2018-11-04
1608,Aditi Patel,39,USA,Marketing,135313,8,aditi.patel8@yahoo.com,Inactive,2023-01-03
1609,Arjun Gupta,56,India,HR,171973,22,arjun.gupta9@outlook.com,Active,2018-04-08
1610,Riya Roy,28,UK,IT,104621,22,riya.roy10@yahoo.com,Active,2021-08-18
1611,Aarav Mukherjee,49,Canada,Sales,154673,25,aarav.mukherjee11@gmail.com,Inactive,2020-12-01
1612,Reyansh Agarwal,52,Germany,HR,161545,17,reyansh.agarwal12@yahoo.com,Inactive,2024-06-21
1613,Diya Ansari,38,UK,IT,116299,23,diya.ansari13@outlook.com,Active,2020-01-24
1614,Arjun Bansal,26,Canada,Finance,93171,26,arjun.bansal14@gmail.com,Inactive,2022-11-18
1615,Meera Agarwal,38,USA,HR,45354,1,meera.agarwal15@gmail.com,Active,2025-03-22
1616,Muhammad Gupta,39,India,Sales,93860,0,muhammad.gupta16@outlook.com,Inactive,2022-07-18
1617,Vihaan Patel,42,India,Data,44504,15,vihaan.patel17@company.com,Active,2023-07-18
1618,Vihaan Roy,57,Canada,Data,169595,23,vihaan.roy18@outlook.com,Inactive,2020-11-21
1619,Aditi Chopra,52,UK,HR,109243,10,aditi.chopra19@company.com,Active,2019-11-10
1620,Priya Reddy,23,Germany,HR,163890,25,priya.reddy20@gmail.com,Inactive,2021-07-29
1621,Arjun Singh,48,USA,IT,121703,5,arjun.singh21@yahoo.com,Inactive,2022-11-25
1622,Ishaan Gupta,30,Canada,Marketing,126407,25,ishaan.gupta22@company.com,Active,2025-06-21
1623,Krishna Ghosh,55,USA,Data,58982,28,krishna.ghosh23@outlook.com,Active,2025-12-28
1624,Meera Mukherjee,49,India,Marketing,36049,0,meera.mukherjee24@company.com,Inactive,2024-09-06
1625,Meera Iyer,35,Germany,Data,48381,8,meera.iyer25@yahoo.com,Inactive,2025-07-06
1626,Aarav Iyer,53,USA,HR,83390,26,aarav.iyer26@company.com,Inactive,2022-05-08
1627,Muhammad Das,27,Canada,Sales,47061,6,muhammad.das27@gmail.com,Inactive,2025-12-06
1628,Meera Das,32,Germany,Sales,106241,2,meera.das28@yahoo.com,Active,2020-08-05
1629,Muhammad Kapoor,50,UK,Data,85296,8,muhammad.kapoor29@yahoo.com,Inactive,2021-01-04
1630,Shaurya Verma,41,Canada,Data,99535,1,shaurya.verma30@company.com,Inactive,2020-09-08
1631,Krishna Nair,51,USA,IT,134009,9,krishna.nair31@gmail.com,Active,2019-02-11
1632,Aditi Mehta,44,Germany,HR,100191,16,aditi.mehta32@yahoo.com,Inactive,2024-05-10
1633,Krishna Nair,40,Canada,HR,86576,30,krishna.nair33@yahoo.com,Active,2025-08-20
1634,Meera Gupta,57,Germany,Marketing,63147,0,meera.gupta34@yahoo.com,Inactive,2019-07-03
1635,Riya Sharma,24,Germany,IT,151622,17,riya.sharma35@gmail.com,Active,2022-07-29
1636,Diya Reddy,48,Germany,Finance,103020,5,diya.reddy36@outlook.com,Active,2023-10-10
1637,Arjun Kapoor,40,USA,Sales,167817,3,arjun.kapoor37@gmail.com,Inactive,2019-05-28
1638,Sneha Bansal,44,Canada,Sales,76929,3,sneha.bansal38@yahoo.com,Active,2020-12-19
1639,Diya Ghosh,52,India,HR,97637,34,diya.ghosh39@gmail.com,Inactive,2020-06-20
1640,Reyansh Nair,56,India,IT,165860,3,reyansh.nair40@company.com,Active,2024-08-24
1641,Aditya Sharma,54,USA,Finance,101313,0,aditya.sharma41@yahoo.com,Active,2023-02-06
1642,Sneha Gupta,56,USA,Sales,44525,30,sneha.gupta42@gmail.com,Active,2024-07-22
1643,Aarav Malik,22,Germany,IT,164228,18,aarav.malik43@gmail.com,Inactive,2022-12-05
1644,Muhammad Verma,35,Canada,Finance,78348,20,muhammad.verma44@yahoo.com,Inactive,2024-09-12
1645,Vivaan Kapoor,54,Canada,Data,95447,29,vivaan.kapoor45@yahoo.com,Active,2018-01-07
1646,Riya Iyer,56,UK,HR,145709,6,riya.iyer46@company.com,Inactive,2021-11-15
1647,Riya Bansal,26,UK,Marketing,121030,4,riya.bansal47@yahoo.com,Active,2020-07-17
1648,Priya Kapoor,59,India,Sales,168113,1,priya.kapoor48@gmail.com,Active,2023-05-31
1649,Aditya Ghosh,32,UK,Sales,114866,2,aditya.ghosh49@gmail.com,Inactive,2021-03-04
1650,Pooja Mukherjee,23,UK,Finance,86826,14,pooja.mukherjee50@company.com,Active,2020-11-09
1651,Arjun Malik,38,India,Marketing,140808,9,arjun.malik51@outlook.com,Inactive,2024-07-02
1652,Aditya Iyer,41,India,Data,162749,8,aditya.iyer52@yahoo.com,Active,2021-12-28
1653,Aditya Das,35,UK,IT,130822,22,aditya.das53@company.com,Inactive,2019-10-16
1654,Muhammad Patel,53,Canada,HR,63028,13,muhammad.patel54@company.com,Active,2021-10-29
1655,Pooja Reddy,55,UK,IT,67887,32,pooja.reddy55@yahoo.com,Active,2023-12-31
1656,Aditi Roy,46,Germany,Finance,100045,15,aditi.roy56@outlook.com,Active,2024-09-07
1657,Aditya Iyer,28,Germany,Sales,139136,19,aditya.iyer57@gmail.com,Active,2019-04-28
1658,Priya Singh,56,Germany,Data,62428,7,priya.singh58@company.com,Active,2022-07-19
1659,Vivaan Singh,50,USA,Sales,167685,33,vivaan.singh59@gmail.com,Inactive,2024-12-13
1660,Aditya Bansal,43,Germany,IT,83343,30,aditya.bansal60@outlook.com,Inactive,2020-08-08
1661,Vihaan Agarwal,34,Canada,Data,108159,7,vihaan.agarwal61@gmail.com,Active,2019-02-16
1662,Meera Mukherjee,34,USA,HR,136337,24,meera.mukherjee62@yahoo.com,Active,2018-12-20
1663,Vivaan Iyer,22,USA,Finance,87088,12,vivaan.iyer63@outlook.com,Inactive,2024-10-15
1664,Reyansh Mehta,57,Germany,HR,64653,17,reyansh.mehta64@company.com,Inactive,2018-01-03
1665,Aarav Patel,25,UK,Finance,112512,33,aarav.patel65@outlook.com,Active,2018-05-11
1666,Aarav Khan,58,India,HR,144122,16,aarav.khan66@gmail.com,Active,2021-01-03
1667,Neha Chopra,34,UK,IT,50718,11,neha.chopra67@gmail.com,Active,2021-09-09
1668,Riya Das,59,UK,Marketing,109877,15,riya.das68@company.com,Active,2023-05-28
1669,Ishaan Khan,45,USA,Data,89219,12,ishaan.khan69@gmail.com,Active,2020-10-20
1670,Diya Patel,40,USA,Finance,148500,10,diya.patel70@outlook.com,Active,2018-06-09
1671,Ishaan Mehta,22,USA,IT,61285,13,ishaan.mehta71@gmail.com,Inactive,2023-08-27
1672,Aarav Reddy,59,Canada,Sales,87310,27,aarav.reddy72@outlook.com,Active,2021-11-19
1673,Priya Malik,26,Canada,Sales,159246,23,priya.malik73@yahoo.com,Active,2018-12-22
1674,Riya Gupta,37,India,HR,145545,16,riya.gupta74@gmail.com,Inactive,2020-11-21
1675,Ishaan Roy,45,USA,Sales,129873,8,ishaan.roy75@outlook.com,Inactive,2024-12-05
1676,Aditya Nair,48,Germany,Marketing,166527,29,aditya.nair76@outlook.com,Inactive,2023-03-25
1677,Kavya Das,22,USA,Finance,108179,2,kavya.das77@company.com,Active,2022-07-06
1678,Diya Verma,55,Canada,HR,162185,7,diya.verma78@company.com,Inactive,2025-04-11
1679,Neha Roy,57,USA,Finance,43867,17,neha.roy79@company.com,Active,2025-09-21
1680,Reyansh Chopra,25,Canada,Finance,60577,29,reyansh.chopra80@company.com,Inactive,2020-05-06
1681,Reyansh Malik,21,USA,IT,126007,2,reyansh.malik81@company.com,Inactive,2020-03-06
1682,Vihaan Roy,32,Germany,Sales,179959,33,vihaan.roy82@gmail.com,Inactive,2020-03-12
1683,Vihaan Singh,56,India,Data,78314,27,vihaan.singh83@company.com,Active,2018-12-08
1684,Riya Sharma,43,Germany,Finance,35059,24,riya.sharma84@outlook.com,Inactive,2019-02-10
1685,Vivaan Sharma,51,Canada,Marketing,178745,29,vivaan.sharma85@gmail.com,Inactive,2021-10-28
1686,Krishna Verma,31,UK,Marketing,123231,6,krishna.verma86@outlook.com,Inactive,2021-08-02
1687,Neha Chopra,30,Germany,Data,156696,28,neha.chopra87@company.com,Active,2025-02-20
1688,Aditi Patel,23,USA,Sales,36794,1,aditi.patel88@company.com,Active,2019-07-31
1689,Reyansh Verma,34,India,Sales,161142,25,reyansh.verma89@company.com,Active,2018-08-09
1690,Pooja Bansal,36,USA,HR,45721,6,pooja.bansal90@outlook.com,Active,2024-01-04
1691,Krishna Reddy,30,USA,HR,40686,17,krishna.reddy91@gmail.com,Active,2021-04-18
1692,Krishna Bansal,49,Germany,HR,130003,5,krishna.bansal92@outlook.com,Inactive,2022-03-14
1693,Ananya Malik,30,India,Sales,97722,26,ananya.malik93@outlook.com,Inactive,2021-08-13
1694,Aditya Roy,32,UK,Finance,178960,23,aditya.roy94@company.com,Active,2021-10-04
1695,Diya Mehta,50,USA,IT,74348,32,diya.mehta95@company.com,Inactive,2019-05-06
1696,Riya Verma,21,India,Data,48533,30,riya.verma96@gmail.com,Inactive,2024-07-28
1697,Reyansh Singh,25,UK,Data,96422,33,reyansh.singh97@company.com,Active,2020-10-07
1698,Riya Verma,40,USA,Data,169625,21,riya.verma98@yahoo.com,Active,2023-10-30
1699,Aditi Gupta,28,India,HR,153360,23,aditi.gupta99@company.com,Active,2020-05-19
1700,Kavya Iyer,32,Germany,IT,43144,27,kavya.iyer0@company.com,Inactive,2025-07-15
1701,Shaurya Reddy,21,USA,Marketing,142578,19,shaurya.reddy1@yahoo.com,Active,2024-10-17
1702,Aditya Ghosh,40,USA,Sales,126045,17,aditya.ghosh2@outlook.com,Active,2023-01-07
1703,Kavya Sharma,48,India,Marketing,171509,31,kavya.sharma3@outlook.com,Active,2021-02-20
1704,Diya Ansari,57,USA,HR,125083,32,diya.ansari4@yahoo.com,Inactive,2020-01-10
1705,Shaurya Roy,57,UK,Finance,58830,9,shaurya.roy5@outlook.com,Inactive,2019-05-25
1706,Shaurya Mukherjee,32,USA,HR,145581,8,shaurya.mukherjee6@gmail.com,Inactive,2019-08-17
1707,Krishna Agarwal,57,Canada,IT,109285,24,krishna.agarwal7@gmail.com,Active,2024-12-02
1708,Diya Roy,48,UK,HR,81553,12,diya.roy8@company.com,Inactive,2020-01-25
1709,Neha Ansari,35,India,Data,171987,4,neha.ansari9@yahoo.com,Active,2022-01-02
1710,Pooja Singh,26,UK,Finance,63695,30,pooja.singh10@yahoo.com,Active,2025-08-06
1711,Arjun Sharma,40,Canada,Finance,49703,30,arjun.sharma11@outlook.com,Inactive,2021-04-12
1712,Priya Sharma,34,Canada,Sales,102918,33,priya.sharma12@gmail.com,Active,2018-12-12
1713,Krishna Ghosh,22,USA,Sales,65128,25,krishna.ghosh13@yahoo.com,Inactive,2018-04-15
1714,Diya Sharma,29,USA,Data,88250,6,diya.sharma14@outlook.com,Active,2022-05-12
1715,Ananya Sharma,57,Germany,Finance,142777,19,ananya.sharma15@outlook.com,Active,2020-02-27
1716,Aditi Iyer,40,UK,Data,72126,21,aditi.iyer16@gmail.com,Inactive,2022-01-18
1717,Vihaan Ansari,46,Germany,Finance,141616,4,vihaan.ansari17@outlook.com,Active,2021-08-10
1718,Riya Singh,49,Canada,IT,81799,11,riya.singh18@gmail.com,Inactive,2025-10-13
1719,Priya Nair,21,USA,HR,67907,20,priya.nair19@outlook.com,Inactive,2019-01-28
1720,Vivaan Patel,55,USA,Sales,42644,8,vivaan.patel20@gmail.com,Active,2024-02-22
1721,Ishaan Gupta,26,USA,IT,69583,28,ishaan.gupta21@gmail.com,Active,2023-07-26
1722,Vivaan Singh,57,India,HR,89560,26,vivaan.singh22@yahoo.com,Active,2024-10-05
1723,Riya Bansal,25,Canada,Sales,145634,16,riya.bansal23@gmail.com,Active,2022-02-09
1724,Diya Agarwal,53,USA,Data,140589,23,diya.agarwal24@yahoo.com,Active,2020-05-30
1725,Aditya Roy,34,Canada,IT,76988,26,aditya.roy25@company.com,Active,2018-08-06
1726,Vihaan Das,32,USA,Marketing,176518,7,vihaan.das26@company.com,Active,2024-01-10
1727,Arjun Kapoor,40,UK,Marketing,58162,28,arjun.kapoor27@yahoo.com,Active,2022-12-11
1728,Aditya Roy,44,Canada,Sales,130373,18,aditya.roy28@yahoo.com,Active,2023-09-16
1729,Sneha Verma,54,Germany,IT,71003,9,sneha.verma29@company.com,Active,2019-11-21
1730,Priya Patel,45,India,HR,86746,23,priya.patel30@yahoo.com,Active,2021-10-03
1731,Krishna Iyer,49,Germany,HR,101923,33,krishna.iyer31@company.com,Inactive,2019-12-13
1732,Ishaan Reddy,59,Canada,IT,167055,30,ishaan.reddy32@gmail.com,Active,2023-06-18
1733,Aditi Reddy,51,USA,Marketing,162310,3,aditi.reddy33@gmail.com,Active,2024-06-15
1734,Ananya Agarwal,43,Canada,IT,82114,30,ananya.agarwal34@gmail.com,Active,2022-07-19
1735,Ishaan Singh,58,India,Marketing,132687,8,ishaan.singh35@outlook.com,Inactive,2022-12-28
1736,Aditya Ansari,40,Canada,Marketing,86274,25,aditya.ansari36@company.com,Active,2024-04-16
1737,Arjun Roy,43,USA,Data,54378,12,arjun.roy37@company.com,Inactive,2021-11-03
1738,Vihaan Patel,36,Germany,Data,42548,25,vihaan.patel38@company.com,Inactive,2020-07-30
1739,Vihaan Khan,28,UK,HR,74621,0,vihaan.khan39@yahoo.com,Active,2025-08-19
1740,Kavya Agarwal,41,Germany,Sales,121901,8,kavya.agarwal40@yahoo.com,Active,2025-04-26
1741,Ananya Bansal,21,USA,Finance,150423,30,ananya.bansal41@company.com,Active,2018-04-02
1742,Vihaan Ghosh,28,USA,IT,124673,23,vihaan.ghosh42@company.com,Inactive,2022-01-05
1743,Diya Ansari,49,India,Marketing,52870,21,diya.ansari43@company.com,Inactive,2022-09-01
1744,Kavya Iyer,52,Canada,IT,80738,8,kavya.iyer44@yahoo.com,Inactive,2025-03-07
1745,Kavya Malik,58,Canada,Sales,102537,22,kavya.malik45@company.com,Active,2024-12-06
1746,Vihaan Gupta,25,Germany,Sales,92707,19,vihaan.gupta46@company.com,Active,2025-11-21
1747,Reyansh Iyer,42,UK,Finance,176118,20,reyansh.iyer47@yahoo.com,Inactive,2024-06-07
1748,Meera Verma,54,UK,Finance,90029,26,meera.verma48@gmail.com,Inactive,2019-05-03
1749,Muhammad Reddy,21,India,Marketing,71956,4,muhammad.reddy49@company.com,Inactive,2019-04-29
1750,Arjun Gupta,46,USA,Data,48886,16,arjun.gupta50@outlook.com,Inactive,2019-10-10
1751,Krishna Chopra,30,India,Finance,121281,33,krishna.chopra51@company.com,Active,2019-07-05
1752,Aditi Das,50,Canada,Data,139653,8,aditi.das52@yahoo.com,Active,2023-04-29
1753,Vivaan Iyer,38,USA,Data,179394,33,vivaan.iyer53@company.com,Inactive,2024-11-15
1754,Ishaan Khan,37,India,Marketing,146705,9,ishaan.khan54@gmail.com,Active,2021-10-05
1755,Aarav Kapoor,46,Germany,HR,150431,1,aarav.kapoor55@yahoo.com,Inactive,2018-10-30
1756,Kavya Ghosh,28,Canada,Data,41162,24,kavya.ghosh56@yahoo.com,Inactive,2019-02-22
1757,Pooja Singh,32,UK,Marketing,149227,2,pooja.singh57@gmail.com,Active,2023-10-17
1758,Vihaan Agarwal,47,India,Finance,117293,33,vihaan.agarwal58@gmail.com,Active,2023-10-06
1759,Vihaan Patel,28,Canada,IT,171977,6,vihaan.patel59@company.com,Active,2022-02-02
1760,Vihaan Sharma,45,Canada,Finance,153815,27,vihaan.sharma60@outlook.com,Inactive,2021-03-22
1761,Vivaan Singh,24,UK,Sales,161614,8,vivaan.singh61@yahoo.com,Inactive,2018-07-20
1762,Arjun Ansari,53,UK,Finance,145580,10,arjun.ansari62@yahoo.com,Active,2025-03-31
1763,Aditi Chopra,21,UK,HR,92483,28,aditi.chopra63@outlook.com,Active,2020-04-09
1764,Aditya Roy,39,India,Marketing,73457,15,aditya.roy64@company.com,Active,2021-06-25
1765,Sneha Malik,51,UK,Data,119940,28,sneha.malik65@outlook.com,Inactive,2021-02-11
1766,Aditya Sharma,36,Germany,Sales,54676,12,aditya.sharma66@gmail.com,Inactive,2021-11-02
1767,Aditya Ansari,34,Canada,Marketing,123796,34,aditya.ansari67@company.com,Active,2022-10-06
1768,Kavya Patel,25,UK,Marketing,107433,10,kavya.patel68@yahoo.com,Active,2023-12-23
1769,Aditya Reddy,46,Canada,Data,155026,34,aditya.reddy69@company.com,Inactive,2025-12-20
1770,Vihaan Verma,48,USA,Finance,167636,7,vihaan.verma70@outlook.com,Active,2020-02-13
1771,Kavya Verma,22,USA,IT,179942,6,kavya.verma71@company.com,Inactive,2020-08-07
1772,Reyansh Roy,26,UK,Sales,49219,4,reyansh.roy72@company.com,Active,2021-02-20
1773,Priya Kapoor,29,Canada,Data,155082,5,priya.kapoor73@gmail.com,Inactive,2025-03-27
1774,Neha Sharma,53,USA,HR,176451,34,neha.sharma74@gmail.com,Inactive,2024-03-10
1775,Aditi Bansal,45,UK,HR,37948,29,aditi.bansal75@yahoo.com,Active,2020-02-26
1776,Reyansh Chopra,33,Canada,IT,70902,10,reyansh.chopra76@outlook.com,Active,2024-12-24
1777,Muhammad Khan,29,UK,IT,43969,26,muhammad.khan77@company.com,Inactive,2021-07-22
1778,Ishaan Malik,33,Canada,Finance,97805,20,ishaan.malik78@outlook.com,Active,2021-06-13
1779,Kavya Patel,51,USA,HR,55646,13,kavya.patel79@yahoo.com,Active,2022-04-19
1780,Vivaan Mukherjee,31,UK,Sales,90818,34,vivaan.mukherjee80@outlook.com,Active,2018-06-20
1781,Meera Mukherjee,24,USA,Data,38678,28,meera.mukherjee81@gmail.com,Inactive,2022-08-04
1782,Krishna Iyer,54,UK,IT,128055,23,krishna.iyer82@yahoo.com,Inactive,2024-10-03
1783,Neha Bansal,58,India,IT,150686,31,neha.bansal83@company.com,Inactive,2021-01-25
1784,Pooja Nair,24,USA,IT,158439,5,pooja.nair84@gmail.com,Active,2025-11-11
1785,Vivaan Gupta,58,USA,Data,165395,9,vivaan.gupta85@outlook.com,Inactive,2023-08-31
1786,Ishaan Kapoor,39,Germany,Sales,153189,19,ishaan.kapoor86@yahoo.com,Active,2024-05-26
1787,Arjun Bansal,26,USA,HR,39014,19,arjun.bansal87@yahoo.com,Active,2025-04-23
1788,Muhammad Das,54,Canada,Sales,171179,25,muhammad.das88@gmail.com,Inactive,2022-12-22
1789,Krishna Ghosh,38,UK,Data,137632,20,krishna.ghosh89@outlook.com,Inactive,2021-01-10
1790,Aarav Kapoor,33,India,Sales,72423,22,aarav.kapoor90@outlook.com,Inactive,2023-11-25
1791,Diya Nair,43,Canada,Finance,155015,11,diya.nair91@company.com,Active,2022-12-08
1792,Pooja Nair,39,Canada,Data,157308,12,pooja.nair92@company.com,Active,2022-12-16
1793,Diya Roy,31,Canada,IT,138924,9,diya.roy93@outlook.com,Inactive,2025-06-29
1794,Riya Reddy,21,Canada,HR,142416,6,riya.reddy94@company.com,Active,2023-05-08
1795,Aditi Malik,44,India,Finance,67332,11,aditi.malik95@yahoo.com,Inactive,2023-04-06
1796,Reyansh Sharma,27,Germany,Finance,140308,24,reyansh.sharma96@outlook.com,Inactive,2024-05-22
1797,Ananya Mukherjee,45,USA,Data,123935,1,ananya.mukherjee97@gmail.com,Inactive,2019-09-13
1798,Krishna Sharma,41,Canada,Marketing,37661,25,krishna.sharma98@yahoo.com,Active,2022-04-23
1799,Ishaan Verma,35,USA,IT,170870,4,ishaan.verma99@yahoo.com,Inactive,2025-10-01
1800,Neha Das,21,USA,HR,60850,7,neha.das0@yahoo.com,Inactive,2019-12-29
1801,Diya Roy,32,Canada,HR,169229,8,diya.roy1@company.com,Inactive,2025-11-15
1802,Krishna Khan,27,Germany,HR,72485,19,krishna.khan2@yahoo.com,Inactive,2018-05-12
1803,Vihaan Singh,35,USA,Data,171408,10,vihaan.singh3@yahoo.com,Active,2018-12-05
1804,Krishna Malik,41,UK,IT,151931,21,krishna.malik4@company.com,Active,2018-08-09
1805,Pooja Verma,39,USA,Data,77280,15,pooja.verma5@company.com,Active,2020-02-21
1806,Krishna Roy,49,Canada,HR,151779,9,krishna.roy6@outlook.com,Active,2025-12-06
1807,Aditi Chopra,45,India,Sales,148032,24,aditi.chopra7@yahoo.com,Active,2018-03-18
1808,Reyansh Khan,53,USA,Sales,114290,18,reyansh.khan8@yahoo.com,Active,2025-04-06
1809,Krishna Roy,52,Germany,IT,40209,3,krishna.roy9@yahoo.com,Active,2019-08-15
1810,Ananya Chopra,55,UK,HR,96402,18,ananya.chopra10@yahoo.com,Inactive,2023-09-29
1811,Sneha Sharma,58,UK,Data,42645,2,sneha.sharma11@outlook.com,Inactive,2025-08-27
1812,Diya Roy,46,India,Marketing,73508,16,diya.roy12@yahoo.com,Active,2021-09-28
1813,Sneha Patel,31,India,Marketing,137458,13,sneha.patel13@yahoo.com,Inactive,2018-11-28
1814,Sneha Ansari,55,USA,Marketing,92822,9,sneha.ansari14@gmail.com,Active,2021-03-21
1815,Neha Ghosh,28,Canada,Sales,135969,5,neha.ghosh15@yahoo.com,Active,2025-06-18
1816,Shaurya Khan,34,Germany,Data,172090,30,shaurya.khan16@gmail.com,Inactive,2021-11-05
1817,Neha Verma,30,UK,Marketing,171785,30,neha.verma17@company.com,Inactive,2020-08-15
1818,Aditya Verma,22,India,HR,146375,8,aditya.verma18@outlook.com,Inactive,2024-06-26
1819,Krishna Mukherjee,29,Germany,HR,130608,11,krishna.mukherjee19@outlook.com,Inactive,2021-01-18
1820,Krishna Sharma,23,Canada,Marketing,131856,25,krishna.sharma20@yahoo.com,Active,2019-06-13
1821,Riya Nair,41,UK,Finance,148631,1,riya.nair21@yahoo.com,Inactive,2020-05-17
1822,Aarav Reddy,46,UK,Marketing,36026,3,aarav.reddy22@company.com,Active,2023-04-21
1823,Meera Ansari,28,Canada,Finance,105009,31,meera.ansari23@yahoo.com,Active,2020-01-11
1824,Arjun Reddy,22,UK,IT,126676,27,arjun.reddy24@outlook.com,Inactive,2021-07-30
1825,Reyansh Reddy,26,Canada,IT,117506,5,reyansh.reddy25@yahoo.com,Inactive,2022-10-24
1826,Vivaan Sharma,48,UK,HR,129564,29,vivaan.sharma26@company.com,Inactive,2021-06-10
1827,Arjun Roy,49,USA,Data,68452,27,arjun.roy27@yahoo.com,Active,2021-10-07
1828,Arjun Mehta,46,Canada,Sales,38268,12,arjun.mehta28@gmail.com,Active,2019-12-17
1829,Riya Chopra,45,Germany,Data,115729,9,riya.chopra29@outlook.com,Inactive,2019-03-09
1830,Aditya Chopra,32,USA,HR,128602,9,aditya.chopra30@outlook.com,Inactive,2023-06-28
1831,Aditi Roy,25,Germany,HR,166730,4,aditi.roy31@outlook.com,Active,2023-07-11
1832,Vihaan Reddy,54,UK,Data,69064,28,vihaan.reddy32@gmail.com,Inactive,2024-08-24
1833,Shaurya Reddy,57,Germany,Sales,78042,11,shaurya.reddy33@yahoo.com,Inactive,2018-09-14
1834,Arjun Khan,35,USA,HR,140454,21,arjun.khan34@company.com,Inactive,2024-09-10
1835,Priya Nair,56,Canada,Sales,173864,1,priya.nair35@outlook.com,Inactive,2025-10-07
1836,Ananya Khan,35,India,HR,172676,13,ananya.khan36@company.com,Inactive,2024-04-23
1837,Pooja Mukherjee,43,Germany,IT,73557,9,pooja.mukherjee37@outlook.com,Inactive,2024-01-16
1838,Diya Singh,26,India,Finance,42420,2,diya.singh38@yahoo.com,Inactive,2025-11-16
1839,Sneha Khan,41,Germany,HR,58018,7,sneha.khan39@gmail.com,Active,2018-07-22
1840,Aditi Iyer,43,Germany,Finance,160200,16,aditi.iyer40@outlook.com,Inactive,2023-07-31
1841,Shaurya Patel,36,Canada,Marketing,98076,3,shaurya.patel41@outlook.com,Inactive,2019-11-19
1842,Reyansh Sharma,35,UK,HR,40108,20,reyansh.sharma42@gmail.com,Active,2018-03-23
1843,Sneha Kapoor,45,USA,IT,127686,29,sneha.kapoor43@gmail.com,Active,2022-01-09
1844,Sneha Verma,56,USA,Sales,105783,18,sneha.verma44@company.com,Inactive,2020-11-14
1845,Reyansh Mukherjee,31,USA,IT,108937,14,reyansh.mukherjee45@outlook.com,Active,2018-01-18
1846,Ananya Mukherjee,35,UK,Finance,176069,19,ananya.mukherjee46@gmail.com,Inactive,2020-08-18
1847,Krishna Roy,24,India,Sales,40261,29,krishna.roy47@outlook.com,Active,2022-12-25
1848,Vihaan Nair,41,USA,IT,106520,9,vihaan.nair48@gmail.com,Active,2022-12-01
1849,Arjun Reddy,33,India,IT,55926,22,arjun.reddy49@company.com,Active,2018-01-21
1850,Aditya Singh,42,UK,IT,167249,23,aditya.singh50@gmail.com,Inactive,2021-03-17
1851,Diya Reddy,39,UK,Data,95952,11,diya.reddy51@company.com,Active,2025-05-09
1852,Reyansh Gupta,54,Canada,Sales,175240,8,reyansh.gupta52@yahoo.com,Inactive,2020-01-06
1853,Ananya Agarwal,34,USA,IT,152180,14,ananya.agarwal53@yahoo.com,Inactive,2019-09-25
1854,Aarav Malik,24,Canada,IT,168461,28,aarav.malik54@yahoo.com,Active,2025-05-11
1855,Muhammad Singh,47,USA,Finance,41364,17,muhammad.singh55@outlook.com,Active,2019-03-22
1856,Aditya Chopra,49,UK,IT,164133,19,aditya.chopra56@yahoo.com,Inactive,2018-10-14
1857,Ishaan Mehta,48,UK,IT,62033,0,ishaan.mehta57@company.com,Inactive,2020-05-17
1858,Aarav Verma,55,Germany,Marketing,83545,2,aarav.verma58@yahoo.com,Inactive,2019-10-27
1859,Aditi Agarwal,28,Germany,Sales,46865,7,aditi.agarwal59@yahoo.com,Active,2021-09-10
1860,Priya Khan,36,UK,Marketing,53936,30,priya.khan60@company.com,Inactive,2024-02-26
1861,Priya Nair,56,UK,Data,112863,7,priya.nair61@outlook.com,Active,2025-10-03
1862,Aditi Chopra,50,India,Finance,132788,14,aditi.chopra62@outlook.com,Inactive,2023-06-22
1863,Pooja Kapoor,38,India,Marketing,135614,21,pooja.kapoor63@gmail.com,Active,2018-05-28
1864,Vihaan Nair,22,Canada,Data,169813,31,vihaan.nair64@outlook.com,Inactive,2023-01-11
1865,Sneha Singh,33,Germany,HR,140589,4,sneha.singh65@gmail.com,Inactive,2024-08-11
1866,Reyansh Agarwal,24,Germany,Sales,124537,8,reyansh.agarwal66@gmail.com,Active,2024-03-18
1867,Aditya Verma,46,UK,IT,169911,14,aditya.verma67@yahoo.com,Active,2018-08-16
1868,Shaurya Sharma,45,UK,Marketing,140885,32,shaurya.sharma68@yahoo.com,Active,2018-11-02
1869,Ananya Malik,50,Canada,Marketing,54139,21,ananya.malik69@company.com,Active,2018-06-28
1870,Vihaan Gupta,31,Germany,IT,87749,10,vihaan.gupta70@yahoo.com,Active,2023-03-27
1871,Ananya Khan,27,India,IT,60036,5,ananya.khan71@company.com,Inactive,2022-02-08
1872,Aditi Khan,51,USA,Finance,138541,16,aditi.khan72@gmail.com,Active,2023-06-21
1873,Aditya Ghosh,30,Canada,Marketing,167812,4,aditya.ghosh73@outlook.com,Active,2019-02-21
1874,Aditya Reddy,59,USA,Marketing,93788,8,aditya.reddy74@outlook.com,Active,2025-04-11
1875,Meera Mukherjee,33,India,HR,66611,28,meera.mukherjee75@gmail.com,Active,2025-04-29
1876,Neha Sharma,51,India,Data,54481,22,neha.sharma76@gmail.com,Active,2023-12-11
1877,Priya Khan,27,USA,HR,40247,30,priya.khan77@outlook.com,Inactive,2024-05-21
1878,Meera Bansal,56,Canada,Marketing,60319,19,meera.bansal78@yahoo.com,Active,2025-07-17
1879,Reyansh Verma,40,USA,HR,58728,22,reyansh.verma79@gmail.com,Inactive,2022-11-11
1880,Vihaan Reddy,24,Canada,Marketing,134156,6,vihaan.reddy80@outlook.com,Active,2022-10-17
1881,Muhammad Ansari,27,Canada,Sales,121846,3,muhammad.ansari81@gmail.com,Active,2023-08-13
1882,Priya Ghosh,21,UK,Finance,77521,23,priya.ghosh82@outlook.com,Inactive,2025-09-08
1883,Pooja Malik,33,Germany,HR,99777,13,pooja.malik83@company.com,Active,2018-09-19
1884,Shaurya Iyer,42,Germany,Marketing,178209,24,shaurya.iyer84@yahoo.com,Active,2022-02-03
1885,Krishna Mehta,41,India,HR,122309,6,krishna.mehta85@company.com,Inactive,2018-11-28
1886,Vivaan Kapoor,42,UK,Data,65024,14,vivaan.kapoor86@yahoo.com,Inactive,2018-09-18
1887,Sneha Ghosh,48,Germany,Finance,52702,12,sneha.ghosh87@company.com,Active,2025-09-20
1888,Neha Patel,29,Canada,Sales,165225,18,neha.patel88@outlook.com,Inactive,2019-03-23
1889,Vivaan Chopra,46,Canada,IT,96071,11,vivaan.chopra89@yahoo.com,Active,2021-05-24
1890,Aarav Bansal,29,USA,IT,174570,25,aarav.bansal90@yahoo.com,Active,2020-02-12
1891,Aditya Iyer,35,USA,HR,112710,32,aditya.iyer91@company.com,Active,2024-12-01
1892,Meera Nair,30,Canada,Marketing,93456,14,meera.nair92@gmail.com,Inactive,2025-03-01
1893,Muhammad Mehta,44,Canada,Data,139280,5,muhammad.mehta93@company.com,Inactive,2025-12-24
1894,Aarav Ansari,28,USA,Finance,92158,24,aarav.ansari94@gmail.com,Active,2025-03-27
1895,Reyansh Iyer,44,Germany,Sales,158225,16,reyansh.iyer95@outlook.com,Active,2024-10-23
1896,Aditya Nair,36,India,Sales,165299,8,aditya.nair96@gmail.com,Inactive,2018-07-19
1897,Vihaan Iyer,46,USA,Sales,38911,27,vihaan.iyer97@yahoo.com,Active,2019-10-30
1898,Aditi Nair,47,Germany,IT,108876,34,aditi.nair98@yahoo.com,Inactive,2024-05-15
1899,Neha Malik,57,Germany,Finance,105412,2,neha.malik99@yahoo.com,Inactive,2021-03-04
1900,Aditya Ghosh,24,Germany,IT,98804,10,aditya.ghosh0@outlook.com,Inactive,2018-10-21
1901,Aditi Khan,44,UK,HR,96727,19,aditi.khan1@yahoo.com,Inactive,2024-03-02
1902,Diya Kapoor,39,UK,Sales,41440,22,diya.kapoor2@yahoo.com,Inactive,2022-09-17
1903,Diya Khan,56,Germany,Finance,178802,29,diya.khan3@company.com,Active,2018-03-26
1904,Kavya Verma,59,Canada,Sales,99792,11,kavya.verma4@company.com,Inactive,2018-10-20
1905,Ishaan Agarwal,30,UK,IT,63972,34,ishaan.agarwal5@outlook.com,Inactive,2024-09-03
1906,Kavya Malik,45,USA,IT,99385,33,kavya.malik6@gmail.com,Inactive,2021-03-07
1907,Krishna Malik,38,UK,IT,156257,3,krishna.malik7@gmail.com,Active,2019-02-15
1908,Sneha Verma,39,Canada,Sales,176221,23,sneha.verma8@outlook.com,Inactive,2019-05-24
1909,Arjun Mehta,56,India,Finance,90014,27,arjun.mehta9@yahoo.com,Inactive,2019-09-10
1910,Aditya Chopra,30,UK,Finance,73402,1,aditya.chopra10@gmail.com,Inactive,2020-12-16
1911,Pooja Bansal,53,Germany,HR,160679,4,pooja.bansal11@outlook.com,Active,2023-11-10
1912,Sneha Singh,25,Germany,Sales,117917,27,sneha.singh12@yahoo.com,Active,2020-02-23
1913,Pooja Verma,55,Germany,HR,132895,12,pooja.verma13@outlook.com,Active,2021-10-25
1914,Aditi Das,54,India,Data,166315,8,aditi.das14@outlook.com,Inactive,2025-03-03
1915,Priya Ghosh,53,Canada,HR,157655,29,priya.ghosh15@company.com,Inactive,2021-12-06
1916,Neha Roy,41,USA,HR,168486,26,neha.roy16@outlook.com,Active,2020-02-10
1917,Krishna Nair,37,Canada,HR,169928,12,krishna.nair17@outlook.com,Active,2023-05-31
1918,Shaurya Gupta,42,India,IT,106799,27,shaurya.gupta18@gmail.com,Inactive,2024-02-19
1919,Aditi Verma,57,Germany,Data,157626,17,aditi.verma19@outlook.com,Active,2021-02-14
1920,Riya Roy,35,Canada,HR,165551,33,riya.roy20@outlook.com,Active,2019-12-08
1921,Riya Roy,55,USA,Finance,93949,20,riya.roy21@yahoo.com,Active,2025-06-10
1922,Meera Patel,48,Germany,HR,76392,0,meera.patel22@company.com,Inactive,2021-07-22
1923,Vihaan Agarwal,27,USA,IT,178542,22,vihaan.agarwal23@yahoo.com,Active,2019-09-16
1924,Reyansh Khan,52,UK,Marketing,179844,33,reyansh.khan24@outlook.com,Active,2020-01-11
1925,Muhammad Ansari,31,USA,Data,119944,8,muhammad.ansari25@yahoo.com,Active,2018-07-16
1926,Arjun Verma,30,Germany,Marketing,159052,7,arjun.verma26@company.com,Inactive,2024-05-26
1927,Priya Gupta,29,UK,Marketing,179656,29,priya.gupta27@outlook.com,Inactive,2022-02-18
1928,Priya Ansari,34,Germany,Data,120376,17,priya.ansari28@gmail.com,Active,2020-02-05
1929,Arjun Mukherjee,33,Germany,Sales,139128,1,arjun.mukherjee29@gmail.com,Active,2021-12-05
1930,Ishaan Reddy,45,UK,Finance,47097,10,ishaan.reddy30@yahoo.com,Active,2021-12-17
1931,Aditya Gupta,22,USA,IT,152540,30,aditya.gupta31@outlook.com,Active,2021-08-14
1932,Aditi Ghosh,55,India,Data,157202,30,aditi.ghosh32@company.com,Active,2020-10-07
1933,Aditi Ghosh,27,India,Marketing,72693,23,aditi.ghosh33@company.com,Inactive,2018-03-29
1934,Ananya Malik,41,India,IT,86988,20,ananya.malik34@company.com,Active,2018-06-25
1935,Riya Agarwal,38,India,IT,84769,31,riya.agarwal35@gmail.com,Active,2024-05-14
1936,Aarav Mukherjee,23,Canada,Sales,160476,29,aarav.mukherjee36@gmail.com,Inactive,2021-09-28
1937,Sneha Das,59,India,Marketing,162266,7,sneha.das37@yahoo.com,Inactive,2021-08-13
1938,Priya Mehta,31,UK,HR,168541,32,priya.mehta38@outlook.com,Active,2024-10-07
1939,Priya Patel,59,India,IT,178540,0,priya.patel39@yahoo.com,Inactive,2021-12-10
1940,Arjun Roy,44,Germany,Marketing,163237,32,arjun.roy40@company.com,Inactive,2023-01-17
1941,Sneha Roy,39,India,IT,169237,12,sneha.roy41@gmail.com,Active,2018-02-02
1942,Vihaan Mehta,24,USA,Sales,92603,21,vihaan.mehta42@outlook.com,Active,2020-11-17
1943,Sneha Mehta,46,UK,Sales,78251,4,sneha.mehta43@gmail.com,Inactive,2018-07-28
1944,Shaurya Ghosh,58,UK,HR,82526,11,shaurya.ghosh44@company.com,Active,2025-04-03
1945,Diya Bansal,52,Canada,Sales,137734,28,diya.bansal45@company.com,Active,2022-06-06
1946,Ishaan Kapoor,59,Germany,Marketing,142542,2,ishaan.kapoor46@yahoo.com,Inactive,2018-09-05
1947,Neha Roy,56,UK,Data,63942,10,neha.roy47@gmail.com,Active,2025-12-04
1948,Meera Nair,57,USA,Sales,80017,25,meera.nair48@company.com,Inactive,2021-10-13
1949,Vivaan Khan,53,India,Data,95555,1,vivaan.khan49@yahoo.com,Inactive,2020-02-29
1950,Ishaan Kapoor,56,UK,HR,74365,28,ishaan.kapoor50@outlook.com,Inactive,2018-01-18
1951,Arjun Mukherjee,23,USA,Finance,167479,28,arjun.mukherjee51@gmail.com,Inactive,2024-03-10
1952,Meera Kapoor,29,India,IT,60976,18,meera.kapoor52@yahoo.com,Inactive,2022-10-13
1953,Vivaan Kapoor,28,Canada,IT,76969,9,vivaan.kapoor53@outlook.com,Active,2025-01-05
1954,Ananya Singh,53,UK,Marketing,50515,10,ananya.singh54@yahoo.com,Inactive,2021-01-22
1955,Vivaan Nair,26,UK,HR,171772,6,vivaan.nair55@gmail.com,Active,2020-05-06
1956,Ishaan Chopra,59,USA,HR,108663,12,ishaan.chopra56@outlook.com,Active,2025-10-25
1957,Aarav Reddy,24,Germany,HR,88379,1,aarav.reddy57@outlook.com,Inactive,2020-11-06
1958,Shaurya Iyer,33,Canada,IT,62391,29,shaurya.iyer58@yahoo.com,Active,2021-06-16
1959,Ishaan Nair,22,Germany,Sales,102081,21,ishaan.nair59@gmail.com,Inactive,2025-01-19
1960,Vihaan Singh,25,UK,IT,92284,0,vihaan.singh60@outlook.com,Inactive,2022-08-18
1961,Arjun Iyer,47,Germany,IT,117054,26,arjun.iyer61@outlook.com,Active,2024-02-03
1962,Kavya Reddy,52,India,IT,136163,6,kavya.reddy62@yahoo.com,Inactive,2018-10-25
1963,Ishaan Bansal,41,Canada,Sales,128590,0,ishaan.bansal63@company.com,Active,2020-12-22
1964,Meera Gupta,28,Germany,Finance,113593,24,meera.gupta64@company.com,Active,2020-09-24
1965,Muhammad Agarwal,58,India,Marketing,94485,3,muhammad.agarwal65@yahoo.com,Active,2025-10-15
1966,Muhammad Bansal,28,USA,Finance,69032,29,muhammad.bansal66@outlook.com,Inactive,2024-08-07
1967,Neha Das,23,Germany,Finance,53156,7,neha.das67@company.com,Active,2025-04-17
1968,Diya Verma,23,Canada,IT,84316,20,diya.verma68@yahoo.com,Inactive,2024-05-04
1969,Riya Khan,42,India,Finance,145916,3,riya.khan69@outlook.com,Active,2019-05-15
1970,Aditya Iyer,26,Germany,IT,148881,3,aditya.iyer70@outlook.com,Active,2020-07-02
1971,Riya Kapoor,22,USA,IT,128099,7,riya.kapoor71@outlook.com,Inactive,2018-08-05
1972,Arjun Das,43,Germany,Marketing,157441,25,arjun.das72@outlook.com,Active,2019-10-08
1973,Sneha Sharma,22,India,HR,128263,28,sneha.sharma73@outlook.com,Active,2020-10-01
1974,Reyansh Ansari,58,Germany,IT,140118,15,reyansh.ansari74@outlook.com,Active,2021-08-02
1975,Muhammad Verma,37,Canada,Finance,94235,18,muhammad.verma75@gmail.com,Inactive,2025-02-06
1976,Krishna Verma,55,UK,Marketing,87904,0,krishna.verma76@outlook.com,Inactive,2025-08-02
1977,Kavya Verma,54,India,Data,116721,33,kavya.verma77@gmail.com,Active,2022-09-18
1978,Diya Ansari,43,India,Data,152920,28,diya.ansari78@outlook.com,Active,2020-08-25
1979,Ishaan Chopra,50,India,Data,108130,26,ishaan.chopra79@yahoo.com,Inactive,2025-07-03
1980,Kavya Das,28,India,Finance,173271,29,kavya.das80@company.com,Inactive,2020-02-23
1981,Aditi Mehta,42,Germany,HR,170552,5,aditi.mehta81@gmail.com,Inactive,2020-07-10
1982,Aarav Singh,56,Canada,Sales,37607,1,aarav.singh82@outlook.com,Active,2022-01-12
1983,Diya Nair,25,USA,HR,109116,13,diya.nair83@outlook.com,Active,2022-09-17
1984,Meera Agarwal,33,Canada,Marketing,52173,7,meera.agarwal84@gmail.com,Inactive,2023-09-06
1985,Reyansh Nair,49,India,HR,69262,2,reyansh.nair85@outlook.com,Inactive,2022-02-24
1986,Sneha Ghosh,51,Germany,Data,82156,34,sneha.ghosh86@gmail.com,Active,2024-04-28
1987,Diya Chopra,36,Germany,HR,134124,26,diya.chopra87@outlook.com,Active,2019-10-09
1988,Reyansh Malik,50,India,Marketing,154828,33,reyansh.malik88@outlook.com,Inactive,2025-06-29
1989,Aditya Iyer,36,Germany,Marketing,112764,27,aditya.iyer89@yahoo.com,Inactive,2025-01-13
1990,Aarav Kapoor,32,India,Data,163855,30,aarav.kapoor90@company.com,Active,2021-02-07
1991,Vivaan Khan,37,Canada,Finance,152057,16,vivaan.khan91@company.com,Inactive,2021-12-27
1992,Sneha Ansari,36,UK,IT,99314,18,sneha.ansari92@company.com,Active,2022-02-11
1993,Krishna Singh,32,Germany,Sales,128242,10,krishna.singh93@gmail.com,Active,2019-09-16
1994,Muhammad Malik,28,India,Sales,65466,8,muhammad.malik94@gmail.com,Active,2022-06-25
1995,Priya Das,40,India,Data,151151,29,priya.das95@company.com,Inactive,2022-12-15
1996,Aarav Sharma,23,Germany,Sales,151595,5,aarav.sharma96@company.com,Active,2018-09-24
1997,Neha Patel,36,USA,HR,123121,13,neha.patel97@yahoo.com,Inactive,2020-02-17
1998,Reyansh Mukherjee,50,India,Marketing,59279,30,reyansh.mukherjee98@gmail.com,Inactive,2019-10-30
1999,Aarav Singh,43,Germany,Marketing,46837,10,aarav.singh99@company.com,Active,2018-02-23
2000,Ishaan Mukherjee,48,India,Data,59209,4,ishaan.mukherjee0@company.com,Inactive,2025-09-22
2001,Shaurya Malik,25,USA,Marketing,47220,30,shaurya.malik1@outlook.com,Active,2019-01-30
2002,Priya Kapoor,40,UK,IT,170037,1,priya.kapoor2@company.com,Inactive,2019-05-27
2003,Diya Agarwal,21,USA,Marketing,139304,16,diya.agarwal3@yahoo.com,Active,2020-03-11
2004,Ishaan Ansari,50,Canada,Marketing,76920,2,ishaan.ansari4@yahoo.com,Active,2018-11-21
2005,Kavya Iyer,41,Germany,HR,96544,28,kavya.iyer5@outlook.com,Active,2018-04-06
2006,Riya Mukherjee,40,USA,Finance,163260,32,riya.mukherjee6@gmail.com,Active,2023-07-20
2007,Aditi Roy,26,UK,Sales,160534,13,aditi.roy7@outlook.com,Active,2018-06-23
2008,Vihaan Sharma,42,India,HR,128406,28,vihaan.sharma8@yahoo.com,Inactive,2018-12-10
2009,Riya Chopra,38,Germany,HR,117909,22,riya.chopra9@yahoo.com,Inactive,2024-03-02
2010,Pooja Mukherjee,28,USA,HR,129691,16,pooja.mukherjee10@outlook.com,Active,2018-02-24
2011,Meera Iyer,59,UK,Sales,147958,10,meera.iyer11@gmail.com,Inactive,2022-11-06
2012,Shaurya Mehta,52,USA,Data,134010,27,shaurya.mehta12@gmail.com,Inactive,2019-12-11
2013,Neha Gupta,53,Canada,HR,58036,6,neha.gupta13@outlook.com,Active,2024-03-23
2014,Ananya Malik,36,Germany,Finance,161995,7,ananya.malik14@outlook.com,Active,2022-06-29
2015,Ananya Malik,32,India,Data,100322,28,ananya.malik15@yahoo.com,Active,2022-12-20
2016,Ishaan Iyer,58,UK,Marketing,39847,24,ishaan.iyer16@company.com,Active,2022-09-10
2017,Muhammad Patel,54,USA,Finance,85772,6,muhammad.patel17@outlook.com,Active,2024-06-07
2018,Riya Singh,34,Germany,Data,47893,21,riya.singh18@outlook.com,Inactive,2018-08-08
2019,Vivaan Mukherjee,56,USA,Marketing,170721,8,vivaan.mukherjee19@gmail.com,Inactive,2019-03-04
2020,Aditi Reddy,53,Germany,Marketing,46613,10,aditi.reddy20@outlook.com,Inactive,2018-05-21
2021,Arjun Sharma,43,Canada,HR,88833,33,arjun.sharma21@yahoo.com,Active,2024-11-07
2022,Neha Iyer,22,USA,HR,97423,26,neha.iyer22@outlook.com,Inactive,2023-05-22
2023,Ishaan Bansal,41,Canada,Sales,124964,21,ishaan.bansal23@gmail.com,Active,2024-01-02
2024,Aditi Kapoor,22,UK,IT,153268,2,aditi.kapoor24@outlook.com,Active,2025-01-17
2025,Vivaan Roy,47,Canada,Finance,147242,7,vivaan.roy25@yahoo.com,Active,2018-06-07
2026,Sneha Ansari,29,Germany,Sales,123069,5,sneha.ansari26@company.com,Active,2018-04-15
2027,Ananya Singh,21,UK,Sales,110642,24,ananya.singh27@gmail.com,Inactive,2025-08-21
2028,Pooja Nair,31,USA,Finance,115984,1,pooja.nair28@gmail.com,Active,2023-05-04
2029,Diya Das,23,USA,Data,113669,15,diya.das29@gmail.com,Inactive,2018-10-16
2030,Shaurya Khan,43,Germany,Finance,179780,20,shaurya.khan30@company.com,Active,2019-09-24
2031,Pooja Khan,46,India,Marketing,172162,14,pooja.khan31@outlook.com,Inactive,2021-04-23
2032,Shaurya Mehta,24,India,IT,127170,33,shaurya.mehta32@outlook.com,Inactive,2021-05-25
2033,Neha Patel,38,USA,Data,126757,19,neha.patel33@outlook.com,Active,2020-11-20
2034,Ishaan Ghosh,26,Germany,HR,146088,30,ishaan.ghosh34@yahoo.com,Inactive,2018-10-06
2035,Reyansh Reddy,55,India,IT,115928,14,reyansh.reddy35@gmail.com,Inactive,2018-08-13
2036,Aditya Singh,42,Canada,IT,135840,27,aditya.singh36@yahoo.com,Active,2023-03-22
2037,Diya Singh,35,USA,HR,119431,5,diya.singh37@gmail.com,Inactive,2022-09-07
2038,Shaurya Bansal,42,Canada,IT,41768,2,shaurya.bansal38@company.com,Inactive,2018-03-25
2039,Ananya Chopra,57,Germany,Data,148661,22,ananya.chopra39@company.com,Inactive,2022-05-11
2040,Ishaan Roy,32,Canada,Data,166692,2,ishaan.roy40@yahoo.com,Active,2023-11-10
2041,Shaurya Agarwal,58,India,Data,54118,7,shaurya.agarwal41@company.com,Active,2018-01-08
2042,Vihaan Nair,38,India,Sales,160551,1,vihaan.nair42@gmail.com,Inactive,2022-07-13
2043,Vivaan Roy,55,UK,Sales,45200,6,vivaan.roy43@company.com,Inactive,2019-04-24
2044,Sneha Mukherjee,50,USA,Data,134066,16,sneha.mukherjee44@company.com,Inactive,2018-04-18
2045,Aditya Nair,44,Germany,HR,93704,6,aditya.nair45@yahoo.com,Inactive,2021-07-18
2046,Muhammad Das,50,USA,HR,88487,32,muhammad.das46@yahoo.com,Active,2024-04-03
2047,Vihaan Kapoor,34,Canada,Finance,148373,3,vihaan.kapoor47@company.com,Inactive,2023-07-08
2048,Riya Iyer,26,Germany,Finance,64840,15,riya.iyer48@gmail.com,Inactive,2025-01-20
2049,Priya Verma,23,Germany,Data,53435,20,priya.verma49@outlook.com,Inactive,2022-06-16
2050,Arjun Patel,36,India,IT,82897,17,arjun.patel50@yahoo.com,Active,2019-09-21
2051,Muhammad Reddy,27,Canada,IT,156677,27,muhammad.reddy51@gmail.com,Inactive,2021-11-11
2052,Priya Roy,34,India,HR,63484,15,priya.roy52@company.com,Inactive,2021-05-27
2053,Kavya Patel,29,India,IT,172125,21,kavya.patel53@yahoo.com,Active,2022-01-28
2054,Ananya Khan,35,UK,Marketing,162069,5,ananya.khan54@outlook.com,Inactive,2021-03-18
2055,Aditya Nair,41,India,Sales,164548,29,aditya.nair55@company.com,Inactive,2021-10-12
2056,Ananya Khan,55,USA,IT,168617,27,ananya.khan56@outlook.com,Inactive,2023-10-03
2057,Ananya Verma,22,Germany,IT,130495,16,ananya.verma57@company.com,Active,2021-03-08
2058,Aarav Agarwal,47,India,Finance,112213,11,aarav.agarwal58@outlook.com,Active,2022-08-21
2059,Ishaan Ansari,22,USA,Marketing,43560,11,ishaan.ansari59@yahoo.com,Inactive,2023-02-25
2060,Reyansh Roy,55,Canada,IT,169734,28,reyansh.roy60@gmail.com,Inactive,2025-08-28
2061,Reyansh Nair,38,Germany,Sales,149041,1,reyansh.nair61@outlook.com,Active,2019-03-03
2062,Aditya Patel,34,Canada,IT,74497,28,aditya.patel62@outlook.com,Active,2024-12-20
2063,Meera Bansal,40,USA,HR,87606,29,meera.bansal63@yahoo.com,Inactive,2021-08-08
2064,Priya Kapoor,38,Canada,Marketing,97112,24,priya.kapoor64@gmail.com,Inactive,2024-07-21
2065,Priya Nair,30,Canada,IT,113334,20,priya.nair65@yahoo.com,Inactive,2019-05-26
2066,Aditi Sharma,45,Canada,Marketing,105344,21,aditi.sharma66@company.com,Active,2019-03-17
2067,Vivaan Ghosh,22,India,IT,43048,9,vivaan.ghosh67@company.com,Active,2022-11-05
2068,Muhammad Chopra,45,India,Sales,113643,30,muhammad.chopra68@yahoo.com,Active,2022-07-14
2069,Aarav Reddy,53,India,Sales,172592,8,aarav.reddy69@yahoo.com,Active,2020-07-10
2070,Riya Ansari,56,Germany,Marketing,64476,33,riya.ansari70@outlook.com,Active,2023-07-20
2071,Aarav Sharma,51,USA,Data,170555,22,aarav.sharma71@outlook.com,Inactive,2025-08-01
2072,Krishna Singh,34,India,Finance,91123,11,krishna.singh72@company.com,Inactive,2024-03-25
2073,Diya Iyer,21,Canada,Finance,145831,6,diya.iyer73@outlook.com,Inactive,2025-04-11
2074,Arjun Mehta,36,Canada,HR,74887,31,arjun.mehta74@outlook.com,Active,2025-11-15
2075,Aditi Das,23,Canada,Data,123780,18,aditi.das75@company.com,Inactive,2021-01-18
2076,Sneha Iyer,55,Canada,Finance,138739,21,sneha.iyer76@gmail.com,Active,2020-02-29
2077,Reyansh Gupta,26,UK,Marketing,96055,15,reyansh.gupta77@outlook.com,Active,2019-01-31
2078,Vivaan Iyer,45,Germany,Finance,53327,7,vivaan.iyer78@gmail.com,Inactive,2020-04-07
2079,Shaurya Agarwal,33,USA,HR,135023,29,shaurya.agarwal79@outlook.com,Inactive,2019-07-19
2080,Riya Mukherjee,54,USA,IT,175238,5,riya.mukherjee80@gmail.com,Inactive,2024-01-13
2081,Riya Reddy,28,India,Finance,131279,1,riya.reddy81@gmail.com,Inactive,2020-03-02
2082,Priya Patel,41,UK,Marketing,44042,33,priya.patel82@gmail.com,Inactive,2019-05-18
2083,Ananya Nair,54,USA,Marketing,178041,28,ananya.nair83@gmail.com,Active,2020-02-20
2084,Diya Ansari,24,Germany,HR,107739,19,diya.ansari84@company.com,Active,2018-11-30
2085,Reyansh Kapoor,45,Canada,HR,98588,2,reyansh.kapoor85@gmail.com,Active,2019-05-06
2086,Aarav Singh,35,India,Sales,170713,34,aarav.singh86@outlook.com,Inactive,2022-06-19
2087,Krishna Patel,24,Germany,Sales,63536,7,krishna.patel87@yahoo.com,Inactive,2024-07-03
2088,Muhammad Sharma,32,USA,Sales,49546,11,muhammad.sharma88@company.com,Inactive,2023-08-11
2089,Sneha Das,52,UK,IT,150429,31,sneha.das89@gmail.com,Inactive,2021-10-15
2090,Reyansh Mehta,52,India,Marketing,133895,28,reyansh.mehta90@gmail.com,Active,2025-04-28
2091,Diya Verma,48,USA,Sales,135523,20,diya.verma91@company.com,Inactive,2024-02-13
2092,Aditi Malik,33,India,Marketing,44029,2,aditi.malik92@gmail.com,Inactive,2024-05-05
2093,Pooja Mukherjee,51,USA,HR,177394,26,pooja.mukherjee93@company.com,Inactive,2023-12-11
2094,Vivaan Mukherjee,34,Canada,IT,142029,2,vivaan.mukherjee94@yahoo.com,Inactive,2019-07-06
2095,Vivaan Mehta,40,UK,HR,154148,0,vivaan.mehta95@gmail.com,Inactive,2021-05-27
2096,Aarav Verma,38,Canada,Marketing,47654,19,aarav.verma96@outlook.com,Active,2021-12-10
2097,Vihaan Bansal,49,USA,Data,91663,6,vihaan.bansal97@outlook.com,Inactive,2021-04-24
2098,Kavya Kapoor,26,Germany,Data,173580,0,kavya.kapoor98@yahoo.com,Inactive,2025-03-20
2099,Vihaan Ghosh,52,Canada,Sales,57132,9,vihaan.ghosh99@gmail.com,Inactive,2018-12-02
2100,Ishaan Nair,49,Germany,Data,100800,11,ishaan.nair0@yahoo.com,Active,2019-01-25
2101,Arjun Ansari,22,USA,HR,146653,3,arjun.ansari1@yahoo.com,Inactive,2024-06-09
2102,Aarav Iyer,43,UK,Data,151722,6,aarav.iyer2@outlook.com,Active,2025-12-06
2103,Priya Mehta,39,Germany,Finance,152890,9,priya.mehta3@yahoo.com,Active,2022-08-30
2104,Riya Malik,51,USA,IT,155885,21,riya.malik4@gmail.com,Inactive,2022-03-16
2105,Meera Mukherjee,25,Germany,Marketing,102607,24,meera.mukherjee5@company.com,Inactive,2023-06-21
2106,Arjun Bansal,39,Canada,Sales,82736,28,arjun.bansal6@gmail.com,Inactive,2022-12-03
2107,Vihaan Das,54,USA,HR,42840,14,vihaan.das7@outlook.com,Inactive,2020-08-29
2108,Meera Mehta,30,Canada,IT,64654,18,meera.mehta8@outlook.com,Active,2018-08-14
2109,Shaurya Mehta,45,India,Sales,112385,17,shaurya.mehta9@outlook.com,Active,2023-01-19
2110,Vihaan Nair,22,USA,HR,172702,2,vihaan.nair10@company.com,Active,2025-01-04
2111,Muhammad Mukherjee,31,Germany,Data,48008,5,muhammad.mukherjee11@company.com,Active,2018-01-29
2112,Muhammad Malik,51,India,Marketing,103395,21,muhammad.malik12@yahoo.com,Inactive,2019-08-27
2113,Riya Ansari,35,Canada,Finance,168465,30,riya.ansari13@outlook.com,Inactive,2020-08-22
2114,Diya Bansal,29,Canada,Finance,114627,20,diya.bansal14@outlook.com,Active,2020-09-07
2115,Shaurya Khan,43,Germany,Data,135354,7,shaurya.khan15@company.com,Active,2025-04-16
2116,Vivaan Ghosh,39,India,Marketing,103657,0,vivaan.ghosh16@outlook.com,Active,2020-10-09
2117,Neha Ansari,29,UK,IT,109652,2,neha.ansari17@outlook.com,Active,2022-07-17
2118,Neha Reddy,55,Germany,Marketing,105507,28,neha.reddy18@gmail.com,Inactive,2019-12-26
2119,Krishna Sharma,41,Canada,Data,165007,5,krishna.sharma19@yahoo.com,Active,2024-11-24
2120,Aarav Gupta,29,USA,HR,161162,32,aarav.gupta20@yahoo.com,Active,2019-11-20
2121,Vihaan Roy,48,India,IT,64644,17,vihaan.roy21@outlook.com,Active,2024-06-20
2122,Neha Patel,27,UK,Finance,71122,0,neha.patel22@outlook.com,Active,2020-06-27
2123,Aditya Das,36,USA,Data,169469,21,aditya.das23@gmail.com,Inactive,2025-02-17
2124,Aditya Mehta,36,India,HR,153456,30,aditya.mehta24@company.com,Active,2024-05-15
2125,Ishaan Singh,53,Germany,Data,112948,22,ishaan.singh25@outlook.com,Active,2021-08-04
2126,Kavya Iyer,24,Germany,Sales,87133,7,kavya.iyer26@company.com,Active,2020-04-19
2127,Ishaan Agarwal,24,India,Sales,83519,28,ishaan.agarwal27@yahoo.com,Active,2024-08-11
2128,Vivaan Mehta,59,UK,Sales,106057,18,vivaan.mehta28@yahoo.com,Active,2018-11-27
2129,Reyansh Verma,37,India,Finance,64151,15,reyansh.verma29@company.com,Inactive,2019-02-01
2130,Shaurya Chopra,57,USA,Marketing,169544,18,shaurya.chopra30@outlook.com,Active,2023-01-19
2131,Ananya Bansal,59,USA,IT,86769,21,ananya.bansal31@outlook.com,Active,2025-10-06
2132,Vihaan Mehta,49,Germany,Finance,171553,18,vihaan.mehta32@gmail.com,Active,2019-01-20
2133,Vivaan Sharma,56,India,HR,59265,3,vivaan.sharma33@outlook.com,Active,2023-01-23
2134,Arjun Khan,58,Germany,HR,87744,4,arjun.khan34@outlook.com,Inactive,2022-05-21
2135,Ananya Chopra,59,UK,Sales,141927,4,ananya.chopra35@yahoo.com,Inactive,2025-02-18
2136,Kavya Mukherjee,57,USA,IT,155742,24,kavya.mukherjee36@yahoo.com,Inactive,2018-09-20
2137,Ishaan Gupta,55,Canada,Sales,58656,23,ishaan.gupta37@yahoo.com,Active,2024-09-21
2138,Diya Reddy,27,Canada,HR,44304,0,diya.reddy38@company.com,Inactive,2020-08-01
2139,Reyansh Mehta,47,India,HR,121616,27,reyansh.mehta39@gmail.com,Active,2020-09-16
2140,Aditi Kapoor,48,India,Marketing,80911,20,aditi.kapoor40@yahoo.com,Inactive,2020-12-02
2141,Kavya Malik,42,Canada,Marketing,78013,18,kavya.malik41@company.com,Inactive,2022-11-21
2142,Aditi Nair,34,India,Marketing,112981,22,aditi.nair42@yahoo.com,Inactive,2020-04-26
2143,Priya Khan,27,USA,Sales,75314,13,priya.khan43@gmail.com,Inactive,2020-11-25
2144,Vihaan Patel,57,UK,Data,57857,5,vihaan.patel44@yahoo.com,Active,2022-01-21
2145,Vivaan Khan,42,UK,IT,74420,31,vivaan.khan45@company.com,Inactive,2022-03-23
2146,Vihaan Bansal,25,Germany,Marketing,156015,31,vihaan.bansal46@gmail.com,Inactive,2022-04-11
2147,Sneha Nair,22,USA,Finance,62734,7,sneha.nair47@outlook.com,Active,2021-10-18
2148,Sneha Agarwal,47,India,Marketing,71219,21,sneha.agarwal48@gmail.com,Inactive,2021-02-18
2149,Reyansh Mukherjee,41,India,Sales,101972,7,reyansh.mukherjee49@yahoo.com,Inactive,2024-12-19
2150,Aditi Chopra,58,Germany,IT,157775,9,aditi.chopra50@company.com,Inactive,2024-01-15
2151,Meera Sharma,35,Germany,Marketing,90813,2,meera.sharma51@yahoo.com,Active,2021-07-04
2152,Arjun Nair,41,India,IT,177079,12,arjun.nair52@gmail.com,Active,2022-05-18
2153,Neha Mehta,30,India,Finance,113649,29,neha.mehta53@yahoo.com,Inactive,2024-05-07
2154,Priya Agarwal,43,USA,HR,137715,3,priya.agarwal54@outlook.com,Inactive,2023-06-06
2155,Vivaan Gupta,59,Germany,IT,39841,5,vivaan.gupta55@company.com,Active,2018-11-09
2156,Ishaan Reddy,25,USA,Data,119647,15,ishaan.reddy56@company.com,Active,2021-02-14
2157,Aarav Das,21,India,Marketing,111629,21,aarav.das57@yahoo.com,Inactive,2023-04-26
2158,Sneha Roy,33,Canada,Sales,108082,26,sneha.roy58@outlook.com,Active,2024-07-20
2159,Krishna Reddy,41,Canada,Data,92804,20,krishna.reddy59@company.com,Inactive,2021-04-16
2160,Riya Das,46,India,Data,87006,28,riya.das60@company.com,Active,2023-12-05
2161,Meera Mehta,41,Germany,Sales,159582,0,meera.mehta61@outlook.com,Active,2022-08-27
2162,Priya Singh,38,Canada,Sales,115020,29,priya.singh62@outlook.com,Inactive,2022-11-14
2163,Neha Chopra,57,Germany,Sales,165328,23,neha.chopra63@yahoo.com,Inactive,2018-06-23
2164,Aditi Patel,52,Canada,Data,49101,12,aditi.patel64@company.com,Inactive,2020-01-19
2165,Pooja Mukherjee,56,Germany,IT,48261,29,pooja.mukherjee65@outlook.com,Active,2024-01-12
2166,Vivaan Sharma,37,Canada,Sales,179281,25,vivaan.sharma66@yahoo.com,Inactive,2022-08-10
2167,Reyansh Das,55,Germany,HR,63647,33,reyansh.das67@outlook.com,Inactive,2025-03-27
2168,Neha Nair,31,USA,Data,174293,19,neha.nair68@company.com,Active,2022-12-13
2169,Reyansh Gupta,41,Germany,Data,120413,5,reyansh.gupta69@company.com,Active,2022-03-14
2170,Neha Reddy,46,USA,Data,60557,8,neha.reddy70@company.com,Inactive,2024-06-15
2171,Krishna Reddy,24,USA,Finance,173598,15,krishna.reddy71@yahoo.com,Active,2024-03-31
2172,Ishaan Verma,54,India,IT,138585,3,ishaan.verma72@outlook.com,Inactive,2024-01-19
2173,Riya Singh,38,USA,IT,167323,31,riya.singh73@outlook.com,Active,2025-07-01
2174,Pooja Kapoor,55,UK,Sales,67588,19,pooja.kapoor74@yahoo.com,Active,2018-10-19
2175,Aditi Singh,49,USA,Data,41889,28,aditi.singh75@outlook.com,Active,2018-05-07
2176,Aditya Agarwal,49,Germany,Data,146688,30,aditya.agarwal76@gmail.com,Active,2025-07-03
2177,Kavya Roy,58,USA,Sales,145990,16,kavya.roy77@company.com,Inactive,2025-04-03
2178,Kavya Gupta,41,Germany,IT,64146,24,kavya.gupta78@gmail.com,Active,2021-01-22
2179,Neha Agarwal,33,Germany,Sales,87318,15,neha.agarwal79@company.com,Inactive,2023-05-05
2180,Ananya Mehta,37,UK,Sales,72638,19,ananya.mehta80@yahoo.com,Active,2021-01-17
2181,Neha Sharma,29,USA,Sales,36147,9,neha.sharma81@gmail.com,Inactive,2024-09-01
2182,Vihaan Kapoor,21,USA,Sales,168919,22,vihaan.kapoor82@outlook.com,Inactive,2025-09-28
2183,Priya Verma,22,Canada,Sales,120770,32,priya.verma83@outlook.com,Active,2024-04-15
2184,Pooja Ghosh,49,Canada,Marketing,95335,12,pooja.ghosh84@gmail.com,Inactive,2018-06-30
2185,Aarav Gupta,53,India,Marketing,99347,24,aarav.gupta85@yahoo.com,Inactive,2020-12-20
2186,Meera Mukherjee,30,Germany,Data,151830,23,meera.mukherjee86@outlook.com,Inactive,2021-03-16
2187,Shaurya Das,41,UK,Data,51003,5,shaurya.das87@outlook.com,Inactive,2025-07-06
2188,Pooja Ansari,48,Canada,Marketing,52710,14,pooja.ansari88@yahoo.com,Inactive,2022-12-06
2189,Kavya Reddy,31,USA,IT,100657,33,kavya.reddy89@gmail.com,Inactive,2024-05-17
2190,Diya Verma,54,India,Finance,147286,3,diya.verma90@gmail.com,Active,2022-05-09
2191,Krishna Agarwal,28,UK,IT,55655,13,krishna.agarwal91@yahoo.com,Inactive,2021-02-09
2192,Ananya Ghosh,42,USA,Data,174555,3,ananya.ghosh92@company.com,Inactive,2022-09-07
2193,Meera Mukherjee,28,USA,Marketing,75094,27,meera.mukherjee93@outlook.com,Inactive,2024-06-02
2194,Neha Chopra,35,Germany,IT,153116,28,neha.chopra94@gmail.com,Active,2019-11-22
2195,Kavya Mehta,37,Germany,Finance,81316,17,kavya.mehta95@outlook.com,Active,2019-07-16
2196,Vihaan Singh,43,Canada,Sales,53556,19,vihaan.singh96@yahoo.com,Active,2024-06-16
2197,Aarav Reddy,44,Canada,HR,73754,31,aarav.reddy97@yahoo.com,Inactive,2019-01-25
2198,Diya Iyer,39,USA,Marketing,137211,7,diya.iyer98@company.com,Active,2023-08-16
2199,Pooja Das,25,USA,Marketing,89376,12,pooja.das99@outlook.com,Active,2025-07-13
2200,Diya Mehta,52,Canada,Finance,179425,8,diya.mehta0@company.com,Active,2019-06-14
2201,Vivaan Khan,21,Canada,Sales,120388,32,vivaan.khan1@outlook.com,Inactive,2018-06-08
2202,Neha Patel,43,USA,Sales,48771,11,neha.patel2@company.com,Active,2022-08-07
2203,Priya Mehta,57,UK,HR,101026,24,priya.mehta3@outlook.com,Active,2020-08-09
2204,Ishaan Mukherjee,28,USA,Sales,162540,24,ishaan.mukherjee4@company.com,Inactive,2021-05-03
2205,Muhammad Ansari,33,UK,Finance,170335,15,muhammad.ansari5@outlook.com,Inactive,2018-08-18
2206,Vihaan Kapoor,28,UK,Data,173841,15,vihaan.kapoor6@yahoo.com,Active,2022-03-10
2207,Muhammad Agarwal,43,USA,Sales,177707,34,muhammad.agarwal7@outlook.com,Inactive,2022-09-22
2208,Muhammad Reddy,21,India,Data,100110,22,muhammad.reddy8@gmail.com,Active,2019-11-23
2209,Vihaan Bansal,44,Canada,Data,167976,7,vihaan.bansal9@company.com,Inactive,2018-05-13
2210,Vivaan Roy,55,Germany,Finance,105805,2,vivaan.roy10@company.com,Active,2020-08-06
2211,Vihaan Agarwal,44,USA,Marketing,65968,23,vihaan.agarwal11@gmail.com,Inactive,2022-10-10
2212,Kavya Roy,37,UK,Marketing,36650,21,kavya.roy12@yahoo.com,Inactive,2022-08-08
2213,Riya Patel,25,USA,Marketing,47467,13,riya.patel13@yahoo.com,Inactive,2024-01-16
2214,Neha Sharma,40,Canada,IT,136495,21,neha.sharma14@gmail.com,Active,2021-07-19
2215,Riya Verma,41,UK,Marketing,133331,33,riya.verma15@yahoo.com,Active,2025-01-24
2216,Pooja Bansal,51,Germany,Finance,70518,30,pooja.bansal16@gmail.com,Active,2025-06-21
2217,Sneha Nair,56,Germany,HR,39357,20,sneha.nair17@outlook.com,Inactive,2024-05-31
2218,Riya Khan,31,Germany,Sales,128837,4,riya.khan18@outlook.com,Inactive,2020-03-31
2219,Sneha Khan,35,India,Marketing,45865,18,sneha.khan19@gmail.com,Active,2021-09-15
2220,Arjun Mehta,39,UK,IT,149559,20,arjun.mehta20@outlook.com,Inactive,2022-12-29
2221,Aditi Mukherjee,27,UK,Data,103368,1,aditi.mukherjee21@gmail.com,Active,2024-05-17
2222,Meera Reddy,48,India,IT,136413,2,meera.reddy22@gmail.com,Active,2021-12-31
2223,Riya Kapoor,25,UK,Finance,96039,29,riya.kapoor23@yahoo.com,Active,2020-12-23
2224,Priya Mukherjee,25,India,HR,131939,33,priya.mukherjee24@outlook.com,Inactive,2018-12-25
2225,Krishna Malik,50,USA,Marketing,168993,24,krishna.malik25@outlook.com,Active,2020-10-09
2226,Aditi Reddy,52,Canada,Marketing,134737,34,aditi.reddy26@gmail.com,Active,2021-06-06
2227,Shaurya Agarwal,28,Germany,IT,39428,28,shaurya.agarwal27@gmail.com,Active,2021-01-20
2228,Arjun Patel,30,India,Finance,123783,11,arjun.patel28@outlook.com,Active,2025-12-04
2229,Priya Mukherjee,58,India,IT,148823,22,priya.mukherjee29@outlook.com,Active,2025-05-19
2230,Riya Iyer,52,India,IT,87557,27,riya.iyer30@gmail.com,Inactive,2018-01-01
2231,Pooja Reddy,48,USA,HR,130983,16,pooja.reddy31@outlook.com,Inactive,2024-06-20
2232,Pooja Ansari,37,India,Finance,149039,15,pooja.ansari32@gmail.com,Active,2021-08-07
2233,Muhammad Ansari,51,Canada,HR,178438,8,muhammad.ansari33@yahoo.com,Active,2021-06-23
2234,Meera Iyer,28,Canada,Finance,81923,2,meera.iyer34@yahoo.com,Active,2021-06-17
2235,Diya Patel,45,Germany,Marketing,153602,21,diya.patel35@gmail.com,Active,2024-12-03
2236,Reyansh Das,29,USA,Sales,110511,30,reyansh.das36@yahoo.com,Inactive,2025-05-25
2237,Pooja Reddy,22,Canada,Data,153410,13,pooja.reddy37@outlook.com,Inactive,2022-03-21
2238,Vihaan Chopra,35,UK,Sales,168714,2,vihaan.chopra38@company.com,Active,2020-04-27
2239,Pooja Nair,23,UK,Finance,140881,22,pooja.nair39@company.com,Inactive,2020-02-28
2240,Sneha Roy,56,UK,Sales,179921,20,sneha.roy40@company.com,Inactive,2024-06-19
2241,Priya Ghosh,24,India,IT,137015,23,priya.ghosh41@company.com,Active,2023-12-27
2242,Shaurya Bansal,34,India,Marketing,56214,31,shaurya.bansal42@yahoo.com,Active,2019-05-13
2243,Aarav Das,45,UK,Data,41680,4,aarav.das43@gmail.com,Active,2023-12-09
2244,Vihaan Sharma,30,Germany,Data,178579,32,vihaan.sharma44@gmail.com,Active,2024-11-17
2245,Aditi Patel,41,Germany,Data,152028,18,aditi.patel45@gmail.com,Active,2021-04-15
2246,Vivaan Verma,56,India,Marketing,109955,33,vivaan.verma46@yahoo.com,Inactive,2024-08-08
2247,Muhammad Malik,32,UK,Sales,151416,2,muhammad.malik47@yahoo.com,Inactive,2022-03-02
2248,Reyansh Iyer,47,Germany,Data,153273,27,reyansh.iyer48@gmail.com,Inactive,2018-06-10
2249,Ishaan Patel,22,India,Data,84353,10,ishaan.patel49@company.com,Inactive,2019-10-26
2250,Vivaan Iyer,33,UK,Finance,139289,9,vivaan.iyer50@yahoo.com,Active,2020-08-24
2251,Muhammad Ghosh,52,USA,IT,79233,1,muhammad.ghosh51@yahoo.com,Inactive,2019-07-04
2252,Vivaan Chopra,51,UK,Finance,173944,26,vivaan.chopra52@outlook.com,Active,2020-12-09
2253,Kavya Mehta,36,UK,Sales,42839,8,kavya.mehta53@gmail.com,Inactive,2020-01-17
2254,Meera Ghosh,52,Canada,Marketing,172931,0,meera.ghosh54@gmail.com,Active,2023-11-07
2255,Krishna Ghosh,52,Canada,Marketing,113840,32,krishna.ghosh55@company.com,Inactive,2020-06-11
2256,Aditi Singh,54,USA,Finance,155029,32,aditi.singh56@outlook.com,Inactive,2025-07-31
2257,Riya Iyer,31,USA,HR,104516,2,riya.iyer57@company.com,Inactive,2021-06-02
2258,Vivaan Kapoor,30,UK,Finance,84620,31,vivaan.kapoor58@company.com,Active,2024-08-30
2259,Aditi Bansal,35,Germany,HR,35425,12,aditi.bansal59@company.com,Active,2021-04-05
2260,Ananya Ghosh,37,USA,Finance,108677,20,ananya.ghosh60@outlook.com,Inactive,2022-10-04
2261,Vivaan Sharma,38,UK,HR,85727,3,vivaan.sharma61@yahoo.com,Active,2019-10-16
2262,Ishaan Ansari,29,India,HR,104642,16,ishaan.ansari62@yahoo.com,Inactive,2023-04-16
2263,Meera Agarwal,45,Canada,Data,120623,3,meera.agarwal63@company.com,Inactive,2018-12-03
2264,Krishna Chopra,34,Germany,Data,36408,19,krishna.chopra64@company.com,Active,2019-08-13
2265,Sneha Ghosh,45,UK,HR,90337,11,sneha.ghosh65@yahoo.com,Active,2019-03-11
2266,Meera Ansari,42,India,HR,74612,25,meera.ansari66@company.com,Inactive,2021-06-25
2267,Muhammad Iyer,50,Canada,IT,162948,15,muhammad.iyer67@yahoo.com,Inactive,2020-12-03
2268,Kavya Khan,40,India,HR,50843,6,kavya.khan68@gmail.com,Inactive,2019-05-02
2269,Aditya Khan,41,UK,Data,63477,32,aditya.khan69@company.com,Inactive,2023-01-06
2270,Reyansh Das,52,USA,HR,156099,1,reyansh.das70@outlook.com,Inactive,2022-02-09
2271,Vihaan Kapoor,41,Canada,Marketing,129747,32,vihaan.kapoor71@outlook.com,Inactive,2023-11-27
2272,Vivaan Bansal,55,India,IT,83114,13,vivaan.bansal72@yahoo.com,Inactive,2025-07-10
2273,Ishaan Ghosh,52,USA,HR,102294,19,ishaan.ghosh73@outlook.com,Active,2020-12-29
2274,Ishaan Patel,50,Germany,Data,73548,26,ishaan.patel74@gmail.com,Active,2022-11-03
2275,Reyansh Roy,59,UK,Data,97598,20,reyansh.roy75@outlook.com,Active,2019-06-27
2276,Ishaan Sharma,32,UK,Sales,129705,1,ishaan.sharma76@company.com,Active,2020-03-15
2277,Ananya Agarwal,38,Canada,Data,177332,15,ananya.agarwal77@outlook.com,Active,2023-06-16
2278,Arjun Verma,41,India,IT,67350,18,arjun.verma78@outlook.com,Active,2019-11-14
2279,Arjun Reddy,33,Germany,Data,133214,3,arjun.reddy79@gmail.com,Active,2025-04-10
2280,Meera Verma,41,Canada,Marketing,163885,9,meera.verma80@outlook.com,Inactive,2025-11-26
2281,Meera Iyer,28,Canada,Finance,80181,21,meera.iyer81@outlook.com,Inactive,2025-02-10
2282,Neha Roy,27,India,Marketing,161310,11,neha.roy82@gmail.com,Active,2024-04-30
2283,Pooja Chopra,43,Germany,Marketing,118446,1,pooja.chopra83@yahoo.com,Inactive,2018-10-17
2284,Aditya Reddy,52,India,IT,166912,1,aditya.reddy84@gmail.com,Active,2018-05-25
2285,Riya Singh,31,UK,IT,47299,33,riya.singh85@gmail.com,Active,2019-06-13
2286,Reyansh Das,42,USA,Sales,85652,17,reyansh.das86@yahoo.com,Active,2023-11-12
2287,Aditya Das,42,UK,Data,106095,15,aditya.das87@outlook.com,Active,2024-07-13
2288,Reyansh Bansal,45,UK,Sales,174779,18,reyansh.bansal88@yahoo.com,Inactive,2022-05-08
2289,Pooja Ghosh,42,Canada,IT,83943,24,pooja.ghosh89@outlook.com,Active,2022-07-03
2290,Aditi Gupta,48,UK,Data,144958,29,aditi.gupta90@gmail.com,Active,2022-05-12
2291,Diya Singh,49,Germany,IT,144575,5,diya.singh91@yahoo.com,Active,2018-03-19
2292,Muhammad Reddy,33,UK,IT,142643,26,muhammad.reddy92@company.com,Inactive,2022-04-12
2293,Ananya Chopra,38,Germany,Finance,128555,14,ananya.chopra93@gmail.com,Inactive,2021-12-25
2294,Shaurya Ansari,22,India,Marketing,123377,30,shaurya.ansari94@gmail.com,Active,2018-04-09
2295,Meera Das,49,Canada,Sales,120176,21,meera.das95@company.com,Inactive,2025-05-17
2296,Neha Ghosh,41,Germany,Sales,135898,11,neha.ghosh96@company.com,Active,2025-10-27
2297,Aarav Mehta,35,UK,HR,110276,9,aarav.mehta97@outlook.com,Inactive,2021-08-31
2298,Diya Agarwal,47,Canada,Finance,151774,20,diya.agarwal98@company.com,Active,2023-02-13
2299,Krishna Mukherjee,51,Canada,IT,169227,30,krishna.mukherjee99@yahoo.com,Active,2021-04-27
2300,Meera Singh,35,Germany,IT,58572,9,meera.singh0@gmail.com,Active,2024-06-10
2301,Vivaan Reddy,43,Germany,Finance,101514,18,vivaan.reddy1@outlook.com,Inactive,2020-05-25
2302,Aditi Mehta,44,USA,Data,119967,22,aditi.mehta2@outlook.com,Inactive,2024-07-31
2303,Aditi Malik,33,USA,Sales,70357,9,aditi.malik3@gmail.com,Active,2025-09-21
2304,Pooja Iyer,42,Canada,IT,151694,26,pooja.iyer4@gmail.com,Inactive,2020-02-18
2305,Aarav Das,57,USA,HR,106478,1,aarav.das5@gmail.com,Inactive,2023-09-19
2306,Diya Das,53,UK,Sales,53983,10,diya.das6@outlook.com,Active,2019-04-21
2307,Riya Agarwal,23,India,Marketing,70276,7,riya.agarwal7@company.com,Active,2021-02-11
2308,Neha Verma,39,Canada,Finance,106451,18,neha.verma8@company.com,Inactive,2019-11-10
2309,Shaurya Ansari,43,India,Sales,168117,15,shaurya.ansari9@company.com,Active,2020-04-17
2310,Ananya Das,49,USA,Marketing,124716,3,ananya.das10@gmail.com,Inactive,2019-06-16
2311,Aditya Mehta,50,Germany,HR,141743,13,aditya.mehta11@outlook.com,Active,2018-08-18
2312,Reyansh Ghosh,59,Canada,Data,77344,21,reyansh.ghosh12@gmail.com,Active,2025-09-29
2313,Pooja Sharma,45,USA,Finance,44564,16,pooja.sharma13@gmail.com,Active,2023-10-25
2314,Aditya Ansari,57,UK,Data,46105,25,aditya.ansari14@gmail.com,Active,2024-05-01
2315,Muhammad Bansal,28,Canada,IT,91754,34,muhammad.bansal15@yahoo.com,Active,2024-06-20
2316,Vihaan Ansari,36,Canada,Data,149069,29,vihaan.ansari16@outlook.com,Active,2025-04-29
2317,Pooja Bansal,28,Germany,IT,55056,20,pooja.bansal17@outlook.com,Active,2020-09-18
2318,Aditya Patel,21,Canada,Marketing,98565,19,aditya.patel18@yahoo.com,Active,2022-03-27
2319,Aarav Agarwal,25,Germany,Sales,148097,25,aarav.agarwal19@outlook.com,Inactive,2021-10-24
2320,Ananya Verma,23,USA,HR,82689,11,ananya.verma20@company.com,Inactive,2023-07-18
2321,Aditya Gupta,21,UK,Marketing,67135,7,aditya.gupta21@outlook.com,Inactive,2018-03-23
2322,Vivaan Khan,24,UK,HR,67812,34,vivaan.khan22@gmail.com,Inactive,2022-07-19
2323,Ishaan Ghosh,55,Canada,Data,151773,28,ishaan.ghosh23@gmail.com,Inactive,2018-08-18
2324,Aditya Roy,52,Canada,HR,115957,6,aditya.roy24@yahoo.com,Inactive,2025-05-17
2325,Krishna Malik,54,USA,Data,127652,9,krishna.malik25@gmail.com,Inactive,2022-06-10
2326,Priya Kapoor,45,Germany,HR,42775,19,priya.kapoor26@yahoo.com,Inactive,2024-06-03
2327,Kavya Kapoor,30,UK,Finance,89523,27,kavya.kapoor27@outlook.com,Inactive,2022-04-28
2328,Priya Reddy,41,Germany,Marketing,176779,13,priya.reddy28@yahoo.com,Active,2023-04-18
2329,Aarav Kapoor,59,USA,Finance,48372,11,aarav.kapoor29@outlook.com,Inactive,2018-10-08
2330,Vihaan Ghosh,47,UK,Sales,141252,7,vihaan.ghosh30@outlook.com,Inactive,2024-11-20
2331,Aarav Mukherjee,47,UK,Sales,100106,6,aarav.mukherjee31@gmail.com,Active,2019-06-14
2332,Aditya Roy,22,India,IT,88475,4,aditya.roy32@yahoo.com,Inactive,2024-09-21
2333,Vivaan Gupta,33,USA,IT,156314,0,vivaan.gupta33@outlook.com,Active,2022-09-23
2334,Diya Das,29,USA,IT,163814,8,diya.das34@company.com,Active,2018-08-11
2335,Vihaan Iyer,56,India,Sales,158502,17,vihaan.iyer35@outlook.com,Inactive,2023-03-13
2336,Shaurya Mukherjee,42,Germany,HR,92201,9,shaurya.mukherjee36@gmail.com,Inactive,2020-02-08
2337,Aditya Iyer,46,India,Data,91243,0,aditya.iyer37@gmail.com,Active,2025-07-04
2338,Kavya Kapoor,32,USA,HR,158364,19,kavya.kapoor38@company.com,Inactive,2019-06-30
2339,Aditi Sharma,37,Germany,Marketing,110542,28,aditi.sharma39@company.com,Inactive,2020-10-22
2340,Neha Khan,34,UK,Sales,83637,1,neha.khan40@company.com,Inactive,2023-05-10
2341,Pooja Singh,34,India,Data,154714,25,pooja.singh41@outlook.com,Inactive,2018-05-31
2342,Arjun Kapoor,54,Germany,Data,161580,10,arjun.kapoor42@company.com,Active,2023-04-28
2343,Pooja Iyer,40,Germany,Data,139002,24,pooja.iyer43@company.com,Active,2023-05-06
2344,Arjun Iyer,31,Germany,IT,170920,33,arjun.iyer44@outlook.com,Inactive,2021-08-23
2345,Diya Sharma,36,India,Data,77673,0,diya.sharma45@outlook.com,Inactive,2023-01-12
2346,Pooja Ghosh,51,UK,Data,177855,30,pooja.ghosh46@outlook.com,Inactive,2025-04-19
2347,Arjun Mehta,26,Germany,Sales,99694,21,arjun.mehta47@outlook.com,Active,2020-02-06
2348,Vivaan Sharma,39,India,HR,146692,1,vivaan.sharma48@company.com,Inactive,2018-01-14
2349,Sneha Mukherjee,57,USA,HR,88907,0,sneha.mukherjee49@outlook.com,Inactive,2021-11-02
2350,Aditi Ghosh,24,India,Finance,176996,23,aditi.ghosh50@outlook.com,Active,2025-05-27
2351,Pooja Gupta,24,India,Finance,105178,33,pooja.gupta51@company.com,Active,2024-03-04
2352,Shaurya Ansari,40,India,Marketing,105732,8,shaurya.ansari52@company.com,Inactive,2025-04-20
2353,Diya Ansari,30,Germany,Sales,55152,11,diya.ansari53@gmail.com,Active,2025-08-14
2354,Priya Das,44,India,Finance,43072,19,priya.das54@yahoo.com,Inactive,2020-02-19
2355,Arjun Khan,55,USA,Finance,116501,3,arjun.khan55@gmail.com,Active,2021-11-11
2356,Reyansh Singh,46,Germany,Sales,142992,14,reyansh.singh56@company.com,Active,2021-01-03
2357,Meera Malik,57,USA,HR,56942,3,meera.malik57@outlook.com,Active,2020-12-02
2358,Muhammad Mehta,58,Canada,Marketing,127379,4,muhammad.mehta58@company.com,Active,2019-03-07
2359,Reyansh Roy,41,India,Marketing,40490,9,reyansh.roy59@company.com,Active,2020-03-05
2360,Vivaan Ghosh,59,Germany,Marketing,73684,34,vivaan.ghosh60@gmail.com,Active,2023-10-05
2361,Kavya Ghosh,41,Germany,Finance,53894,0,kavya.ghosh61@outlook.com,Inactive,2018-07-27
2362,Aditya Iyer,30,India,HR,144830,17,aditya.iyer62@company.com,Inactive,2025-08-18
2363,Aditya Malik,58,UK,Marketing,87812,30,aditya.malik63@yahoo.com,Active,2023-11-22
2364,Vihaan Ansari,24,UK,Sales,95161,5,vihaan.ansari64@gmail.com,Active,2024-11-16
2365,Sneha Nair,40,USA,Marketing,54104,5,sneha.nair65@gmail.com,Inactive,2019-04-15
2366,Ananya Chopra,37,India,IT,149863,18,ananya.chopra66@gmail.com,Inactive,2019-08-03
2367,Arjun Singh,27,India,HR,128272,31,arjun.singh67@outlook.com,Active,2018-09-07
2368,Vihaan Iyer,24,Canada,IT,158518,29,vihaan.iyer68@outlook.com,Active,2019-08-26
2369,Meera Gupta,49,UK,HR,43152,25,meera.gupta69@outlook.com,Inactive,2025-10-01
2370,Muhammad Reddy,34,UK,Data,83486,2,muhammad.reddy70@outlook.com,Active,2019-02-07
2371,Neha Agarwal,23,India,Sales,137696,32,neha.agarwal71@outlook.com,Inactive,2023-09-05
2372,Ananya Mukherjee,44,USA,Data,73147,30,ananya.mukherjee72@outlook.com,Active,2025-07-29
2373,Shaurya Roy,57,India,Finance,174738,19,shaurya.roy73@gmail.com,Active,2018-01-10
2374,Arjun Roy,36,USA,Finance,69726,3,arjun.roy74@outlook.com,Active,2022-06-22
2375,Sneha Chopra,24,UK,Data,139983,31,sneha.chopra75@yahoo.com,Active,2025-04-15
2376,Ananya Bansal,44,Canada,HR,140652,17,ananya.bansal76@outlook.com,Inactive,2022-03-01
2377,Reyansh Sharma,54,Germany,Marketing,106420,9,reyansh.sharma77@company.com,Inactive,2025-12-05
2378,Ananya Singh,50,UK,IT,112848,21,ananya.singh78@gmail.com,Inactive,2024-03-18
2379,Krishna Bansal,38,USA,Sales,158228,16,krishna.bansal79@company.com,Inactive,2025-02-04
2380,Ishaan Chopra,39,India,Marketing,169892,3,ishaan.chopra80@yahoo.com,Inactive,2018-04-06
2381,Arjun Reddy,51,UK,Finance,170394,6,arjun.reddy81@gmail.com,Inactive,2022-03-12
2382,Neha Agarwal,39,Canada,Marketing,73235,7,neha.agarwal82@company.com,Active,2020-02-19
2383,Kavya Chopra,39,USA,Data,145629,0,kavya.chopra83@company.com,Active,2022-09-08
2384,Shaurya Nair,42,India,Data,138806,7,shaurya.nair84@company.com,Inactive,2019-09-07
2385,Pooja Mehta,44,Germany,IT,94961,18,pooja.mehta85@company.com,Active,2020-04-21
2386,Reyansh Mukherjee,32,USA,Finance,85356,16,reyansh.mukherjee86@gmail.com,Inactive,2023-02-05
2387,Aditya Malik,50,India,HR,139753,8,aditya.malik87@gmail.com,Inactive,2023-07-12
2388,Arjun Ghosh,58,Germany,Sales,59923,15,arjun.ghosh88@company.com,Active,2018-05-11
2389,Muhammad Malik,51,India,Data,150891,26,muhammad.malik89@yahoo.com,Inactive,2023-11-16
2390,Aditya Gupta,56,Germany,Sales,123478,1,aditya.gupta90@outlook.com,Active,2022-01-06
2391,Aarav Das,39,Germany,Finance,68750,11,aarav.das91@gmail.com,Inactive,2020-11-25
2392,Aarav Roy,56,Germany,HR,132869,34,aarav.roy92@gmail.com,Inactive,2022-11-08
2393,Sneha Kapoor,50,India,Data,123448,30,sneha.kapoor93@yahoo.com,Inactive,2022-03-19
2394,Sneha Ansari,53,Germany,IT,163042,18,sneha.ansari94@outlook.com,Active,2023-06-18
2395,Vivaan Ghosh,38,USA,Sales,56983,25,vivaan.ghosh95@gmail.com,Active,2022-07-25
2396,Ishaan Ghosh,48,Canada,Finance,146733,3,ishaan.ghosh96@outlook.com,Active,2021-05-28
2397,Pooja Nair,31,Canada,Sales,144096,30,pooja.nair97@company.com,Active,2025-07-04
2398,Arjun Chopra,53,Germany,HR,171977,12,arjun.chopra98@company.com,Inactive,2018-01-28
2399,Aditi Singh,37,Canada,IT,90483,3,aditi.singh99@company.com,Active,2022-04-11
2400,Sneha Iyer,26,Canada,HR,60028,12,sneha.iyer0@gmail.com,Active,2025-06-09
2401,Arjun Agarwal,24,Germany,Data,37234,8,arjun.agarwal1@company.com,Active,2019-06-06
2402,Riya Das,40,Germany,Marketing,90011,1,riya.das2@gmail.com,Active,2020-07-11
2403,Aditya Kapoor,47,USA,HR,151135,34,aditya.kapoor3@yahoo.com,Inactive,2018-04-19
2404,Diya Das,35,UK,HR,178133,11,diya.das4@company.com,Active,2020-04-09
2405,Aarav Singh,26,India,Sales,84253,16,aarav.singh5@outlook.com,Inactive,2025-04-09
2406,Meera Khan,34,Germany,HR,161934,3,meera.khan6@yahoo.com,Active,2019-10-20
2407,Riya Patel,31,Germany,Finance,124354,13,riya.patel7@yahoo.com,Active,2021-04-19
2408,Kavya Khan,59,Canada,Data,79667,20,kavya.khan8@company.com,Active,2018-07-29
2409,Reyansh Roy,29,USA,Sales,93796,7,reyansh.roy9@outlook.com,Active,2024-07-17
2410,Sneha Patel,46,Canada,Sales,129898,32,sneha.patel10@gmail.com,Active,2022-02-05
2411,Neha Chopra,36,Germany,Marketing,147042,27,neha.chopra11@outlook.com,Active,2019-10-28
2412,Vivaan Singh,25,Germany,Data,99065,2,vivaan.singh12@company.com,Active,2020-02-12
2413,Neha Singh,30,Canada,Finance,111386,13,neha.singh13@company.com,Active,2018-11-25
2414,Aditya Malik,23,Germany,Data,65638,18,aditya.malik14@yahoo.com,Active,2025-02-16
2415,Diya Singh,33,UK,HR,117455,5,diya.singh15@company.com,Inactive,2021-06-13
2416,Vivaan Ansari,50,India,Marketing,118620,19,vivaan.ansari16@company.com,Active,2022-01-04
2417,Riya Chopra,26,India,Finance,159343,0,riya.chopra17@outlook.com,Active,2024-04-14
2418,Aditi Nair,37,India,Marketing,42114,9,aditi.nair18@yahoo.com,Active,2023-07-28
2419,Kavya Verma,39,UK,Data,65550,12,kavya.verma19@gmail.com,Inactive,2025-07-06
2420,Vivaan Reddy,55,Germany,IT,173541,11,vivaan.reddy20@outlook.com,Inactive,2019-05-18
2421,Vihaan Das,46,Canada,Data,41492,10,vihaan.das21@yahoo.com,Active,2024-08-08
2422,Ishaan Malik,25,USA,HR,36971,16,ishaan.malik22@company.com,Active,2019-05-04
2423,Sneha Ghosh,49,Germany,Marketing,175716,28,sneha.ghosh23@outlook.com,Inactive,2021-11-27
2424,Sneha Khan,57,UK,IT,99194,2,sneha.khan24@yahoo.com,Inactive,2022-05-19
2425,Aditi Kapoor,40,UK,HR,136959,28,aditi.kapoor25@outlook.com,Active,2023-01-09
2426,Diya Roy,41,India,Marketing,148646,9,diya.roy26@yahoo.com,Inactive,2025-10-30
2427,Aditya Das,30,Germany,Marketing,178606,18,aditya.das27@yahoo.com,Active,2019-10-27
2428,Ishaan Kapoor,25,India,Data,178840,3,ishaan.kapoor28@outlook.com,Inactive,2020-11-06
2429,Krishna Das,56,USA,Marketing,57625,11,krishna.das29@yahoo.com,Active,2018-02-08
2430,Aditi Chopra,26,India,Marketing,63660,30,aditi.chopra30@company.com,Active,2025-06-05
2431,Diya Nair,46,USA,Sales,55032,1,diya.nair31@gmail.com,Active,2025-12-24
2432,Neha Mukherjee,24,UK,Marketing,59357,0,neha.mukherjee32@company.com,Active,2024-05-31
2433,Aarav Das,59,India,Data,35497,16,aarav.das33@yahoo.com,Active,2018-02-08
2434,Arjun Agarwal,59,India,Sales,168206,24,arjun.agarwal34@outlook.com,Inactive,2018-07-06
2435,Reyansh Singh,55,Canada,Sales,104828,4,reyansh.singh35@gmail.com,Active,2020-01-20
2436,Aditya Das,21,UK,IT,127923,13,aditya.das36@company.com,Inactive,2020-08-19
2437,Ishaan Ansari,44,Canada,HR,132362,9,ishaan.ansari37@yahoo.com,Inactive,2025-10-02
2438,Arjun Khan,56,USA,Sales,166098,20,arjun.khan38@company.com,Inactive,2024-06-14
2439,Reyansh Chopra,26,USA,Finance,47108,24,reyansh.chopra39@outlook.com,Inactive,2024-08-06
2440,Meera Mehta,51,UK,Sales,159597,34,meera.mehta40@company.com,Active,2019-04-07
2441,Krishna Bansal,40,USA,Finance,49470,2,krishna.bansal41@company.com,Inactive,2019-10-31
2442,Ananya Mehta,44,UK,IT,64785,17,ananya.mehta42@yahoo.com,Inactive,2021-06-08
2443,Neha Nair,45,USA,Finance,168325,32,neha.nair43@gmail.com,Inactive,2025-07-16
2444,Neha Ansari,56,Germany,IT,55026,16,neha.ansari44@company.com,Active,2021-06-27
2445,Sneha Khan,41,India,IT,80417,5,sneha.khan45@company.com,Active,2020-02-17
2446,Priya Sharma,50,Germany,IT,142779,33,priya.sharma46@company.com,Inactive,2023-08-12
2447,Krishna Verma,44,UK,Finance,167158,25,krishna.verma47@gmail.com,Inactive,2019-10-15
2448,Arjun Roy,50,UK,Finance,135319,30,arjun.roy48@gmail.com,Active,2018-07-01
2449,Sneha Khan,42,Germany,IT,121987,27,sneha.khan49@company.com,Inactive,2023-08-12
2450,Arjun Das,48,India,IT,110443,12,arjun.das50@yahoo.com,Active,2021-07-17
2451,Vivaan Roy,27,India,HR,147238,20,vivaan.roy51@company.com,Inactive,2020-09-03
2452,Arjun Verma,55,Canada,IT,126838,25,arjun.verma52@yahoo.com,Inactive,2024-06-12
2453,Reyansh Malik,48,USA,Marketing,173156,30,reyansh.malik53@yahoo.com,Active,2023-09-28
2454,Reyansh Das,34,Canada,HR,158787,15,reyansh.das54@yahoo.com,Active,2021-12-16
2455,Aditi Mukherjee,30,India,HR,120383,30,aditi.mukherjee55@company.com,Inactive,2021-08-01
2456,Sneha Sharma,36,Germany,HR,88493,12,sneha.sharma56@yahoo.com,Active,2023-03-18
2457,Shaurya Gupta,36,USA,Marketing,57805,29,shaurya.gupta57@gmail.com,Inactive,2019-01-15
2458,Muhammad Agarwal,51,Germany,HR,96786,31,muhammad.agarwal58@outlook.com,Active,2023-01-30
2459,Meera Nair,45,Canada,HR,49248,4,meera.nair59@yahoo.com,Active,2020-03-01
2460,Neha Khan,33,UK,Finance,168968,11,neha.khan60@gmail.com,Active,2025-10-09
2461,Krishna Bansal,26,Germany,Data,176434,3,krishna.bansal61@company.com,Inactive,2019-05-19
2462,Meera Patel,29,Canada,Finance,120048,28,meera.patel62@company.com,Inactive,2020-02-23
2463,Sneha Khan,56,Canada,IT,121175,4,sneha.khan63@outlook.com,Inactive,2019-07-10
2464,Meera Das,40,Canada,IT,96022,10,meera.das64@yahoo.com,Active,2019-07-26
2465,Ishaan Khan,38,UK,Sales,118254,29,ishaan.khan65@company.com,Inactive,2021-05-07
2466,Ananya Agarwal,41,UK,Data,125629,8,ananya.agarwal66@yahoo.com,Active,2018-04-19
2467,Meera Roy,24,UK,Marketing,175009,27,meera.roy67@outlook.com,Active,2018-03-06
2468,Aditya Singh,53,USA,Finance,82391,21,aditya.singh68@company.com,Active,2023-04-23
2469,Aditi Kapoor,47,UK,IT,146011,10,aditi.kapoor69@gmail.com,Active,2021-01-26
2470,Arjun Mehta,27,UK,Marketing,122567,20,arjun.mehta70@company.com,Inactive,2024-05-04
2471,Aarav Ansari,26,UK,HR,46226,5,aarav.ansari71@yahoo.com,Inactive,2021-12-03
2472,Riya Das,35,Germany,Marketing,51858,25,riya.das72@gmail.com,Inactive,2023-11-05
2473,Priya Patel,38,UK,Finance,147493,15,priya.patel73@yahoo.com,Active,2022-06-13
2474,Meera Mehta,52,USA,Data,57016,13,meera.mehta74@yahoo.com,Inactive,2024-11-02
2475,Reyansh Nair,31,Canada,Sales,52445,34,reyansh.nair75@yahoo.com,Active,2020-01-11
2476,Meera Mukherjee,40,Germany,Finance,51691,21,meera.mukherjee76@gmail.com,Inactive,2019-04-16
2477,Vivaan Ghosh,44,India,Data,129610,1,vivaan.ghosh77@outlook.com,Inactive,2022-07-24
2478,Riya Mehta,35,UK,IT,77089,12,riya.mehta78@company.com,Inactive,2020-02-04
2479,Aditya Nair,27,Canada,IT,100839,10,aditya.nair79@gmail.com,Inactive,2018-04-20
2480,Arjun Mukherjee,41,Canada,Marketing,41486,11,arjun.mukherjee80@yahoo.com,Inactive,2018-10-21
2481,Pooja Sharma,46,Germany,Finance,175118,32,pooja.sharma81@outlook.com,Inactive,2024-03-12
2482,Priya Das,34,India,IT,40724,21,priya.das82@gmail.com,Active,2021-08-28
2483,Priya Chopra,57,USA,HR,164279,8,priya.chopra83@gmail.com,Active,2021-05-12
2484,Vivaan Das,41,Canada,HR,105886,6,vivaan.das84@outlook.com,Active,2021-12-22
2485,Priya Singh,38,Canada,Sales,128761,16,priya.singh85@company.com,Inactive,2020-08-17
2486,Neha Kapoor,25,Canada,Marketing,175236,9,neha.kapoor86@outlook.com,Active,2022-04-09
2487,Diya Roy,23,Canada,IT,149166,24,diya.roy87@company.com,Inactive,2021-01-21
2488,Sneha Mehta,43,Germany,Sales,67872,26,sneha.mehta88@gmail.com,Active,2019-11-12
2489,Priya Patel,46,India,HR,82037,29,priya.patel89@company.com,Inactive,2020-11-17
2490,Ishaan Nair,57,Canada,Sales,57985,29,ishaan.nair90@company.com,Inactive,2021-11-23
2491,Krishna Gupta,44,USA,Sales,123591,33,krishna.gupta91@yahoo.com,Active,2018-09-23
2492,Shaurya Mukherjee,39,USA,IT,92868,32,shaurya.mukherjee92@gmail.com,Inactive,2020-06-14
2493,Pooja Bansal,45,UK,IT,54347,31,pooja.bansal93@gmail.com,Inactive,2018-10-12
2494,Ishaan Ansari,41,Canada,IT,76623,11,ishaan.ansari94@outlook.com,Active,2023-05-05
2495,Aarav Sharma,32,Canada,Marketing,51360,22,aarav.sharma95@yahoo.com,Active,2019-08-22
2496,Sneha Das,53,Canada,Sales,49214,28,sneha.das96@yahoo.com,Active,2022-03-23
2497,Vihaan Das,24,Canada,Sales,107279,0,vihaan.das97@yahoo.com,Active,2019-10-29
2498,Aarav Kapoor,27,Canada,Marketing,69303,19,aarav.kapoor98@gmail.com,Active,2023-04-13
2499,Muhammad Reddy,42,USA,HR,49698,9,muhammad.reddy99@outlook.com,Inactive,2023-08-30
2500,Priya Chopra,53,India,Finance,151544,18,priya.chopra0@gmail.com,Inactive,2023-03-24
2501,Vihaan Patel,37,India,HR,49947,22,vihaan.patel1@outlook.com,Active,2021-10-03
2502,Priya Roy,44,UK,Marketing,87338,20,priya.roy2@gmail.com,Inactive,2018-02-19
2503,Ishaan Malik,54,USA,Sales,57469,34,ishaan.malik3@yahoo.com,Active,2023-10-16
2504,Pooja Bansal,48,Canada,Sales,172558,31,pooja.bansal4@company.com,Inactive,2024-08-09
2505,Sneha Chopra,59,India,IT,107777,9,sneha.chopra5@yahoo.com,Inactive,2019-10-23
2506,Meera Malik,42,Germany,IT,54371,1,meera.malik6@outlook.com,Inactive,2023-06-16
2507,Aditi Ansari,37,Germany,Sales,162953,5,aditi.ansari7@company.com,Active,2025-11-03
2508,Priya Ghosh,54,Germany,Sales,100101,16,priya.ghosh8@yahoo.com,Inactive,2018-01-28
2509,Pooja Nair,26,Canada,Data,57474,14,pooja.nair9@gmail.com,Active,2024-11-18
2510,Reyansh Chopra,26,Canada,IT,113203,23,reyansh.chopra10@yahoo.com,Active,2023-02-05
2511,Pooja Ghosh,54,UK,IT,142644,28,pooja.ghosh11@company.com,Active,2023-01-24
2512,Neha Malik,21,UK,HR,150468,13,neha.malik12@outlook.com,Inactive,2021-05-06
2513,Shaurya Roy,30,UK,Sales,39405,1,shaurya.roy13@gmail.com,Inactive,2021-05-17
2514,Diya Kapoor,41,Germany,Sales,37153,21,diya.kapoor14@outlook.com,Inactive,2021-12-31
2515,Arjun Mehta,25,Canada,Marketing,60131,5,arjun.mehta15@company.com,Active,2024-05-02
2516,Krishna Agarwal,22,Germany,HR,54680,8,krishna.agarwal16@yahoo.com,Active,2020-02-09
2517,Reyansh Mehta,42,UK,Finance,135887,11,reyansh.mehta17@gmail.com,Active,2021-12-03
2518,Muhammad Das,22,Canada,Finance,136347,4,muhammad.das18@gmail.com,Active,2023-05-12
2519,Aditi Reddy,30,USA,Finance,95357,0,aditi.reddy19@gmail.com,Active,2024-04-23
2520,Pooja Mukherjee,54,India,Data,150857,9,pooja.mukherjee20@outlook.com,Active,2021-09-21
2521,Vivaan Khan,36,India,IT,54646,10,vivaan.khan21@gmail.com,Inactive,2020-05-07
2522,Aditi Sharma,59,UK,Finance,51036,26,aditi.sharma22@yahoo.com,Active,2021-06-10
2523,Aditya Patel,42,Germany,Marketing,41726,22,aditya.patel23@company.com,Inactive,2018-03-14
2524,Neha Mukherjee,32,USA,IT,137326,19,neha.mukherjee24@company.com,Active,2020-11-02
2525,Priya Gupta,44,Canada,IT,125123,4,priya.gupta25@gmail.com,Active,2025-03-15
2526,Aditya Malik,58,Germany,Finance,176240,12,aditya.malik26@yahoo.com,Inactive,2022-03-09
2527,Krishna Chopra,30,UK,IT,50103,9,krishna.chopra27@outlook.com,Inactive,2020-10-21
2528,Aditya Mukherjee,55,Germany,HR,126437,15,aditya.mukherjee28@gmail.com,Inactive,2021-03-28
2529,Vivaan Kapoor,52,UK,HR,161251,6,vivaan.kapoor29@yahoo.com,Inactive,2022-03-13
2530,Aditi Mukherjee,27,India,Finance,139968,31,aditi.mukherjee30@company.com,Inactive,2019-04-28
2531,Riya Iyer,41,India,Marketing,58691,24,riya.iyer31@yahoo.com,Inactive,2021-05-24
2532,Meera Verma,40,Germany,IT,155931,25,meera.verma32@gmail.com,Inactive,2024-02-21
2533,Reyansh Nair,46,USA,Sales,104092,27,reyansh.nair33@yahoo.com,Active,2019-02-07
2534,Kavya Sharma,24,Canada,Finance,89118,11,kavya.sharma34@outlook.com,Active,2023-08-14
2535,Muhammad Das,42,UK,Data,68133,25,muhammad.das35@company.com,Active,2020-02-04
2536,Shaurya Ansari,35,Canada,IT,50893,3,shaurya.ansari36@yahoo.com,Active,2023-01-10
2537,Vivaan Mukherjee,41,India,Finance,116402,22,vivaan.mukherjee37@company.com,Inactive,2025-02-02
2538,Riya Das,35,USA,Finance,166728,23,riya.das38@company.com,Inactive,2020-03-14
2539,Krishna Mukherjee,42,USA,Marketing,76120,30,krishna.mukherjee39@gmail.com,Active,2023-05-27
2540,Reyansh Verma,48,Canada,Sales,115632,29,reyansh.verma40@company.com,Inactive,2018-04-16
2541,Diya Singh,34,India,IT,92518,2,diya.singh41@gmail.com,Active,2018-05-02
2542,Aarav Khan,47,Canada,Finance,54854,15,aarav.khan42@gmail.com,Inactive,2025-07-18
2543,Aditya Malik,48,Germany,Finance,84696,33,aditya.malik43@company.com,Active,2025-07-25
2544,Aditi Chopra,46,USA,IT,112582,27,aditi.chopra44@outlook.com,Active,2025-09-20
2545,Aditi Kapoor,22,USA,Finance,139730,6,aditi.kapoor45@company.com,Active,2021-06-18
2546,Sneha Ansari,45,Germany,Finance,135065,7,sneha.ansari46@gmail.com,Inactive,2021-01-16
2547,Riya Sharma,23,India,Finance,92795,6,riya.sharma47@gmail.com,Active,2018-11-06
2548,Aditya Gupta,28,USA,HR,59560,6,aditya.gupta48@gmail.com,Active,2025-12-09
2549,Pooja Iyer,53,UK,HR,124711,17,pooja.iyer49@outlook.com,Active,2019-07-11
2550,Pooja Roy,55,UK,Sales,141577,20,pooja.roy50@company.com,Inactive,2022-05-19
2551,Diya Chopra,26,India,Marketing,150924,33,diya.chopra51@yahoo.com,Active,2025-07-08
2552,Ishaan Singh,59,Germany,IT,115391,26,ishaan.singh52@gmail.com,Inactive,2023-08-23
2553,Meera Ansari,43,Canada,Marketing,155965,7,meera.ansari53@gmail.com,Inactive,2024-03-06
2554,Kavya Kapoor,45,India,Marketing,150134,33,kavya.kapoor54@outlook.com,Active,2019-03-11
2555,Sneha Sharma,39,Canada,HR,161194,17,sneha.sharma55@yahoo.com,Inactive,2023-04-08
2556,Ishaan Khan,25,India,Sales,142669,11,ishaan.khan56@yahoo.com,Inactive,2020-04-29
2557,Priya Das,31,UK,Marketing,114380,21,priya.das57@yahoo.com,Inactive,2018-04-17
2558,Vihaan Ghosh,32,Germany,Marketing,35645,21,vihaan.ghosh58@yahoo.com,Inactive,2025-04-25
2559,Aditya Das,30,UK,Finance,68146,7,aditya.das59@outlook.com,Active,2018-04-30
2560,Shaurya Reddy,28,Germany,IT,164548,27,shaurya.reddy60@gmail.com,Inactive,2023-10-16
2561,Vihaan Das,44,Canada,Sales,118060,31,vihaan.das61@company.com,Active,2023-10-31
2562,Ishaan Ghosh,48,India,IT,82679,10,ishaan.ghosh62@company.com,Inactive,2019-12-15
2563,Sneha Malik,56,USA,HR,117581,20,sneha.malik63@yahoo.com,Inactive,2022-09-17
2564,Kavya Kapoor,57,USA,Marketing,155124,25,kavya.kapoor64@yahoo.com,Active,2023-03-08
2565,Sneha Nair,41,Germany,Marketing,48163,13,sneha.nair65@company.com,Inactive,2023-03-27
2566,Krishna Reddy,28,Germany,Data,133691,14,krishna.reddy66@company.com,Inactive,2022-08-20
2567,Kavya Agarwal,29,UK,IT,65802,13,kavya.agarwal67@yahoo.com,Active,2023-12-02
2568,Sneha Sharma,35,USA,HR,87175,11,sneha.sharma68@outlook.com,Inactive,2020-01-30
2569,Neha Mehta,38,UK,Data,45111,2,neha.mehta69@yahoo.com,Active,2022-07-05
2570,Ishaan Gupta,40,Canada,Data,145987,6,ishaan.gupta70@gmail.com,Active,2019-03-30
2571,Aditi Singh,26,USA,Finance,100526,0,aditi.singh71@company.com,Inactive,2020-08-17
2572,Krishna Reddy,32,Canada,Data,160588,24,krishna.reddy72@outlook.com,Active,2018-08-20
2573,Priya Chopra,22,India,Data,56119,30,priya.chopra73@outlook.com,Inactive,2022-05-14
2574,Riya Ghosh,27,UK,Finance,125211,21,riya.ghosh74@gmail.com,Inactive,2023-01-01
2575,Aarav Malik,36,Germany,Marketing,161956,9,aarav.malik75@yahoo.com,Active,2025-09-21
2576,Krishna Iyer,23,USA,Marketing,137473,17,krishna.iyer76@yahoo.com,Inactive,2019-07-16
2577,Aditya Kapoor,23,UK,Sales,90387,12,aditya.kapoor77@company.com,Active,2024-06-21
2578,Ananya Gupta,47,Germany,Data,104555,7,ananya.gupta78@company.com,Inactive,2022-12-12
2579,Pooja Khan,58,India,IT,121190,8,pooja.khan79@outlook.com,Active,2024-11-27
2580,Neha Reddy,53,USA,Marketing,82418,14,neha.reddy80@yahoo.com,Active,2020-05-25
2581,Diya Ansari,48,Canada,HR,128870,7,diya.ansari81@company.com,Active,2024-08-15
2582,Sneha Malik,21,India,IT,83695,32,sneha.malik82@outlook.com,Active,2022-06-27
2583,Reyansh Ansari,28,Germany,Sales,163268,34,reyansh.ansari83@outlook.com,Active,2020-09-19
2584,Neha Ansari,57,USA,Data,146019,18,neha.ansari84@outlook.com,Active,2022-04-06
2585,Krishna Singh,52,USA,Finance,61742,29,krishna.singh85@gmail.com,Inactive,2018-09-15
2586,Ishaan Ansari,57,India,Sales,83028,8,ishaan.ansari86@gmail.com,Inactive,2019-12-24
2587,Krishna Ansari,24,USA,IT,145135,18,krishna.ansari87@yahoo.com,Inactive,2024-10-12
2588,Krishna Mukherjee,50,Germany,Finance,112700,25,krishna.mukherjee88@outlook.com,Inactive,2020-10-30
2589,Diya Patel,26,India,HR,42618,0,diya.patel89@outlook.com,Active,2019-11-08
2590,Vihaan Mehta,39,Canada,Finance,103916,2,vihaan.mehta90@yahoo.com,Active,2025-06-03
2591,Aditya Nair,52,India,Finance,89628,33,aditya.nair91@company.com,Active,2019-03-01
2592,Meera Sharma,29,India,HR,115699,24,meera.sharma92@gmail.com,Active,2022-05-20
2593,Pooja Verma,32,Canada,Marketing,120096,29,pooja.verma93@yahoo.com,Inactive,2022-11-21
2594,Neha Chopra,31,Germany,Marketing,49725,0,neha.chopra94@company.com,Active,2022-03-16
2595,Meera Reddy,36,UK,Finance,151841,17,meera.reddy95@yahoo.com,Active,2021-09-02
2596,Neha Roy,21,UK,Finance,105223,32,neha.roy96@company.com,Active,2019-09-22
2597,Ishaan Nair,41,Canada,Sales,146778,8,ishaan.nair97@company.com,Inactive,2018-05-14
2598,Reyansh Das,50,Germany,Marketing,102122,6,reyansh.das98@yahoo.com,Inactive,2023-08-28
2599,Ishaan Kapoor,33,USA,HR,43056,29,ishaan.kapoor99@yahoo.com,Inactive,2021-10-02
2600,Krishna Roy,54,Canada,Data,146894,12,krishna.roy0@yahoo.com,Inactive,2019-01-03
2601,Arjun Verma,24,UK,Data,105958,16,arjun.verma1@yahoo.com,Active,2018-06-17
2602,Riya Bansal,48,Germany,Finance,167024,12,riya.bansal2@outlook.com,Inactive,2018-01-17
2603,Neha Ghosh,58,India,Finance,152559,12,neha.ghosh3@company.com,Inactive,2022-03-26
2604,Vivaan Das,51,Germany,Data,47521,9,vivaan.das4@yahoo.com,Active,2022-03-11
2605,Diya Kapoor,47,Germany,Sales,45906,13,diya.kapoor5@outlook.com,Inactive,2022-02-06
2606,Reyansh Agarwal,25,UK,Sales,103514,4,reyansh.agarwal6@gmail.com,Inactive,2019-06-27
2607,Vihaan Das,45,UK,Sales,164160,34,vihaan.das7@outlook.com,Active,2019-12-28
2608,Kavya Reddy,23,USA,IT,77769,22,kavya.reddy8@outlook.com,Inactive,2024-06-11
2609,Aarav Sharma,53,USA,HR,78766,4,aarav.sharma9@yahoo.com,Inactive,2019-01-14
2610,Muhammad Kapoor,24,Canada,IT,163148,27,muhammad.kapoor10@gmail.com,Inactive,2018-12-06
2611,Sneha Mehta,45,India,Finance,47343,22,sneha.mehta11@company.com,Inactive,2024-01-08
2612,Ananya Chopra,40,USA,Sales,115227,33,ananya.chopra12@gmail.com,Active,2018-07-26
2613,Meera Malik,54,UK,Sales,152658,30,meera.malik13@outlook.com,Active,2023-12-27
2614,Reyansh Ghosh,46,Germany,Data,111862,6,reyansh.ghosh14@yahoo.com,Inactive,2020-04-25
2615,Ishaan Singh,25,Canada,Data,65521,6,ishaan.singh15@yahoo.com,Active,2024-08-28
2616,Ishaan Nair,55,USA,Sales,166877,3,ishaan.nair16@yahoo.com,Active,2019-12-27
2617,Meera Reddy,48,Germany,Marketing,50040,31,meera.reddy17@outlook.com,Inactive,2019-11-05
2618,Diya Khan,49,Germany,Data,97678,27,diya.khan18@gmail.com,Inactive,2023-03-08
2619,Neha Bansal,29,USA,HR,131396,3,neha.bansal19@outlook.com,Active,2024-02-29
2620,Muhammad Bansal,58,India,IT,73394,7,muhammad.bansal20@gmail.com,Active,2023-08-20
2621,Diya Chopra,26,India,HR,125672,13,diya.chopra21@gmail.com,Inactive,2018-12-16
2622,Aditi Malik,39,Canada,Data,144042,29,aditi.malik22@outlook.com,Active,2021-01-04
2623,Kavya Khan,31,India,Sales,117546,2,kavya.khan23@company.com,Active,2022-11-05
2624,Sneha Patel,22,Canada,Finance,98989,1,sneha.patel24@outlook.com,Inactive,2022-11-04
2625,Sneha Singh,29,UK,Marketing,74652,9,sneha.singh25@outlook.com,Inactive,2020-01-08
2626,Vihaan Malik,41,USA,Data,151298,5,vihaan.malik26@gmail.com,Inactive,2018-08-05
2627,Krishna Ghosh,44,Germany,HR,144758,6,krishna.ghosh27@gmail.com,Inactive,2021-08-08
2628,Priya Kapoor,54,Canada,Finance,112510,15,priya.kapoor28@company.com,Active,2023-08-14
2629,Muhammad Patel,42,India,Data,151074,5,muhammad.patel29@outlook.com,Inactive,2022-08-12
2630,Arjun Nair,23,Canada,Sales,118822,15,arjun.nair30@outlook.com,Active,2022-09-21
2631,Aarav Khan,32,Canada,Sales,154410,26,aarav.khan31@company.com,Active,2025-04-07
2632,Priya Nair,48,India,Sales,95911,11,priya.nair32@company.com,Inactive,2020-11-27
2633,Arjun Das,50,India,Sales,127206,21,arjun.das33@outlook.com,Active,2019-08-11
2634,Pooja Reddy,46,USA,Data,91221,14,pooja.reddy34@company.com,Inactive,2021-08-11
2635,Neha Iyer,41,Germany,Marketing,59805,21,neha.iyer35@yahoo.com,Inactive,2025-11-09
2636,Ishaan Ghosh,48,USA,Marketing,59190,34,ishaan.ghosh36@outlook.com,Active,2020-04-09
2637,Sneha Verma,46,USA,HR,156154,14,sneha.verma37@yahoo.com,Active,2024-05-11
2638,Aditi Mehta,53,India,Data,42997,22,aditi.mehta38@yahoo.com,Active,2025-04-07
2639,Reyansh Verma,41,India,Sales,144988,1,reyansh.verma39@yahoo.com,Inactive,2020-10-07
2640,Muhammad Malik,55,Germany,Marketing,159190,1,muhammad.malik40@yahoo.com,Inactive,2023-11-18
2641,Neha Mehta,54,Canada,Data,65508,18,neha.mehta41@outlook.com,Inactive,2021-07-26
2642,Kavya Reddy,38,USA,Finance,122053,4,kavya.reddy42@outlook.com,Active,2024-09-25
2643,Ishaan Chopra,31,Germany,Marketing,97426,3,ishaan.chopra43@yahoo.com,Inactive,2025-03-22
2644,Diya Ghosh,43,USA,Marketing,174596,27,diya.ghosh44@outlook.com,Inactive,2019-12-11
2645,Pooja Malik,42,Canada,HR,45071,17,pooja.malik45@yahoo.com,Active,2024-07-01
2646,Diya Sharma,37,USA,Marketing,139613,30,diya.sharma46@outlook.com,Active,2023-05-15
2647,Priya Mehta,25,UK,Finance,76466,21,priya.mehta47@yahoo.com,Inactive,2022-08-28
2648,Diya Mukherjee,31,Germany,Sales,121132,10,diya.mukherjee48@gmail.com,Inactive,2020-10-21
2649,Muhammad Roy,50,India,IT,158515,15,muhammad.roy49@company.com,Inactive,2019-08-23
2650,Sneha Ghosh,35,USA,HR,75239,3,sneha.ghosh50@gmail.com,Active,2021-12-12
2651,Reyansh Iyer,47,Germany,Finance,80924,20,reyansh.iyer51@yahoo.com,Inactive,2018-01-10
2652,Diya Reddy,55,Germany,HR,143230,24,diya.reddy52@company.com,Inactive,2024-08-19
2653,Riya Nair,53,USA,Data,84264,19,riya.nair53@yahoo.com,Active,2019-10-08
2654,Kavya Gupta,40,India,Sales,102799,7,kavya.gupta54@gmail.com,Inactive,2023-06-15
2655,Aditi Mukherjee,36,India,Marketing,73022,8,aditi.mukherjee55@company.com,Inactive,2021-02-07
2656,Shaurya Agarwal,54,USA,Data,126178,17,shaurya.agarwal56@gmail.com,Inactive,2022-10-09
2657,Arjun Khan,22,Germany,Marketing,47571,30,arjun.khan57@gmail.com,Active,2019-10-14
2658,Ananya Bansal,55,India,Finance,117753,34,ananya.bansal58@yahoo.com,Active,2023-11-21
2659,Meera Roy,48,USA,Sales,83225,29,meera.roy59@gmail.com,Active,2022-07-05
2660,Aditi Gupta,59,USA,IT,42227,17,aditi.gupta60@gmail.com,Active,2023-11-28
2661,Aditya Khan,26,USA,IT,76189,18,aditya.khan61@yahoo.com,Inactive,2018-08-12
2662,Ananya Singh,29,Germany,Marketing,113208,23,ananya.singh62@yahoo.com,Active,2024-03-21
2663,Ananya Reddy,40,India,Data,88406,21,ananya.reddy63@gmail.com,Active,2022-10-21
2664,Shaurya Malik,21,Germany,Sales,135822,13,shaurya.malik64@yahoo.com,Active,2020-01-21
2665,Meera Kapoor,28,UK,Sales,120587,18,meera.kapoor65@company.com,Active,2025-05-02
2666,Ishaan Agarwal,43,India,Finance,63845,28,ishaan.agarwal66@company.com,Inactive,2020-04-22
2667,Diya Roy,23,Germany,Data,45015,21,diya.roy67@yahoo.com,Active,2024-03-11
2668,Riya Agarwal,24,India,IT,142600,29,riya.agarwal68@yahoo.com,Inactive,2022-04-21
2669,Priya Khan,45,UK,Finance,166779,14,priya.khan69@company.com,Active,2024-04-22
2670,Reyansh Sharma,58,Canada,HR,157146,20,reyansh.sharma70@outlook.com,Inactive,2025-06-07
2671,Arjun Singh,35,USA,Sales,61467,25,arjun.singh71@yahoo.com,Active,2022-02-14
2672,Ishaan Gupta,41,Germany,IT,118222,11,ishaan.gupta72@outlook.com,Active,2020-10-16
2673,Muhammad Khan,55,UK,Finance,42118,6,muhammad.khan73@yahoo.com,Active,2021-11-28
2674,Aditi Mehta,34,UK,Marketing,98884,10,aditi.mehta74@outlook.com,Inactive,2020-12-01
2675,Vihaan Gupta,56,India,HR,177285,19,vihaan.gupta75@yahoo.com,Active,2021-11-12
2676,Neha Ghosh,32,India,Finance,132021,34,neha.ghosh76@company.com,Inactive,2020-11-18
2677,Vivaan Sharma,37,USA,Marketing,174940,3,vivaan.sharma77@yahoo.com,Inactive,2025-07-05
2678,Aditi Das,59,India,IT,86716,1,aditi.das78@gmail.com,Inactive,2025-02-21
2679,Aditya Mehta,29,Germany,IT,161202,19,aditya.mehta79@company.com,Active,2024-07-02
2680,Ishaan Mukherjee,55,Germany,HR,77523,19,ishaan.mukherjee80@gmail.com,Active,2025-11-30
2681,Arjun Gupta,33,Germany,Marketing,69028,11,arjun.gupta81@yahoo.com,Active,2020-12-13
2682,Aditi Iyer,35,Canada,Sales,152891,16,aditi.iyer82@yahoo.com,Active,2022-02-22
2683,Krishna Singh,38,Germany,IT,176617,17,krishna.singh83@company.com,Active,2024-09-30
2684,Shaurya Agarwal,53,India,Data,35357,23,shaurya.agarwal84@outlook.com,Inactive,2020-10-18
2685,Arjun Patel,26,India,Sales,136538,7,arjun.patel85@yahoo.com,Active,2021-10-15
2686,Riya Khan,47,Germany,Sales,157771,29,riya.khan86@yahoo.com,Active,2018-10-07
2687,Aarav Verma,43,UK,Finance,157594,19,aarav.verma87@outlook.com,Active,2020-12-14
2688,Diya Reddy,47,UK,Finance,162617,22,diya.reddy88@gmail.com,Inactive,2024-03-20
2689,Neha Agarwal,54,UK,IT,36593,9,neha.agarwal89@yahoo.com,Active,2023-11-26
2690,Pooja Malik,58,USA,Sales,39602,32,pooja.malik90@outlook.com,Active,2025-07-28
2691,Pooja Agarwal,34,Canada,Finance,147273,23,pooja.agarwal91@company.com,Active,2019-11-15
2692,Arjun Ghosh,56,Germany,Marketing,145903,15,arjun.ghosh92@gmail.com,Active,2019-08-25
2693,Reyansh Roy,28,USA,Marketing,130865,27,reyansh.roy93@outlook.com,Inactive,2023-08-06
2694,Meera Agarwal,55,UK,Marketing,45943,11,meera.agarwal94@outlook.com,Inactive,2022-03-13
2695,Sneha Bansal,39,Germany,Marketing,164459,19,sneha.bansal95@gmail.com,Active,2020-08-18
2696,Riya Ghosh,50,USA,Sales,117169,17,riya.ghosh96@outlook.com,Inactive,2019-05-22
2697,Shaurya Chopra,34,India,Marketing,79053,25,shaurya.chopra97@company.com,Inactive,2022-12-28
2698,Neha Ghosh,40,UK,Sales,106507,6,neha.ghosh98@gmail.com,Inactive,2021-04-09
2699,Krishna Gupta,45,USA,IT,96311,20,krishna.gupta99@gmail.com,Active,2020-05-24
2700,Kavya Iyer,44,India,IT,114493,31,kavya.iyer0@outlook.com,Inactive,2024-05-04
2701,Diya Bansal,34,UK,Marketing,66785,6,diya.bansal1@outlook.com,Active,2018-07-12
2702,Ishaan Patel,46,Canada,Marketing,116993,22,ishaan.patel2@outlook.com,Active,2025-09-04
2703,Shaurya Sharma,58,UK,Marketing,109536,19,shaurya.sharma3@company.com,Inactive,2021-04-18
2704,Aarav Das,43,Canada,IT,69894,19,aarav.das4@gmail.com,Inactive,2025-09-08
2705,Arjun Chopra,42,Canada,Finance,162210,31,arjun.chopra5@company.com,Inactive,2023-10-19
2706,Shaurya Nair,39,Canada,IT,119124,25,shaurya.nair6@outlook.com,Active,2020-11-19
2707,Pooja Sharma,23,Germany,Marketing,107006,23,pooja.sharma7@gmail.com,Inactive,2019-05-25
2708,Neha Nair,39,Germany,Finance,50473,0,neha.nair8@yahoo.com,Active,2020-01-04
2709,Shaurya Sharma,29,Canada,Finance,116697,27,shaurya.sharma9@outlook.com,Inactive,2019-04-05
2710,Priya Iyer,48,India,HR,55063,25,priya.iyer10@company.com,Inactive,2022-07-20
2711,Meera Singh,40,Canada,Sales,113444,33,meera.singh11@company.com,Inactive,2019-04-03
2712,Aarav Ghosh,27,USA,Marketing,46850,25,aarav.ghosh12@outlook.com,Active,2019-07-21
2713,Diya Ansari,34,Canada,Sales,35984,4,diya.ansari13@gmail.com,Inactive,2018-02-08
2714,Priya Ghosh,29,Germany,HR,85450,1,priya.ghosh14@yahoo.com,Active,2020-08-27
2715,Priya Kapoor,39,Germany,Sales,107723,31,priya.kapoor15@company.com,Inactive,2023-02-17
2716,Krishna Khan,34,USA,Marketing,128392,33,krishna.khan16@outlook.com,Active,2018-09-19
2717,Aditi Kapoor,58,USA,HR,55339,29,aditi.kapoor17@yahoo.com,Inactive,2018-07-03
2718,Krishna Malik,56,UK,Sales,144149,23,krishna.malik18@gmail.com,Inactive,2019-06-04
2719,Aditya Bansal,37,India,IT,73481,27,aditya.bansal19@yahoo.com,Inactive,2025-11-10
2720,Krishna Das,50,India,Finance,99236,2,krishna.das20@outlook.com,Inactive,2025-12-30
2721,Meera Malik,29,India,HR,114619,9,meera.malik21@gmail.com,Inactive,2019-01-21
2722,Shaurya Ghosh,53,Germany,IT,95306,5,shaurya.ghosh22@company.com,Inactive,2025-03-08
2723,Ishaan Bansal,45,India,Marketing,60435,33,ishaan.bansal23@yahoo.com,Active,2018-09-10
2724,Muhammad Gupta,34,UK,Finance,156404,30,muhammad.gupta24@company.com,Inactive,2020-10-31
2725,Reyansh Patel,31,UK,HR,65837,12,reyansh.patel25@yahoo.com,Inactive,2025-04-01
2726,Shaurya Mehta,55,India,Finance,70495,19,shaurya.mehta26@outlook.com,Active,2024-03-08
2727,Kavya Mukherjee,34,USA,Data,74760,31,kavya.mukherjee27@yahoo.com,Active,2022-03-20
2728,Kavya Malik,50,UK,Data,147489,9,kavya.malik28@outlook.com,Inactive,2022-07-25
2729,Meera Nair,24,USA,HR,162351,25,meera.nair29@company.com,Active,2022-12-12
2730,Muhammad Reddy,24,Germany,HR,57084,18,muhammad.reddy30@gmail.com,Active,2024-08-04
2731,Aarav Patel,48,UK,Sales,101601,28,aarav.patel31@gmail.com,Inactive,2018-03-09
2732,Vivaan Ghosh,28,USA,Finance,157325,12,vivaan.ghosh32@gmail.com,Active,2024-10-10
2733,Aarav Khan,22,India,Data,94351,33,aarav.khan33@yahoo.com,Inactive,2023-02-16
2734,Vihaan Iyer,42,Germany,Data,43820,19,vihaan.iyer34@company.com,Active,2023-08-19
2735,Ishaan Patel,36,Canada,Finance,92232,17,ishaan.patel35@company.com,Active,2019-06-21
2736,Kavya Sharma,49,Canada,Data,81588,33,kavya.sharma36@outlook.com,Active,2022-05-20
2737,Krishna Gupta,50,India,IT,43058,7,krishna.gupta37@yahoo.com,Inactive,2019-11-26
2738,Arjun Sharma,32,Germany,Data,123388,15,arjun.sharma38@yahoo.com,Inactive,2021-04-11
2739,Neha Ansari,55,Germany,Data,114654,22,neha.ansari39@company.com,Inactive,2020-03-11
2740,Ananya Bansal,31,Germany,Marketing,159063,31,ananya.bansal40@company.com,Inactive,2023-09-01
2741,Shaurya Nair,41,Germany,IT,107195,12,shaurya.nair41@gmail.com,Inactive,2018-06-04
2742,Diya Agarwal,41,Canada,Sales,105377,25,diya.agarwal42@company.com,Inactive,2025-10-28
2743,Vivaan Reddy,25,USA,HR,159157,0,vivaan.reddy43@company.com,Active,2022-01-25
2744,Aditya Patel,40,Germany,Data,82501,1,aditya.patel44@company.com,Active,2018-03-19
2745,Vivaan Malik,57,USA,Sales,90877,12,vivaan.malik45@outlook.com,Inactive,2023-11-22
2746,Aditi Gupta,23,Germany,Sales,49538,26,aditi.gupta46@company.com,Active,2023-07-20
2747,Pooja Nair,53,UK,IT,150859,3,pooja.nair47@gmail.com,Inactive,2024-05-14
2748,Reyansh Ansari,29,UK,HR,145812,19,reyansh.ansari48@yahoo.com,Inactive,2019-12-20
2749,Ishaan Kapoor,29,UK,Marketing,38769,2,ishaan.kapoor49@outlook.com,Active,2020-02-02
2750,Aarav Mehta,24,Germany,Sales,66586,22,aarav.mehta50@outlook.com,Active,2022-10-27
2751,Krishna Kapoor,55,USA,Marketing,120551,1,krishna.kapoor51@company.com,Inactive,2018-02-26
2752,Kavya Singh,37,Canada,HR,135614,15,kavya.singh52@outlook.com,Inactive,2018-12-05
2753,Vivaan Ansari,54,India,HR,102879,9,vivaan.ansari53@yahoo.com,Active,2018-10-01
2754,Kavya Mehta,44,Canada,IT,87219,27,kavya.mehta54@company.com,Active,2023-03-08
2755,Riya Ansari,52,Germany,Finance,70107,17,riya.ansari55@company.com,Active,2019-03-09
2756,Neha Kapoor,21,UK,Data,166755,1,neha.kapoor56@yahoo.com,Inactive,2025-04-11
2757,Shaurya Reddy,28,UK,IT,125987,13,shaurya.reddy57@yahoo.com,Inactive,2024-09-04
2758,Reyansh Verma,43,USA,Marketing,101590,19,reyansh.verma58@gmail.com,Inactive,2023-04-06
2759,Pooja Das,32,Germany,IT,96097,22,pooja.das59@gmail.com,Inactive,2023-03-28
2760,Vihaan Malik,32,Canada,HR,152290,6,vihaan.malik60@gmail.com,Inactive,2021-07-07
2761,Neha Iyer,35,Germany,Sales,100884,13,neha.iyer61@gmail.com,Active,2024-01-31
2762,Muhammad Chopra,39,Germany,Data,129426,7,muhammad.chopra62@gmail.com,Inactive,2022-10-14
2763,Vivaan Ansari,46,UK,Data,134326,4,vivaan.ansari63@yahoo.com,Inactive,2022-12-06
2764,Vihaan Singh,49,Canada,Finance,35503,22,vihaan.singh64@company.com,Inactive,2024-05-08
2765,Priya Reddy,42,India,HR,48576,9,priya.reddy65@outlook.com,Active,2018-11-04
2766,Aarav Khan,41,UK,Data,68290,26,aarav.khan66@gmail.com,Inactive,2022-07-31
2767,Ishaan Roy,58,Canada,Data,46884,34,ishaan.roy67@outlook.com,Active,2025-03-27
2768,Vihaan Kapoor,40,USA,Sales,165037,0,vihaan.kapoor68@yahoo.com,Inactive,2019-07-10
2769,Krishna Sharma,49,UK,Marketing,98739,6,krishna.sharma69@outlook.com,Inactive,2024-03-04
2770,Vivaan Roy,24,USA,Marketing,157111,7,vivaan.roy70@gmail.com,Active,2021-02-14
2771,Neha Mukherjee,27,UK,Marketing,36268,10,neha.mukherjee71@gmail.com,Active,2023-04-10
2772,Arjun Chopra,48,Germany,IT,101712,33,arjun.chopra72@company.com,Inactive,2023-08-15
2773,Aditya Singh,48,Canada,Marketing,96939,27,aditya.singh73@yahoo.com,Active,2023-05-20
2774,Reyansh Nair,24,USA,Marketing,113281,33,reyansh.nair74@yahoo.com,Active,2024-12-21
2775,Aditya Mukherjee,42,UK,IT,136917,19,aditya.mukherjee75@outlook.com,Active,2022-07-08
2776,Ananya Verma,32,USA,Sales,162744,27,ananya.verma76@yahoo.com,Inactive,2022-11-21
2777,Vivaan Chopra,23,UK,HR,139894,2,vivaan.chopra77@company.com,Inactive,2023-07-29
2778,Arjun Ghosh,42,UK,Data,172840,8,arjun.ghosh78@yahoo.com,Inactive,2021-01-18
2779,Vihaan Patel,22,India,Finance,98412,21,vihaan.patel79@yahoo.com,Inactive,2020-08-07
2780,Neha Singh,44,India,Data,129568,24,neha.singh80@company.com,Active,2021-05-25
2781,Ananya Ghosh,54,India,Marketing,65226,1,ananya.ghosh81@yahoo.com,Inactive,2018-03-12
2782,Diya Agarwal,47,USA,Marketing,84985,22,diya.agarwal82@company.com,Active,2018-01-30
2783,Muhammad Sharma,21,Germany,Data,142752,16,muhammad.sharma83@outlook.com,Inactive,2025-11-08
2784,Aditi Chopra,28,UK,Data,101883,24,aditi.chopra84@yahoo.com,Inactive,2019-11-02
2785,Arjun Malik,43,Canada,Marketing,156501,11,arjun.malik85@company.com,Active,2021-11-20
2786,Vivaan Nair,58,India,IT,62788,26,vivaan.nair86@yahoo.com,Inactive,2022-03-25
2787,Kavya Ghosh,26,USA,IT,134214,19,kavya.ghosh87@yahoo.com,Inactive,2020-09-20
2788,Shaurya Ghosh,42,USA,IT,42166,8,shaurya.ghosh88@outlook.com,Inactive,2024-06-28
2789,Neha Ansari,45,USA,Finance,145299,22,neha.ansari89@gmail.com,Active,2024-08-14
2790,Sneha Khan,38,Canada,HR,35403,27,sneha.khan90@gmail.com,Inactive,2021-03-25
2791,Pooja Chopra,37,Canada,Marketing,62224,28,pooja.chopra91@outlook.com,Active,2020-10-02
2792,Ananya Agarwal,32,India,Sales,38485,31,ananya.agarwal92@outlook.com,Active,2024-03-11
2793,Ishaan Mukherjee,26,Canada,Data,147055,11,ishaan.mukherjee93@gmail.com,Inactive,2025-06-06
2794,Pooja Khan,46,India,Data,109984,29,pooja.khan94@company.com,Inactive,2021-01-11
2795,Aditya Das,47,Canada,Marketing,100491,10,aditya.das95@company.com,Inactive,2024-09-18
2796,Arjun Agarwal,28,Canada,Marketing,113946,19,arjun.agarwal96@gmail.com,Inactive,2019-09-05
2797,Shaurya Malik,39,Canada,Marketing,49262,10,shaurya.malik97@outlook.com,Active,2023-02-15
2798,Pooja Chopra,21,India,Data,128296,15,pooja.chopra98@yahoo.com,Active,2018-10-08
2799,Kavya Sharma,49,UK,Marketing,157804,34,kavya.sharma99@outlook.com,Inactive,2022-09-12
2800,Riya Kapoor,55,India,Data,163716,0,riya.kapoor0@company.com,Inactive,2021-01-18
2801,Reyansh Sharma,34,UK,HR,156774,24,reyansh.sharma1@gmail.com,Inactive,2023-12-17
2802,Meera Chopra,55,USA,Sales,69712,26,meera.chopra2@company.com,Active,2018-11-05
2803,Meera Singh,40,USA,IT,69328,31,meera.singh3@gmail.com,Inactive,2023-06-11
2804,Ananya Gupta,33,India,Sales,72515,5,ananya.gupta4@yahoo.com,Inactive,2019-04-30
2805,Pooja Kapoor,58,UK,Marketing,97074,22,pooja.kapoor5@yahoo.com,Inactive,2022-03-09
2806,Muhammad Das,28,UK,Sales,81857,28,muhammad.das6@yahoo.com,Active,2025-10-10
2807,Neha Ghosh,40,UK,Marketing,84744,29,neha.ghosh7@yahoo.com,Active,2018-10-10
2808,Arjun Mukherjee,53,USA,Sales,131699,21,arjun.mukherjee8@gmail.com,Inactive,2021-02-04
2809,Shaurya Reddy,46,India,Finance,40327,10,shaurya.reddy9@yahoo.com,Active,2024-01-12
2810,Priya Reddy,59,Germany,Sales,117675,25,priya.reddy10@outlook.com,Inactive,2021-11-04
2811,Vihaan Mehta,41,UK,IT,68264,22,vihaan.mehta11@company.com,Inactive,2025-10-25
2812,Riya Gupta,29,UK,IT,113596,2,riya.gupta12@company.com,Active,2025-03-28
2813,Vivaan Patel,44,Germany,Sales,63855,5,vivaan.patel13@outlook.com,Inactive,2020-05-19
2814,Reyansh Verma,57,India,Data,39127,6,reyansh.verma14@company.com,Active,2023-06-12
2815,Muhammad Mehta,37,UK,Data,156704,21,muhammad.mehta15@gmail.com,Active,2018-09-18
2816,Neha Ansari,44,India,Data,73319,32,neha.ansari16@gmail.com,Inactive,2023-04-14
2817,Vihaan Verma,41,UK,Sales,104126,2,vihaan.verma17@outlook.com,Inactive,2025-10-02
2818,Sneha Kapoor,59,Canada,Data,47973,29,sneha.kapoor18@outlook.com,Inactive,2018-08-09
2819,Neha Das,59,UK,HR,62281,23,neha.das19@gmail.com,Inactive,2019-11-24
2820,Meera Roy,33,Canada,Sales,161566,2,meera.roy20@outlook.com,Inactive,2024-09-11
2821,Ishaan Verma,31,India,IT,96426,1,ishaan.verma21@yahoo.com,Active,2019-12-15
2822,Diya Singh,39,UK,Data,62623,18,diya.singh22@company.com,Active,2025-10-15
2823,Meera Gupta,31,USA,Finance,124616,23,meera.gupta23@gmail.com,Active,2024-09-25
2824,Aarav Ansari,33,USA,Data,170769,19,aarav.ansari24@gmail.com,Active,2019-09-22
2825,Neha Gupta,21,Germany,IT,50730,30,neha.gupta25@outlook.com,Active,2019-09-21
2826,Kavya Verma,39,USA,HR,66313,30,kavya.verma26@company.com,Inactive,2024-09-14
2827,Diya Ghosh,32,Canada,Sales,100573,28,diya.ghosh27@gmail.com,Active,2025-07-19
2828,Priya Chopra,28,USA,Data,88595,3,priya.chopra28@yahoo.com,Inactive,2022-09-26
2829,Vivaan Mukherjee,28,USA,Finance,64908,9,vivaan.mukherjee29@yahoo.com,Inactive,2023-01-02
2830,Ishaan Das,32,USA,IT,140790,34,ishaan.das30@gmail.com,Active,2022-03-02
2831,Vivaan Gupta,53,UK,Finance,74648,20,vivaan.gupta31@gmail.com,Active,2024-01-31
2832,Shaurya Gupta,46,Germany,Marketing,158613,0,shaurya.gupta32@outlook.com,Active,2018-10-28
2833,Muhammad Das,59,India,IT,72289,11,muhammad.das33@gmail.com,Inactive,2023-11-21
2834,Vihaan Mehta,48,Germany,Marketing,174911,23,vihaan.mehta34@company.com,Inactive,2025-01-12
2835,Krishna Ghosh,25,Canada,Finance,131541,1,krishna.ghosh35@company.com,Inactive,2020-10-25
2836,Aditi Ansari,28,UK,Sales,174583,19,aditi.ansari36@gmail.com,Active,2023-02-08
2837,Muhammad Das,45,UK,Sales,121527,15,muhammad.das37@yahoo.com,Inactive,2022-06-13
2838,Krishna Roy,47,USA,Sales,165568,33,krishna.roy38@yahoo.com,Inactive,2024-02-04
2839,Reyansh Ghosh,43,USA,Marketing,139672,12,reyansh.ghosh39@outlook.com,Active,2022-12-25
2840,Pooja Bansal,50,Canada,Sales,144049,17,pooja.bansal40@company.com,Inactive,2018-01-27
2841,Vihaan Roy,43,UK,HR,165872,28,vihaan.roy41@company.com,Inactive,2023-03-17
2842,Diya Agarwal,40,India,IT,176020,13,diya.agarwal42@outlook.com,Active,2022-09-07
2843,Priya Mehta,38,Germany,IT,79638,29,priya.mehta43@outlook.com,Inactive,2019-01-13
2844,Reyansh Khan,38,UK,Finance,171945,34,reyansh.khan44@yahoo.com,Active,2018-04-07
2845,Pooja Kapoor,22,India,Data,124092,8,pooja.kapoor45@gmail.com,Active,2025-06-18
2846,Riya Reddy,24,India,Marketing,62091,11,riya.reddy46@yahoo.com,Inactive,2021-03-05
2847,Reyansh Ghosh,50,Germany,IT,106171,20,reyansh.ghosh47@gmail.com,Inactive,2019-01-23
2848,Meera Agarwal,53,India,Marketing,68532,17,meera.agarwal48@company.com,Active,2023-03-19
2849,Diya Reddy,56,Canada,Finance,52036,10,diya.reddy49@gmail.com,Inactive,2018-06-13
2850,Pooja Reddy,38,India,Sales,80040,26,pooja.reddy50@yahoo.com,Inactive,2023-03-14
2851,Diya Bansal,57,Canada,Data,45321,23,diya.bansal51@outlook.com,Active,2021-12-09
2852,Priya Reddy,39,India,Finance,64152,33,priya.reddy52@outlook.com,Active,2020-08-02
2853,Meera Singh,48,USA,HR,120884,19,meera.singh53@company.com,Active,2019-11-12
2854,Sneha Ghosh,40,India,Sales,121531,12,sneha.ghosh54@gmail.com,Active,2020-09-28
2855,Muhammad Kapoor,53,Canada,Sales,89911,7,muhammad.kapoor55@gmail.com,Active,2021-03-05
2856,Pooja Malik,32,India,Sales,125298,4,pooja.malik56@gmail.com,Active,2018-06-07
2857,Diya Agarwal,35,India,Finance,166217,6,diya.agarwal57@outlook.com,Inactive,2024-09-11
2858,Kavya Kapoor,59,India,HR,105637,11,kavya.kapoor58@gmail.com,Inactive,2020-03-23
2859,Aarav Verma,22,Canada,Data,170319,3,aarav.verma59@gmail.com,Active,2022-10-29
2860,Shaurya Mukherjee,49,India,Marketing,104724,18,shaurya.mukherjee60@outlook.com,Active,2021-10-21
2861,Aarav Das,30,Germany,Finance,168768,0,aarav.das61@outlook.com,Active,2021-08-18
2862,Arjun Iyer,22,Germany,IT,79549,12,arjun.iyer62@company.com,Active,2024-07-24
2863,Aarav Iyer,31,Canada,IT,131411,24,aarav.iyer63@yahoo.com,Active,2025-10-02
2864,Krishna Ansari,33,USA,Finance,170713,33,krishna.ansari64@outlook.com,Inactive,2019-01-29
2865,Ananya Sharma,30,Germany,Marketing,106095,34,ananya.sharma65@yahoo.com,Active,2021-09-09
2866,Ishaan Ghosh,34,UK,IT,150337,16,ishaan.ghosh66@yahoo.com,Inactive,2023-09-29
2867,Riya Ghosh,38,Germany,Marketing,177703,25,riya.ghosh67@gmail.com,Active,2021-09-09
2868,Sneha Roy,29,UK,Sales,37023,20,sneha.roy68@outlook.com,Inactive,2022-03-18
2869,Arjun Mehta,59,Canada,Finance,69842,11,arjun.mehta69@company.com,Inactive,2020-04-22
2870,Vivaan Agarwal,48,USA,Sales,90189,15,vivaan.agarwal70@gmail.com,Active,2022-01-26
2871,Diya Patel,23,UK,IT,163118,19,diya.patel71@gmail.com,Active,2022-11-18
2872,Arjun Malik,40,UK,Marketing,80923,9,arjun.malik72@yahoo.com,Active,2024-12-23
2873,Diya Roy,26,Germany,Sales,70080,22,diya.roy73@gmail.com,Inactive,2022-10-17
2874,Krishna Singh,47,UK,IT,38474,29,krishna.singh74@gmail.com,Active,2025-08-21
2875,Ishaan Iyer,22,Canada,HR,160185,7,ishaan.iyer75@gmail.com,Active,2022-11-13
2876,Aditya Roy,49,Canada,Sales,169332,4,aditya.roy76@yahoo.com,Inactive,2023-07-07
2877,Aditi Roy,58,Canada,HR,154526,11,aditi.roy77@yahoo.com,Inactive,2024-02-14
2878,Muhammad Gupta,23,Germany,HR,40618,13,muhammad.gupta78@gmail.com,Active,2020-08-03
2879,Ananya Nair,36,USA,Data,175357,11,ananya.nair79@outlook.com,Active,2023-12-17
2880,Reyansh Nair,50,Germany,IT,92083,23,reyansh.nair80@yahoo.com,Active,2023-11-15
2881,Sneha Mehta,22,Canada,Finance,58707,16,sneha.mehta81@outlook.com,Active,2018-12-31
2882,Meera Iyer,37,Germany,Marketing,51944,0,meera.iyer82@company.com,Active,2024-12-23
2883,Vivaan Roy,32,Canada,IT,42546,10,vivaan.roy83@outlook.com,Active,2021-04-03
2884,Aditi Gupta,55,India,Data,89139,5,aditi.gupta84@company.com,Active,2020-07-07
2885,Vivaan Reddy,21,India,Data,148857,14,vivaan.reddy85@gmail.com,Inactive,2024-02-03
2886,Diya Bansal,35,UK,Sales,42207,22,diya.bansal86@yahoo.com,Inactive,2019-09-21
2887,Priya Mehta,46,USA,Marketing,129804,22,priya.mehta87@company.com,Inactive,2022-10-12
2888,Krishna Mukherjee,57,India,Data,66222,11,krishna.mukherjee88@outlook.com,Inactive,2020-08-27
2889,Aarav Kapoor,41,Canada,Finance,119303,6,aarav.kapoor89@company.com,Active,2018-09-30
2890,Vivaan Iyer,51,Germany,IT,45017,15,vivaan.iyer90@company.com,Active,2024-09-12
2891,Riya Verma,45,Germany,Finance,66236,34,riya.verma91@outlook.com,Inactive,2022-05-06
2892,Ananya Ghosh,43,UK,Sales,173736,28,ananya.ghosh92@company.com,Inactive,2024-09-24
2893,Sneha Patel,44,Germany,IT,64921,16,sneha.patel93@gmail.com,Active,2025-09-25
2894,Ananya Das,58,India,Sales,130381,25,ananya.das94@outlook.com,Active,2020-12-23
2895,Krishna Patel,48,Germany,Marketing,115109,19,krishna.patel95@yahoo.com,Inactive,2024-07-16
2896,Vivaan Kapoor,41,India,Marketing,98590,24,vivaan.kapoor96@company.com,Inactive,2021-06-06
2897,Kavya Mukherjee,38,India,Finance,44390,18,kavya.mukherjee97@outlook.com,Inactive,2019-05-20
2898,Sneha Das,56,USA,Finance,159651,20,sneha.das98@outlook.com,Inactive,2020-05-10
2899,Aditya Singh,55,UK,Marketing,164541,31,aditya.singh99@yahoo.com,Active,2025-08-16
2900,Priya Iyer,29,Canada,HR,64980,27,priya.iyer0@outlook.com,Active,2019-09-21
2901,Aditi Patel,58,India,Marketing,151960,11,aditi.patel1@gmail.com,Active,2018-09-07
2902,Arjun Reddy,50,UK,IT,98470,14,arjun.reddy2@gmail.com,Inactive,2019-05-27
2903,Aditya Nair,54,Canada,Sales,107762,27,aditya.nair3@yahoo.com,Active,2018-12-11
2904,Sneha Verma,52,Germany,Marketing,122983,20,sneha.verma4@yahoo.com,Inactive,2019-07-01
2905,Pooja Kapoor,23,UK,Marketing,137645,15,pooja.kapoor5@company.com,Active,2019-07-10
2906,Ishaan Gupta,23,UK,Data,52621,22,ishaan.gupta6@gmail.com,Inactive,2020-09-13
2907,Aditi Das,48,UK,Sales,177239,25,aditi.das7@yahoo.com,Inactive,2025-12-29
2908,Priya Patel,35,Germany,Data,106245,14,priya.patel8@yahoo.com,Active,2019-04-05
2909,Arjun Nair,43,Germany,Sales,159604,11,arjun.nair9@company.com,Active,2021-02-04
2910,Pooja Ansari,31,UK,IT,113776,3,pooja.ansari10@outlook.com,Active,2025-08-20
2911,Neha Kapoor,52,USA,Sales,70031,34,neha.kapoor11@gmail.com,Inactive,2025-09-12
2912,Sneha Ansari,56,India,Finance,67146,30,sneha.ansari12@yahoo.com,Inactive,2024-12-10
2913,Pooja Mukherjee,53,Germany,Marketing,42998,26,pooja.mukherjee13@company.com,Inactive,2024-12-24
2914,Riya Singh,44,USA,Sales,149619,31,riya.singh14@company.com,Active,2021-12-19
2915,Krishna Gupta,59,Germany,IT,152974,32,krishna.gupta15@outlook.com,Inactive,2020-07-09
2916,Ishaan Bansal,54,UK,Sales,66101,12,ishaan.bansal16@company.com,Active,2023-09-28
2917,Ananya Roy,48,USA,Marketing,114764,1,ananya.roy17@outlook.com,Inactive,2018-03-01
2918,Aditya Mehta,57,Canada,HR,146836,4,aditya.mehta18@yahoo.com,Active,2019-07-31
2919,Priya Bansal,27,India,Sales,130326,17,priya.bansal19@yahoo.com,Inactive,2022-11-30
2920,Diya Chopra,24,India,Finance,36882,16,diya.chopra20@gmail.com,Active,2018-12-15
2921,Muhammad Reddy,57,Germany,Marketing,94965,1,muhammad.reddy21@gmail.com,Active,2024-09-11
2922,Diya Mukherjee,21,India,IT,147956,34,diya.mukherjee22@company.com,Inactive,2023-05-19
2923,Aarav Iyer,21,Canada,Marketing,66343,13,aarav.iyer23@yahoo.com,Inactive,2019-11-05
2924,Reyansh Chopra,40,USA,Data,118943,11,reyansh.chopra24@outlook.com,Inactive,2022-02-02
2925,Meera Agarwal,39,USA,HR,150154,32,meera.agarwal25@company.com,Inactive,2019-11-07
2926,Meera Patel,49,UK,IT,170022,6,meera.patel26@gmail.com,Active,2023-08-25
2927,Kavya Verma,30,USA,HR,169961,8,kavya.verma27@outlook.com,Inactive,2025-02-09
2928,Krishna Ansari,38,Germany,HR,53976,4,krishna.ansari28@outlook.com,Active,2018-05-18
2929,Diya Patel,48,Canada,Finance,58016,3,diya.patel29@company.com,Inactive,2020-03-28
2930,Aditya Mehta,55,UK,Sales,58553,31,aditya.mehta30@company.com,Inactive,2022-05-01
2931,Vivaan Singh,51,Germany,Finance,64332,4,vivaan.singh31@outlook.com,Active,2025-04-19
2932,Meera Patel,47,Germany,Finance,154437,7,meera.patel32@company.com,Inactive,2018-03-22
2933,Shaurya Sharma,31,Germany,Data,170508,12,shaurya.sharma33@gmail.com,Inactive,2018-10-30
2934,Ananya Mehta,58,India,Finance,90702,3,ananya.mehta34@outlook.com,Inactive,2021-07-21
2935,Shaurya Agarwal,25,Germany,IT,60428,10,shaurya.agarwal35@company.com,Inactive,2024-09-22
2936,Neha Sharma,28,India,Sales,127045,14,neha.sharma36@company.com,Inactive,2023-05-09
2937,Ananya Ansari,54,USA,Sales,142369,17,ananya.ansari37@company.com,Inactive,2025-07-30
2938,Pooja Ansari,32,India,IT,69349,19,pooja.ansari38@gmail.com,Active,2023-01-17
2939,Muhammad Ghosh,58,Germany,Finance,72358,0,muhammad.ghosh39@yahoo.com,Active,2024-08-09
2940,Riya Malik,21,Canada,Finance,87484,0,riya.malik40@outlook.com,Inactive,2024-04-07
2941,Pooja Nair,51,Canada,HR,85837,10,pooja.nair41@yahoo.com,Active,2023-11-07
2942,Meera Patel,24,USA,HR,110333,28,meera.patel42@outlook.com,Inactive,2021-07-19
2943,Aarav Kapoor,25,Germany,Data,42531,28,aarav.kapoor43@gmail.com,Inactive,2022-02-21
2944,Sneha Das,50,India,Marketing,48825,23,sneha.das44@company.com,Inactive,2018-09-02
2945,Vivaan Malik,44,Canada,HR,107447,19,vivaan.malik45@yahoo.com,Active,2022-12-09
2946,Reyansh Verma,23,UK,Sales,106267,29,reyansh.verma46@yahoo.com,Active,2025-03-03
2947,Shaurya Ansari,31,Germany,IT,52279,4,shaurya.ansari47@gmail.com,Inactive,2021-01-01
2948,Meera Malik,24,Germany,Finance,148094,9,meera.malik48@company.com,Inactive,2025-04-25
2949,Vivaan Agarwal,46,UK,Marketing,146759,5,vivaan.agarwal49@gmail.com,Inactive,2018-07-30
2950,Aarav Gupta,47,Canada,HR,178117,3,aarav.gupta50@gmail.com,Active,2019-06-18
2951,Aditi Malik,47,UK,Marketing,71299,3,aditi.malik51@gmail.com,Active,2020-07-29
2952,Diya Mehta,26,USA,IT,116950,6,diya.mehta52@company.com,Inactive,2021-06-19
2953,Aarav Iyer,35,India,IT,161887,32,aarav.iyer53@yahoo.com,Inactive,2018-01-12
2954,Aditi Singh,50,India,Marketing,149074,8,aditi.singh54@outlook.com,Inactive,2023-06-25
2955,Aditi Das,57,Canada,Marketing,147691,25,aditi.das55@yahoo.com,Inactive,2019-06-01
2956,Vihaan Reddy,57,UK,Data,58302,20,vihaan.reddy56@yahoo.com,Active,2020-03-04
2957,Neha Mukherjee,57,Germany,Marketing,146277,21,neha.mukherjee57@company.com,Active,2018-12-13
2958,Pooja Gupta,55,Germany,Finance,106047,32,pooja.gupta58@yahoo.com,Active,2023-08-30
2959,Reyansh Ansari,43,Germany,Sales,138812,32,reyansh.ansari59@gmail.com,Active,2022-09-21
2960,Riya Agarwal,26,USA,HR,172159,4,riya.agarwal60@yahoo.com,Inactive,2023-12-24
2961,Pooja Sharma,24,USA,HR,163407,20,pooja.sharma61@gmail.com,Active,2019-03-22
2962,Vivaan Singh,38,Germany,HR,139966,26,vivaan.singh62@gmail.com,Inactive,2023-02-15
2963,Riya Iyer,29,Canada,Marketing,164306,0,riya.iyer63@outlook.com,Active,2023-06-09
2964,Ananya Nair,49,USA,Marketing,68366,15,ananya.nair64@gmail.com,Active,2018-06-22
2965,Aditi Khan,33,USA,Data,86347,34,aditi.khan65@outlook.com,Active,2025-07-15
2966,Aarav Chopra,37,India,Marketing,67837,31,aarav.chopra66@company.com,Inactive,2025-01-08
2967,Diya Chopra,52,India,Data,43139,28,diya.chopra67@outlook.com,Active,2018-06-08
2968,Shaurya Singh,42,Canada,Data,175657,22,shaurya.singh68@gmail.com,Active,2022-12-20
2969,Riya Malik,24,USA,Finance,38659,14,riya.malik69@yahoo.com,Active,2021-11-29
2970,Vivaan Malik,25,USA,Finance,126761,25,vivaan.malik70@outlook.com,Active,2025-01-03
2971,Aditi Sharma,57,UK,Finance,40634,24,aditi.sharma71@company.com,Active,2022-08-03
2972,Pooja Malik,33,Canada,Finance,151969,1,pooja.malik72@company.com,Active,2018-01-04
2973,Krishna Patel,54,Canada,IT,140126,11,krishna.patel73@outlook.com,Inactive,2025-10-23
2974,Ananya Kapoor,42,UK,Finance,38682,18,ananya.kapoor74@company.com,Inactive,2022-05-30
2975,Arjun Gupta,43,UK,Finance,170724,31,arjun.gupta75@outlook.com,Inactive,2025-08-25
2976,Aditi Das,23,India,Finance,146485,22,aditi.das76@gmail.com,Inactive,2023-11-22
2977,Meera Singh,54,Canada,Data,110038,4,meera.singh77@yahoo.com,Active,2024-08-17
2978,Priya Singh,52,Canada,HR,171485,24,priya.singh78@yahoo.com,Inactive,2022-07-31
2979,Sneha Patel,41,UK,HR,56984,34,sneha.patel79@yahoo.com,Inactive,2018-10-09
2980,Priya Iyer,41,Germany,HR,55487,28,priya.iyer80@company.com,Inactive,2025-08-22
2981,Meera Reddy,31,Germany,Sales,37075,19,meera.reddy81@gmail.com,Active,2024-05-19
2982,Kavya Ghosh,59,India,IT,120726,6,kavya.ghosh82@outlook.com,Active,2022-02-09
2983,Arjun Ansari,24,Germany,Data,132799,21,arjun.ansari83@yahoo.com,Active,2018-08-23
2984,Arjun Roy,21,Germany,Marketing,77293,17,arjun.roy84@outlook.com,Inactive,2022-09-22
2985,Pooja Ansari,48,Germany,Data,49962,20,pooja.ansari85@gmail.com,Inactive,2018-12-04
2986,Arjun Iyer,44,USA,Finance,85209,21,arjun.iyer86@company.com,Active,2021-05-30
2987,Riya Patel,55,India,HR,102645,11,riya.patel87@gmail.com,Active,2019-04-01
2988,Priya Patel,33,UK,Data,161676,10,priya.patel88@company.com,Inactive,2025-08-04
2989,Sneha Khan,54,Germany,IT,161528,11,sneha.khan89@company.com,Inactive,2023-04-03
2990,Ananya Gupta,31,USA,Finance,101856,25,ananya.gupta90@company.com,Active,2021-10-14
2991,Pooja Ghosh,56,Germany,Sales,148018,29,pooja.ghosh91@yahoo.com,Active,2019-02-14
2992,Vihaan Khan,37,USA,Marketing,116523,14,vihaan.khan92@gmail.com,Inactive,2022-06-17
2993,Ananya Patel,55,India,Finance,72185,7,ananya.patel93@outlook.com,Active,2023-06-12
2994,Aarav Reddy,38,Germany,Marketing,128745,17,aarav.reddy94@outlook.com,Active,2019-07-12
2995,Priya Bansal,42,USA,Data,74330,9,priya.bansal95@yahoo.com,Active,2019-04-07
2996,Shaurya Agarwal,44,Canada,Finance,81415,7,shaurya.agarwal96@company.com,Active,2018-07-10
2997,Ishaan Patel,39,Canada,Sales,96006,34,ishaan.patel97@yahoo.com,Active,2023-07-12
2998,Muhammad Mehta,57,USA,Data,57547,19,muhammad.mehta98@yahoo.com,Inactive,2023-02-05
2999,Arjun Khan,59,Germany,IT,57939,11,arjun.khan99@yahoo.com,Inactive,2021-03-14
3000,Aarav Mukherjee,41,Germany,Marketing,114738,2,aarav.mukherjee0@gmail.com,Active,2021-09-29
3001,Meera Malik,28,India,Marketing,129756,19,meera.malik1@outlook.com,Inactive,2022-05-19
3002,Meera Roy,48,India,IT,167794,11,meera.roy2@yahoo.com,Inactive,2018-06-06
3003,Meera Singh,25,UK,Marketing,147840,23,meera.singh3@company.com,Active,2020-06-12
3004,Meera Singh,37,India,Data,46674,15,meera.singh4@outlook.com,Active,2020-05-11
3005,Krishna Sharma,57,Germany,HR,148951,9,krishna.sharma5@company.com,Inactive,2020-11-13
3006,Diya Gupta,56,UK,IT,165095,18,diya.gupta6@gmail.com,Inactive,2020-07-19
3007,Neha Patel,39,India,Sales,168884,13,neha.patel7@company.com,Inactive,2021-01-29
3008,Riya Mukherjee,47,USA,Finance,157225,13,riya.mukherjee8@yahoo.com,Active,2023-09-30
3009,Neha Chopra,54,Canada,Finance,168350,21,neha.chopra9@outlook.com,Active,2021-07-05
3010,Reyansh Kapoor,31,India,IT,172602,3,reyansh.kapoor10@gmail.com,Inactive,2019-10-23
3011,Neha Nair,32,India,HR,84866,33,neha.nair11@company.com,Active,2021-04-06
3012,Arjun Khan,41,USA,Data,116523,17,arjun.khan12@gmail.com,Inactive,2021-02-02
3013,Muhammad Singh,31,Germany,Sales,166996,33,muhammad.singh13@gmail.com,Active,2023-09-14
3014,Vivaan Bansal,59,USA,Finance,54546,17,vivaan.bansal14@company.com,Active,2024-10-11
3015,Aarav Malik,48,India,Finance,88305,30,aarav.malik15@yahoo.com,Active,2018-12-05
3016,Priya Singh,25,Germany,Data,137833,19,priya.singh16@gmail.com,Inactive,2019-12-21
3017,Muhammad Ansari,37,UK,HR,39462,9,muhammad.ansari17@outlook.com,Active,2021-03-22
3018,Aditya Khan,40,India,Marketing,35888,2,aditya.khan18@yahoo.com,Active,2019-05-21
3019,Kavya Mukherjee,32,USA,IT,122868,20,kavya.mukherjee19@outlook.com,Active,2023-10-29
3020,Neha Reddy,26,UK,HR,120509,9,neha.reddy20@gmail.com,Active,2018-08-13
3021,Kavya Singh,37,Canada,HR,146946,6,kavya.singh21@company.com,Active,2021-05-17
3022,Priya Kapoor,39,UK,HR,102259,21,priya.kapoor22@outlook.com,Inactive,2018-06-29
3023,Vivaan Mukherjee,46,USA,HR,58410,22,vivaan.mukherjee23@company.com,Active,2019-02-23
3024,Aditi Reddy,52,UK,Marketing,43602,11,aditi.reddy24@company.com,Active,2021-08-21
3025,Aditi Mukherjee,26,USA,Data,53614,12,aditi.mukherjee25@yahoo.com,Inactive,2019-10-18
3026,Sneha Mukherjee,56,India,Sales,157142,12,sneha.mukherjee26@outlook.com,Active,2020-01-12
3027,Pooja Das,58,Germany,HR,160085,32,pooja.das27@outlook.com,Active,2018-11-10
3028,Vivaan Das,31,Canada,HR,53444,30,vivaan.das28@outlook.com,Active,2021-09-19
3029,Vihaan Agarwal,53,Germany,IT,88050,27,vihaan.agarwal29@company.com,Active,2018-11-04
3030,Kavya Verma,44,Germany,Finance,103149,18,kavya.verma30@yahoo.com,Inactive,2023-09-19
3031,Krishna Das,43,Germany,Marketing,156703,20,krishna.das31@company.com,Active,2021-06-20
3032,Pooja Kapoor,35,USA,HR,143308,31,pooja.kapoor32@company.com,Active,2024-08-05
3033,Vivaan Ghosh,47,USA,Sales,123618,25,vivaan.ghosh33@gmail.com,Active,2021-06-22
3034,Aditi Das,31,Canada,Sales,151490,12,aditi.das34@yahoo.com,Active,2020-11-19
3035,Vivaan Ansari,37,USA,Sales,79866,28,vivaan.ansari35@gmail.com,Inactive,2022-07-02
3036,Shaurya Agarwal,34,USA,IT,154401,6,shaurya.agarwal36@outlook.com,Active,2023-07-22
3037,Aditi Iyer,47,USA,Sales,141034,25,aditi.iyer37@gmail.com,Active,2020-07-18
3038,Shaurya Agarwal,38,USA,Data,78211,5,shaurya.agarwal38@gmail.com,Inactive,2025-08-05
3039,Reyansh Bansal,48,India,IT,169076,31,reyansh.bansal39@gmail.com,Active,2023-07-19
3040,Shaurya Mukherjee,24,Canada,Marketing,98789,22,shaurya.mukherjee40@yahoo.com,Inactive,2025-08-12
3041,Vivaan Das,27,USA,Sales,109522,10,vivaan.das41@outlook.com,Active,2021-11-06
3042,Arjun Agarwal,55,Canada,Finance,99084,20,arjun.agarwal42@company.com,Inactive,2023-07-24
3043,Kavya Gupta,29,UK,HR,134032,18,kavya.gupta43@gmail.com,Inactive,2025-04-17
3044,Riya Mehta,28,India,Marketing,61269,33,riya.mehta44@outlook.com,Inactive,2021-04-19
3045,Reyansh Roy,37,USA,Data,114709,34,reyansh.roy45@outlook.com,Inactive,2023-07-02
3046,Pooja Patel,37,India,Finance,148145,30,pooja.patel46@company.com,Active,2019-05-13
3047,Aditi Bansal,53,India,Marketing,56118,28,aditi.bansal47@outlook.com,Active,2022-07-21
3048,Ananya Agarwal,52,UK,Data,49089,5,ananya.agarwal48@yahoo.com,Inactive,2024-02-24
3049,Aarav Khan,28,Canada,Sales,154682,30,aarav.khan49@yahoo.com,Inactive,2018-02-02
3050,Kavya Roy,39,India,Marketing,77956,31,kavya.roy50@outlook.com,Inactive,2024-07-09
3051,Muhammad Agarwal,58,Germany,Marketing,126601,19,muhammad.agarwal51@gmail.com,Active,2024-03-31
3052,Aditya Malik,23,UK,Marketing,114226,21,aditya.malik52@yahoo.com,Inactive,2019-06-14
3053,Ananya Khan,25,Germany,IT,179812,2,ananya.khan53@gmail.com,Active,2020-06-05
3054,Vihaan Gupta,33,UK,Finance,143605,7,vihaan.gupta54@outlook.com,Active,2020-03-29
3055,Vihaan Agarwal,51,Germany,Data,139749,18,vihaan.agarwal55@outlook.com,Inactive,2025-08-23
3056,Diya Gupta,36,Germany,Sales,142133,30,diya.gupta56@gmail.com,Inactive,2019-03-04
3057,Riya Kapoor,52,India,HR,162974,31,riya.kapoor57@gmail.com,Active,2021-07-13
3058,Riya Mukherjee,42,India,Sales,106160,14,riya.mukherjee58@yahoo.com,Inactive,2020-10-01
3059,Reyansh Kapoor,49,UK,Sales,121078,30,reyansh.kapoor59@company.com,Inactive,2021-08-11
3060,Pooja Kapoor,42,Canada,IT,78779,2,pooja.kapoor60@company.com,Active,2022-01-03
3061,Vivaan Khan,23,India,IT,74602,31,vivaan.khan61@outlook.com,Inactive,2022-05-04
3062,Ananya Roy,30,India,Marketing,175105,9,ananya.roy62@gmail.com,Inactive,2019-07-24
3063,Arjun Khan,41,USA,Sales,38247,27,arjun.khan63@yahoo.com,Active,2018-05-31
3064,Arjun Khan,36,India,Finance,166012,26,arjun.khan64@yahoo.com,Inactive,2022-07-29
3065,Vivaan Bansal,32,Canada,IT,141284,30,vivaan.bansal65@gmail.com,Inactive,2020-05-27
3066,Shaurya Iyer,22,USA,Data,171658,33,shaurya.iyer66@gmail.com,Active,2018-12-11
3067,Kavya Iyer,44,Germany,IT,91228,4,kavya.iyer67@gmail.com,Inactive,2022-07-18
3068,Reyansh Mehta,55,Germany,Finance,42940,10,reyansh.mehta68@company.com,Active,2020-07-22
3069,Arjun Ansari,50,USA,IT,53606,6,arjun.ansari69@yahoo.com,Inactive,2019-09-13
3070,Aarav Mukherjee,50,USA,Finance,142753,7,aarav.mukherjee70@gmail.com,Active,2018-05-30
3071,Ishaan Sharma,55,USA,HR,75747,16,ishaan.sharma71@outlook.com,Active,2020-01-15
3072,Kavya Nair,39,UK,Finance,92760,13,kavya.nair72@outlook.com,Inactive,2018-09-24
3073,Neha Ghosh,28,Canada,HR,37883,23,neha.ghosh73@yahoo.com,Active,2022-02-22
3074,Aarav Mukherjee,46,Canada,Data,104875,29,aarav.mukherjee74@yahoo.com,Inactive,2023-12-19
3075,Neha Singh,27,Germany,Marketing,123209,14,neha.singh75@outlook.com,Active,2018-05-27
3076,Muhammad Roy,50,Germany,Marketing,111085,3,muhammad.roy76@gmail.com,Inactive,2025-04-04
3077,Neha Agarwal,27,Germany,IT,38993,12,neha.agarwal77@gmail.com,Active,2020-06-21
3078,Priya Agarwal,23,India,Finance,178291,4,priya.agarwal78@company.com,Active,2024-08-19
3079,Aditya Mukherjee,21,Germany,IT,38708,30,aditya.mukherjee79@yahoo.com,Inactive,2022-02-17
3080,Meera Sharma,56,USA,Finance,63788,11,meera.sharma80@gmail.com,Inactive,2024-12-26
3081,Krishna Ghosh,45,Germany,IT,36495,29,krishna.ghosh81@outlook.com,Active,2021-05-27
3082,Ishaan Mukherjee,57,USA,Marketing,145002,9,ishaan.mukherjee82@outlook.com,Active,2022-02-27
3083,Pooja Ansari,21,UK,Data,173609,29,pooja.ansari83@yahoo.com,Active,2022-04-19
3084,Vivaan Khan,35,India,Marketing,160114,25,vivaan.khan84@company.com,Active,2021-07-08
3085,Arjun Verma,57,India,IT,153347,5,arjun.verma85@gmail.com,Active,2020-10-08
3086,Diya Verma,33,Canada,Finance,106124,26,diya.verma86@company.com,Active,2018-03-12
3087,Arjun Verma,28,UK,Sales,138106,19,arjun.verma87@outlook.com,Active,2024-04-27
3088,Sneha Mukherjee,25,USA,Data,72659,27,sneha.mukherjee88@company.com,Active,2019-11-27
3089,Shaurya Reddy,29,UK,Finance,146064,19,shaurya.reddy89@yahoo.com,Inactive,2022-07-27
3090,Aditya Verma,21,India,IT,99043,11,aditya.verma90@company.com,Inactive,2022-12-24
3091,Vihaan Bansal,56,USA,Finance,38525,20,vihaan.bansal91@outlook.com,Inactive,2020-05-10
3092,Reyansh Khan,55,UK,HR,39777,29,reyansh.khan92@outlook.com,Inactive,2021-12-05
3093,Shaurya Mukherjee,22,India,Finance,123853,9,shaurya.mukherjee93@outlook.com,Active,2021-12-10
3094,Meera Roy,43,USA,Marketing,160409,4,meera.roy94@yahoo.com,Active,2024-03-31
3095,Pooja Khan,29,USA,Marketing,100258,7,pooja.khan95@gmail.com,Inactive,2020-11-04
3096,Kavya Roy,54,India,HR,155942,29,kavya.roy96@company.com,Active,2025-04-18
3097,Diya Verma,34,USA,Data,111185,16,diya.verma97@yahoo.com,Active,2021-10-09
3098,Aditya Iyer,24,India,Finance,58719,2,aditya.iyer98@outlook.com,Inactive,2019-04-28
3099,Ananya Chopra,50,Germany,Data,147181,20,ananya.chopra99@outlook.com,Inactive,2022-01-01
3100,Aditi Gupta,51,Germany,Sales,164420,15,aditi.gupta0@yahoo.com,Inactive,2020-11-09
3101,Priya Ghosh,58,USA,Finance,101686,31,priya.ghosh1@gmail.com,Active,2025-09-08
3102,Aditya Iyer,31,USA,Marketing,55520,26,aditya.iyer2@yahoo.com,Active,2024-11-24
3103,Neha Patel,55,India,Marketing,91881,5,neha.patel3@outlook.com,Inactive,2018-06-11
3104,Vihaan Malik,28,USA,Data,167582,15,vihaan.malik4@outlook.com,Inactive,2019-10-01
3105,Ananya Das,23,Canada,IT,63546,2,ananya.das5@company.com,Inactive,2020-11-23
3106,Priya Das,34,Germany,Marketing,48982,19,priya.das6@gmail.com,Inactive,2021-12-24
3107,Muhammad Ansari,33,USA,IT,104451,6,muhammad.ansari7@gmail.com,Active,2020-01-01
3108,Meera Verma,52,USA,Marketing,54636,10,meera.verma8@gmail.com,Inactive,2025-09-02
3109,Vihaan Roy,54,UK,Marketing,177029,28,vihaan.roy9@gmail.com,Active,2020-11-10
3110,Riya Gupta,39,USA,Sales,71706,2,riya.gupta10@outlook.com,Inactive,2025-08-16
3111,Neha Mukherjee,58,Canada,IT,152199,20,neha.mukherjee11@yahoo.com,Active,2024-01-24
3112,Shaurya Bansal,36,Germany,IT,134377,31,shaurya.bansal12@company.com,Active,2018-06-21
3113,Meera Reddy,22,UK,Marketing,97871,29,meera.reddy13@company.com,Inactive,2025-11-10
3114,Ishaan Das,37,India,IT,165448,10,ishaan.das14@gmail.com,Active,2018-07-18
3115,Sneha Mukherjee,54,India,Marketing,96737,16,sneha.mukherjee15@company.com,Inactive,2023-09-29
3116,Diya Patel,36,Germany,Marketing,75975,24,diya.patel16@outlook.com,Inactive,2022-01-05
3117,Meera Roy,58,India,Data,132364,24,meera.roy17@gmail.com,Inactive,2018-11-26
3118,Neha Das,22,Canada,Finance,140687,8,neha.das18@company.com,Active,2018-10-21
3119,Neha Nair,22,USA,IT,72939,28,neha.nair19@gmail.com,Inactive,2024-05-16
3120,Reyansh Mukherjee,46,Germany,HR,100059,14,reyansh.mukherjee20@outlook.com,Active,2018-12-30
3121,Krishna Iyer,33,UK,Data,43298,18,krishna.iyer21@company.com,Inactive,2025-03-03
3122,Muhammad Sharma,51,USA,IT,154002,14,muhammad.sharma22@company.com,Active,2018-06-03
3123,Vihaan Sharma,54,India,IT,41480,34,vihaan.sharma23@outlook.com,Inactive,2022-10-21
3124,Kavya Mehta,59,India,Sales,103393,12,kavya.mehta24@gmail.com,Inactive,2022-07-22
3125,Muhammad Mukherjee,23,UK,HR,39349,15,muhammad.mukherjee25@outlook.com,Active,2019-11-29
3126,Priya Bansal,28,Canada,HR,101964,2,priya.bansal26@gmail.com,Active,2021-12-12
3127,Vivaan Reddy,43,UK,Sales,74491,30,vivaan.reddy27@gmail.com,Active,2018-09-29
3128,Diya Ghosh,34,Germany,Sales,159888,0,diya.ghosh28@yahoo.com,Inactive,2024-10-26
3129,Muhammad Sharma,47,UK,IT,123699,34,muhammad.sharma29@outlook.com,Active,2019-05-28
3130,Muhammad Iyer,49,India,Finance,131440,15,muhammad.iyer30@company.com,Active,2020-03-19
3131,Ishaan Gupta,59,Canada,Sales,116254,0,ishaan.gupta31@company.com,Active,2024-09-25
3132,Shaurya Iyer,59,Canada,HR,115345,13,shaurya.iyer32@outlook.com,Active,2020-11-04
3133,Riya Ghosh,21,UK,HR,179344,6,riya.ghosh33@gmail.com,Inactive,2023-10-29
3134,Ananya Sharma,37,Germany,IT,177900,22,ananya.sharma34@yahoo.com,Active,2025-06-26
3135,Vihaan Reddy,50,India,Finance,79431,34,vihaan.reddy35@outlook.com,Active,2019-06-28
3136,Ananya Kapoor,33,USA,Marketing,173928,28,ananya.kapoor36@company.com,Inactive,2022-05-28
3137,Sneha Mukherjee,41,Canada,Sales,46223,21,sneha.mukherjee37@gmail.com,Inactive,2023-11-07
3138,Aarav Khan,39,UK,Sales,74413,15,aarav.khan38@gmail.com,Inactive,2020-08-28
3139,Muhammad Reddy,39,Germany,IT,91822,28,muhammad.reddy39@yahoo.com,Active,2024-04-20
3140,Ananya Nair,45,Germany,Data,70689,5,ananya.nair40@company.com,Active,2020-01-16
3141,Neha Verma,42,India,Data,47637,17,neha.verma41@company.com,Active,2023-12-27
3142,Arjun Nair,51,Canada,Finance,109038,28,arjun.nair42@yahoo.com,Active,2019-12-11
3143,Arjun Agarwal,37,India,HR,50266,24,arjun.agarwal43@gmail.com,Active,2021-08-06
3144,Pooja Reddy,43,USA,HR,83068,1,pooja.reddy44@gmail.com,Inactive,2018-11-02
3145,Kavya Bansal,52,USA,Marketing,134625,31,kavya.bansal45@gmail.com,Active,2018-06-21
3146,Vivaan Das,30,USA,HR,121295,31,vivaan.das46@company.com,Active,2025-01-17
3147,Shaurya Roy,30,Germany,Data,161069,19,shaurya.roy47@outlook.com,Active,2018-11-24
3148,Ananya Ghosh,56,Canada,Data,60270,32,ananya.ghosh48@outlook.com,Active,2018-06-02
3149,Pooja Sharma,28,India,Sales,154693,4,pooja.sharma49@yahoo.com,Active,2025-07-18
3150,Muhammad Roy,40,India,Marketing,111342,5,muhammad.roy50@gmail.com,Active,2019-08-30
3151,Ananya Chopra,52,USA,Finance,155324,21,ananya.chopra51@gmail.com,Inactive,2025-12-10
3152,Aditya Patel,34,Canada,Marketing,72988,20,aditya.patel52@company.com,Inactive,2022-11-08
3153,Ishaan Sharma,48,Canada,Finance,159291,18,ishaan.sharma53@outlook.com,Inactive,2021-12-10
3154,Ananya Kapoor,44,UK,Data,87179,14,ananya.kapoor54@company.com,Inactive,2018-11-07
3155,Pooja Khan,35,Canada,HR,70892,33,pooja.khan55@gmail.com,Inactive,2025-03-22
3156,Sneha Mukherjee,42,Canada,IT,151441,6,sneha.mukherjee56@outlook.com,Inactive,2025-08-11
3157,Aditi Khan,50,India,Marketing,141490,16,aditi.khan57@gmail.com,Active,2019-02-13
3158,Meera Mehta,24,Canada,Marketing,171171,4,meera.mehta58@company.com,Active,2019-12-20
3159,Shaurya Reddy,33,Canada,Sales,88487,1,shaurya.reddy59@outlook.com,Inactive,2024-02-10
3160,Vivaan Malik,43,India,Sales,130847,26,vivaan.malik60@outlook.com,Inactive,2019-09-19
3161,Priya Gupta,28,Canada,Data,125845,23,priya.gupta61@gmail.com,Active,2021-02-21
3162,Neha Singh,38,India,Finance,85003,27,neha.singh62@gmail.com,Active,2018-08-26
3163,Diya Agarwal,32,UK,IT,146292,0,diya.agarwal63@outlook.com,Inactive,2022-07-02
3164,Shaurya Ansari,51,Germany,Sales,101886,20,shaurya.ansari64@company.com,Inactive,2024-09-19
3165,Riya Iyer,34,India,Sales,46739,27,riya.iyer65@gmail.com,Inactive,2022-05-02
3166,Reyansh Mehta,54,India,HR,121838,2,reyansh.mehta66@company.com,Active,2021-05-06
3167,Diya Verma,38,Canada,HR,139034,29,diya.verma67@gmail.com,Inactive,2019-07-17
3168,Muhammad Gupta,54,India,Data,47384,0,muhammad.gupta68@company.com,Inactive,2025-03-14
3169,Kavya Das,31,USA,Data,168192,17,kavya.das69@company.com,Inactive,2018-03-28
3170,Aarav Nair,32,USA,Sales,167065,32,aarav.nair70@outlook.com,Inactive,2021-01-03
3171,Riya Patel,35,UK,Finance,122295,14,riya.patel71@outlook.com,Active,2022-10-22
3172,Muhammad Reddy,51,India,IT,53150,23,muhammad.reddy72@gmail.com,Inactive,2025-10-08
3173,Neha Das,49,Canada,Sales,99681,33,neha.das73@gmail.com,Active,2020-01-15
3174,Shaurya Reddy,46,Canada,Finance,80388,25,shaurya.reddy74@yahoo.com,Active,2023-06-03
3175,Arjun Mehta,38,Germany,Finance,149082,21,arjun.mehta75@yahoo.com,Inactive,2019-01-05
3176,Riya Patel,52,UK,Sales,86116,15,riya.patel76@yahoo.com,Inactive,2022-10-30
3177,Muhammad Verma,42,Canada,Finance,136085,15,muhammad.verma77@company.com,Active,2023-04-26
3178,Kavya Kapoor,58,Germany,Marketing,70673,4,kavya.kapoor78@gmail.com,Active,2023-09-23
3179,Riya Mehta,37,Canada,Finance,174362,5,riya.mehta79@company.com,Active,2021-08-13
3180,Aarav Iyer,43,Germany,Sales,95123,23,aarav.iyer80@gmail.com,Active,2022-11-26
3181,Vivaan Mukherjee,44,USA,Finance,51627,29,vivaan.mukherjee81@outlook.com,Active,2019-04-11
3182,Aditya Reddy,28,USA,Sales,108474,31,aditya.reddy82@gmail.com,Inactive,2020-07-01
3183,Kavya Verma,26,Canada,HR,97904,18,kavya.verma83@company.com,Inactive,2019-04-18
3184,Vihaan Das,25,UK,Sales,138798,27,vihaan.das84@gmail.com,Inactive,2021-07-20
3185,Shaurya Sharma,49,India,Finance,103245,7,shaurya.sharma85@company.com,Active,2018-06-22
3186,Sneha Iyer,48,UK,Sales,145958,0,sneha.iyer86@yahoo.com,Active,2018-08-24
3187,Muhammad Reddy,31,UK,IT,149673,3,muhammad.reddy87@yahoo.com,Active,2020-12-05
3188,Muhammad Ansari,21,India,Sales,79186,21,muhammad.ansari88@outlook.com,Active,2022-08-06
3189,Shaurya Malik,39,USA,Sales,164522,21,shaurya.malik89@company.com,Inactive,2018-08-21
3190,Pooja Reddy,29,USA,IT,81537,29,pooja.reddy90@gmail.com,Inactive,2024-09-30
3191,Kavya Mehta,47,India,IT,65832,26,kavya.mehta91@outlook.com,Active,2023-05-23
3192,Ishaan Patel,54,Germany,IT,58472,26,ishaan.patel92@outlook.com,Active,2018-09-23
3193,Reyansh Malik,24,UK,Data,150735,12,reyansh.malik93@yahoo.com,Inactive,2024-02-16
3194,Vihaan Sharma,56,Canada,Marketing,121298,26,vihaan.sharma94@yahoo.com,Inactive,2024-08-01
3195,Meera Ghosh,38,USA,Data,44507,7,meera.ghosh95@outlook.com,Inactive,2018-05-19
3196,Riya Mehta,35,Canada,Sales,90696,11,riya.mehta96@outlook.com,Active,2019-07-01
3197,Muhammad Ghosh,33,India,Data,91373,23,muhammad.ghosh97@yahoo.com,Inactive,2022-03-09
3198,Diya Ghosh,39,Canada,Data,50979,17,diya.ghosh98@outlook.com,Active,2022-02-14
3199,Ananya Malik,26,Canada,IT,94081,14,ananya.malik99@gmail.com,Inactive,2021-09-27
3200,Arjun Iyer,32,UK,IT,59997,15,arjun.iyer0@company.com,Inactive,2023-05-07
3201,Sneha Singh,57,India,HR,120721,32,sneha.singh1@gmail.com,Inactive,2018-03-14
3202,Reyansh Gupta,37,Canada,Data,56746,9,reyansh.gupta2@outlook.com,Active,2018-06-12
3203,Shaurya Mukherjee,43,USA,Marketing,44603,23,shaurya.mukherjee3@yahoo.com,Active,2018-08-11
3204,Ananya Ghosh,46,India,Sales,111977,18,ananya.ghosh4@outlook.com,Inactive,2023-06-21
3205,Kavya Verma,49,USA,Finance,39570,26,kavya.verma5@outlook.com,Active,2018-07-04
3206,Arjun Sharma,53,Germany,Marketing,86604,30,arjun.sharma6@yahoo.com,Inactive,2018-04-05
3207,Neha Verma,47,Canada,Marketing,53467,20,neha.verma7@gmail.com,Active,2019-11-15
3208,Vihaan Kapoor,45,India,HR,113381,15,vihaan.kapoor8@outlook.com,Inactive,2020-09-02
3209,Vivaan Gupta,30,USA,Sales,154851,22,vivaan.gupta9@gmail.com,Active,2025-05-25
3210,Priya Kapoor,43,Canada,Sales,38340,13,priya.kapoor10@yahoo.com,Active,2021-08-07
3211,Reyansh Mukherjee,41,UK,IT,78532,22,reyansh.mukherjee11@yahoo.com,Inactive,2024-12-19
3212,Sneha Agarwal,41,USA,IT,79188,17,sneha.agarwal12@company.com,Inactive,2018-03-02
3213,Meera Chopra,33,USA,Marketing,50211,11,meera.chopra13@company.com,Active,2025-12-18
3214,Shaurya Reddy,57,Germany,HR,48496,10,shaurya.reddy14@outlook.com,Inactive,2023-10-21
3215,Muhammad Ghosh,53,UK,Sales,129381,4,muhammad.ghosh15@company.com,Inactive,2021-12-31
3216,Aditya Agarwal,44,Germany,HR,138704,20,aditya.agarwal16@gmail.com,Inactive,2019-04-27
3217,Sneha Patel,31,UK,Finance,64672,31,sneha.patel17@outlook.com,Inactive,2018-04-25
3218,Aditya Agarwal,37,USA,Sales,116481,28,aditya.agarwal18@outlook.com,Active,2021-05-14
3219,Vihaan Agarwal,24,Germany,IT,60150,6,vihaan.agarwal19@company.com,Inactive,2020-06-29
3220,Shaurya Agarwal,45,Canada,Marketing,110762,26,shaurya.agarwal20@yahoo.com,Active,2019-07-08
3221,Neha Singh,50,UK,HR,85476,5,neha.singh21@yahoo.com,Active,2023-03-21
3222,Krishna Patel,29,USA,IT,137708,3,krishna.patel22@gmail.com,Active,2022-04-05
3223,Meera Malik,41,India,Marketing,69202,34,meera.malik23@outlook.com,Active,2021-03-20
3224,Diya Kapoor,40,UK,IT,43729,9,diya.kapoor24@outlook.com,Inactive,2025-02-08
3225,Reyansh Reddy,39,UK,Sales,58938,29,reyansh.reddy25@company.com,Active,2018-05-20
3226,Ananya Agarwal,39,Canada,HR,110302,8,ananya.agarwal26@company.com,Inactive,2024-09-20
3227,Neha Sharma,32,UK,Finance,108920,15,neha.sharma27@gmail.com,Inactive,2019-05-05
3228,Aditya Nair,57,UK,Data,60762,3,aditya.nair28@company.com,Active,2023-04-15
3229,Vihaan Chopra,37,Canada,IT,125586,25,vihaan.chopra29@yahoo.com,Inactive,2020-06-15
3230,Neha Agarwal,57,Canada,Data,55653,28,neha.agarwal30@gmail.com,Active,2018-07-24
3231,Reyansh Iyer,59,Germany,HR,179579,27,reyansh.iyer31@outlook.com,Inactive,2024-05-31
3232,Diya Mukherjee,48,USA,Sales,107914,10,diya.mukherjee32@yahoo.com,Inactive,2025-12-18
3233,Sneha Patel,55,USA,IT,146291,27,sneha.patel33@yahoo.com,Inactive,2025-03-14
3234,Riya Mehta,38,Germany,Sales,70205,31,riya.mehta34@yahoo.com,Active,2025-06-11
3235,Aditi Mehta,34,USA,Finance,46571,23,aditi.mehta35@yahoo.com,Active,2020-06-23
3236,Ananya Ghosh,55,UK,Finance,151042,6,ananya.ghosh36@gmail.com,Active,2018-01-18
3237,Aditya Iyer,27,Germany,Marketing,83853,17,aditya.iyer37@company.com,Inactive,2025-08-15
3238,Pooja Agarwal,33,Germany,Marketing,153088,2,pooja.agarwal38@gmail.com,Active,2019-09-13
3239,Aditi Roy,38,USA,Marketing,124116,19,aditi.roy39@outlook.com,Inactive,2019-10-05
3240,Priya Singh,57,India,Sales,79489,33,priya.singh40@gmail.com,Inactive,2019-06-26
3241,Meera Singh,33,USA,Marketing,167909,29,meera.singh41@gmail.com,Inactive,2018-07-17
3242,Pooja Khan,56,India,HR,88763,8,pooja.khan42@gmail.com,Inactive,2021-06-19
3243,Neha Kapoor,51,Germany,Data,117945,9,neha.kapoor43@yahoo.com,Active,2023-11-09
3244,Aditya Reddy,22,India,Data,91964,5,aditya.reddy44@gmail.com,Active,2020-10-22
3245,Muhammad Roy,36,UK,Sales,165349,16,muhammad.roy45@outlook.com,Inactive,2020-02-27
3246,Priya Bansal,29,Canada,Sales,91398,14,priya.bansal46@company.com,Inactive,2020-09-03
3247,Sneha Reddy,29,India,Marketing,117597,32,sneha.reddy47@company.com,Inactive,2019-09-01
3248,Pooja Singh,58,Canada,Data,129522,12,pooja.singh48@yahoo.com,Active,2019-04-10
3249,Reyansh Gupta,31,UK,Data,88198,21,reyansh.gupta49@company.com,Inactive,2023-07-14
3250,Sneha Nair,42,Canada,Marketing,120741,15,sneha.nair50@yahoo.com,Active,2025-09-25
3251,Vihaan Roy,53,UK,Sales,84427,33,vihaan.roy51@company.com,Active,2020-10-24
3252,Meera Agarwal,56,Canada,Finance,172931,2,meera.agarwal52@company.com,Active,2021-06-15
3253,Ananya Ghosh,43,Canada,Finance,80507,7,ananya.ghosh53@company.com,Inactive,2025-02-12
3254,Vihaan Agarwal,54,USA,Marketing,121501,19,vihaan.agarwal54@outlook.com,Active,2023-07-23
3255,Reyansh Iyer,29,India,Finance,97570,23,reyansh.iyer55@outlook.com,Active,2022-12-23
3256,Aditi Gupta,44,Canada,HR,178926,17,aditi.gupta56@company.com,Active,2018-08-29
3257,Meera Mehta,28,Germany,HR,66654,22,meera.mehta57@company.com,Active,2022-06-27
3258,Meera Kapoor,27,USA,HR,161905,0,meera.kapoor58@gmail.com,Active,2025-10-27
3259,Ananya Nair,56,India,Sales,108728,1,ananya.nair59@gmail.com,Inactive,2022-02-27
3260,Vivaan Gupta,38,USA,Sales,95254,4,vivaan.gupta60@yahoo.com,Inactive,2020-10-04
3261,Muhammad Patel,23,India,Sales,51281,17,muhammad.patel61@yahoo.com,Active,2022-10-28
3262,Sneha Sharma,48,UK,Sales,40863,15,sneha.sharma62@company.com,Inactive,2025-09-15
3263,Arjun Patel,26,Canada,Sales,87203,9,arjun.patel63@yahoo.com,Active,2022-11-24
3264,Kavya Ghosh,41,Germany,Marketing,71539,28,kavya.ghosh64@gmail.com,Inactive,2022-01-15
3265,Shaurya Kapoor,48,USA,Finance,97438,34,shaurya.kapoor65@outlook.com,Inactive,2021-03-28
3266,Meera Roy,21,USA,Marketing,51077,24,meera.roy66@company.com,Active,2023-09-22
3267,Kavya Ansari,56,USA,Finance,158968,23,kavya.ansari67@gmail.com,Active,2023-04-25
3268,Muhammad Reddy,41,USA,Marketing,66052,12,muhammad.reddy68@gmail.com,Inactive,2019-02-17
3269,Shaurya Roy,55,Canada,HR,102955,20,shaurya.roy69@gmail.com,Inactive,2021-08-30
3270,Shaurya Bansal,33,India,IT,179590,33,shaurya.bansal70@company.com,Inactive,2021-01-08
3271,Diya Gupta,30,Canada,Sales,173468,18,diya.gupta71@yahoo.com,Active,2022-10-15
3272,Sneha Sharma,30,UK,IT,119548,27,sneha.sharma72@outlook.com,Active,2022-01-13
3273,Meera Das,33,Canada,IT,46981,26,meera.das73@gmail.com,Inactive,2021-11-10
3274,Aditi Patel,57,Canada,HR,133989,25,aditi.patel74@company.com,Active,2022-08-28
3275,Shaurya Verma,58,UK,IT,103292,10,shaurya.verma75@yahoo.com,Inactive,2024-08-27
3276,Diya Ghosh,44,Canada,IT,99842,34,diya.ghosh76@gmail.com,Active,2018-06-14
3277,Vivaan Sharma,22,India,HR,171095,19,vivaan.sharma77@gmail.com,Active,2019-12-10
3278,Pooja Chopra,42,Germany,Finance,56219,11,pooja.chopra78@company.com,Active,2024-06-07
3279,Vihaan Iyer,37,UK,Marketing,145862,27,vihaan.iyer79@outlook.com,Inactive,2020-02-13
3280,Aarav Singh,56,USA,Data,72853,1,aarav.singh80@company.com,Inactive,2020-12-07
3281,Priya Roy,34,India,IT,171718,0,priya.roy81@outlook.com,Inactive,2021-02-24
3282,Aditi Reddy,30,Germany,Sales,178063,8,aditi.reddy82@outlook.com,Active,2019-01-03
3283,Aditi Kapoor,55,India,HR,70723,21,aditi.kapoor83@yahoo.com,Active,2025-05-19
3284,Aditi Bansal,45,India,IT,126693,26,aditi.bansal84@outlook.com,Inactive,2024-12-29
3285,Pooja Ansari,23,USA,Data,149045,8,pooja.ansari85@yahoo.com,Inactive,2019-09-05
3286,Reyansh Nair,58,Germany,Finance,79791,6,reyansh.nair86@yahoo.com,Active,2018-03-18
3287,Arjun Ansari,37,India,Finance,110171,1,arjun.ansari87@company.com,Active,2025-07-17
3288,Pooja Kapoor,32,USA,Data,71911,4,pooja.kapoor88@yahoo.com,Active,2018-03-09
3289,Diya Bansal,44,UK,Sales,158458,16,diya.bansal89@company.com,Active,2020-11-17
3290,Arjun Iyer,49,USA,IT,140948,34,arjun.iyer90@gmail.com,Active,2024-09-13
3291,Arjun Patel,45,Canada,Sales,136301,7,arjun.patel91@outlook.com,Active,2023-10-06
3292,Aarav Gupta,56,USA,Finance,138512,2,aarav.gupta92@gmail.com,Inactive,2021-05-11
3293,Aarav Patel,46,USA,Finance,176018,2,aarav.patel93@outlook.com,Active,2019-07-21
3294,Neha Bansal,58,USA,Marketing,119899,0,neha.bansal94@company.com,Inactive,2025-04-19
3295,Arjun Gupta,21,India,Finance,84573,23,arjun.gupta95@yahoo.com,Active,2021-06-28
3296,Arjun Bansal,40,Germany,HR,150298,29,arjun.bansal96@yahoo.com,Active,2024-07-17
3297,Kavya Mukherjee,48,USA,Marketing,76405,25,kavya.mukherjee97@company.com,Inactive,2024-10-06
3298,Priya Mukherjee,36,USA,Sales,44152,2,priya.mukherjee98@outlook.com,Active,2019-03-15
3299,Reyansh Agarwal,37,Canada,Finance,145575,12,reyansh.agarwal99@outlook.com,Inactive,2024-09-27
3300,Riya Bansal,48,Canada,Data,148190,11,riya.bansal0@gmail.com,Inactive,2020-05-21
3301,Pooja Agarwal,32,UK,HR,139977,19,pooja.agarwal1@outlook.com,Inactive,2023-05-16
3302,Aditi Chopra,47,UK,Marketing,66455,7,aditi.chopra2@gmail.com,Active,2023-12-21
3303,Krishna Khan,50,Canada,HR,101560,1,krishna.khan3@outlook.com,Inactive,2024-10-12
3304,Priya Mukherjee,54,Germany,Marketing,126764,10,priya.mukherjee4@outlook.com,Inactive,2025-07-14
3305,Aarav Roy,57,UK,Marketing,137895,20,aarav.roy5@company.com,Active,2022-04-17
3306,Neha Singh,26,Germany,Marketing,68275,5,neha.singh6@outlook.com,Inactive,2022-06-22
3307,Riya Malik,27,Canada,Data,71692,18,riya.malik7@gmail.com,Inactive,2024-05-04
3308,Priya Ghosh,52,UK,Sales,43872,29,priya.ghosh8@yahoo.com,Active,2023-11-25
3309,Sneha Chopra,52,USA,Marketing,86764,19,sneha.chopra9@yahoo.com,Inactive,2018-03-07
3310,Vivaan Verma,45,Canada,Marketing,154564,9,vivaan.verma10@gmail.com,Active,2020-12-11
3311,Sneha Nair,53,UK,HR,125871,23,sneha.nair11@outlook.com,Inactive,2025-07-21
3312,Diya Mehta,27,Germany,Marketing,121143,32,diya.mehta12@outlook.com,Active,2024-05-24
3313,Sneha Nair,32,Germany,Sales,163268,28,sneha.nair13@gmail.com,Inactive,2024-03-29
3314,Aditya Patel,36,UK,Data,59466,29,aditya.patel14@gmail.com,Inactive,2021-06-18
3315,Riya Malik,36,Germany,Data,105191,5,riya.malik15@gmail.com,Active,2023-07-29
3316,Kavya Das,56,UK,HR,105555,13,kavya.das16@gmail.com,Inactive,2019-01-25
3317,Aditya Das,33,UK,Marketing,136878,2,aditya.das17@company.com,Inactive,2020-11-11
3318,Meera Gupta,27,Germany,HR,89875,23,meera.gupta18@outlook.com,Inactive,2019-12-30
3319,Krishna Nair,56,India,Data,117460,18,krishna.nair19@yahoo.com,Active,2025-06-27
3320,Aditya Ghosh,29,USA,Sales,81255,33,aditya.ghosh20@company.com,Active,2022-09-04
3321,Sneha Iyer,52,Canada,HR,84662,8,sneha.iyer21@company.com,Active,2025-01-12
3322,Meera Verma,31,USA,Sales,123082,29,meera.verma22@outlook.com,Inactive,2018-12-28
3323,Ananya Ghosh,28,Canada,Finance,115366,31,ananya.ghosh23@gmail.com,Active,2018-02-28
3324,Aarav Nair,53,Canada,Marketing,84496,12,aarav.nair24@gmail.com,Inactive,2019-04-30
3325,Kavya Das,43,USA,Sales,138483,17,kavya.das25@gmail.com,Active,2021-01-29
3326,Neha Roy,45,UK,Marketing,82791,21,neha.roy26@gmail.com,Active,2022-11-16
3327,Ananya Bansal,28,Germany,Sales,74140,3,ananya.bansal27@gmail.com,Active,2025-10-16
3328,Diya Iyer,42,India,IT,144865,22,diya.iyer28@yahoo.com,Active,2018-12-06
3329,Shaurya Khan,24,India,IT,143875,6,shaurya.khan29@gmail.com,Inactive,2019-05-01
3330,Vivaan Mukherjee,23,India,IT,86632,10,vivaan.mukherjee30@company.com,Active,2023-01-10
3331,Shaurya Roy,49,USA,Sales,57203,33,shaurya.roy31@gmail.com,Inactive,2025-06-29
3332,Ishaan Verma,49,USA,Data,128392,4,ishaan.verma32@gmail.com,Active,2020-11-05
3333,Neha Roy,54,UK,Data,147026,24,neha.roy33@gmail.com,Inactive,2018-05-01
3334,Reyansh Roy,54,India,Marketing,80642,27,reyansh.roy34@company.com,Inactive,2024-07-05
3335,Vivaan Iyer,48,UK,IT,161646,13,vivaan.iyer35@outlook.com,Active,2023-11-02
3336,Meera Sharma,33,India,Marketing,156430,26,meera.sharma36@outlook.com,Inactive,2020-01-15
3337,Shaurya Nair,35,USA,Sales,44486,15,shaurya.nair37@outlook.com,Inactive,2019-01-21
3338,Aditya Patel,43,Germany,Marketing,49681,26,aditya.patel38@company.com,Active,2024-06-28
3339,Riya Gupta,46,Germany,Marketing,89790,1,riya.gupta39@outlook.com,Active,2019-03-24
3340,Ishaan Malik,24,Germany,IT,90052,18,ishaan.malik40@company.com,Active,2023-10-22
3341,Arjun Mukherjee,46,Germany,Data,112237,22,arjun.mukherjee41@company.com,Inactive,2024-04-21
3342,Ishaan Malik,29,Canada,HR,50372,13,ishaan.malik42@gmail.com,Active,2025-12-17
3343,Ishaan Sharma,25,India,Finance,61611,25,ishaan.sharma43@company.com,Active,2020-10-19
3344,Vihaan Mukherjee,52,Germany,Sales,40523,7,vihaan.mukherjee44@gmail.com,Inactive,2020-05-14
3345,Reyansh Roy,40,Canada,Sales,80793,26,reyansh.roy45@yahoo.com,Active,2022-11-11
3346,Arjun Agarwal,31,Canada,Sales,151465,27,arjun.agarwal46@yahoo.com,Active,2023-03-24
3347,Diya Khan,35,Canada,Finance,82524,3,diya.khan47@gmail.com,Inactive,2025-11-17
3348,Ishaan Singh,52,UK,HR,77621,10,ishaan.singh48@company.com,Active,2025-04-09
3349,Neha Khan,48,UK,Data,126418,23,neha.khan49@company.com,Inactive,2019-08-11
3350,Riya Verma,42,Canada,Marketing,116597,27,riya.verma50@yahoo.com,Active,2023-08-12
3351,Ananya Gupta,37,Germany,Data,35015,17,ananya.gupta51@company.com,Inactive,2023-07-24
3352,Arjun Mukherjee,46,India,Sales,39410,20,arjun.mukherjee52@outlook.com,Inactive,2019-01-18
3353,Arjun Nair,27,USA,Marketing,53964,25,arjun.nair53@gmail.com,Active,2019-11-21
3354,Priya Kapoor,46,UK,IT,105671,2,priya.kapoor54@gmail.com,Active,2021-02-09
3355,Krishna Agarwal,45,Germany,Data,149128,12,krishna.agarwal55@gmail.com,Inactive,2023-03-24
3356,Reyansh Ansari,30,Germany,IT,108484,27,reyansh.ansari56@yahoo.com,Inactive,2018-07-23
3357,Sneha Chopra,39,USA,IT,174674,13,sneha.chopra57@outlook.com,Inactive,2022-11-09
3358,Vivaan Malik,31,USA,Data,161003,0,vivaan.malik58@outlook.com,Active,2018-01-26
3359,Vihaan Verma,33,Germany,Sales,42232,27,vihaan.verma59@company.com,Inactive,2023-02-20
3360,Reyansh Agarwal,28,USA,Finance,150606,10,reyansh.agarwal60@gmail.com,Inactive,2023-11-26
3361,Aditi Nair,24,Germany,Sales,126602,3,aditi.nair61@gmail.com,Active,2022-08-28
3362,Shaurya Nair,51,USA,IT,63381,33,shaurya.nair62@outlook.com,Active,2022-05-10
3363,Pooja Singh,48,USA,IT,136647,0,pooja.singh63@company.com,Inactive,2020-05-17
3364,Aditi Kapoor,31,Germany,Sales,152174,9,aditi.kapoor64@gmail.com,Inactive,2018-10-01
3365,Neha Malik,21,Canada,Finance,111305,16,neha.malik65@gmail.com,Inactive,2022-12-21
3366,Arjun Das,58,Germany,Finance,91025,6,arjun.das66@gmail.com,Active,2022-04-15
3367,Priya Sharma,44,India,Marketing,117192,12,priya.sharma67@yahoo.com,Active,2023-08-27
3368,Shaurya Agarwal,51,USA,HR,35819,21,shaurya.agarwal68@gmail.com,Inactive,2022-01-27
3369,Aditi Reddy,46,UK,IT,106605,0,aditi.reddy69@yahoo.com,Active,2024-06-03
3370,Riya Verma,25,USA,Finance,40640,27,riya.verma70@yahoo.com,Active,2025-03-25
3371,Vihaan Ghosh,40,India,Data,94888,32,vihaan.ghosh71@yahoo.com,Active,2020-11-16
3372,Diya Bansal,31,UK,IT,137288,12,diya.bansal72@outlook.com,Active,2023-08-06
3373,Meera Malik,53,UK,HR,97244,0,meera.malik73@yahoo.com,Active,2018-07-02
3374,Ananya Malik,58,Germany,Data,66915,24,ananya.malik74@outlook.com,Active,2025-06-15
3375,Ishaan Mehta,47,Canada,IT,78642,20,ishaan.mehta75@gmail.com,Inactive,2024-11-01
3376,Ishaan Roy,54,Germany,Finance,150290,32,ishaan.roy76@outlook.com,Inactive,2023-05-03
3377,Aditi Agarwal,35,UK,Marketing,145433,33,aditi.agarwal77@yahoo.com,Active,2022-05-27
3378,Krishna Roy,52,UK,Sales,165014,2,krishna.roy78@gmail.com,Inactive,2022-01-19
3379,Muhammad Das,41,Canada,Data,76215,29,muhammad.das79@gmail.com,Inactive,2025-03-20
3380,Ananya Khan,25,USA,Sales,37487,2,ananya.khan80@yahoo.com,Inactive,2019-02-24
3381,Ananya Ghosh,26,Canada,Finance,134662,17,ananya.ghosh81@outlook.com,Active,2024-04-06
3382,Aarav Sharma,58,Germany,Finance,96045,22,aarav.sharma82@yahoo.com,Active,2025-01-03
3383,Aditya Sharma,42,USA,Data,127594,7,aditya.sharma83@outlook.com,Inactive,2020-03-14
3384,Priya Mehta,38,Germany,HR,150377,8,priya.mehta84@yahoo.com,Inactive,2019-03-15
3385,Riya Mehta,34,Canada,Data,94040,1,riya.mehta85@company.com,Inactive,2025-09-20
3386,Kavya Chopra,30,USA,IT,136470,1,kavya.chopra86@company.com,Inactive,2020-10-17
3387,Krishna Iyer,33,Canada,HR,125520,26,krishna.iyer87@gmail.com,Inactive,2019-06-07
3388,Ishaan Ansari,51,India,Sales,96295,4,ishaan.ansari88@company.com,Inactive,2019-07-25
3389,Vivaan Sharma,50,UK,IT,35825,0,vivaan.sharma89@yahoo.com,Active,2021-07-06
3390,Meera Gupta,23,USA,HR,167263,21,meera.gupta90@company.com,Inactive,2019-12-15
3391,Vivaan Mukherjee,50,UK,Sales,165981,9,vivaan.mukherjee91@yahoo.com,Active,2018-04-23
3392,Muhammad Mukherjee,26,India,IT,74553,23,muhammad.mukherjee92@yahoo.com,Inactive,2022-05-28
3393,Vihaan Mehta,49,USA,Marketing,129305,14,vihaan.mehta93@yahoo.com,Inactive,2024-09-18
3394,Aditya Mukherjee,28,UK,Data,41813,32,aditya.mukherjee94@company.com,Inactive,2023-07-11
3395,Arjun Kapoor,53,UK,Data,61350,22,arjun.kapoor95@company.com,Active,2023-04-26
3396,Sneha Khan,37,USA,Data,167309,13,sneha.khan96@company.com,Active,2024-04-02
3397,Vihaan Khan,31,UK,Marketing,39943,17,vihaan.khan97@outlook.com,Inactive,2020-10-26
3398,Ishaan Iyer,33,UK,HR,165257,24,ishaan.iyer98@gmail.com,Active,2024-08-09
3399,Kavya Gupta,31,USA,Finance,127055,21,kavya.gupta99@gmail.com,Active,2020-04-26
3400,Kavya Malik,51,UK,IT,127292,6,kavya.malik0@gmail.com,Active,2021-08-27
3401,Priya Reddy,48,UK,HR,63694,25,priya.reddy1@outlook.com,Inactive,2025-12-07
3402,Ishaan Khan,26,Germany,Finance,113305,23,ishaan.khan2@yahoo.com,Inactive,2023-10-01
3403,Aditya Malik,36,Germany,Data,45447,12,aditya.malik3@gmail.com,Inactive,2023-03-27
3404,Vivaan Kapoor,24,India,Data,109045,5,vivaan.kapoor4@outlook.com,Active,2018-10-27
3405,Aditi Reddy,55,Germany,Data,57865,20,aditi.reddy5@gmail.com,Active,2020-05-12
3406,Vivaan Malik,46,Germany,Finance,90450,6,vivaan.malik6@outlook.com,Inactive,2020-12-21
3407,Ishaan Khan,32,India,IT,51134,17,ishaan.khan7@outlook.com,Inactive,2018-03-25
3408,Kavya Gupta,31,UK,IT,87378,14,kavya.gupta8@outlook.com,Active,2021-10-08
3409,Neha Ansari,57,UK,Finance,141889,7,neha.ansari9@company.com,Inactive,2022-08-20
3410,Meera Kapoor,45,Germany,Sales,38228,15,meera.kapoor10@yahoo.com,Inactive,2020-10-15
3411,Reyansh Nair,38,India,Data,94405,2,reyansh.nair11@gmail.com,Inactive,2020-07-12
3412,Vihaan Patel,39,UK,HR,149764,8,vihaan.patel12@outlook.com,Inactive,2020-06-08
3413,Pooja Bansal,43,Canada,IT,103946,25,pooja.bansal13@company.com,Active,2022-02-07
3414,Muhammad Mukherjee,58,USA,Finance,166480,25,muhammad.mukherjee14@outlook.com,Inactive,2022-07-17
3415,Vihaan Agarwal,38,USA,Sales,153780,29,vihaan.agarwal15@gmail.com,Inactive,2020-07-03
3416,Ishaan Mehta,46,USA,Marketing,82497,26,ishaan.mehta16@yahoo.com,Active,2023-07-20
3417,Vivaan Gupta,26,Germany,Finance,86419,15,vivaan.gupta17@gmail.com,Active,2019-05-18
3418,Aditya Roy,24,USA,Sales,154216,3,aditya.roy18@company.com,Inactive,2019-11-25
3419,Ishaan Agarwal,49,USA,Marketing,160733,18,ishaan.agarwal19@yahoo.com,Inactive,2023-11-17
3420,Aarav Nair,54,Canada,Sales,155262,33,aarav.nair20@yahoo.com,Active,2022-09-22
3421,Arjun Sharma,37,UK,IT,171845,5,arjun.sharma21@outlook.com,Inactive,2020-06-28
3422,Vivaan Kapoor,36,Canada,Finance,137301,14,vivaan.kapoor22@company.com,Active,2021-08-22
3423,Ishaan Patel,22,Germany,Marketing,171689,9,ishaan.patel23@outlook.com,Inactive,2025-09-11
3424,Ananya Kapoor,54,USA,Sales,153400,5,ananya.kapoor24@yahoo.com,Inactive,2024-06-20
3425,Sneha Sharma,28,UK,Marketing,169979,5,sneha.sharma25@outlook.com,Inactive,2022-09-30
3426,Riya Nair,33,USA,HR,48841,14,riya.nair26@company.com,Inactive,2022-01-05
3427,Neha Bansal,28,USA,Finance,125866,28,neha.bansal27@yahoo.com,Inactive,2024-04-13
3428,Aditi Gupta,50,Germany,IT,89501,24,aditi.gupta28@outlook.com,Inactive,2024-05-01
3429,Pooja Singh,52,USA,Marketing,96855,18,pooja.singh29@outlook.com,Active,2022-05-12
3430,Aarav Kapoor,56,India,Data,132735,13,aarav.kapoor30@yahoo.com,Active,2019-03-01
3431,Neha Mehta,50,UK,Sales,126822,2,neha.mehta31@company.com,Inactive,2020-03-05
3432,Sneha Ghosh,21,UK,Data,107352,13,sneha.ghosh32@gmail.com,Active,2020-12-17
3433,Diya Reddy,59,India,Marketing,156780,20,diya.reddy33@gmail.com,Active,2022-02-16
3434,Shaurya Kapoor,37,Germany,Data,119581,10,shaurya.kapoor34@yahoo.com,Active,2024-06-29
3435,Vivaan Gupta,40,USA,Sales,154156,9,vivaan.gupta35@gmail.com,Inactive,2025-10-10
3436,Diya Ghosh,44,USA,Marketing,68385,14,diya.ghosh36@outlook.com,Active,2022-03-03
3437,Ananya Gupta,42,UK,IT,40639,29,ananya.gupta37@gmail.com,Active,2020-04-27
3438,Kavya Iyer,49,Germany,IT,112152,16,kavya.iyer38@outlook.com,Active,2018-03-03
3439,Muhammad Khan,42,Germany,Finance,55580,28,muhammad.khan39@yahoo.com,Inactive,2025-03-25
3440,Pooja Verma,29,Germany,IT,133304,16,pooja.verma40@gmail.com,Inactive,2020-08-20
3441,Aditi Ansari,57,USA,Marketing,61974,32,aditi.ansari41@gmail.com,Active,2022-11-20
3442,Shaurya Kapoor,30,Germany,Marketing,148262,20,shaurya.kapoor42@company.com,Inactive,2025-12-26
3443,Vihaan Chopra,56,India,IT,82612,13,vihaan.chopra43@gmail.com,Inactive,2019-05-30
3444,Neha Gupta,57,Canada,HR,45701,9,neha.gupta44@outlook.com,Inactive,2020-01-18
3445,Kavya Ansari,48,Germany,Marketing,55822,22,kavya.ansari45@yahoo.com,Inactive,2023-09-30
3446,Arjun Verma,48,Canada,Finance,49970,13,arjun.verma46@yahoo.com,Active,2019-09-09
3447,Muhammad Sharma,41,USA,HR,121728,21,muhammad.sharma47@gmail.com,Inactive,2018-04-09
3448,Sneha Singh,44,Germany,IT,70847,27,sneha.singh48@yahoo.com,Active,2018-11-19
3449,Neha Kapoor,22,UK,Sales,58103,8,neha.kapoor49@company.com,Active,2025-03-24
3450,Aditya Ghosh,28,USA,Marketing,155706,22,aditya.ghosh50@gmail.com,Inactive,2022-01-04
3451,Shaurya Nair,47,India,Sales,95787,6,shaurya.nair51@gmail.com,Inactive,2024-09-17
3452,Pooja Agarwal,42,India,Data,49974,23,pooja.agarwal52@gmail.com,Inactive,2023-04-10
3453,Aarav Verma,57,Canada,Finance,81984,8,aarav.verma53@company.com,Active,2021-12-11
3454,Ananya Verma,47,Canada,HR,81893,6,ananya.verma54@outlook.com,Inactive,2018-06-04
3455,Ananya Verma,49,UK,Sales,64852,22,ananya.verma55@outlook.com,Inactive,2019-06-26
3456,Aditi Mehta,23,UK,Finance,39953,24,aditi.mehta56@gmail.com,Inactive,2018-05-26
3457,Muhammad Das,33,India,Sales,111773,21,muhammad.das57@yahoo.com,Active,2021-06-12
3458,Kavya Ghosh,30,Germany,Sales,63448,6,kavya.ghosh58@company.com,Inactive,2022-02-06
3459,Arjun Roy,56,India,Finance,66771,5,arjun.roy59@company.com,Active,2021-11-23
3460,Krishna Gupta,29,India,Marketing,86550,21,krishna.gupta60@gmail.com,Inactive,2020-05-13
3461,Vivaan Patel,47,UK,Sales,90378,34,vivaan.patel61@gmail.com,Inactive,2022-06-23
3462,Neha Sharma,54,Canada,Finance,103124,32,neha.sharma62@gmail.com,Inactive,2022-01-23
3463,Neha Mukherjee,21,UK,Sales,106892,20,neha.mukherjee63@outlook.com,Inactive,2025-07-12
3464,Vivaan Singh,52,UK,Marketing,49695,10,vivaan.singh64@outlook.com,Active,2020-02-28
3465,Arjun Sharma,45,UK,Finance,36403,12,arjun.sharma65@outlook.com,Active,2023-04-16
3466,Reyansh Verma,49,India,Sales,141695,2,reyansh.verma66@company.com,Active,2018-09-14
3467,Shaurya Mehta,27,Germany,IT,102821,12,shaurya.mehta67@gmail.com,Active,2025-07-25
3468,Kavya Mukherjee,23,India,Marketing,174934,33,kavya.mukherjee68@gmail.com,Inactive,2019-03-15
3469,Reyansh Roy,40,USA,Sales,46430,27,reyansh.roy69@gmail.com,Active,2019-06-21
3470,Aditya Mehta,40,UK,HR,63922,33,aditya.mehta70@outlook.com,Inactive,2024-02-01
3471,Vihaan Nair,50,UK,Finance,177615,31,vihaan.nair71@outlook.com,Active,2019-12-14
3472,Meera Mukherjee,55,USA,Sales,127099,22,meera.mukherjee72@outlook.com,Active,2023-01-05
3473,Krishna Gupta,55,UK,Marketing,95092,23,krishna.gupta73@company.com,Inactive,2024-12-13
3474,Muhammad Bansal,59,UK,Marketing,108114,0,muhammad.bansal74@gmail.com,Inactive,2021-07-30
3475,Ananya Kapoor,47,UK,HR,56263,23,ananya.kapoor75@yahoo.com,Inactive,2025-04-06
3476,Ananya Mehta,46,USA,HR,111204,2,ananya.mehta76@gmail.com,Active,2025-02-22
3477,Sneha Ghosh,34,India,Data,117458,16,sneha.ghosh77@outlook.com,Active,2018-08-07
3478,Arjun Reddy,37,UK,Data,178304,6,arjun.reddy78@gmail.com,Inactive,2021-03-25
3479,Muhammad Verma,38,Germany,Sales,175164,9,muhammad.verma79@yahoo.com,Active,2018-02-26
3480,Sneha Khan,49,USA,IT,75482,18,sneha.khan80@yahoo.com,Inactive,2022-03-15
3481,Ananya Gupta,40,Canada,Marketing,151397,23,ananya.gupta81@gmail.com,Inactive,2020-01-13
3482,Vihaan Malik,47,USA,IT,94097,8,vihaan.malik82@company.com,Inactive,2024-07-13
3483,Arjun Bansal,38,India,IT,123631,14,arjun.bansal83@company.com,Active,2025-07-29
3484,Reyansh Chopra,24,USA,Sales,53302,21,reyansh.chopra84@company.com,Inactive,2021-07-19
3485,Pooja Khan,21,Canada,Finance,110762,16,pooja.khan85@yahoo.com,Inactive,2022-10-17
3486,Kavya Singh,21,Germany,Finance,75934,18,kavya.singh86@outlook.com,Inactive,2020-09-16
3487,Sneha Verma,46,Canada,Finance,111439,8,sneha.verma87@yahoo.com,Active,2018-10-29
3488,Arjun Mehta,40,USA,HR,77446,18,arjun.mehta88@yahoo.com,Active,2020-10-09
3489,Meera Kapoor,43,Canada,Marketing,106635,7,meera.kapoor89@company.com,Inactive,2018-09-04
3490,Reyansh Sharma,30,USA,HR,61076,5,reyansh.sharma90@gmail.com,Active,2023-08-26
3491,Neha Gupta,31,Germany,Marketing,143463,20,neha.gupta91@yahoo.com,Active,2021-09-20
3492,Aarav Sharma,25,Germany,Data,81578,28,aarav.sharma92@outlook.com,Active,2018-07-30
3493,Reyansh Gupta,21,India,Marketing,175798,33,reyansh.gupta93@outlook.com,Active,2022-05-29
3494,Sneha Iyer,37,Germany,Marketing,85865,11,sneha.iyer94@company.com,Active,2021-10-28
3495,Priya Nair,42,UK,Sales,110076,31,priya.nair95@company.com,Active,2025-11-04
3496,Arjun Ansari,54,Canada,Finance,154471,5,arjun.ansari96@outlook.com,Active,2021-11-30
3497,Arjun Malik,49,Canada,HR,43102,16,arjun.malik97@yahoo.com,Inactive,2020-11-11
3498,Riya Agarwal,24,USA,Data,47754,31,riya.agarwal98@company.com,Active,2025-04-19
3499,Priya Singh,25,Germany,HR,150702,7,priya.singh99@gmail.com,Inactive,2018-04-29
3500,Reyansh Mukherjee,31,India,Sales,128371,28,reyansh.mukherjee0@gmail.com,Inactive,2022-04-01
3501,Vivaan Mukherjee,41,India,Marketing,95484,30,vivaan.mukherjee1@gmail.com,Active,2022-03-19
3502,Reyansh Nair,55,India,Data,78084,18,reyansh.nair2@yahoo.com,Inactive,2022-02-24
3503,Meera Gupta,32,UK,Finance,42179,8,meera.gupta3@outlook.com,Inactive,2019-05-21
3504,Shaurya Chopra,46,Germany,IT,80813,27,shaurya.chopra4@gmail.com,Inactive,2022-11-14
3505,Priya Sharma,39,India,IT,137816,30,priya.sharma5@yahoo.com,Inactive,2019-03-13
3506,Pooja Singh,27,UK,Sales,137606,18,pooja.singh6@company.com,Active,2020-03-13
3507,Muhammad Mehta,27,Canada,Finance,151331,32,muhammad.mehta7@outlook.com,Active,2018-04-13
3508,Riya Mehta,46,USA,IT,144264,25,riya.mehta8@yahoo.com,Inactive,2022-08-12
3509,Meera Chopra,25,Germany,IT,104942,0,meera.chopra9@company.com,Inactive,2019-12-06
3510,Pooja Das,41,Germany,Data,130539,10,pooja.das10@outlook.com,Inactive,2020-04-04
3511,Krishna Agarwal,34,Canada,Data,54748,1,krishna.agarwal11@yahoo.com,Active,2020-12-06
3512,Muhammad Malik,24,Germany,HR,123688,34,muhammad.malik12@outlook.com,Inactive,2023-05-08
3513,Vivaan Ansari,43,Germany,Finance,110127,12,vivaan.ansari13@yahoo.com,Active,2018-10-31
3514,Vihaan Patel,40,Germany,IT,44742,33,vihaan.patel14@company.com,Active,2024-01-24
3515,Neha Nair,35,Germany,Data,38411,33,neha.nair15@gmail.com,Inactive,2019-05-09
3516,Reyansh Khan,49,UK,Data,117002,34,reyansh.khan16@company.com,Inactive,2018-03-28
3517,Vivaan Verma,28,UK,Data,73464,31,vivaan.verma17@company.com,Active,2023-12-08
3518,Diya Iyer,39,USA,HR,147067,11,diya.iyer18@outlook.com,Inactive,2023-05-04
3519,Muhammad Bansal,59,Germany,Finance,64698,32,muhammad.bansal19@outlook.com,Inactive,2024-07-28
3520,Ishaan Reddy,48,Canada,Marketing,159359,17,ishaan.reddy20@yahoo.com,Inactive,2022-11-04
3521,Meera Agarwal,47,India,Data,144416,4,meera.agarwal21@gmail.com,Active,2024-07-25
3522,Vivaan Mehta,24,USA,Finance,111011,18,vivaan.mehta22@outlook.com,Inactive,2022-03-19
3523,Vivaan Ghosh,35,India,Sales,119360,30,vivaan.ghosh23@company.com,Active,2020-10-14
3524,Reyansh Khan,55,India,HR,106296,26,reyansh.khan24@outlook.com,Inactive,2025-09-18
3525,Aarav Nair,57,Germany,Marketing,118702,14,aarav.nair25@company.com,Active,2020-11-15
3526,Riya Mehta,21,Canada,Data,164770,3,riya.mehta26@company.com,Active,2024-06-27
3527,Aditya Singh,23,India,Data,82133,18,aditya.singh27@gmail.com,Inactive,2024-06-01
3528,Kavya Roy,44,India,HR,60180,20,kavya.roy28@company.com,Active,2018-05-11
3529,Sneha Reddy,47,USA,HR,178597,0,sneha.reddy29@company.com,Inactive,2023-08-27
3530,Priya Ansari,56,Canada,IT,174994,19,priya.ansari30@company.com,Inactive,2020-02-09
3531,Ananya Singh,54,Canada,Data,151048,21,ananya.singh31@yahoo.com,Inactive,2024-02-11
3532,Vihaan Reddy,49,India,Finance,141097,12,vihaan.reddy32@company.com,Inactive,2020-04-03
3533,Krishna Mehta,44,Canada,HR,102173,0,krishna.mehta33@outlook.com,Inactive,2023-10-25
3534,Krishna Bansal,44,USA,HR,48916,14,krishna.bansal34@outlook.com,Inactive,2022-12-18
3535,Muhammad Kapoor,24,USA,Sales,77941,14,muhammad.kapoor35@yahoo.com,Active,2019-06-12
3536,Krishna Gupta,23,USA,Sales,95294,13,krishna.gupta36@gmail.com,Active,2018-02-03
3537,Neha Roy,54,Germany,Sales,54684,4,neha.roy37@company.com,Inactive,2023-10-08
3538,Neha Verma,43,India,HR,137308,5,neha.verma38@company.com,Active,2020-12-26
3539,Priya Patel,43,Canada,Marketing,109011,30,priya.patel39@company.com,Inactive,2024-04-21
3540,Muhammad Mukherjee,25,USA,Finance,128009,25,muhammad.mukherjee40@yahoo.com,Inactive,2024-09-16
3541,Kavya Khan,51,India,HR,70166,24,kavya.khan41@yahoo.com,Active,2023-09-11
3542,Aditi Chopra,26,India,IT,88264,14,aditi.chopra42@company.com,Active,2018-01-10
3543,Arjun Agarwal,57,Germany,Data,38466,5,arjun.agarwal43@company.com,Inactive,2022-09-24
3544,Muhammad Chopra,30,Canada,Marketing,56902,0,muhammad.chopra44@gmail.com,Inactive,2025-08-10
3545,Ishaan Ansari,27,Canada,Marketing,94805,6,ishaan.ansari45@outlook.com,Inactive,2025-03-21
3546,Ananya Patel,59,USA,Finance,171435,3,ananya.patel46@gmail.com,Inactive,2025-01-23
3547,Vivaan Roy,58,USA,Marketing,136470,0,vivaan.roy47@outlook.com,Active,2021-03-22
3548,Vivaan Malik,41,India,Finance,94397,1,vivaan.malik48@yahoo.com,Active,2021-08-01
3549,Arjun Mehta,40,Canada,Marketing,37134,33,arjun.mehta49@gmail.com,Inactive,2019-09-20
3550,Kavya Agarwal,23,Canada,Data,151924,34,kavya.agarwal50@gmail.com,Active,2021-06-27
3551,Priya Khan,42,USA,Finance,100126,12,priya.khan51@company.com,Active,2024-10-12
3552,Ananya Singh,24,UK,Sales,76379,16,ananya.singh52@gmail.com,Active,2022-04-30
3553,Shaurya Mukherjee,48,India,Sales,126938,9,shaurya.mukherjee53@yahoo.com,Active,2021-08-02
3554,Reyansh Mukherjee,32,Canada,Marketing,120609,2,reyansh.mukherjee54@company.com,Inactive,2024-05-30
3555,Reyansh Roy,58,Germany,Marketing,72723,3,reyansh.roy55@yahoo.com,Inactive,2019-03-20
3556,Pooja Singh,56,Germany,Finance,124292,24,pooja.singh56@outlook.com,Inactive,2018-10-15
3557,Aditya Bansal,25,UK,Finance,120310,28,aditya.bansal57@outlook.com,Active,2024-06-11
3558,Riya Nair,33,USA,Data,124170,0,riya.nair58@outlook.com,Active,2024-01-20
3559,Muhammad Roy,43,USA,HR,42249,29,muhammad.roy59@yahoo.com,Inactive,2022-02-13
3560,Neha Agarwal,50,USA,Sales,38796,9,neha.agarwal60@yahoo.com,Inactive,2025-03-20
3561,Ishaan Sharma,57,Germany,HR,53564,28,ishaan.sharma61@outlook.com,Inactive,2023-07-21
3562,Priya Singh,45,USA,HR,129322,31,priya.singh62@yahoo.com,Inactive,2019-09-23
3563,Krishna Reddy,47,Germany,IT,153915,0,krishna.reddy63@gmail.com,Active,2020-03-09
3564,Priya Roy,34,UK,Finance,126509,16,priya.roy64@yahoo.com,Inactive,2023-06-23
3565,Krishna Roy,56,India,IT,162129,11,krishna.roy65@company.com,Inactive,2019-09-01
3566,Arjun Roy,59,Canada,IT,88173,1,arjun.roy66@company.com,Inactive,2025-07-03
3567,Aarav Bansal,36,UK,HR,164829,8,aarav.bansal67@outlook.com,Active,2022-03-02
3568,Vivaan Verma,42,Germany,IT,153493,11,vivaan.verma68@gmail.com,Active,2020-10-21
3569,Neha Das,41,UK,Data,177462,24,neha.das69@outlook.com,Inactive,2022-06-10
3570,Vivaan Bansal,41,Canada,Finance,91627,34,vivaan.bansal70@gmail.com,Active,2019-04-21
3571,Riya Kapoor,28,India,HR,112478,21,riya.kapoor71@yahoo.com,Active,2023-10-14
3572,Neha Mehta,36,Canada,Finance,49012,32,neha.mehta72@company.com,Inactive,2020-06-29
3573,Kavya Nair,51,Germany,Data,83176,20,kavya.nair73@yahoo.com,Inactive,2019-09-07
3574,Krishna Gupta,30,Canada,Marketing,45346,21,krishna.gupta74@yahoo.com,Active,2023-05-26
3575,Pooja Sharma,52,UK,IT,40755,27,pooja.sharma75@outlook.com,Inactive,2019-02-26
3576,Priya Ansari,54,USA,HR,41283,3,priya.ansari76@yahoo.com,Active,2020-10-01
3577,Arjun Chopra,29,UK,Sales,84036,25,arjun.chopra77@yahoo.com,Active,2023-08-09
3578,Shaurya Singh,37,Germany,Finance,167409,22,shaurya.singh78@outlook.com,Active,2020-10-12
3579,Aditya Sharma,31,India,Data,161986,22,aditya.sharma79@gmail.com,Active,2018-01-07
3580,Neha Iyer,52,Canada,IT,143991,7,neha.iyer80@company.com,Inactive,2020-08-30
3581,Reyansh Agarwal,30,India,Finance,97968,31,reyansh.agarwal81@yahoo.com,Inactive,2020-10-16
3582,Sneha Roy,42,Germany,Data,140130,0,sneha.roy82@yahoo.com,Inactive,2018-04-14
3583,Aarav Agarwal,37,Canada,Finance,62640,29,aarav.agarwal83@gmail.com,Inactive,2024-11-16
3584,Kavya Patel,24,UK,Marketing,146233,27,kavya.patel84@gmail.com,Active,2022-06-06
3585,Aditi Khan,45,UK,Data,51214,16,aditi.khan85@gmail.com,Active,2025-12-05
3586,Diya Agarwal,41,Germany,Finance,61531,22,diya.agarwal86@company.com,Active,2022-05-03
3587,Aarav Gupta,57,Canada,Marketing,70812,23,aarav.gupta87@outlook.com,Active,2024-07-26
3588,Aditi Reddy,58,UK,Marketing,93928,21,aditi.reddy88@gmail.com,Inactive,2024-08-10
3589,Riya Verma,21,Germany,Marketing,98883,4,riya.verma89@outlook.com,Active,2023-04-01
3590,Shaurya Bansal,45,Germany,IT,119153,24,shaurya.bansal90@company.com,Active,2018-07-01
3591,Ishaan Mukherjee,56,India,Data,155325,6,ishaan.mukherjee91@outlook.com,Inactive,2024-04-09
3592,Pooja Roy,37,UK,Finance,140771,21,pooja.roy92@gmail.com,Inactive,2018-08-08
3593,Muhammad Gupta,44,Canada,Finance,77774,33,muhammad.gupta93@company.com,Active,2021-05-16
3594,Meera Reddy,22,UK,Data,71809,19,meera.reddy94@outlook.com,Active,2023-03-07
3595,Vivaan Das,35,UK,Marketing,102425,16,vivaan.das95@yahoo.com,Inactive,2024-10-12
3596,Diya Verma,52,UK,Finance,45091,3,diya.verma96@outlook.com,Inactive,2025-10-26
3597,Vihaan Kapoor,59,Germany,Finance,78289,17,vihaan.kapoor97@yahoo.com,Inactive,2018-02-04
3598,Diya Agarwal,26,USA,Marketing,38718,27,diya.agarwal98@yahoo.com,Active,2019-11-06
3599,Meera Verma,21,USA,Sales,110234,15,meera.verma99@outlook.com,Active,2025-12-19
3600,Diya Chopra,43,India,Sales,69398,7,diya.chopra0@gmail.com,Active,2021-12-15
3601,Reyansh Ghosh,59,UK,Marketing,56444,17,reyansh.ghosh1@yahoo.com,Inactive,2021-05-11
3602,Aditya Ghosh,37,USA,IT,83051,28,aditya.ghosh2@company.com,Inactive,2023-03-16
3603,Muhammad Patel,54,India,Finance,159073,15,muhammad.patel3@gmail.com,Inactive,2019-02-12
3604,Ananya Singh,49,Germany,Finance,41866,29,ananya.singh4@company.com,Active,2021-10-04
3605,Pooja Mehta,29,UK,Sales,158582,33,pooja.mehta5@company.com,Active,2018-01-04
3606,Neha Roy,33,Canada,Marketing,163379,29,neha.roy6@yahoo.com,Inactive,2018-12-27
3607,Muhammad Singh,26,Germany,Data,76522,20,muhammad.singh7@gmail.com,Inactive,2023-05-24
3608,Ananya Chopra,26,India,Data,100143,21,ananya.chopra8@yahoo.com,Inactive,2019-08-13
3609,Ishaan Das,40,Germany,IT,67759,24,ishaan.das9@gmail.com,Active,2021-10-13
3610,Priya Malik,23,Canada,Marketing,57665,21,priya.malik10@gmail.com,Active,2022-07-10
3611,Vivaan Gupta,37,Germany,Sales,125478,27,vivaan.gupta11@gmail.com,Inactive,2023-03-05
3612,Diya Chopra,32,India,Sales,62679,32,diya.chopra12@outlook.com,Inactive,2024-07-10
3613,Kavya Nair,21,Canada,Finance,88883,1,kavya.nair13@gmail.com,Active,2024-05-21
3614,Riya Das,37,Canada,HR,114529,3,riya.das14@outlook.com,Inactive,2020-11-25
3615,Vihaan Nair,23,Germany,IT,126069,15,vihaan.nair15@yahoo.com,Inactive,2019-01-30
3616,Pooja Ghosh,46,Canada,IT,104131,11,pooja.ghosh16@yahoo.com,Inactive,2019-07-21
3617,Shaurya Agarwal,35,Germany,HR,83295,16,shaurya.agarwal17@outlook.com,Active,2020-12-08
3618,Meera Chopra,56,UK,Data,37256,15,meera.chopra18@yahoo.com,Active,2024-11-15
3619,Aditya Ansari,52,Canada,Data,47101,22,aditya.ansari19@gmail.com,Active,2023-06-28
3620,Kavya Gupta,52,Germany,Data,88255,7,kavya.gupta20@outlook.com,Active,2024-07-30
3621,Aditya Kapoor,24,UK,Sales,129944,8,aditya.kapoor21@outlook.com,Active,2024-07-18
3622,Reyansh Iyer,38,Canada,Marketing,143718,13,reyansh.iyer22@gmail.com,Active,2023-10-04
3623,Aditya Mehta,39,UK,IT,108497,8,aditya.mehta23@gmail.com,Active,2020-04-21
3624,Reyansh Malik,55,Canada,HR,50416,25,reyansh.malik24@company.com,Inactive,2018-09-17
3625,Vihaan Patel,34,India,Finance,43429,2,vihaan.patel25@gmail.com,Inactive,2020-05-26
3626,Neha Patel,53,India,Finance,179855,9,neha.patel26@yahoo.com,Active,2022-07-24
3627,Muhammad Das,34,Germany,Sales,95632,24,muhammad.das27@company.com,Inactive,2020-07-03
3628,Aarav Iyer,54,USA,IT,59290,3,aarav.iyer28@gmail.com,Active,2021-01-16
3629,Priya Ghosh,24,India,Marketing,162162,29,priya.ghosh29@outlook.com,Active,2020-06-22
3630,Arjun Nair,44,USA,IT,90153,10,arjun.nair30@company.com,Active,2021-09-05
3631,Diya Bansal,49,UK,Data,146221,18,diya.bansal31@outlook.com,Inactive,2024-05-06
3632,Kavya Sharma,39,UK,Finance,69500,12,kavya.sharma32@gmail.com,Active,2023-03-11
3633,Shaurya Ansari,26,USA,IT,79021,2,shaurya.ansari33@company.com,Inactive,2020-08-23
3634,Aditya Sharma,53,Germany,Finance,134118,13,aditya.sharma34@gmail.com,Active,2021-02-23
3635,Krishna Das,39,Canada,HR,129821,9,krishna.das35@gmail.com,Inactive,2025-11-26
3636,Ananya Bansal,21,USA,HR,140339,26,ananya.bansal36@outlook.com,Active,2024-02-11
3637,Sneha Reddy,25,USA,Finance,91733,23,sneha.reddy37@outlook.com,Inactive,2018-12-31
3638,Ananya Nair,47,USA,Marketing,175248,15,ananya.nair38@gmail.com,Active,2019-12-21
3639,Sneha Das,36,USA,Marketing,125909,9,sneha.das39@outlook.com,Inactive,2020-10-28
3640,Pooja Agarwal,26,USA,IT,132491,26,pooja.agarwal40@gmail.com,Inactive,2019-10-16
3641,Kavya Iyer,33,Germany,Finance,129274,6,kavya.iyer41@company.com,Inactive,2023-01-14
3642,Sneha Patel,55,India,Sales,117439,27,sneha.patel42@gmail.com,Active,2021-10-11
3643,Shaurya Khan,39,Canada,Marketing,45738,25,shaurya.khan43@gmail.com,Inactive,2018-11-19
3644,Ishaan Singh,32,India,Marketing,40041,17,ishaan.singh44@gmail.com,Active,2020-06-24
3645,Neha Chopra,36,USA,Data,85606,12,neha.chopra45@yahoo.com,Active,2023-11-20
3646,Shaurya Verma,30,India,HR,75527,7,shaurya.verma46@gmail.com,Inactive,2020-03-05
3647,Arjun Chopra,45,Germany,Marketing,44250,26,arjun.chopra47@gmail.com,Inactive,2022-01-29
3648,Shaurya Agarwal,40,UK,Marketing,127348,13,shaurya.agarwal48@outlook.com,Inactive,2021-12-23
3649,Reyansh Mukherjee,51,India,Data,35946,5,reyansh.mukherjee49@yahoo.com,Inactive,2023-10-24
3650,Reyansh Ghosh,24,Canada,Marketing,71798,19,reyansh.ghosh50@company.com,Active,2021-01-28
3651,Shaurya Khan,43,Germany,Data,108863,27,shaurya.khan51@gmail.com,Inactive,2020-01-14
3652,Reyansh Patel,22,UK,Finance,160473,22,reyansh.patel52@outlook.com,Inactive,2024-04-02
3653,Reyansh Singh,42,Germany,Finance,167208,11,reyansh.singh53@gmail.com,Active,2021-07-16
3654,Vihaan Verma,57,USA,HR,101090,23,vihaan.verma54@company.com,Inactive,2020-06-06
3655,Ananya Roy,28,UK,IT,65893,21,ananya.roy55@gmail.com,Active,2021-07-01
3656,Arjun Agarwal,27,Canada,Data,99124,25,arjun.agarwal56@company.com,Inactive,2019-12-28
3657,Ishaan Chopra,34,UK,Marketing,71171,21,ishaan.chopra57@company.com,Inactive,2020-03-21
3658,Reyansh Ansari,23,Canada,IT,151054,6,reyansh.ansari58@gmail.com,Inactive,2018-11-25
3659,Pooja Verma,36,USA,Finance,59193,14,pooja.verma59@gmail.com,Inactive,2025-11-23
3660,Ananya Chopra,39,Canada,Marketing,107743,29,ananya.chopra60@company.com,Active,2023-01-06
3661,Arjun Chopra,38,Germany,IT,44238,3,arjun.chopra61@outlook.com,Inactive,2024-08-14
3662,Kavya Ghosh,36,India,Data,173491,5,kavya.ghosh62@yahoo.com,Active,2018-09-16
3663,Reyansh Ghosh,28,Germany,Data,55410,1,reyansh.ghosh63@gmail.com,Active,2024-03-25
3664,Shaurya Mehta,53,Germany,IT,172028,30,shaurya.mehta64@yahoo.com,Inactive,2019-01-12
3665,Aarav Kapoor,32,UK,Data,115161,23,aarav.kapoor65@gmail.com,Inactive,2018-05-25
3666,Neha Patel,31,USA,Sales,58753,34,neha.patel66@yahoo.com,Inactive,2023-10-29
3667,Kavya Reddy,25,India,Finance,107858,30,kavya.reddy67@company.com,Inactive,2025-07-16
3668,Arjun Sharma,47,Canada,HR,103150,24,arjun.sharma68@yahoo.com,Inactive,2019-12-10
3669,Pooja Das,32,UK,HR,44029,7,pooja.das69@yahoo.com,Active,2023-11-15
3670,Ananya Iyer,37,USA,Sales,91536,11,ananya.iyer70@gmail.com,Active,2018-09-03
3671,Neha Iyer,26,India,IT,160338,1,neha.iyer71@gmail.com,Inactive,2018-11-29
3672,Sneha Patel,53,Germany,Data,106214,14,sneha.patel72@gmail.com,Inactive,2022-05-31
3673,Sneha Agarwal,25,USA,Sales,82989,31,sneha.agarwal73@outlook.com,Active,2025-09-13
3674,Ananya Mehta,48,USA,Sales,129631,10,ananya.mehta74@company.com,Active,2018-10-05
3675,Neha Verma,34,USA,Data,116107,16,neha.verma75@yahoo.com,Inactive,2023-07-17
3676,Arjun Ghosh,25,Germany,Finance,116402,20,arjun.ghosh76@outlook.com,Active,2021-10-19
3677,Vihaan Iyer,53,Canada,Data,168270,21,vihaan.iyer77@yahoo.com,Inactive,2022-10-01
3678,Aarav Kapoor,39,UK,Data,44407,32,aarav.kapoor78@outlook.com,Active,2018-09-09
3679,Meera Singh,42,Canada,Marketing,171289,28,meera.singh79@gmail.com,Inactive,2023-07-25
3680,Kavya Chopra,25,India,IT,142196,14,kavya.chopra80@gmail.com,Inactive,2023-06-29
3681,Aditya Reddy,22,UK,HR,110947,20,aditya.reddy81@company.com,Inactive,2023-08-28
3682,Vivaan Mukherjee,50,India,HR,68138,1,vivaan.mukherjee82@outlook.com,Active,2024-09-03
3683,Muhammad Roy,59,Germany,Sales,69500,2,muhammad.roy83@company.com,Active,2021-06-30
3684,Riya Singh,24,Canada,Sales,40259,24,riya.singh84@gmail.com,Active,2020-10-24
3685,Ishaan Ansari,53,USA,Sales,114652,12,ishaan.ansari85@company.com,Active,2021-10-28
3686,Aarav Gupta,33,UK,IT,84953,23,aarav.gupta86@outlook.com,Inactive,2021-12-19
3687,Pooja Agarwal,40,USA,Sales,57783,30,pooja.agarwal87@company.com,Inactive,2025-08-28
3688,Aditya Das,27,India,Sales,76949,14,aditya.das88@gmail.com,Active,2021-04-17
3689,Aditi Ansari,35,USA,Marketing,67389,5,aditi.ansari89@outlook.com,Active,2018-01-12
3690,Neha Reddy,43,USA,IT,66048,9,neha.reddy90@company.com,Inactive,2023-03-19
3691,Meera Mukherjee,34,Germany,Finance,62541,8,meera.mukherjee91@gmail.com,Inactive,2021-08-09
3692,Riya Verma,43,Germany,Finance,71105,4,riya.verma92@company.com,Active,2020-02-09
3693,Diya Kapoor,39,Canada,Data,161492,18,diya.kapoor93@gmail.com,Active,2024-04-25
3694,Arjun Bansal,49,India,Marketing,141331,19,arjun.bansal94@company.com,Active,2019-03-05
3695,Diya Kapoor,40,Germany,HR,140271,32,diya.kapoor95@gmail.com,Inactive,2025-03-29
3696,Diya Sharma,49,Germany,Data,86944,30,diya.sharma96@gmail.com,Inactive,2024-05-31
3697,Shaurya Chopra,44,Canada,Finance,66027,12,shaurya.chopra97@company.com,Inactive,2021-09-18
3698,Diya Iyer,38,UK,IT,158452,5,diya.iyer98@outlook.com,Inactive,2023-05-28
3699,Kavya Ghosh,30,Canada,HR,138197,7,kavya.ghosh99@outlook.com,Active,2024-03-03
3700,Aditya Ansari,28,USA,Sales,104191,9,aditya.ansari0@outlook.com,Inactive,2024-03-19
3701,Kavya Bansal,46,USA,IT,125404,3,kavya.bansal1@company.com,Active,2022-04-03
3702,Kavya Iyer,49,Germany,HR,84028,13,kavya.iyer2@yahoo.com,Inactive,2020-11-02
3703,Reyansh Bansal,30,Germany,Finance,88445,3,reyansh.bansal3@company.com,Active,2021-07-17
3704,Priya Patel,37,Canada,Data,116999,23,priya.patel4@company.com,Active,2023-09-19
3705,Sneha Mukherjee,22,Canada,Sales,80192,20,sneha.mukherjee5@gmail.com,Inactive,2024-12-27
3706,Aditya Patel,26,India,Sales,104844,9,aditya.patel6@outlook.com,Active,2025-04-02
3707,Muhammad Iyer,25,USA,IT,85111,24,muhammad.iyer7@company.com,Active,2025-04-14
3708,Neha Das,48,Canada,Data,153423,5,neha.das8@yahoo.com,Inactive,2022-10-21
3709,Ananya Gupta,25,UK,Sales,94557,15,ananya.gupta9@outlook.com,Active,2021-08-20
3710,Sneha Kapoor,38,India,HR,178260,27,sneha.kapoor10@gmail.com,Inactive,2019-06-06
3711,Aditya Sharma,46,Canada,Marketing,45669,32,aditya.sharma11@company.com,Inactive,2021-02-18
3712,Priya Malik,40,Germany,Finance,177515,29,priya.malik12@company.com,Inactive,2022-08-26
3713,Priya Khan,47,Canada,IT,151856,24,priya.khan13@gmail.com,Active,2022-08-15
3714,Pooja Agarwal,32,Germany,Data,54629,12,pooja.agarwal14@gmail.com,Active,2024-06-10
3715,Sneha Patel,27,Germany,Marketing,42235,14,sneha.patel15@outlook.com,Inactive,2022-01-22
3716,Muhammad Khan,23,USA,Marketing,110450,29,muhammad.khan16@yahoo.com,Inactive,2025-03-28
3717,Aditi Iyer,30,USA,IT,77849,13,aditi.iyer17@gmail.com,Active,2024-02-28
3718,Pooja Nair,54,Canada,HR,86192,3,pooja.nair18@yahoo.com,Inactive,2025-02-22
3719,Vivaan Iyer,45,Canada,Data,148971,0,vivaan.iyer19@yahoo.com,Inactive,2024-09-25
3720,Sneha Iyer,55,UK,Finance,46593,2,sneha.iyer20@company.com,Inactive,2018-08-08
3721,Neha Ghosh,36,India,IT,75928,3,neha.ghosh21@gmail.com,Active,2022-06-21
3722,Kavya Singh,22,India,Data,62885,13,kavya.singh22@gmail.com,Active,2024-06-29
3723,Aarav Sharma,44,Canada,Marketing,89801,24,aarav.sharma23@outlook.com,Active,2019-09-03
3724,Arjun Malik,30,USA,Marketing,175363,2,arjun.malik24@yahoo.com,Inactive,2024-07-15
3725,Shaurya Nair,58,UK,IT,159568,6,shaurya.nair25@yahoo.com,Inactive,2018-05-14
3726,Vihaan Iyer,42,India,Data,157171,7,vihaan.iyer26@outlook.com,Inactive,2020-04-07
3727,Priya Khan,46,Canada,Marketing,104668,6,priya.khan27@outlook.com,Inactive,2020-04-28
3728,Neha Singh,59,USA,IT,166916,24,neha.singh28@outlook.com,Active,2018-05-27
3729,Aarav Mehta,47,USA,IT,89929,16,aarav.mehta29@company.com,Active,2023-06-04
3730,Ishaan Nair,49,USA,Finance,66869,25,ishaan.nair30@outlook.com,Inactive,2019-03-09
3731,Aditya Mukherjee,58,Germany,IT,69411,3,aditya.mukherjee31@outlook.com,Active,2024-08-31
3732,Diya Roy,40,USA,Data,94677,17,diya.roy32@gmail.com,Inactive,2018-03-03
3733,Neha Roy,47,Canada,Data,70702,3,neha.roy33@company.com,Inactive,2024-10-27
3734,Priya Malik,40,UK,Marketing,161565,16,priya.malik34@gmail.com,Active,2024-02-22
3735,Neha Mehta,39,Canada,Sales,57523,16,neha.mehta35@company.com,Active,2018-03-28
3736,Diya Das,40,USA,Finance,140478,24,diya.das36@company.com,Inactive,2020-06-09
3737,Sneha Sharma,55,UK,Data,39776,2,sneha.sharma37@yahoo.com,Inactive,2021-07-01
3738,Ishaan Khan,22,India,Marketing,96001,11,ishaan.khan38@company.com,Active,2021-02-24
3739,Sneha Verma,50,India,Marketing,77467,26,sneha.verma39@yahoo.com,Active,2021-03-31
3740,Arjun Reddy,54,Canada,Finance,95722,16,arjun.reddy40@company.com,Active,2021-09-01
3741,Kavya Patel,42,UK,Finance,134420,21,kavya.patel41@company.com,Inactive,2024-01-29
3742,Diya Khan,23,Canada,Marketing,146884,15,diya.khan42@gmail.com,Active,2019-02-03
3743,Vivaan Malik,26,UK,Sales,114468,28,vivaan.malik43@company.com,Active,2025-10-31
3744,Diya Bansal,35,UK,HR,151849,13,diya.bansal44@company.com,Active,2024-07-06
3745,Diya Verma,47,Canada,Marketing,95312,6,diya.verma45@yahoo.com,Inactive,2024-04-18
3746,Shaurya Iyer,30,UK,Finance,142644,27,shaurya.iyer46@gmail.com,Active,2020-10-29
3747,Riya Gupta,29,USA,IT,54560,12,riya.gupta47@company.com,Active,2020-02-02
3748,Riya Ansari,53,UK,IT,172452,15,riya.ansari48@gmail.com,Active,2021-06-16
3749,Reyansh Mehta,52,UK,Finance,82756,20,reyansh.mehta49@outlook.com,Active,2023-09-14
3750,Meera Khan,26,Canada,Finance,129365,3,meera.khan50@yahoo.com,Inactive,2020-02-17
3751,Pooja Reddy,56,India,HR,64579,34,pooja.reddy51@outlook.com,Active,2020-07-22
3752,Ananya Iyer,22,Germany,Data,130736,14,ananya.iyer52@gmail.com,Inactive,2021-11-07
3753,Ishaan Chopra,49,UK,Finance,164984,25,ishaan.chopra53@yahoo.com,Active,2025-06-09
3754,Vihaan Ghosh,24,Germany,IT,120265,6,vihaan.ghosh54@gmail.com,Active,2025-07-20
3755,Sneha Chopra,21,UK,Sales,152621,17,sneha.chopra55@gmail.com,Active,2022-10-13
3756,Arjun Sharma,39,Canada,Finance,124661,24,arjun.sharma56@company.com,Active,2025-08-09
3757,Arjun Das,46,Canada,HR,171727,20,arjun.das57@yahoo.com,Active,2025-04-29
3758,Shaurya Chopra,45,UK,Sales,114721,7,shaurya.chopra58@outlook.com,Active,2023-01-11
3759,Neha Bansal,30,Canada,HR,68971,19,neha.bansal59@company.com,Inactive,2023-10-26
3760,Ananya Khan,35,Canada,Sales,161183,17,ananya.khan60@gmail.com,Inactive,2021-05-26
3761,Vihaan Ansari,42,UK,Finance,139923,18,vihaan.ansari61@gmail.com,Inactive,2023-07-21
3762,Arjun Das,41,India,IT,41798,2,arjun.das62@company.com,Inactive,2024-08-18
3763,Krishna Ansari,42,UK,Sales,52228,17,krishna.ansari63@gmail.com,Inactive,2018-02-22
3764,Pooja Mukherjee,56,India,Marketing,129845,26,pooja.mukherjee64@outlook.com,Active,2022-06-08
3765,Riya Ghosh,54,Canada,Data,75503,14,riya.ghosh65@outlook.com,Active,2018-09-15
3766,Pooja Mehta,50,India,HR,49548,20,pooja.mehta66@yahoo.com,Active,2023-12-20
3767,Priya Agarwal,45,Canada,Sales,143125,21,priya.agarwal67@gmail.com,Active,2022-10-01
3768,Aditya Mehta,48,India,HR,165942,7,aditya.mehta68@yahoo.com,Inactive,2022-12-16
3769,Arjun Sharma,21,India,IT,109531,10,arjun.sharma69@outlook.com,Inactive,2019-08-18
3770,Neha Chopra,24,UK,HR,59703,11,neha.chopra70@yahoo.com,Active,2020-07-16
3771,Shaurya Chopra,27,India,HR,131966,26,shaurya.chopra71@outlook.com,Active,2018-09-06
3772,Arjun Agarwal,29,Canada,Marketing,100555,34,arjun.agarwal72@gmail.com,Inactive,2024-09-11
3773,Meera Das,56,UK,HR,85933,1,meera.das73@outlook.com,Inactive,2023-10-18
3774,Ananya Khan,39,India,Sales,95475,34,ananya.khan74@outlook.com,Active,2019-10-16
3775,Shaurya Sharma,21,UK,HR,58241,30,shaurya.sharma75@yahoo.com,Inactive,2021-12-17
3776,Vihaan Singh,30,Germany,Finance,154522,7,vihaan.singh76@yahoo.com,Active,2025-05-23
3777,Arjun Patel,56,UK,HR,107832,19,arjun.patel77@gmail.com,Active,2020-08-02
3778,Krishna Iyer,29,Germany,Finance,53628,7,krishna.iyer78@outlook.com,Inactive,2018-12-06
3779,Arjun Ansari,52,Germany,Data,54367,3,arjun.ansari79@gmail.com,Inactive,2024-08-18
3780,Arjun Gupta,52,UK,HR,46755,30,arjun.gupta80@gmail.com,Active,2020-06-03
3781,Priya Mehta,26,Canada,Data,179097,31,priya.mehta81@yahoo.com,Inactive,2024-04-23
3782,Aditya Sharma,58,Canada,HR,170959,12,aditya.sharma82@gmail.com,Inactive,2025-01-07
3783,Neha Bansal,37,Canada,Sales,95675,21,neha.bansal83@company.com,Active,2023-04-30
3784,Vivaan Ansari,30,USA,Finance,84348,25,vivaan.ansari84@gmail.com,Active,2021-10-12
3785,Vihaan Verma,47,Germany,Data,105762,16,vihaan.verma85@gmail.com,Active,2020-04-26
3786,Riya Roy,55,UK,Data,136132,28,riya.roy86@yahoo.com,Inactive,2024-06-13
3787,Vivaan Nair,41,Canada,Finance,146335,26,vivaan.nair87@outlook.com,Active,2019-08-25
3788,Vihaan Malik,45,Canada,Marketing,119389,21,vihaan.malik88@gmail.com,Active,2022-03-31
3789,Vivaan Gupta,48,UK,HR,53014,17,vivaan.gupta89@outlook.com,Active,2022-07-30
3790,Shaurya Sharma,35,Germany,HR,49239,4,shaurya.sharma90@gmail.com,Inactive,2025-08-11
3791,Vihaan Mehta,24,UK,Sales,53422,11,vihaan.mehta91@yahoo.com,Inactive,2022-12-27
3792,Meera Ansari,49,USA,Marketing,62055,1,meera.ansari92@gmail.com,Active,2024-12-13
3793,Sneha Ansari,29,USA,Marketing,41470,6,sneha.ansari93@company.com,Inactive,2019-10-01
3794,Reyansh Chopra,47,UK,Sales,123997,25,reyansh.chopra94@company.com,Inactive,2025-05-09
3795,Aarav Gupta,46,Germany,Data,56603,14,aarav.gupta95@yahoo.com,Active,2019-12-08
3796,Arjun Malik,39,Canada,Finance,148450,32,arjun.malik96@company.com,Inactive,2024-02-24
3797,Sneha Chopra,48,USA,Data,56996,2,sneha.chopra97@yahoo.com,Inactive,2021-10-06
3798,Diya Khan,37,USA,IT,74978,1,diya.khan98@company.com,Active,2021-05-26
3799,Riya Mukherjee,40,Germany,Sales,133878,16,riya.mukherjee99@outlook.com,Inactive,2021-06-08
3800,Krishna Das,59,USA,Finance,75564,0,krishna.das0@outlook.com,Inactive,2022-09-23
3801,Sneha Gupta,43,USA,Data,66748,16,sneha.gupta1@yahoo.com,Inactive,2019-10-19
3802,Vihaan Roy,52,Germany,Data,96402,1,vihaan.roy2@outlook.com,Inactive,2023-08-26
3803,Aarav Das,53,UK,Marketing,164826,32,aarav.das3@yahoo.com,Inactive,2023-07-31
3804,Muhammad Ansari,25,Canada,Sales,79380,28,muhammad.ansari4@gmail.com,Active,2021-05-04
3805,Shaurya Khan,54,Canada,IT,134760,5,shaurya.khan5@gmail.com,Active,2024-11-16
3806,Pooja Sharma,31,USA,HR,134899,23,pooja.sharma6@gmail.com,Inactive,2020-03-28
3807,Vihaan Ansari,23,Canada,Sales,125228,10,vihaan.ansari7@yahoo.com,Active,2021-05-13
3808,Riya Nair,53,UK,IT,42986,4,riya.nair8@gmail.com,Active,2025-11-15
3809,Diya Roy,31,USA,IT,158262,29,diya.roy9@gmail.com,Active,2019-08-03
3810,Reyansh Agarwal,36,Canada,Sales,113682,9,reyansh.agarwal10@yahoo.com,Active,2018-06-09
3811,Vihaan Khan,38,India,Finance,151817,26,vihaan.khan11@company.com,Inactive,2022-01-29
3812,Diya Kapoor,50,India,Sales,77810,26,diya.kapoor12@company.com,Inactive,2025-12-05
3813,Priya Ansari,30,India,Data,53501,23,priya.ansari13@yahoo.com,Inactive,2024-12-20
3814,Riya Singh,38,India,Marketing,76256,2,riya.singh14@outlook.com,Active,2019-04-09
3815,Priya Mehta,58,India,Data,74528,25,priya.mehta15@company.com,Inactive,2024-07-17
3816,Ananya Mehta,39,USA,IT,62712,17,ananya.mehta16@company.com,Active,2019-05-23
3817,Kavya Mehta,56,Germany,IT,40694,2,kavya.mehta17@gmail.com,Inactive,2022-08-15
3818,Riya Patel,33,Germany,HR,164201,24,riya.patel18@yahoo.com,Inactive,2021-07-31
3819,Neha Chopra,23,USA,IT,119999,12,neha.chopra19@company.com,Active,2024-01-08
3820,Shaurya Ghosh,30,USA,HR,35010,24,shaurya.ghosh20@outlook.com,Inactive,2020-10-18
3821,Vivaan Gupta,58,UK,IT,150098,23,vivaan.gupta21@yahoo.com,Active,2025-03-07
3822,Ananya Nair,21,Germany,IT,146821,15,ananya.nair22@yahoo.com,Inactive,2019-11-27
3823,Vihaan Kapoor,47,India,Sales,51982,10,vihaan.kapoor23@gmail.com,Active,2024-03-10
3824,Shaurya Agarwal,28,USA,Sales,143893,20,shaurya.agarwal24@outlook.com,Active,2025-03-17
3825,Meera Iyer,37,India,Marketing,74854,30,meera.iyer25@gmail.com,Active,2023-05-12
3826,Kavya Singh,29,Germany,Data,107207,14,kavya.singh26@company.com,Inactive,2025-10-14
3827,Pooja Bansal,26,Canada,Finance,58084,0,pooja.bansal27@company.com,Inactive,2019-10-28
3828,Shaurya Bansal,45,Canada,Marketing,145234,27,shaurya.bansal28@yahoo.com,Active,2024-02-14
3829,Muhammad Gupta,59,USA,IT,70260,32,muhammad.gupta29@gmail.com,Active,2020-02-07
3830,Neha Chopra,48,UK,Marketing,77905,2,neha.chopra30@outlook.com,Active,2020-09-13
3831,Reyansh Sharma,53,India,Sales,51614,14,reyansh.sharma31@outlook.com,Inactive,2024-02-09
3832,Neha Mehta,57,USA,Data,87892,32,neha.mehta32@yahoo.com,Active,2019-01-19
3833,Aditi Agarwal,29,UK,IT,176936,31,aditi.agarwal33@company.com,Inactive,2018-01-25
3834,Riya Gupta,38,India,IT,50224,22,riya.gupta34@gmail.com,Inactive,2020-07-05
3835,Vihaan Patel,41,Germany,Marketing,82462,25,vihaan.patel35@yahoo.com,Inactive,2021-08-30
3836,Aditi Kapoor,22,Canada,Data,144950,16,aditi.kapoor36@yahoo.com,Active,2023-09-17
3837,Sneha Mehta,58,UK,HR,145079,8,sneha.mehta37@yahoo.com,Inactive,2018-10-29
3838,Reyansh Gupta,56,India,Finance,35043,4,reyansh.gupta38@outlook.com,Active,2021-10-24
3839,Diya Ansari,57,USA,Data,62500,28,diya.ansari39@company.com,Active,2023-11-18
3840,Ananya Ansari,35,India,Marketing,91430,5,ananya.ansari40@gmail.com,Inactive,2021-11-12
3841,Meera Kapoor,48,USA,Marketing,160150,34,meera.kapoor41@company.com,Inactive,2025-05-30
3842,Vihaan Singh,38,Canada,Finance,54841,20,vihaan.singh42@outlook.com,Active,2024-10-29
3843,Priya Nair,54,Canada,IT,95293,22,priya.nair43@outlook.com,Inactive,2022-12-21
3844,Ishaan Roy,42,India,IT,73152,34,ishaan.roy44@company.com,Inactive,2024-11-22
3845,Sneha Malik,31,India,HR,160198,1,sneha.malik45@gmail.com,Inactive,2018-02-24
3846,Aditi Chopra,33,USA,Marketing,131467,8,aditi.chopra46@outlook.com,Inactive,2023-04-29
3847,Neha Mukherjee,24,USA,Finance,171687,12,neha.mukherjee47@yahoo.com,Active,2025-03-16
3848,Aditi Nair,42,UK,Marketing,122426,33,aditi.nair48@yahoo.com,Inactive,2025-09-03
3849,Riya Malik,27,UK,Sales,61870,15,riya.malik49@company.com,Inactive,2023-12-15
3850,Arjun Agarwal,44,UK,Marketing,80876,4,arjun.agarwal50@yahoo.com,Inactive,2018-06-02
3851,Vihaan Mehta,24,India,Marketing,157205,0,vihaan.mehta51@yahoo.com,Inactive,2021-03-18
3852,Ishaan Nair,48,UK,Sales,78302,21,ishaan.nair52@company.com,Inactive,2018-08-14
3853,Neha Singh,35,India,Sales,44831,25,neha.singh53@company.com,Inactive,2020-04-17
3854,Arjun Sharma,21,Canada,Finance,68384,33,arjun.sharma54@company.com,Inactive,2025-07-02
3855,Vihaan Verma,23,Germany,IT,133543,20,vihaan.verma55@outlook.com,Inactive,2021-08-26
3856,Aditya Nair,34,Canada,HR,74222,6,aditya.nair56@gmail.com,Inactive,2019-02-23
3857,Aarav Khan,58,India,Sales,129605,24,aarav.khan57@yahoo.com,Active,2019-05-30
3858,Aditi Mukherjee,21,India,IT,76882,11,aditi.mukherjee58@gmail.com,Active,2018-10-16
3859,Ananya Patel,58,Germany,Finance,86056,30,ananya.patel59@company.com,Inactive,2024-02-27
3860,Shaurya Mukherjee,58,USA,Data,155853,26,shaurya.mukherjee60@gmail.com,Inactive,2022-03-23
3861,Meera Mehta,41,USA,Marketing,39999,21,meera.mehta61@gmail.com,Active,2020-05-22
3862,Aditya Das,49,USA,Finance,36730,33,aditya.das62@company.com,Active,2025-06-07
3863,Neha Agarwal,25,UK,Finance,93175,16,neha.agarwal63@outlook.com,Inactive,2025-09-17
3864,Muhammad Iyer,30,USA,Sales,103960,10,muhammad.iyer64@gmail.com,Active,2018-06-17
3865,Neha Nair,48,UK,HR,73830,28,neha.nair65@company.com,Active,2020-07-02
3866,Riya Malik,41,UK,Sales,131762,33,riya.malik66@gmail.com,Active,2022-08-26
3867,Pooja Reddy,27,USA,Marketing,63008,25,pooja.reddy67@yahoo.com,Active,2021-08-11
3868,Pooja Ghosh,23,USA,Sales,147171,31,pooja.ghosh68@company.com,Active,2024-08-24
3869,Aarav Verma,40,Germany,Marketing,103904,4,aarav.verma69@yahoo.com,Active,2024-08-01
3870,Priya Mehta,39,Germany,Sales,102763,19,priya.mehta70@company.com,Active,2025-10-31
3871,Aditi Agarwal,55,UK,Data,157327,6,aditi.agarwal71@outlook.com,Active,2023-06-18
3872,Ananya Kapoor,24,Germany,HR,143756,22,ananya.kapoor72@company.com,Inactive,2023-12-19
3873,Kavya Agarwal,25,UK,Data,178889,0,kavya.agarwal73@gmail.com,Active,2024-03-02
3874,Vivaan Verma,21,India,IT,179298,2,vivaan.verma74@outlook.com,Inactive,2024-06-21
3875,Reyansh Ghosh,24,UK,HR,145016,2,reyansh.ghosh75@gmail.com,Active,2019-08-27
3876,Shaurya Khan,32,UK,Sales,66157,5,shaurya.khan76@company.com,Inactive,2024-12-08
3877,Neha Bansal,47,Germany,Finance,121300,30,neha.bansal77@yahoo.com,Inactive,2023-05-28
3878,Arjun Iyer,43,India,IT,158528,26,arjun.iyer78@yahoo.com,Inactive,2018-04-21
3879,Aditi Nair,45,Canada,Finance,35188,28,aditi.nair79@outlook.com,Inactive,2021-08-06
3880,Vihaan Roy,41,Canada,Data,44414,14,vihaan.roy80@gmail.com,Active,2018-09-04
3881,Neha Ghosh,44,Canada,HR,172818,4,neha.ghosh81@outlook.com,Inactive,2019-02-16
3882,Pooja Roy,45,India,IT,111790,2,pooja.roy82@company.com,Active,2025-03-05
3883,Neha Nair,52,USA,Data,110753,24,neha.nair83@yahoo.com,Inactive,2019-03-26
3884,Pooja Khan,52,India,Sales,116119,31,pooja.khan84@gmail.com,Active,2022-07-04
3885,Riya Verma,25,Germany,Finance,151576,20,riya.verma85@yahoo.com,Inactive,2023-06-09
3886,Aditi Malik,56,UK,Sales,50800,16,aditi.malik86@yahoo.com,Active,2021-12-15
3887,Neha Roy,59,UK,Marketing,130748,8,neha.roy87@company.com,Active,2022-01-19
3888,Aditi Mukherjee,36,Germany,IT,156747,25,aditi.mukherjee88@outlook.com,Inactive,2025-08-23
3889,Diya Iyer,53,Germany,Finance,147869,21,diya.iyer89@company.com,Active,2018-05-05
3890,Ananya Verma,41,UK,HR,62492,22,ananya.verma90@gmail.com,Active,2022-10-05
3891,Aarav Roy,29,USA,HR,40233,10,aarav.roy91@outlook.com,Inactive,2024-04-26
3892,Vivaan Patel,26,USA,HR,46447,9,vivaan.patel92@outlook.com,Active,2019-06-19
3893,Diya Chopra,55,USA,Data,45998,22,diya.chopra93@yahoo.com,Inactive,2022-10-02
3894,Sneha Sharma,59,Germany,HR,67801,4,sneha.sharma94@yahoo.com,Inactive,2018-03-21
3895,Ananya Kapoor,42,UK,Finance,62076,25,ananya.kapoor95@company.com,Active,2018-09-29
3896,Vihaan Bansal,25,UK,Data,145275,3,vihaan.bansal96@company.com,Inactive,2023-02-23
3897,Diya Chopra,43,UK,Marketing,128688,26,diya.chopra97@outlook.com,Inactive,2021-12-12
3898,Priya Chopra,37,India,HR,167501,33,priya.chopra98@company.com,Active,2019-02-06
3899,Vivaan Singh,32,India,HR,45381,2,vivaan.singh99@outlook.com,Active,2018-09-29
3900,Krishna Singh,43,Canada,Data,36987,31,krishna.singh0@yahoo.com,Active,2020-06-14
3901,Shaurya Roy,36,India,HR,123191,25,shaurya.roy1@gmail.com,Inactive,2024-03-25
3902,Aditya Gupta,23,USA,Marketing,54266,17,aditya.gupta2@company.com,Inactive,2023-06-05
3903,Shaurya Mehta,50,USA,Data,94053,6,shaurya.mehta3@company.com,Active,2019-01-06
3904,Ananya Khan,42,USA,Data,144273,12,ananya.khan4@company.com,Active,2025-07-22
3905,Aarav Ghosh,29,USA,IT,112425,5,aarav.ghosh5@yahoo.com,Active,2024-02-18
3906,Ananya Verma,49,Canada,Data,149550,34,ananya.verma6@outlook.com,Active,2020-09-06
3907,Kavya Bansal,57,USA,HR,36547,30,kavya.bansal7@gmail.com,Active,2022-04-25
3908,Sneha Das,43,Germany,Data,90859,3,sneha.das8@company.com,Active,2021-09-21
3909,Priya Malik,33,Germany,HR,89457,3,priya.malik9@company.com,Active,2022-04-03
3910,Aarav Nair,52,Germany,HR,161184,7,aarav.nair10@outlook.com,Active,2024-12-10
3911,Sneha Sharma,43,India,Data,114086,10,sneha.sharma11@outlook.com,Active,2025-08-13
3912,Ananya Kapoor,37,UK,IT,40174,1,ananya.kapoor12@company.com,Active,2021-04-02
3913,Sneha Kapoor,41,Canada,HR,96031,17,sneha.kapoor13@gmail.com,Inactive,2021-12-17
3914,Ananya Roy,22,Germany,IT,38938,17,ananya.roy14@outlook.com,Inactive,2021-10-15
3915,Vihaan Nair,57,Germany,IT,95833,21,vihaan.nair15@yahoo.com,Inactive,2025-12-06
3916,Vihaan Ansari,26,USA,Data,167543,11,vihaan.ansari16@outlook.com,Active,2024-07-23
3917,Ananya Nair,38,Germany,Sales,92155,16,ananya.nair17@company.com,Active,2020-02-05
3918,Riya Reddy,50,USA,Sales,173516,16,riya.reddy18@company.com,Inactive,2021-05-07
3919,Reyansh Mukherjee,42,USA,HR,128193,28,reyansh.mukherjee19@company.com,Inactive,2025-06-22
3920,Shaurya Chopra,53,UK,Finance,102928,15,shaurya.chopra20@outlook.com,Inactive,2021-03-21
3921,Priya Ansari,50,India,Sales,50729,10,priya.ansari21@yahoo.com,Active,2023-03-24
3922,Neha Gupta,37,USA,Data,143741,21,neha.gupta22@outlook.com,Active,2025-03-09
3923,Pooja Ansari,52,USA,Data,130245,29,pooja.ansari23@outlook.com,Inactive,2025-01-21
3924,Shaurya Malik,34,UK,Sales,110431,7,shaurya.malik24@company.com,Active,2020-11-03
3925,Vivaan Iyer,30,USA,Finance,52255,17,vivaan.iyer25@company.com,Inactive,2018-01-19
3926,Sneha Kapoor,56,Canada,Marketing,103945,15,sneha.kapoor26@gmail.com,Inactive,2021-01-10
3927,Krishna Mukherjee,54,India,HR,47744,19,krishna.mukherjee27@company.com,Inactive,2022-11-20
3928,Aditya Roy,29,Canada,Marketing,115621,7,aditya.roy28@gmail.com,Active,2019-09-13
3929,Vihaan Roy,48,Germany,Marketing,55845,29,vihaan.roy29@yahoo.com,Inactive,2023-01-30
3930,Ananya Malik,31,India,IT,37529,28,ananya.malik30@company.com,Active,2023-08-12
3931,Aditya Roy,34,Germany,IT,78117,12,aditya.roy31@outlook.com,Inactive,2021-07-10
3932,Riya Nair,59,USA,HR,91314,16,riya.nair32@outlook.com,Inactive,2022-02-22
3933,Priya Ansari,39,UK,Finance,148045,16,priya.ansari33@gmail.com,Active,2024-07-12
3934,Diya Gupta,35,Canada,IT,174423,8,diya.gupta34@yahoo.com,Active,2024-05-22
3935,Shaurya Das,48,Germany,Sales,162819,1,shaurya.das35@yahoo.com,Inactive,2018-09-11
3936,Shaurya Bansal,44,USA,HR,143598,23,shaurya.bansal36@outlook.com,Active,2025-03-29
3937,Pooja Reddy,28,Canada,Data,111536,20,pooja.reddy37@yahoo.com,Inactive,2021-08-08
3938,Muhammad Bansal,29,Canada,Marketing,139703,1,muhammad.bansal38@gmail.com,Inactive,2021-07-25
3939,Aditi Malik,53,Germany,HR,147230,4,aditi.malik39@yahoo.com,Active,2019-09-30
3940,Meera Das,53,USA,Data,156793,16,meera.das40@gmail.com,Inactive,2021-06-17
3941,Kavya Ghosh,39,UK,Data,54318,23,kavya.ghosh41@outlook.com,Inactive,2022-12-19
3942,Reyansh Sharma,23,Germany,IT,53695,7,reyansh.sharma42@company.com,Inactive,2020-07-07
3943,Riya Khan,30,Canada,Data,115704,29,riya.khan43@outlook.com,Inactive,2020-03-30
3944,Sneha Nair,21,Canada,Finance,72096,21,sneha.nair44@company.com,Inactive,2021-04-08
3945,Muhammad Agarwal,49,India,Data,153276,23,muhammad.agarwal45@gmail.com,Inactive,2019-11-12
3946,Ishaan Ghosh,54,USA,Data,154341,25,ishaan.ghosh46@yahoo.com,Inactive,2025-11-03
3947,Meera Bansal,33,India,Marketing,38747,7,meera.bansal47@company.com,Active,2020-04-16
3948,Sneha Verma,21,UK,Finance,99400,11,sneha.verma48@company.com,Active,2020-08-04
3949,Riya Ansari,54,Germany,HR,123744,13,riya.ansari49@yahoo.com,Inactive,2019-04-18
3950,Diya Agarwal,49,Canada,Finance,134763,29,diya.agarwal50@gmail.com,Inactive,2022-11-28
3951,Arjun Singh,33,USA,Finance,39430,34,arjun.singh51@yahoo.com,Active,2024-11-24
3952,Arjun Iyer,49,Canada,HR,119371,30,arjun.iyer52@outlook.com,Inactive,2025-07-06
3953,Priya Bansal,59,India,Marketing,140635,27,priya.bansal53@yahoo.com,Active,2018-08-17
3954,Ananya Gupta,44,India,Data,63927,26,ananya.gupta54@company.com,Active,2023-02-06
3955,Muhammad Bansal,46,Germany,Finance,163065,0,muhammad.bansal55@company.com,Active,2022-09-04
3956,Ishaan Iyer,37,USA,Finance,95411,13,ishaan.iyer56@gmail.com,Inactive,2018-02-18
3957,Reyansh Malik,27,USA,HR,153778,9,reyansh.malik57@company.com,Inactive,2019-12-28
3958,Meera Singh,33,Germany,Sales,175035,6,meera.singh58@company.com,Active,2022-09-09
3959,Aditi Singh,25,India,Finance,118031,13,aditi.singh59@company.com,Active,2023-12-06
3960,Vihaan Patel,46,India,IT,113134,26,vihaan.patel60@yahoo.com,Inactive,2019-09-02
3961,Muhammad Sharma,23,India,Data,175858,10,muhammad.sharma61@yahoo.com,Inactive,2021-01-02
3962,Krishna Iyer,27,Canada,Data,77241,9,krishna.iyer62@yahoo.com,Active,2018-02-06
3963,Kavya Nair,59,UK,Marketing,46020,6,kavya.nair63@outlook.com,Active,2021-12-20
3964,Pooja Bansal,21,India,Finance,90994,16,pooja.bansal64@company.com,Active,2018-07-06
3965,Priya Verma,37,UK,HR,141837,11,priya.verma65@gmail.com,Inactive,2024-11-11
3966,Muhammad Khan,45,UK,IT,113661,6,muhammad.khan66@gmail.com,Inactive,2020-02-17
3967,Ishaan Patel,23,USA,HR,138027,23,ishaan.patel67@outlook.com,Active,2025-12-27
3968,Aarav Malik,35,Germany,Finance,77232,33,aarav.malik68@yahoo.com,Inactive,2021-08-25
3969,Ishaan Ghosh,49,Canada,IT,173064,0,ishaan.ghosh69@outlook.com,Inactive,2021-12-20
3970,Reyansh Verma,52,UK,Marketing,134042,28,reyansh.verma70@outlook.com,Active,2021-09-16
3971,Neha Sharma,46,Canada,Marketing,61354,25,neha.sharma71@company.com,Inactive,2025-12-09
3972,Vivaan Gupta,36,USA,Marketing,113769,9,vivaan.gupta72@outlook.com,Inactive,2019-02-12
3973,Ananya Mukherjee,45,India,Sales,170662,0,ananya.mukherjee73@company.com,Active,2020-10-15
3974,Shaurya Gupta,48,UK,HR,179790,16,shaurya.gupta74@outlook.com,Active,2021-08-23
3975,Priya Chopra,29,Germany,Finance,179177,8,priya.chopra75@company.com,Inactive,2018-03-12
3976,Aditya Kapoor,21,USA,IT,171153,22,aditya.kapoor76@outlook.com,Inactive,2022-01-07
3977,Arjun Singh,49,Canada,Data,152266,28,arjun.singh77@outlook.com,Active,2024-01-06
3978,Vihaan Roy,42,India,Data,151246,1,vihaan.roy78@gmail.com,Inactive,2021-12-31
3979,Riya Mehta,36,Canada,HR,127254,17,riya.mehta79@outlook.com,Active,2021-07-09
3980,Riya Roy,27,Germany,Finance,105081,27,riya.roy80@outlook.com,Active,2022-08-03
3981,Riya Malik,34,UK,Sales,40339,6,riya.malik81@outlook.com,Active,2021-10-12
3982,Neha Gupta,49,Germany,Finance,94487,10,neha.gupta82@company.com,Inactive,2021-08-21
3983,Krishna Mukherjee,39,Canada,HR,119636,6,krishna.mukherjee83@gmail.com,Active,2025-09-25
3984,Vihaan Reddy,39,Canada,Finance,39302,23,vihaan.reddy84@gmail.com,Inactive,2024-01-12
3985,Ananya Roy,22,Germany,Data,167881,14,ananya.roy85@gmail.com,Active,2021-02-13
3986,Aditi Singh,35,Germany,Data,129453,30,aditi.singh86@company.com,Active,2019-12-22
3987,Priya Ansari,23,Germany,IT,171902,18,priya.ansari87@yahoo.com,Inactive,2020-12-31
3988,Arjun Mehta,31,India,Sales,166057,9,arjun.mehta88@company.com,Active,2022-07-22
3989,Reyansh Ansari,50,Canada,Data,83637,7,reyansh.ansari89@company.com,Active,2020-07-24
3990,Ishaan Agarwal,38,USA,IT,170484,0,ishaan.agarwal90@gmail.com,Inactive,2025-09-09
3991,Priya Malik,22,India,Sales,111420,1,priya.malik91@company.com,Inactive,2025-11-13
3992,Sneha Verma,52,India,Data,95520,28,sneha.verma92@gmail.com,Active,2018-05-23
3993,Neha Ghosh,28,India,Sales,124668,9,neha.ghosh93@company.com,Active,2021-04-05
3994,Diya Mehta,42,USA,Finance,81775,8,diya.mehta94@outlook.com,Inactive,2020-09-18
3995,Ananya Ghosh,26,Germany,IT,41745,30,ananya.ghosh95@gmail.com,Active,2020-10-18
3996,Priya Nair,32,Canada,Sales,134859,31,priya.nair96@yahoo.com,Active,2021-04-01
3997,Krishna Malik,56,UK,Sales,177954,1,krishna.malik97@outlook.com,Active,2022-05-18
3998,Arjun Chopra,35,UK,Finance,162816,23,arjun.chopra98@yahoo.com,Inactive,2023-05-16
3999,Neha Chopra,48,Canada,Data,112300,5,neha.chopra99@gmail.com,Inactive,2021-09-29
4000,Shaurya Sharma,38,USA,Data,104979,7,shaurya.sharma0@yahoo.com,Inactive,2019-12-07
4001,Meera Verma,22,UK,HR,48583,24,meera.verma1@yahoo.com,Inactive,2018-09-14
4002,Vivaan Singh,33,India,HR,88857,24,vivaan.singh2@company.com,Active,2025-11-29
4003,Ishaan Ghosh,35,UK,Data,110672,10,ishaan.ghosh3@outlook.com,Inactive,2022-03-10
4004,Aditi Iyer,40,Canada,Marketing,121759,34,aditi.iyer4@gmail.com,Inactive,2019-09-12
4005,Diya Mehta,49,India,Marketing,55342,0,diya.mehta5@yahoo.com,Inactive,2025-02-09
4006,Pooja Singh,49,UK,Sales,88816,22,pooja.singh6@outlook.com,Inactive,2023-01-23
4007,Kavya Kapoor,23,Canada,Data,110412,2,kavya.kapoor7@gmail.com,Active,2022-03-27
4008,Aarav Kapoor,39,USA,HR,93314,0,aarav.kapoor8@company.com,Inactive,2021-01-12
4009,Ishaan Iyer,23,Canada,Sales,166818,11,ishaan.iyer9@gmail.com,Inactive,2022-11-09
4010,Aditya Singh,34,USA,IT,135488,30,aditya.singh10@outlook.com,Active,2025-02-19
4011,Shaurya Ansari,24,India,HR,133112,28,shaurya.ansari11@outlook.com,Active,2018-12-11
4012,Reyansh Agarwal,31,Canada,HR,131537,34,reyansh.agarwal12@outlook.com,Inactive,2024-08-23
4013,Ananya Bansal,51,Germany,HR,44210,27,ananya.bansal13@gmail.com,Inactive,2018-05-12
4014,Vivaan Malik,52,Germany,Marketing,115615,20,vivaan.malik14@outlook.com,Inactive,2021-05-19
4015,Aditya Nair,47,Germany,Finance,62154,10,aditya.nair15@company.com,Active,2019-12-18
4016,Neha Bansal,50,Germany,Finance,63687,25,neha.bansal16@gmail.com,Inactive,2022-06-07
4017,Ananya Bansal,22,Germany,Marketing,107684,10,ananya.bansal17@gmail.com,Active,2018-03-18
4018,Vihaan Khan,29,USA,Data,50473,4,vihaan.khan18@yahoo.com,Active,2023-05-29
4019,Ishaan Das,48,Canada,Data,86176,6,ishaan.das19@outlook.com,Active,2021-03-09
4020,Aditya Chopra,51,India,Marketing,65285,30,aditya.chopra20@company.com,Active,2020-07-21
4021,Priya Mukherjee,54,Germany,Marketing,123093,7,priya.mukherjee21@yahoo.com,Inactive,2020-01-24
4022,Pooja Reddy,35,Germany,Data,49219,26,pooja.reddy22@company.com,Active,2022-05-10
4023,Kavya Sharma,45,India,Finance,91170,20,kavya.sharma23@gmail.com,Inactive,2024-01-04
4024,Vivaan Khan,56,India,Sales,147661,29,vivaan.khan24@gmail.com,Active,2018-03-08
4025,Kavya Patel,28,Germany,Marketing,69470,13,kavya.patel25@company.com,Inactive,2019-04-17
4026,Aarav Kapoor,29,USA,Sales,99147,0,aarav.kapoor26@gmail.com,Inactive,2018-05-31
4027,Muhammad Iyer,57,India,Sales,138833,23,muhammad.iyer27@gmail.com,Inactive,2018-01-04
4028,Ananya Roy,59,Canada,IT,74984,5,ananya.roy28@company.com,Active,2025-01-15
4029,Aditya Mehta,52,Canada,Finance,80380,5,aditya.mehta29@company.com,Active,2018-09-13
4030,Reyansh Singh,37,USA,Sales,138721,4,reyansh.singh30@gmail.com,Inactive,2025-02-15
4031,Riya Patel,55,UK,Finance,106860,34,riya.patel31@outlook.com,Active,2019-08-13
4032,Meera Bansal,57,USA,Finance,108849,14,meera.bansal32@gmail.com,Inactive,2023-03-02
4033,Ananya Agarwal,39,Germany,IT,82227,34,ananya.agarwal33@company.com,Active,2018-11-19
4034,Neha Patel,49,UK,Data,126588,7,neha.patel34@outlook.com,Active,2019-03-29
4035,Ishaan Khan,27,Germany,Finance,149953,34,ishaan.khan35@company.com,Active,2025-12-18
4036,Sneha Reddy,48,Canada,Sales,122298,4,sneha.reddy36@gmail.com,Inactive,2018-12-25
4037,Shaurya Ansari,29,India,Data,53508,30,shaurya.ansari37@yahoo.com,Inactive,2023-10-01
4038,Aditya Bansal,48,Germany,Data,171046,30,aditya.bansal38@gmail.com,Active,2025-01-20
4039,Diya Khan,26,Canada,HR,156725,7,diya.khan39@gmail.com,Inactive,2025-08-02
4040,Aditi Kapoor,49,USA,Sales,64730,5,aditi.kapoor40@yahoo.com,Active,2022-10-29
4041,Sneha Singh,37,Germany,Sales,113259,22,sneha.singh41@outlook.com,Inactive,2018-02-02
4042,Aarav Sharma,36,Canada,Finance,116009,15,aarav.sharma42@outlook.com,Inactive,2021-09-13
4043,Pooja Mukherjee,43,India,Sales,167157,7,pooja.mukherjee43@outlook.com,Inactive,2019-03-12
4044,Krishna Gupta,51,Germany,HR,123115,3,krishna.gupta44@company.com,Active,2020-04-28
4045,Kavya Ansari,23,Canada,Finance,76060,31,kavya.ansari45@company.com,Inactive,2025-10-31
4046,Ishaan Khan,41,Germany,Marketing,155086,2,ishaan.khan46@outlook.com,Active,2018-03-18
4047,Vivaan Kapoor,46,India,Sales,56462,15,vivaan.kapoor47@yahoo.com,Active,2025-03-12
4048,Meera Bansal,56,Germany,Sales,140506,33,meera.bansal48@yahoo.com,Active,2020-12-09
4049,Meera Malik,57,Germany,IT,156190,12,meera.malik49@company.com,Inactive,2024-10-25
4050,Arjun Gupta,42,Canada,Marketing,48174,32,arjun.gupta50@outlook.com,Inactive,2019-11-01
4051,Diya Khan,32,UK,Marketing,117719,21,diya.khan51@gmail.com,Active,2021-05-06
4052,Sneha Mehta,33,Germany,HR,40611,30,sneha.mehta52@company.com,Inactive,2022-11-29
4053,Aarav Das,31,UK,Marketing,147495,23,aarav.das53@outlook.com,Active,2019-04-08
4054,Priya Agarwal,36,USA,IT,57393,2,priya.agarwal54@yahoo.com,Active,2019-01-12
4055,Neha Mehta,28,Germany,HR,171335,32,neha.mehta55@company.com,Active,2025-02-06
4056,Krishna Ansari,22,UK,Marketing,178068,29,krishna.ansari56@company.com,Inactive,2019-03-12
4057,Muhammad Malik,50,USA,HR,176877,25,muhammad.malik57@outlook.com,Inactive,2020-10-17
4058,Shaurya Nair,50,Canada,Marketing,111003,33,shaurya.nair58@gmail.com,Inactive,2019-12-25
4059,Aditi Patel,32,Germany,Marketing,114423,21,aditi.patel59@outlook.com,Active,2021-07-19
4060,Priya Ansari,30,Canada,Data,135665,29,priya.ansari60@gmail.com,Inactive,2024-01-12
4061,Meera Ansari,31,USA,Marketing,124461,34,meera.ansari61@company.com,Active,2021-09-06
4062,Shaurya Ansari,35,Canada,Sales,178396,24,shaurya.ansari62@yahoo.com,Active,2018-09-26
4063,Priya Khan,36,Canada,Marketing,35723,27,priya.khan63@yahoo.com,Inactive,2024-01-17
4064,Priya Patel,37,India,Sales,134851,32,priya.patel64@gmail.com,Inactive,2024-06-28
4065,Aarav Iyer,46,USA,Finance,93323,22,aarav.iyer65@outlook.com,Active,2020-11-03
4066,Ishaan Singh,22,Canada,Data,164923,25,ishaan.singh66@yahoo.com,Active,2021-10-31
4067,Meera Agarwal,32,UK,IT,179477,8,meera.agarwal67@yahoo.com,Inactive,2018-04-30
4068,Krishna Chopra,46,USA,HR,161366,7,krishna.chopra68@gmail.com,Inactive,2024-07-23
4069,Sneha Agarwal,43,India,HR,167437,32,sneha.agarwal69@outlook.com,Active,2023-09-25
4070,Aditya Sharma,38,Germany,Finance,92893,14,aditya.sharma70@outlook.com,Inactive,2024-11-21
4071,Neha Patel,52,Canada,Marketing,62338,7,neha.patel71@outlook.com,Inactive,2025-04-23
4072,Ananya Kapoor,58,UK,IT,104389,20,ananya.kapoor72@company.com,Active,2021-10-26
4073,Muhammad Kapoor,23,India,Finance,170754,2,muhammad.kapoor73@outlook.com,Inactive,2022-01-22
4074,Priya Mukherjee,58,USA,Finance,106496,8,priya.mukherjee74@company.com,Active,2024-03-16
4075,Ishaan Gupta,23,Canada,HR,59727,13,ishaan.gupta75@outlook.com,Inactive,2020-09-30
4076,Vihaan Ghosh,50,India,Sales,54882,26,vihaan.ghosh76@gmail.com,Active,2021-02-18
4077,Vivaan Verma,21,India,Sales,83232,19,vivaan.verma77@outlook.com,Active,2021-08-05
4078,Ananya Singh,50,UK,Marketing,94556,3,ananya.singh78@gmail.com,Inactive,2025-01-03
4079,Neha Chopra,52,Germany,Marketing,87137,23,neha.chopra79@company.com,Inactive,2024-08-25
4080,Meera Mukherjee,48,Germany,Finance,80054,26,meera.mukherjee80@outlook.com,Inactive,2022-03-10
4081,Vivaan Sharma,41,Germany,Marketing,123589,11,vivaan.sharma81@yahoo.com,Inactive,2019-07-20
4082,Ishaan Das,33,USA,Sales,128335,27,ishaan.das82@gmail.com,Active,2025-02-26
4083,Meera Kapoor,47,India,IT,71959,34,meera.kapoor83@yahoo.com,Inactive,2020-10-24
4084,Shaurya Kapoor,56,USA,HR,110254,23,shaurya.kapoor84@company.com,Inactive,2023-04-21
4085,Diya Patel,27,India,Sales,125633,30,diya.patel85@gmail.com,Active,2020-01-22
4086,Pooja Verma,42,UK,Data,123437,2,pooja.verma86@outlook.com,Active,2022-06-04
4087,Sneha Khan,30,UK,Marketing,129058,29,sneha.khan87@company.com,Active,2018-07-20
4088,Ishaan Khan,59,USA,HR,141513,26,ishaan.khan88@company.com,Inactive,2023-07-03
4089,Riya Nair,35,USA,Data,46672,16,riya.nair89@company.com,Active,2018-09-13
4090,Ananya Agarwal,35,UK,HR,173246,5,ananya.agarwal90@company.com,Inactive,2018-07-18
4091,Arjun Gupta,24,Canada,Finance,43061,17,arjun.gupta91@yahoo.com,Active,2023-10-22
4092,Ananya Das,52,Germany,Marketing,133162,34,ananya.das92@outlook.com,Inactive,2020-08-08
4093,Priya Patel,43,Germany,Finance,179337,26,priya.patel93@company.com,Active,2025-06-28
4094,Ishaan Mehta,26,UK,HR,146234,16,ishaan.mehta94@outlook.com,Active,2024-03-16
4095,Ananya Verma,44,Germany,Finance,93219,10,ananya.verma95@yahoo.com,Inactive,2022-10-26
4096,Arjun Nair,40,Canada,Marketing,107250,33,arjun.nair96@yahoo.com,Inactive,2021-12-27
4097,Ishaan Chopra,57,Canada,Sales,130303,31,ishaan.chopra97@outlook.com,Inactive,2019-02-11
4098,Priya Iyer,40,India,IT,72877,34,priya.iyer98@company.com,Active,2020-03-05
4099,Ishaan Mukherjee,32,USA,Data,113285,27,ishaan.mukherjee99@yahoo.com,Inactive,2025-10-11
4100,Ishaan Das,53,Germany,Sales,116424,21,ishaan.das0@yahoo.com,Active,2021-01-21
4101,Ananya Bansal,48,Canada,HR,69821,15,ananya.bansal1@gmail.com,Inactive,2022-08-15
4102,Reyansh Reddy,28,USA,Sales,51025,11,reyansh.reddy2@company.com,Inactive,2021-01-08
4103,Neha Patel,21,USA,Finance,126551,4,neha.patel3@gmail.com,Active,2024-03-05
4104,Pooja Agarwal,57,India,Marketing,50431,25,pooja.agarwal4@company.com,Active,2018-04-02
4105,Vivaan Ansari,42,USA,Sales,76658,25,vivaan.ansari5@yahoo.com,Inactive,2025-01-23
4106,Arjun Verma,26,USA,Sales,151508,12,arjun.verma6@gmail.com,Active,2020-12-12
4107,Krishna Khan,41,UK,Marketing,91779,23,krishna.khan7@company.com,Inactive,2023-11-01
4108,Vivaan Nair,52,India,Finance,70662,2,vivaan.nair8@company.com,Inactive,2019-02-14
4109,Ishaan Khan,55,India,IT,117168,31,ishaan.khan9@yahoo.com,Inactive,2024-10-27
4110,Kavya Bansal,35,Germany,Sales,173882,22,kavya.bansal10@company.com,Inactive,2023-12-18
4111,Vihaan Nair,25,USA,Data,86042,12,vihaan.nair11@gmail.com,Inactive,2020-02-10
4112,Vivaan Agarwal,26,Germany,HR,113186,14,vivaan.agarwal12@outlook.com,Inactive,2018-07-03
4113,Diya Ghosh,45,Canada,Finance,161247,1,diya.ghosh13@gmail.com,Inactive,2025-03-10
4114,Neha Agarwal,49,USA,Finance,87215,10,neha.agarwal14@gmail.com,Inactive,2025-06-05
4115,Neha Mehta,27,Canada,Sales,86846,15,neha.mehta15@gmail.com,Inactive,2018-12-31
4116,Arjun Mehta,33,UK,Data,143487,17,arjun.mehta16@outlook.com,Inactive,2018-07-15
4117,Diya Gupta,58,USA,Marketing,82136,33,diya.gupta17@gmail.com,Inactive,2018-07-29
4118,Muhammad Iyer,38,Germany,Sales,67548,9,muhammad.iyer18@outlook.com,Active,2018-05-15
4119,Reyansh Khan,22,Germany,Sales,157911,12,reyansh.khan19@outlook.com,Active,2021-11-08
4120,Riya Malik,28,USA,Marketing,39650,31,riya.malik20@gmail.com,Inactive,2019-08-17
4121,Sneha Roy,31,Germany,HR,92278,7,sneha.roy21@yahoo.com,Inactive,2019-05-19
4122,Muhammad Roy,53,USA,Marketing,51225,6,muhammad.roy22@yahoo.com,Inactive,2019-04-22
4123,Aarav Das,58,India,Sales,80360,16,aarav.das23@outlook.com,Inactive,2021-08-13
4124,Sneha Khan,47,Germany,IT,99008,26,sneha.khan24@gmail.com,Active,2021-11-06
4125,Priya Gupta,40,USA,Marketing,92573,7,priya.gupta25@yahoo.com,Active,2019-03-20
4126,Krishna Nair,32,USA,HR,86932,28,krishna.nair26@yahoo.com,Active,2025-06-24
4127,Vihaan Reddy,51,Germany,Marketing,162333,26,vihaan.reddy27@gmail.com,Inactive,2023-12-11
4128,Aarav Iyer,47,India,Marketing,55881,23,aarav.iyer28@outlook.com,Active,2023-06-09
4129,Vihaan Kapoor,52,Germany,Finance,68557,15,vihaan.kapoor29@outlook.com,Active,2024-12-16
4130,Diya Roy,30,USA,Finance,96324,25,diya.roy30@outlook.com,Active,2019-01-25
4131,Vihaan Reddy,23,India,Sales,55841,30,vihaan.reddy31@yahoo.com,Active,2023-10-12
4132,Arjun Sharma,47,Canada,Sales,48475,26,arjun.sharma32@outlook.com,Active,2023-05-17
4133,Aditya Agarwal,55,UK,Marketing,41671,25,aditya.agarwal33@outlook.com,Inactive,2023-06-26
4134,Neha Agarwal,51,Germany,IT,66764,14,neha.agarwal34@outlook.com,Active,2025-01-11
4135,Ishaan Mukherjee,35,USA,Data,172033,14,ishaan.mukherjee35@outlook.com,Active,2018-09-02
4136,Aarav Reddy,36,India,Sales,90890,22,aarav.reddy36@gmail.com,Active,2024-01-22
4137,Vivaan Mukherjee,33,India,Marketing,145352,24,vivaan.mukherjee37@outlook.com,Inactive,2020-08-12
4138,Kavya Reddy,55,Canada,Marketing,162808,3,kavya.reddy38@outlook.com,Active,2018-10-11
4139,Sneha Patel,31,Germany,Data,98884,15,sneha.patel39@yahoo.com,Active,2023-03-27
4140,Muhammad Verma,41,India,Marketing,40155,20,muhammad.verma40@gmail.com,Inactive,2019-12-12
4141,Shaurya Reddy,31,Canada,Data,164518,16,shaurya.reddy41@gmail.com,Inactive,2021-02-21
4142,Vivaan Gupta,50,USA,Data,163275,2,vivaan.gupta42@outlook.com,Active,2022-05-10
4143,Pooja Mukherjee,55,Canada,Marketing,100768,6,pooja.mukherjee43@yahoo.com,Active,2020-07-20
4144,Aditi Gupta,42,Germany,Marketing,155423,11,aditi.gupta44@yahoo.com,Active,2019-10-17
4145,Aditi Malik,58,Canada,Finance,95851,0,aditi.malik45@yahoo.com,Inactive,2023-01-20
4146,Reyansh Singh,51,India,Data,175293,5,reyansh.singh46@gmail.com,Inactive,2021-09-02
4147,Aditi Gupta,34,India,HR,79566,22,aditi.gupta47@gmail.com,Active,2020-04-01
4148,Aarav Ansari,44,UK,Data,168783,24,aarav.ansari48@outlook.com,Active,2024-02-23
4149,Reyansh Kapoor,52,Canada,HR,178603,24,reyansh.kapoor49@yahoo.com,Active,2018-10-12
4150,Aditi Iyer,56,USA,Marketing,176552,2,aditi.iyer50@yahoo.com,Active,2022-06-05
4151,Arjun Mehta,52,Germany,Sales,47191,3,arjun.mehta51@yahoo.com,Active,2018-04-25
4152,Shaurya Nair,35,UK,IT,38779,29,shaurya.nair52@gmail.com,Active,2020-08-21
4153,Priya Iyer,55,Canada,Marketing,106190,32,priya.iyer53@outlook.com,Active,2020-01-23
4154,Meera Patel,23,USA,IT,145678,28,meera.patel54@company.com,Active,2023-04-16
4155,Diya Mehta,36,UK,Finance,158760,3,diya.mehta55@yahoo.com,Inactive,2024-12-28
4156,Diya Das,25,India,HR,42317,13,diya.das56@outlook.com,Active,2025-10-09
4157,Muhammad Nair,41,Germany,Finance,35159,20,muhammad.nair57@outlook.com,Active,2018-11-27
4158,Kavya Kapoor,30,Canada,Sales,160373,6,kavya.kapoor58@outlook.com,Inactive,2019-10-29
4159,Neha Malik,39,USA,Sales,92115,20,neha.malik59@outlook.com,Inactive,2024-05-01
4160,Sneha Mukherjee,45,India,Data,54462,6,sneha.mukherjee60@outlook.com,Inactive,2019-08-05
4161,Priya Gupta,24,UK,Marketing,37917,0,priya.gupta61@yahoo.com,Active,2019-11-22
4162,Priya Chopra,49,Germany,Data,61125,33,priya.chopra62@outlook.com,Active,2024-12-03
4163,Meera Khan,39,UK,Sales,82277,22,meera.khan63@company.com,Active,2022-08-31
4164,Priya Bansal,22,UK,Sales,49349,2,priya.bansal64@outlook.com,Inactive,2025-05-15
4165,Aditya Verma,30,USA,Data,95715,17,aditya.verma65@company.com,Active,2020-02-10
4166,Riya Reddy,45,India,Finance,42902,11,riya.reddy66@outlook.com,Active,2021-03-10
4167,Kavya Singh,40,Canada,IT,156345,13,kavya.singh67@gmail.com,Active,2018-10-09
4168,Arjun Nair,39,USA,HR,114569,27,arjun.nair68@gmail.com,Active,2024-05-26
4169,Riya Das,43,Germany,Sales,137148,23,riya.das69@yahoo.com,Inactive,2024-03-02
4170,Aditya Iyer,44,UK,Data,138001,23,aditya.iyer70@outlook.com,Active,2022-09-13
4171,Kavya Bansal,31,Germany,Sales,70158,2,kavya.bansal71@gmail.com,Active,2022-05-02
4172,Aditya Nair,54,USA,Finance,38917,8,aditya.nair72@outlook.com,Active,2024-07-07
4173,Shaurya Patel,48,USA,HR,114742,23,shaurya.patel73@yahoo.com,Active,2024-09-16
4174,Arjun Iyer,25,Canada,Finance,178692,1,arjun.iyer74@yahoo.com,Inactive,2021-06-10
4175,Krishna Das,25,UK,IT,162330,27,krishna.das75@gmail.com,Active,2022-10-04
4176,Priya Iyer,41,USA,Finance,138246,6,priya.iyer76@outlook.com,Inactive,2018-02-01
4177,Sneha Verma,32,Germany,HR,59691,8,sneha.verma77@gmail.com,Active,2018-07-11
4178,Pooja Gupta,24,Canada,HR,105734,32,pooja.gupta78@company.com,Active,2019-02-11
4179,Vivaan Das,40,Germany,Sales,61046,33,vivaan.das79@yahoo.com,Inactive,2025-04-04
4180,Vihaan Das,58,UK,IT,177343,20,vihaan.das80@company.com,Inactive,2022-05-26
4181,Priya Bansal,45,Canada,Marketing,153540,28,priya.bansal81@yahoo.com,Active,2023-09-14
4182,Vihaan Agarwal,34,Canada,Sales,78798,26,vihaan.agarwal82@outlook.com,Inactive,2021-05-28
4183,Sneha Malik,31,Canada,Data,158293,16,sneha.malik83@gmail.com,Active,2022-06-30
4184,Diya Malik,52,India,Finance,109396,22,diya.malik84@gmail.com,Active,2023-07-17
4185,Sneha Gupta,31,Canada,Finance,116298,20,sneha.gupta85@outlook.com,Inactive,2024-07-07
4186,Riya Sharma,38,Germany,HR,167040,7,riya.sharma86@outlook.com,Active,2020-12-11
4187,Vihaan Agarwal,47,Germany,Data,40800,8,vihaan.agarwal87@company.com,Active,2018-01-17
4188,Reyansh Khan,38,UK,HR,93524,32,reyansh.khan88@company.com,Inactive,2020-05-03
4189,Aditi Verma,43,USA,Data,131585,3,aditi.verma89@outlook.com,Inactive,2023-08-19
4190,Aditya Bansal,31,USA,HR,155279,17,aditya.bansal90@gmail.com,Active,2024-02-06
4191,Shaurya Reddy,41,India,Marketing,164925,31,shaurya.reddy91@company.com,Active,2023-08-13
4192,Sneha Agarwal,25,Canada,Marketing,170891,29,sneha.agarwal92@company.com,Active,2021-07-25
4193,Kavya Mukherjee,43,India,Sales,91784,24,kavya.mukherjee93@yahoo.com,Inactive,2025-07-04
4194,Ishaan Reddy,45,UK,Marketing,122175,32,ishaan.reddy94@yahoo.com,Active,2023-01-02
4195,Reyansh Ansari,30,UK,Data,81935,34,reyansh.ansari95@yahoo.com,Active,2018-06-16
4196,Reyansh Gupta,42,USA,HR,170070,33,reyansh.gupta96@outlook.com,Inactive,2021-07-21
4197,Meera Malik,39,UK,Data,76750,1,meera.malik97@gmail.com,Active,2022-06-05
4198,Vihaan Bansal,21,Canada,Sales,171252,12,vihaan.bansal98@gmail.com,Inactive,2018-01-27
4199,Pooja Sharma,27,Germany,Sales,113288,22,pooja.sharma99@company.com,Inactive,2018-04-28
4200,Aarav Kapoor,24,UK,IT,65513,22,aarav.kapoor0@outlook.com,Active,2025-08-18
4201,Vihaan Sharma,21,India,Marketing,138725,30,vihaan.sharma1@yahoo.com,Inactive,2024-07-27
4202,Reyansh Nair,35,Canada,Finance,52879,1,reyansh.nair2@gmail.com,Active,2024-02-21
4203,Kavya Kapoor,32,UK,Finance,124898,1,kavya.kapoor3@outlook.com,Active,2025-05-24
4204,Meera Nair,42,UK,IT,96833,4,meera.nair4@company.com,Inactive,2021-07-20
4205,Shaurya Mukherjee,42,Canada,HR,49316,13,shaurya.mukherjee5@yahoo.com,Inactive,2018-11-13
4206,Meera Chopra,37,UK,IT,40378,22,meera.chopra6@gmail.com,Inactive,2021-11-26
4207,Aditi Iyer,49,Germany,HR,168649,34,aditi.iyer7@outlook.com,Active,2025-09-03
4208,Aditya Patel,34,USA,Marketing,141437,0,aditya.patel8@outlook.com,Active,2022-09-16
4209,Arjun Sharma,40,Canada,Marketing,112383,14,arjun.sharma9@company.com,Inactive,2020-12-07
4210,Muhammad Mehta,53,India,Sales,122288,29,muhammad.mehta10@company.com,Active,2020-11-05
4211,Aarav Ansari,35,UK,Sales,116976,20,aarav.ansari11@gmail.com,Inactive,2022-02-02
4212,Aarav Ansari,32,USA,Sales,108008,7,aarav.ansari12@outlook.com,Active,2023-04-29
4213,Neha Patel,40,India,Sales,123297,6,neha.patel13@gmail.com,Active,2021-07-30
4214,Krishna Bansal,50,India,Finance,118868,33,krishna.bansal14@company.com,Active,2023-08-24
4215,Pooja Ansari,58,Germany,Sales,117142,31,pooja.ansari15@yahoo.com,Active,2021-10-03
4216,Aditya Iyer,23,USA,Sales,129534,32,aditya.iyer16@outlook.com,Inactive,2019-01-02
4217,Kavya Patel,48,Canada,Sales,72985,5,kavya.patel17@company.com,Active,2018-08-16
4218,Neha Bansal,46,USA,HR,179609,9,neha.bansal18@outlook.com,Inactive,2022-07-10
4219,Aarav Mehta,50,USA,Data,77717,25,aarav.mehta19@company.com,Active,2020-09-29
4220,Reyansh Patel,33,India,Sales,175099,25,reyansh.patel20@yahoo.com,Active,2020-01-06
4221,Kavya Nair,33,Germany,IT,168608,18,kavya.nair21@company.com,Inactive,2025-02-18
4222,Neha Sharma,22,Germany,Sales,37525,34,neha.sharma22@yahoo.com,Active,2020-05-16
4223,Kavya Roy,57,USA,Sales,175248,3,kavya.roy23@outlook.com,Inactive,2019-10-22
4224,Krishna Ansari,58,USA,Finance,105423,24,krishna.ansari24@company.com,Active,2023-02-03
4225,Shaurya Roy,22,UK,Data,124642,7,shaurya.roy25@yahoo.com,Active,2025-05-27
4226,Aditi Verma,56,India,Sales,115383,11,aditi.verma26@company.com,Active,2022-08-12
4227,Ananya Sharma,46,Canada,Data,111788,23,ananya.sharma27@gmail.com,Inactive,2024-01-29
4228,Vihaan Bansal,31,Canada,HR,105013,23,vihaan.bansal28@outlook.com,Active,2024-06-23
4229,Priya Nair,28,Germany,Marketing,159326,16,priya.nair29@gmail.com,Inactive,2019-09-08
4230,Sneha Mukherjee,42,India,Data,52755,24,sneha.mukherjee30@company.com,Active,2019-05-04
4231,Pooja Iyer,40,Germany,Data,54608,32,pooja.iyer31@gmail.com,Inactive,2019-10-13
4232,Vivaan Nair,28,Canada,Sales,151562,26,vivaan.nair32@company.com,Inactive,2022-07-14
4233,Aditi Nair,49,USA,Sales,94843,1,aditi.nair33@outlook.com,Inactive,2023-06-03
4234,Riya Roy,46,India,Sales,87513,8,riya.roy34@gmail.com,Inactive,2022-04-22
4235,Meera Nair,50,India,Finance,106640,32,meera.nair35@gmail.com,Active,2025-06-24
4236,Krishna Verma,37,UK,Marketing,134446,18,krishna.verma36@outlook.com,Inactive,2023-12-12
4237,Riya Sharma,40,USA,Finance,47726,4,riya.sharma37@yahoo.com,Inactive,2021-05-20
4238,Priya Roy,36,USA,Finance,41898,19,priya.roy38@yahoo.com,Active,2019-12-07
4239,Ananya Ghosh,27,Germany,Finance,118508,23,ananya.ghosh39@outlook.com,Inactive,2019-04-04
4240,Aditya Malik,36,India,HR,104878,30,aditya.malik40@yahoo.com,Active,2022-08-08
4241,Priya Nair,47,Germany,Marketing,83008,3,priya.nair41@gmail.com,Active,2021-03-11
4242,Vihaan Nair,43,USA,HR,169434,31,vihaan.nair42@outlook.com,Active,2019-11-08
4243,Meera Chopra,44,UK,HR,115119,34,meera.chopra43@outlook.com,Active,2021-11-12
4244,Kavya Bansal,29,India,Marketing,177176,13,kavya.bansal44@gmail.com,Inactive,2025-05-17
4245,Aarav Khan,55,USA,HR,52628,5,aarav.khan45@gmail.com,Active,2018-06-27
4246,Shaurya Ansari,40,UK,Marketing,112465,16,shaurya.ansari46@yahoo.com,Inactive,2021-01-13
4247,Neha Chopra,57,Canada,Data,127210,17,neha.chopra47@outlook.com,Active,2021-09-20
4248,Kavya Singh,37,USA,Data,144093,7,kavya.singh48@yahoo.com,Inactive,2021-04-04
4249,Riya Singh,51,Canada,Sales,179340,11,riya.singh49@yahoo.com,Active,2019-06-20
4250,Sneha Reddy,28,Germany,Finance,122226,16,sneha.reddy50@gmail.com,Inactive,2022-08-23
4251,Meera Agarwal,35,Canada,Data,130756,30,meera.agarwal51@yahoo.com,Active,2022-06-26
4252,Arjun Iyer,51,USA,Data,99734,0,arjun.iyer52@gmail.com,Inactive,2025-12-15
4253,Aditi Bansal,50,Canada,HR,176776,10,aditi.bansal53@yahoo.com,Inactive,2024-07-03
4254,Diya Nair,40,India,Marketing,105050,15,diya.nair54@outlook.com,Inactive,2019-08-24
4255,Reyansh Mukherjee,59,USA,IT,147726,27,reyansh.mukherjee55@outlook.com,Active,2019-11-01
4256,Muhammad Iyer,32,UK,HR,83308,8,muhammad.iyer56@gmail.com,Inactive,2021-03-02
4257,Aditya Nair,37,Canada,HR,131428,7,aditya.nair57@gmail.com,Inactive,2025-09-20
4258,Arjun Khan,50,India,Marketing,85420,24,arjun.khan58@yahoo.com,Inactive,2023-07-19
4259,Muhammad Khan,49,Germany,IT,158819,9,muhammad.khan59@outlook.com,Active,2020-04-02
4260,Meera Nair,39,Germany,IT,135680,2,meera.nair60@gmail.com,Active,2024-05-25
4261,Vihaan Bansal,31,Canada,Sales,59771,22,vihaan.bansal61@company.com,Inactive,2024-04-03
4262,Neha Iyer,54,Germany,HR,54480,22,neha.iyer62@company.com,Inactive,2024-10-21
4263,Krishna Ansari,27,UK,Finance,120555,3,krishna.ansari63@company.com,Inactive,2024-10-28
4264,Pooja Verma,54,USA,Data,51945,22,pooja.verma64@outlook.com,Inactive,2020-12-25
4265,Aarav Chopra,40,India,HR,46641,8,aarav.chopra65@yahoo.com,Inactive,2025-07-26
4266,Ishaan Chopra,58,Canada,Finance,50232,3,ishaan.chopra66@company.com,Active,2023-12-02
4267,Reyansh Khan,44,Germany,Finance,58255,33,reyansh.khan67@outlook.com,Active,2024-02-15
4268,Riya Verma,30,USA,Marketing,91173,17,riya.verma68@yahoo.com,Active,2023-07-08
4269,Aditya Reddy,52,UK,HR,122891,33,aditya.reddy69@yahoo.com,Active,2023-01-02
4270,Priya Mehta,35,Germany,Marketing,176140,33,priya.mehta70@outlook.com,Active,2022-06-08
4271,Meera Singh,57,Germany,Sales,153785,2,meera.singh71@outlook.com,Active,2024-05-12
4272,Vihaan Ghosh,40,India,Finance,143759,18,vihaan.ghosh72@gmail.com,Inactive,2020-07-29
4273,Krishna Nair,23,UK,IT,80832,33,krishna.nair73@outlook.com,Active,2022-06-24
4274,Ishaan Reddy,57,UK,Finance,41822,25,ishaan.reddy74@yahoo.com,Inactive,2021-08-18
4275,Diya Verma,28,Canada,Sales,55893,34,diya.verma75@yahoo.com,Active,2020-02-25
4276,Pooja Malik,43,India,Finance,161901,30,pooja.malik76@gmail.com,Inactive,2025-07-20
4277,Arjun Das,31,Canada,Marketing,113033,26,arjun.das77@outlook.com,Inactive,2023-06-17
4278,Meera Mehta,28,India,HR,49251,2,meera.mehta78@gmail.com,Inactive,2022-04-19
4279,Vivaan Agarwal,49,UK,IT,123106,11,vivaan.agarwal79@yahoo.com,Inactive,2025-03-16
4280,Kavya Mehta,50,India,Marketing,78145,22,kavya.mehta80@company.com,Active,2020-01-25
4281,Vihaan Mukherjee,30,India,Data,120480,16,vihaan.mukherjee81@company.com,Active,2022-08-02
4282,Meera Mehta,59,India,HR,106215,15,meera.mehta82@gmail.com,Inactive,2019-04-25
4283,Pooja Verma,48,USA,IT,74380,16,pooja.verma83@company.com,Inactive,2023-07-25
4284,Riya Mehta,56,USA,Sales,56205,14,riya.mehta84@company.com,Inactive,2018-01-17
4285,Reyansh Mehta,33,UK,Finance,91959,25,reyansh.mehta85@company.com,Inactive,2018-02-16
4286,Muhammad Chopra,52,India,IT,101948,1,muhammad.chopra86@outlook.com,Active,2023-09-09
4287,Reyansh Iyer,56,UK,Data,141177,16,reyansh.iyer87@outlook.com,Active,2019-01-27
4288,Kavya Das,57,USA,Sales,109371,0,kavya.das88@outlook.com,Inactive,2020-11-29
4289,Neha Mehta,46,India,HR,94892,29,neha.mehta89@outlook.com,Inactive,2020-07-04
4290,Arjun Chopra,42,Canada,IT,113331,31,arjun.chopra90@company.com,Inactive,2023-02-20
4291,Ananya Patel,24,USA,Sales,161685,29,ananya.patel91@yahoo.com,Inactive,2022-08-19
4292,Vihaan Ansari,51,USA,HR,147745,3,vihaan.ansari92@gmail.com,Inactive,2018-10-11
4293,Kavya Bansal,38,USA,Marketing,138489,31,kavya.bansal93@yahoo.com,Inactive,2023-10-08
4294,Aarav Singh,58,India,Finance,55674,34,aarav.singh94@gmail.com,Active,2020-10-04
4295,Neha Reddy,44,Germany,Sales,77345,0,neha.reddy95@outlook.com,Inactive,2023-05-28
4296,Shaurya Das,43,Canada,Marketing,74920,18,shaurya.das96@yahoo.com,Inactive,2022-10-16
4297,Reyansh Gupta,42,Canada,Data,53968,32,reyansh.gupta97@company.com,Inactive,2021-10-09
4298,Ishaan Chopra,22,UK,Data,118521,18,ishaan.chopra98@yahoo.com,Inactive,2023-01-07
4299,Priya Chopra,51,India,HR,147102,26,priya.chopra99@company.com,Inactive,2020-01-21
4300,Krishna Patel,31,USA,IT,154630,12,krishna.patel0@yahoo.com,Inactive,2024-06-24
4301,Riya Bansal,48,Germany,Finance,89850,26,riya.bansal1@gmail.com,Inactive,2019-12-22
4302,Krishna Patel,52,India,HR,52191,13,krishna.patel2@yahoo.com,Active,2020-12-04
4303,Priya Bansal,25,India,Sales,144155,23,priya.bansal3@yahoo.com,Inactive,2024-08-06
4304,Priya Agarwal,58,Germany,Finance,157033,34,priya.agarwal4@outlook.com,Active,2025-09-10
4305,Riya Chopra,30,USA,Marketing,141610,18,riya.chopra5@outlook.com,Inactive,2022-01-24
4306,Aarav Agarwal,44,India,Finance,152415,24,aarav.agarwal6@yahoo.com,Active,2018-01-07
4307,Arjun Sharma,55,Canada,Marketing,132444,10,arjun.sharma7@company.com,Active,2021-07-06
4308,Riya Gupta,43,Canada,HR,80252,8,riya.gupta8@company.com,Active,2023-11-06
4309,Aditya Reddy,37,Germany,IT,129608,5,aditya.reddy9@outlook.com,Active,2020-07-31
4310,Ananya Kapoor,21,USA,Data,178165,28,ananya.kapoor10@company.com,Inactive,2024-11-07
4311,Reyansh Bansal,51,Germany,Finance,108701,8,reyansh.bansal11@outlook.com,Active,2019-06-26
4312,Vivaan Kapoor,51,India,IT,148388,32,vivaan.kapoor12@gmail.com,Inactive,2021-10-15
4313,Vivaan Patel,54,Canada,IT,121091,22,vivaan.patel13@yahoo.com,Inactive,2020-09-07
4314,Sneha Verma,29,UK,Data,61025,14,sneha.verma14@company.com,Inactive,2019-01-04
4315,Riya Iyer,42,Germany,Finance,126434,10,riya.iyer15@company.com,Inactive,2021-05-08
4316,Priya Kapoor,33,UK,Finance,60436,22,priya.kapoor16@outlook.com,Active,2020-10-27
4317,Pooja Iyer,45,UK,IT,77690,25,pooja.iyer17@outlook.com,Inactive,2019-11-10
4318,Ananya Chopra,38,Canada,Sales,39509,0,ananya.chopra18@yahoo.com,Active,2024-08-30
4319,Aarav Malik,32,Germany,Sales,73677,29,aarav.malik19@yahoo.com,Active,2019-11-14
4320,Riya Mukherjee,37,UK,Finance,110646,16,riya.mukherjee20@outlook.com,Inactive,2019-01-31
4321,Arjun Kapoor,35,India,IT,157294,22,arjun.kapoor21@yahoo.com,Inactive,2019-06-24
4322,Kavya Ansari,35,USA,IT,157697,4,kavya.ansari22@yahoo.com,Active,2025-04-21
4323,Pooja Mukherjee,35,USA,HR,102050,34,pooja.mukherjee23@gmail.com,Active,2021-03-16
4324,Meera Agarwal,59,Canada,IT,128148,8,meera.agarwal24@company.com,Active,2021-07-31
4325,Diya Kapoor,33,Germany,Data,75492,3,diya.kapoor25@outlook.com,Inactive,2025-03-20
4326,Muhammad Iyer,37,Germany,Sales,170239,6,muhammad.iyer26@outlook.com,Active,2022-03-11
4327,Aditya Verma,52,USA,HR,117942,0,aditya.verma27@outlook.com,Inactive,2022-02-06
4328,Pooja Reddy,29,India,Data,129739,15,pooja.reddy28@outlook.com,Active,2025-07-20
4329,Aditi Patel,40,USA,Sales,129784,24,aditi.patel29@yahoo.com,Active,2019-07-30
4330,Riya Ghosh,46,USA,Data,145267,5,riya.ghosh30@gmail.com,Inactive,2025-12-16
4331,Shaurya Ansari,47,Germany,Marketing,175376,13,shaurya.ansari31@gmail.com,Active,2020-06-03
4332,Aditya Das,41,UK,Finance,94289,10,aditya.das32@outlook.com,Inactive,2020-06-23
4333,Pooja Iyer,38,India,Marketing,39808,0,pooja.iyer33@yahoo.com,Active,2019-05-18
4334,Riya Reddy,33,Germany,Finance,128991,0,riya.reddy34@company.com,Inactive,2018-02-19
4335,Reyansh Sharma,36,USA,Sales,109369,7,reyansh.sharma35@outlook.com,Inactive,2023-06-17
4336,Aarav Ghosh,29,UK,Sales,66897,31,aarav.ghosh36@yahoo.com,Inactive,2018-08-13
4337,Sneha Malik,32,India,Marketing,140037,32,sneha.malik37@company.com,Active,2023-10-31
4338,Krishna Iyer,58,Canada,Data,170979,7,krishna.iyer38@outlook.com,Inactive,2024-02-08
4339,Priya Das,39,India,Finance,112214,13,priya.das39@company.com,Inactive,2019-06-06
4340,Vihaan Verma,27,India,Finance,103761,23,vihaan.verma40@outlook.com,Active,2020-06-21
4341,Diya Malik,55,USA,HR,167086,28,diya.malik41@yahoo.com,Inactive,2018-08-23
4342,Riya Chopra,38,USA,IT,107304,24,riya.chopra42@outlook.com,Inactive,2025-11-09
4343,Vihaan Verma,36,Canada,Data,138762,5,vihaan.verma43@gmail.com,Active,2022-01-30
4344,Vihaan Agarwal,59,Canada,Data,93884,0,vihaan.agarwal44@gmail.com,Active,2022-11-04
4345,Shaurya Roy,24,Canada,HR,109398,22,shaurya.roy45@outlook.com,Inactive,2020-01-17
4346,Aarav Agarwal,45,Germany,Sales,144265,32,aarav.agarwal46@outlook.com,Active,2025-02-06
4347,Ananya Singh,52,Germany,Marketing,39942,13,ananya.singh47@outlook.com,Active,2018-02-12
4348,Sneha Roy,33,USA,Data,97681,27,sneha.roy48@yahoo.com,Inactive,2019-01-17
4349,Pooja Mukherjee,37,USA,Finance,136347,28,pooja.mukherjee49@gmail.com,Active,2021-03-02
4350,Krishna Chopra,57,Canada,HR,42370,22,krishna.chopra50@yahoo.com,Active,2019-02-07
4351,Shaurya Iyer,26,Germany,Marketing,179744,9,shaurya.iyer51@outlook.com,Inactive,2018-02-23
4352,Sneha Patel,39,UK,Marketing,91209,26,sneha.patel52@gmail.com,Active,2019-10-16
4353,Aditi Das,33,Germany,Data,108905,7,aditi.das53@gmail.com,Inactive,2023-04-14
4354,Krishna Mehta,46,USA,IT,174539,3,krishna.mehta54@company.com,Inactive,2025-02-21
4355,Ananya Das,34,Germany,Finance,81721,20,ananya.das55@company.com,Active,2020-02-18
4356,Sneha Ansari,51,USA,Marketing,120401,20,sneha.ansari56@outlook.com,Inactive,2018-06-08
4357,Diya Agarwal,24,Canada,Finance,46551,29,diya.agarwal57@company.com,Active,2018-05-18
4358,Vihaan Patel,59,Canada,Data,77384,12,vihaan.patel58@gmail.com,Inactive,2019-06-17
4359,Priya Bansal,28,Canada,HR,89488,2,priya.bansal59@outlook.com,Inactive,2020-06-15
4360,Aditya Gupta,45,UK,Marketing,131953,19,aditya.gupta60@company.com,Active,2024-04-20
4361,Vivaan Bansal,33,UK,Data,152648,4,vivaan.bansal61@company.com,Active,2025-08-14
4362,Arjun Nair,52,USA,Marketing,173969,21,arjun.nair62@gmail.com,Inactive,2019-12-16
4363,Muhammad Agarwal,58,India,HR,82604,1,muhammad.agarwal63@yahoo.com,Inactive,2025-01-23
4364,Aditya Chopra,58,UK,Finance,74819,24,aditya.chopra64@yahoo.com,Inactive,2024-05-13
4365,Riya Kapoor,48,USA,Finance,143868,23,riya.kapoor65@gmail.com,Active,2019-02-25
4366,Sneha Ghosh,50,Germany,Marketing,153756,4,sneha.ghosh66@yahoo.com,Active,2023-04-18
4367,Riya Kapoor,23,Canada,Data,175854,15,riya.kapoor67@company.com,Active,2023-06-01
4368,Ishaan Roy,48,Canada,HR,65398,14,ishaan.roy68@outlook.com,Inactive,2023-10-06
4369,Neha Bansal,23,Canada,Sales,88532,12,neha.bansal69@outlook.com,Active,2019-07-23
4370,Kavya Nair,54,USA,Finance,60688,10,kavya.nair70@gmail.com,Active,2018-03-10
4371,Priya Khan,36,Canada,Sales,169979,15,priya.khan71@company.com,Active,2021-03-21
4372,Arjun Das,42,UK,Marketing,108221,17,arjun.das72@yahoo.com,Inactive,2019-12-21
4373,Arjun Nair,52,Germany,Sales,174345,24,arjun.nair73@gmail.com,Active,2018-07-07
4374,Kavya Patel,58,Canada,Data,79666,3,kavya.patel74@gmail.com,Inactive,2022-08-14
4375,Riya Das,28,USA,Data,179550,20,riya.das75@outlook.com,Active,2022-10-10
4376,Vihaan Ansari,28,Germany,Sales,130980,10,vihaan.ansari76@gmail.com,Active,2024-04-09
4377,Kavya Nair,26,Canada,Data,110553,33,kavya.nair77@gmail.com,Active,2018-06-29
4378,Vivaan Khan,34,India,Finance,155557,29,vivaan.khan78@gmail.com,Active,2022-11-08
4379,Pooja Chopra,52,Canada,Marketing,146925,3,pooja.chopra79@outlook.com,Inactive,2018-01-08
4380,Vihaan Mukherjee,55,UK,Sales,131215,13,vihaan.mukherjee80@outlook.com,Inactive,2023-11-20
4381,Priya Mehta,30,Germany,Finance,43273,10,priya.mehta81@yahoo.com,Inactive,2018-06-09
4382,Vihaan Chopra,23,UK,Sales,84245,3,vihaan.chopra82@outlook.com,Active,2024-11-22
4383,Sneha Iyer,32,India,Finance,125106,25,sneha.iyer83@outlook.com,Inactive,2022-08-08
4384,Vivaan Das,51,India,Data,74708,2,vivaan.das84@outlook.com,Inactive,2018-01-05
4385,Arjun Mehta,49,UK,Data,67552,3,arjun.mehta85@outlook.com,Inactive,2025-11-27
4386,Diya Iyer,25,Germany,Marketing,61430,25,diya.iyer86@yahoo.com,Inactive,2019-01-16
4387,Diya Iyer,45,India,Data,93433,10,diya.iyer87@company.com,Active,2020-08-03
4388,Shaurya Nair,51,India,HR,84775,10,shaurya.nair88@gmail.com,Active,2025-04-07
4389,Aarav Patel,41,Canada,Finance,78436,19,aarav.patel89@gmail.com,Inactive,2023-06-26
4390,Arjun Roy,40,USA,Finance,61358,25,arjun.roy90@outlook.com,Inactive,2020-06-26
4391,Priya Verma,59,India,Sales,174841,11,priya.verma91@company.com,Active,2020-08-30
4392,Shaurya Iyer,42,Germany,Marketing,108795,28,shaurya.iyer92@gmail.com,Inactive,2023-02-03
4393,Muhammad Khan,24,Germany,IT,134819,13,muhammad.khan93@gmail.com,Inactive,2025-05-21
4394,Neha Sharma,33,Canada,Data,130265,24,neha.sharma94@company.com,Inactive,2018-10-31
4395,Vihaan Ghosh,40,Germany,IT,108728,25,vihaan.ghosh95@gmail.com,Active,2021-03-25
4396,Diya Gupta,33,Canada,HR,135502,9,diya.gupta96@outlook.com,Active,2025-09-21
4397,Vivaan Bansal,37,India,Marketing,52285,13,vivaan.bansal97@company.com,Active,2018-09-29
4398,Neha Roy,56,India,Finance,82361,4,neha.roy98@company.com,Inactive,2018-05-03
4399,Shaurya Roy,53,India,IT,66347,21,shaurya.roy99@gmail.com,Inactive,2019-05-26
4400,Kavya Reddy,21,India,HR,175058,10,kavya.reddy0@yahoo.com,Inactive,2024-05-15
4401,Aditi Nair,35,USA,Marketing,37066,28,aditi.nair1@company.com,Inactive,2025-12-18
4402,Meera Patel,33,USA,HR,77779,6,meera.patel2@yahoo.com,Active,2022-04-06
4403,Arjun Das,37,India,Data,92714,17,arjun.das3@company.com,Active,2025-10-09
4404,Kavya Agarwal,44,Germany,IT,119458,30,kavya.agarwal4@gmail.com,Active,2019-12-21
4405,Kavya Patel,28,Canada,Sales,137211,19,kavya.patel5@company.com,Active,2020-06-25
4406,Ananya Gupta,47,UK,Sales,91112,34,ananya.gupta6@gmail.com,Active,2022-07-12
4407,Meera Mukherjee,43,Canada,Marketing,148904,6,meera.mukherjee7@company.com,Inactive,2023-12-11
4408,Priya Kapoor,28,UK,HR,143550,29,priya.kapoor8@company.com,Active,2022-10-03
4409,Krishna Kapoor,28,UK,Finance,145962,3,krishna.kapoor9@outlook.com,Inactive,2023-02-17
4410,Ananya Ghosh,46,India,IT,54705,29,ananya.ghosh10@company.com,Inactive,2019-02-01
4411,Vivaan Agarwal,33,UK,Sales,111456,29,vivaan.agarwal11@yahoo.com,Inactive,2024-06-06
4412,Ishaan Gupta,59,India,Sales,77125,29,ishaan.gupta12@outlook.com,Active,2023-02-07
4413,Reyansh Sharma,57,USA,HR,93852,17,reyansh.sharma13@yahoo.com,Active,2019-08-26
4414,Sneha Iyer,48,Germany,Sales,147053,9,sneha.iyer14@gmail.com,Active,2025-03-25
4415,Pooja Mehta,45,UK,HR,133226,13,pooja.mehta15@gmail.com,Active,2018-08-04
4416,Pooja Gupta,36,Germany,IT,80536,22,pooja.gupta16@yahoo.com,Inactive,2018-01-01
4417,Muhammad Mukherjee,22,India,HR,160138,11,muhammad.mukherjee17@outlook.com,Active,2021-06-27
4418,Pooja Roy,38,UK,Sales,137643,11,pooja.roy18@company.com,Inactive,2021-04-09
4419,Vivaan Roy,37,Canada,HR,150908,33,vivaan.roy19@outlook.com,Inactive,2023-12-22
4420,Riya Ansari,50,USA,Sales,59810,25,riya.ansari20@outlook.com,Inactive,2021-01-04
4421,Neha Das,59,USA,Data,160640,5,neha.das21@yahoo.com,Active,2025-04-25
4422,Aarav Mehta,33,UK,Marketing,132894,14,aarav.mehta22@company.com,Inactive,2020-02-01
4423,Pooja Khan,52,USA,Sales,42388,18,pooja.khan23@gmail.com,Active,2018-09-24
4424,Aarav Malik,49,Canada,Sales,154280,22,aarav.malik24@company.com,Active,2024-11-18
4425,Muhammad Singh,50,Germany,Sales,126631,12,muhammad.singh25@company.com,Inactive,2018-04-06
4426,Sneha Agarwal,38,Canada,Marketing,94247,30,sneha.agarwal26@outlook.com,Inactive,2025-09-01
4427,Aditya Ghosh,33,USA,Data,110962,25,aditya.ghosh27@outlook.com,Active,2024-05-12
4428,Meera Reddy,41,Germany,Finance,60394,17,meera.reddy28@gmail.com,Active,2025-10-07
4429,Aditi Roy,50,Canada,Sales,88269,32,aditi.roy29@outlook.com,Inactive,2025-10-22
4430,Vivaan Nair,41,India,Finance,102975,31,vivaan.nair30@outlook.com,Active,2022-04-23
4431,Aarav Reddy,37,India,IT,45019,3,aarav.reddy31@company.com,Active,2018-11-08
4432,Priya Khan,39,Germany,Data,57470,18,priya.khan32@gmail.com,Active,2021-10-02
4433,Priya Sharma,35,Germany,HR,88976,6,priya.sharma33@gmail.com,Active,2023-07-24
4434,Riya Reddy,29,Germany,Finance,160468,34,riya.reddy34@yahoo.com,Inactive,2018-09-24
4435,Aditi Malik,30,India,Data,165752,25,aditi.malik35@yahoo.com,Active,2024-05-10
4436,Aditya Mehta,51,Canada,IT,127727,22,aditya.mehta36@gmail.com,Inactive,2021-01-26
4437,Vihaan Ghosh,43,Germany,Data,143369,33,vihaan.ghosh37@company.com,Active,2025-02-17
4438,Reyansh Iyer,50,India,HR,145803,6,reyansh.iyer38@yahoo.com,Active,2025-06-06
4439,Arjun Khan,53,Germany,Sales,108905,10,arjun.khan39@outlook.com,Active,2021-08-31
4440,Ishaan Gupta,29,Germany,Sales,109658,7,ishaan.gupta40@outlook.com,Active,2019-07-09
4441,Arjun Iyer,21,Germany,Sales,46928,12,arjun.iyer41@gmail.com,Active,2021-01-22
4442,Priya Khan,55,India,Marketing,69804,31,priya.khan42@company.com,Inactive,2023-03-10
4443,Vivaan Mukherjee,31,Canada,Marketing,86243,33,vivaan.mukherjee43@yahoo.com,Active,2024-04-22
4444,Ananya Khan,54,India,Marketing,156118,17,ananya.khan44@yahoo.com,Active,2025-09-02
4445,Aarav Verma,36,India,Marketing,162561,14,aarav.verma45@yahoo.com,Active,2020-11-06
4446,Shaurya Kapoor,29,Germany,IT,165218,23,shaurya.kapoor46@gmail.com,Inactive,2022-07-11
4447,Vihaan Reddy,52,UK,Data,157351,20,vihaan.reddy47@outlook.com,Active,2019-07-12
4448,Arjun Bansal,35,UK,IT,179963,17,arjun.bansal48@company.com,Inactive,2019-11-12
4449,Ananya Malik,32,UK,Sales,144430,13,ananya.malik49@outlook.com,Active,2021-03-10
4450,Aditi Mehta,53,India,HR,42721,18,aditi.mehta50@company.com,Inactive,2024-09-03
4451,Vivaan Ansari,34,Germany,Marketing,107659,12,vivaan.ansari51@company.com,Inactive,2025-08-05
4452,Krishna Mukherjee,28,UK,Data,160770,15,krishna.mukherjee52@company.com,Inactive,2020-01-07
4453,Sneha Singh,28,USA,HR,55840,1,sneha.singh53@yahoo.com,Inactive,2023-09-27
4454,Neha Das,47,USA,IT,167280,33,neha.das54@company.com,Active,2025-04-12
4455,Riya Kapoor,32,USA,Marketing,36971,25,riya.kapoor55@company.com,Inactive,2025-10-13
4456,Vihaan Malik,21,Canada,IT,64795,21,vihaan.malik56@gmail.com,Active,2025-03-02
4457,Vivaan Reddy,31,Germany,IT,134417,19,vivaan.reddy57@company.com,Inactive,2024-04-19
4458,Kavya Ghosh,59,India,Finance,167055,28,kavya.ghosh58@outlook.com,Inactive,2022-09-23
4459,Priya Gupta,51,India,Data,177574,17,priya.gupta59@yahoo.com,Inactive,2019-05-28
4460,Neha Sharma,37,Germany,IT,144267,28,neha.sharma60@yahoo.com,Inactive,2025-08-26
4461,Priya Singh,53,Canada,Sales,161032,26,priya.singh61@outlook.com,Inactive,2020-03-06
4462,Aarav Malik,52,Germany,IT,176426,34,aarav.malik62@gmail.com,Active,2025-10-15
4463,Pooja Roy,49,Canada,Marketing,131515,28,pooja.roy63@yahoo.com,Inactive,2020-05-13
4464,Vihaan Singh,41,UK,Sales,77769,5,vihaan.singh64@company.com,Active,2018-06-05
4465,Pooja Patel,41,UK,IT,87084,24,pooja.patel65@gmail.com,Inactive,2022-06-15
4466,Shaurya Roy,43,Canada,Sales,76250,20,shaurya.roy66@company.com,Inactive,2023-06-17
4467,Priya Agarwal,26,Germany,IT,146133,30,priya.agarwal67@yahoo.com,Inactive,2018-11-20
4468,Aditya Das,42,UK,Data,140534,15,aditya.das68@yahoo.com,Inactive,2022-11-24
4469,Muhammad Patel,58,Germany,Sales,111255,13,muhammad.patel69@gmail.com,Active,2022-11-14
4470,Diya Ghosh,57,UK,HR,134652,5,diya.ghosh70@company.com,Inactive,2020-11-30
4471,Reyansh Singh,28,Germany,Finance,43572,10,reyansh.singh71@gmail.com,Active,2018-12-28
4472,Pooja Bansal,55,Germany,Sales,44896,26,pooja.bansal72@gmail.com,Active,2024-08-16
4473,Pooja Agarwal,31,USA,Marketing,68077,4,pooja.agarwal73@company.com,Active,2021-12-10
4474,Vivaan Sharma,44,Canada,Finance,110226,14,vivaan.sharma74@outlook.com,Active,2025-05-06
4475,Kavya Mukherjee,41,India,Finance,81221,15,kavya.mukherjee75@outlook.com,Active,2025-07-19
4476,Shaurya Khan,22,Canada,IT,76620,17,shaurya.khan76@yahoo.com,Active,2020-01-22
4477,Aarav Verma,39,Germany,Sales,120367,32,aarav.verma77@outlook.com,Inactive,2021-08-29
4478,Neha Malik,59,Germany,Data,151961,34,neha.malik78@gmail.com,Active,2021-07-25
4479,Meera Malik,48,Canada,Finance,126609,23,meera.malik79@outlook.com,Active,2018-11-18
4480,Aditi Chopra,37,Germany,Marketing,176336,34,aditi.chopra80@yahoo.com,Active,2023-05-15
4481,Muhammad Roy,26,UK,Data,51049,6,muhammad.roy81@outlook.com,Active,2019-07-09
4482,Riya Iyer,39,Germany,Data,115379,13,riya.iyer82@company.com,Active,2018-04-24
4483,Vivaan Khan,58,Canada,Marketing,64236,29,vivaan.khan83@yahoo.com,Active,2018-01-02
4484,Pooja Roy,48,Canada,Marketing,45142,23,pooja.roy84@yahoo.com,Inactive,2020-01-20
4485,Aditya Iyer,22,Canada,IT,63498,14,aditya.iyer85@yahoo.com,Inactive,2025-09-07
4486,Aditya Kapoor,58,USA,HR,75348,12,aditya.kapoor86@gmail.com,Active,2021-03-30
4487,Vihaan Patel,57,USA,Sales,62524,18,vihaan.patel87@company.com,Active,2025-10-19
4488,Pooja Malik,24,USA,Finance,178207,28,pooja.malik88@outlook.com,Inactive,2022-05-19
4489,Priya Ansari,42,USA,Sales,155138,21,priya.ansari89@outlook.com,Active,2019-07-27
4490,Meera Das,46,USA,Data,107916,1,meera.das90@yahoo.com,Inactive,2018-03-24
4491,Ananya Reddy,56,USA,Finance,133002,12,ananya.reddy91@yahoo.com,Inactive,2020-10-30
4492,Ishaan Agarwal,33,USA,IT,71788,17,ishaan.agarwal92@company.com,Inactive,2019-03-10
4493,Ishaan Singh,52,Canada,Sales,97015,14,ishaan.singh93@yahoo.com,Active,2019-09-10
4494,Ananya Reddy,37,India,IT,171715,34,ananya.reddy94@outlook.com,Inactive,2021-05-30
4495,Muhammad Agarwal,56,USA,IT,85094,16,muhammad.agarwal95@company.com,Inactive,2020-02-29
4496,Meera Reddy,39,Canada,Sales,88046,12,meera.reddy96@yahoo.com,Active,2025-12-27
4497,Aarav Patel,55,India,Sales,161199,21,aarav.patel97@company.com,Active,2018-11-17
4498,Aarav Mukherjee,48,USA,Finance,119058,20,aarav.mukherjee98@gmail.com,Inactive,2020-03-08
4499,Neha Sharma,21,India,Data,121309,25,neha.sharma99@outlook.com,Active,2022-11-14
4500,Aarav Khan,38,India,Data,46804,3,aarav.khan0@yahoo.com,Active,2021-07-29
4501,Priya Ghosh,53,UK,Marketing,173888,6,priya.ghosh1@yahoo.com,Inactive,2021-02-17
4502,Neha Kapoor,32,Germany,IT,178004,9,neha.kapoor2@yahoo.com,Active,2023-10-12
4503,Pooja Gupta,28,UK,Data,118030,14,pooja.gupta3@outlook.com,Inactive,2022-04-16
4504,Aditya Ghosh,44,India,HR,130725,25,aditya.ghosh4@company.com,Active,2022-11-02
4505,Aarav Agarwal,36,Canada,Finance,131441,15,aarav.agarwal5@outlook.com,Inactive,2019-10-14
4506,Vihaan Chopra,24,USA,Finance,41487,33,vihaan.chopra6@company.com,Active,2021-07-20
4507,Aditi Mukherjee,58,Germany,Marketing,40988,16,aditi.mukherjee7@gmail.com,Inactive,2025-05-29
4508,Diya Kapoor,47,USA,Marketing,62364,15,diya.kapoor8@yahoo.com,Active,2025-07-16
4509,Reyansh Sharma,29,Canada,IT,56048,33,reyansh.sharma9@company.com,Inactive,2019-01-04
4510,Vihaan Agarwal,36,Germany,Finance,173165,28,vihaan.agarwal10@outlook.com,Active,2019-04-17
4511,Diya Ansari,32,UK,Finance,118483,17,diya.ansari11@outlook.com,Active,2020-01-26
4512,Kavya Sharma,51,India,HR,64196,10,kavya.sharma12@company.com,Inactive,2021-08-11
4513,Krishna Sharma,44,Canada,IT,57727,11,krishna.sharma13@yahoo.com,Active,2021-01-02
4514,Ishaan Chopra,34,India,IT,69607,1,ishaan.chopra14@gmail.com,Inactive,2020-05-28
4515,Muhammad Gupta,45,India,Data,79312,17,muhammad.gupta15@gmail.com,Active,2020-07-17
4516,Meera Iyer,54,USA,Marketing,75769,32,meera.iyer16@gmail.com,Active,2020-09-10
4517,Krishna Singh,23,Canada,Data,165205,8,krishna.singh17@yahoo.com,Inactive,2019-10-10
4518,Neha Chopra,44,India,IT,175647,14,neha.chopra18@outlook.com,Active,2025-04-04
4519,Vivaan Malik,29,UK,HR,176736,27,vivaan.malik19@yahoo.com,Inactive,2022-05-31
4520,Neha Mukherjee,46,Germany,IT,115650,7,neha.mukherjee20@yahoo.com,Active,2025-02-07
4521,Muhammad Sharma,40,Canada,Data,122060,7,muhammad.sharma21@company.com,Inactive,2018-07-26
4522,Muhammad Kapoor,30,USA,Sales,111695,18,muhammad.kapoor22@yahoo.com,Active,2020-02-28
4523,Vihaan Malik,39,Canada,Sales,179371,3,vihaan.malik23@outlook.com,Active,2018-05-04
4524,Sneha Das,23,USA,HR,162325,26,sneha.das24@gmail.com,Inactive,2022-10-24
4525,Neha Khan,44,Germany,Marketing,76397,12,neha.khan25@company.com,Active,2023-04-09
4526,Pooja Ansari,25,UK,Finance,143065,20,pooja.ansari26@yahoo.com,Active,2018-09-30
4527,Sneha Mukherjee,23,India,IT,100498,25,sneha.mukherjee27@outlook.com,Inactive,2019-04-19
4528,Sneha Khan,47,Canada,Data,163451,22,sneha.khan28@yahoo.com,Active,2018-12-20
4529,Aditya Roy,36,USA,Marketing,143114,29,aditya.roy29@gmail.com,Inactive,2023-11-15
4530,Arjun Gupta,35,Germany,Data,79572,30,arjun.gupta30@gmail.com,Active,2023-10-31
4531,Arjun Malik,55,India,Marketing,70389,30,arjun.malik31@outlook.com,Active,2019-06-21
4532,Sneha Singh,32,Germany,IT,172248,15,sneha.singh32@company.com,Inactive,2020-12-20
4533,Riya Malik,46,UK,Finance,83263,6,riya.malik33@gmail.com,Inactive,2021-01-22
4534,Muhammad Sharma,54,India,IT,175184,16,muhammad.sharma34@yahoo.com,Active,2024-08-09
4535,Pooja Mukherjee,43,India,Finance,54984,23,pooja.mukherjee35@company.com,Inactive,2020-08-19
4536,Ishaan Ghosh,51,India,Data,105044,19,ishaan.ghosh36@gmail.com,Active,2020-01-28
4537,Kavya Sharma,40,USA,HR,91806,26,kavya.sharma37@yahoo.com,Active,2022-11-24
4538,Priya Verma,32,India,Finance,59269,1,priya.verma38@company.com,Inactive,2021-08-12
4539,Ananya Bansal,43,Germany,Marketing,100796,0,ananya.bansal39@company.com,Inactive,2019-11-13
4540,Priya Malik,24,USA,HR,172905,33,priya.malik40@gmail.com,Inactive,2020-05-01
4541,Vihaan Das,43,India,Data,44527,26,vihaan.das41@yahoo.com,Inactive,2023-06-18
4542,Kavya Nair,21,Germany,Sales,172016,5,kavya.nair42@outlook.com,Active,2020-01-20
4543,Diya Das,45,Germany,HR,123795,26,diya.das43@company.com,Active,2018-06-19
4544,Vivaan Singh,22,Canada,Finance,156516,15,vivaan.singh44@yahoo.com,Inactive,2020-05-12
4545,Vivaan Malik,50,Germany,HR,132095,34,vivaan.malik45@yahoo.com,Active,2024-06-04
4546,Priya Ghosh,23,UK,Data,68102,26,priya.ghosh46@outlook.com,Inactive,2019-12-09
4547,Kavya Reddy,41,India,HR,173741,34,kavya.reddy47@company.com,Active,2020-05-06
4548,Aarav Kapoor,45,India,Data,136083,27,aarav.kapoor48@gmail.com,Inactive,2025-06-08
4549,Muhammad Reddy,40,India,Sales,60379,2,muhammad.reddy49@company.com,Active,2020-07-08
4550,Aditya Roy,42,Germany,Finance,152125,30,aditya.roy50@company.com,Active,2022-06-23
4551,Aarav Singh,41,Germany,Marketing,54191,2,aarav.singh51@gmail.com,Inactive,2025-10-27
4552,Priya Gupta,53,India,HR,179331,23,priya.gupta52@company.com,Active,2021-09-02
4553,Krishna Ansari,58,USA,IT,70931,25,krishna.ansari53@yahoo.com,Inactive,2022-08-02
4554,Reyansh Reddy,35,USA,Marketing,109630,27,reyansh.reddy54@company.com,Inactive,2018-09-21
4555,Shaurya Gupta,35,UK,HR,46624,8,shaurya.gupta55@yahoo.com,Active,2019-04-25
4556,Vihaan Sharma,45,Canada,Marketing,159148,26,vihaan.sharma56@company.com,Active,2020-08-17
4557,Neha Bansal,41,UK,IT,67791,2,neha.bansal57@company.com,Active,2021-07-08
4558,Aarav Roy,44,India,Marketing,39652,27,aarav.roy58@outlook.com,Inactive,2022-04-19
4559,Ananya Malik,25,India,Marketing,70516,31,ananya.malik59@company.com,Active,2025-01-12
4560,Krishna Mehta,26,India,IT,152138,34,krishna.mehta60@outlook.com,Active,2025-10-24
4561,Neha Singh,43,Canada,IT,43095,6,neha.singh61@company.com,Inactive,2021-01-24
4562,Ananya Verma,24,Germany,IT,43095,6,ananya.verma62@gmail.com,Active,2021-11-18
4563,Ananya Das,47,Canada,Sales,111216,20,ananya.das63@yahoo.com,Active,2019-06-08
4564,Krishna Gupta,38,UK,Data,141387,31,krishna.gupta64@yahoo.com,Active,2020-09-25
4565,Meera Mukherjee,41,Germany,Data,61333,19,meera.mukherjee65@gmail.com,Active,2019-02-06
4566,Kavya Mehta,48,Germany,IT,179241,7,kavya.mehta66@yahoo.com,Active,2022-02-03
4567,Kavya Roy,55,UK,Data,125075,3,kavya.roy67@gmail.com,Active,2025-05-23
4568,Vihaan Gupta,42,Germany,Marketing,165399,25,vihaan.gupta68@gmail.com,Inactive,2024-05-19
4569,Vivaan Verma,43,USA,IT,140373,14,vivaan.verma69@outlook.com,Active,2019-06-17
4570,Aditi Reddy,23,UK,HR,94222,5,aditi.reddy70@company.com,Active,2024-05-05
4571,Aditya Patel,30,UK,IT,161394,31,aditya.patel71@company.com,Active,2025-09-10
4572,Vivaan Agarwal,45,USA,IT,73105,4,vivaan.agarwal72@outlook.com,Inactive,2023-01-30
4573,Vivaan Iyer,28,Canada,Data,104309,5,vivaan.iyer73@gmail.com,Inactive,2019-12-11
4574,Meera Bansal,31,Canada,Finance,94422,2,meera.bansal74@gmail.com,Active,2021-07-02
4575,Aditya Mehta,25,Canada,Marketing,56045,28,aditya.mehta75@yahoo.com,Inactive,2022-08-19
4576,Vivaan Ghosh,57,Germany,Data,52061,18,vivaan.ghosh76@yahoo.com,Inactive,2023-04-24
4577,Vivaan Iyer,58,USA,Marketing,70742,9,vivaan.iyer77@gmail.com,Inactive,2020-09-06
4578,Aditi Kapoor,49,UK,HR,59860,6,aditi.kapoor78@company.com,Active,2019-03-01
4579,Vihaan Mukherjee,25,UK,Sales,74212,0,vihaan.mukherjee79@company.com,Inactive,2020-10-24
4580,Priya Singh,29,UK,Finance,53224,0,priya.singh80@gmail.com,Active,2018-03-25
4581,Meera Mukherjee,22,Germany,HR,102414,16,meera.mukherjee81@yahoo.com,Inactive,2024-03-11
4582,Aarav Agarwal,21,Germany,HR,139593,21,aarav.agarwal82@outlook.com,Inactive,2020-03-02
4583,Aditi Agarwal,50,Canada,Marketing,63538,13,aditi.agarwal83@yahoo.com,Inactive,2023-07-21
4584,Priya Mukherjee,31,Germany,Finance,124139,5,priya.mukherjee84@company.com,Active,2019-10-19
4585,Meera Mehta,48,Canada,Marketing,161039,29,meera.mehta85@company.com,Active,2018-02-26
4586,Ananya Sharma,32,Canada,Sales,46690,32,ananya.sharma86@gmail.com,Inactive,2021-03-23
4587,Kavya Das,59,UK,Marketing,45323,19,kavya.das87@yahoo.com,Inactive,2022-06-24
4588,Ananya Roy,46,Germany,IT,169386,15,ananya.roy88@gmail.com,Active,2020-08-26
4589,Muhammad Mehta,33,Canada,Marketing,69146,3,muhammad.mehta89@outlook.com,Inactive,2019-02-05
4590,Vihaan Sharma,28,USA,IT,111805,33,vihaan.sharma90@outlook.com,Active,2020-08-09
4591,Meera Gupta,48,USA,HR,171412,0,meera.gupta91@company.com,Active,2023-06-07
4592,Sneha Ansari,50,Germany,Sales,79852,12,sneha.ansari92@yahoo.com,Inactive,2019-06-06
4593,Sneha Patel,29,UK,Data,97550,7,sneha.patel93@company.com,Inactive,2023-05-24
4594,Riya Malik,59,UK,IT,133756,21,riya.malik94@outlook.com,Active,2022-07-18
4595,Diya Bansal,51,Canada,Sales,35392,3,diya.bansal95@outlook.com,Inactive,2023-05-29
4596,Neha Mukherjee,41,Germany,Marketing,106007,33,neha.mukherjee96@gmail.com,Inactive,2024-05-06
4597,Kavya Khan,54,USA,Data,85421,22,kavya.khan97@company.com,Inactive,2023-02-26
4598,Krishna Patel,51,Canada,Marketing,174209,19,krishna.patel98@company.com,Active,2022-04-12
4599,Vivaan Verma,45,Canada,HR,48997,23,vivaan.verma99@company.com,Active,2019-06-01
4600,Arjun Iyer,32,India,Marketing,119970,26,arjun.iyer0@outlook.com,Active,2025-12-04
4601,Sneha Bansal,21,Germany,IT,156968,12,sneha.bansal1@gmail.com,Active,2024-09-25
4602,Riya Chopra,42,Canada,HR,65278,4,riya.chopra2@company.com,Active,2021-09-27
4603,Shaurya Roy,57,USA,Sales,176469,15,shaurya.roy3@company.com,Active,2023-12-28
4604,Pooja Patel,21,India,HR,39794,28,pooja.patel4@gmail.com,Active,2020-09-28
4605,Arjun Nair,21,USA,Sales,124330,25,arjun.nair5@outlook.com,Active,2024-04-30
4606,Shaurya Mukherjee,41,UK,Finance,164057,21,shaurya.mukherjee6@outlook.com,Active,2019-03-25
4607,Ananya Iyer,35,India,IT,106899,23,ananya.iyer7@outlook.com,Active,2020-12-14
4608,Diya Sharma,37,India,IT,174151,12,diya.sharma8@company.com,Inactive,2025-04-07
4609,Riya Roy,42,Canada,Sales,154718,20,riya.roy9@company.com,Active,2024-10-10
4610,Arjun Verma,58,UK,Marketing,112568,0,arjun.verma10@company.com,Active,2019-06-06
4611,Krishna Das,55,Canada,Data,102041,3,krishna.das11@yahoo.com,Inactive,2018-08-14
4612,Pooja Verma,36,Germany,Marketing,44448,2,pooja.verma12@gmail.com,Active,2023-12-04
4613,Priya Chopra,28,USA,Finance,113776,22,priya.chopra13@gmail.com,Active,2020-08-28
4614,Muhammad Ansari,37,USA,Sales,154028,15,muhammad.ansari14@company.com,Inactive,2021-09-25
4615,Muhammad Gupta,37,Canada,Finance,131275,12,muhammad.gupta15@company.com,Active,2021-02-04
4616,Ananya Ansari,46,USA,Sales,88673,30,ananya.ansari16@yahoo.com,Inactive,2022-03-23
4617,Neha Agarwal,33,USA,Finance,54431,23,neha.agarwal17@outlook.com,Active,2025-01-24
4618,Meera Reddy,37,Germany,Sales,102655,14,meera.reddy18@yahoo.com,Active,2024-07-06
4619,Sneha Roy,58,UK,IT,153433,4,sneha.roy19@gmail.com,Inactive,2018-04-11
4620,Ananya Mukherjee,37,India,Finance,35177,21,ananya.mukherjee20@company.com,Active,2021-05-23
4621,Shaurya Bansal,34,Canada,Finance,147490,21,shaurya.bansal21@company.com,Inactive,2019-07-10
4622,Ananya Khan,26,Canada,Sales,45226,10,ananya.khan22@outlook.com,Active,2018-08-11
4623,Vihaan Agarwal,55,Germany,HR,153254,23,vihaan.agarwal23@company.com,Inactive,2021-05-18
4624,Vivaan Nair,34,Germany,HR,47231,9,vivaan.nair24@outlook.com,Inactive,2022-10-16
4625,Krishna Sharma,28,India,IT,114670,33,krishna.sharma25@yahoo.com,Active,2025-08-30
4626,Krishna Singh,35,UK,Marketing,49082,10,krishna.singh26@outlook.com,Active,2024-10-11
4627,Kavya Mukherjee,47,Canada,Marketing,149672,28,kavya.mukherjee27@company.com,Active,2020-05-31
4628,Muhammad Singh,33,Germany,IT,151315,21,muhammad.singh28@company.com,Inactive,2025-01-09
4629,Neha Reddy,51,Canada,Marketing,157511,32,neha.reddy29@gmail.com,Inactive,2024-05-30
4630,Aditi Ansari,55,USA,Data,49837,7,aditi.ansari30@yahoo.com,Active,2018-08-09
4631,Aditi Khan,26,Canada,Data,176618,31,aditi.khan31@yahoo.com,Inactive,2024-10-10
4632,Aarav Chopra,25,UK,Data,176820,22,aarav.chopra32@gmail.com,Inactive,2024-06-18
4633,Aarav Gupta,42,UK,Data,102089,4,aarav.gupta33@yahoo.com,Inactive,2022-10-05
4634,Diya Sharma,43,Canada,Sales,37469,30,diya.sharma34@outlook.com,Inactive,2022-01-27
4635,Pooja Mehta,45,USA,HR,84067,28,pooja.mehta35@outlook.com,Inactive,2019-08-05
4636,Arjun Iyer,54,UK,IT,167546,5,arjun.iyer36@gmail.com,Active,2018-09-09
4637,Kavya Ansari,46,Germany,Sales,83554,24,kavya.ansari37@company.com,Active,2025-07-05
4638,Sneha Chopra,25,Canada,Data,57861,24,sneha.chopra38@gmail.com,Inactive,2021-02-09
4639,Vivaan Sharma,46,USA,IT,68105,30,vivaan.sharma39@yahoo.com,Active,2022-11-23
4640,Muhammad Ansari,40,Germany,HR,144655,13,muhammad.ansari40@company.com,Inactive,2018-10-07
4641,Shaurya Khan,26,Canada,Marketing,164701,16,shaurya.khan41@gmail.com,Inactive,2018-10-21
4642,Krishna Malik,26,USA,Sales,134597,15,krishna.malik42@company.com,Active,2022-03-19
4643,Reyansh Reddy,38,Germany,HR,106500,27,reyansh.reddy43@company.com,Inactive,2018-06-28
4644,Pooja Singh,24,UK,IT,154645,8,pooja.singh44@gmail.com,Active,2024-02-15
4645,Reyansh Ansari,37,Canada,Finance,107100,1,reyansh.ansari45@company.com,Active,2024-01-25
4646,Aarav Khan,34,Canada,Sales,36336,3,aarav.khan46@company.com,Active,2023-10-03
4647,Ishaan Mehta,34,UK,IT,78316,19,ishaan.mehta47@outlook.com,Active,2022-07-09
4648,Aarav Patel,33,India,IT,69435,5,aarav.patel48@outlook.com,Inactive,2024-06-21
4649,Aditi Mehta,27,Germany,HR,151513,0,aditi.mehta49@gmail.com,Inactive,2024-05-07
4650,Ananya Ansari,35,UK,IT,129142,2,ananya.ansari50@gmail.com,Inactive,2025-08-05
4651,Shaurya Agarwal,39,Canada,Sales,101748,2,shaurya.agarwal51@company.com,Inactive,2022-07-04
4652,Krishna Chopra,55,Germany,Data,37768,32,krishna.chopra52@outlook.com,Inactive,2024-02-09
4653,Diya Khan,37,Germany,Sales,130273,14,diya.khan53@gmail.com,Active,2018-01-24
4654,Riya Mukherjee,55,India,IT,62634,3,riya.mukherjee54@company.com,Inactive,2020-04-30
4655,Priya Gupta,39,Canada,HR,89928,14,priya.gupta55@outlook.com,Active,2018-09-13
4656,Vihaan Patel,40,USA,Sales,71444,6,vihaan.patel56@outlook.com,Inactive,2021-05-22
4657,Arjun Ansari,56,India,Finance,161486,3,arjun.ansari57@gmail.com,Inactive,2020-11-29
4658,Muhammad Ghosh,55,India,Data,53211,2,muhammad.ghosh58@outlook.com,Active,2020-03-05
4659,Aditi Chopra,52,USA,Marketing,89711,22,aditi.chopra59@company.com,Inactive,2022-01-26
4660,Ananya Mukherjee,44,USA,HR,137992,13,ananya.mukherjee60@gmail.com,Inactive,2024-10-19
4661,Priya Singh,37,India,HR,105047,5,priya.singh61@outlook.com,Active,2020-10-10
4662,Vivaan Mukherjee,27,Germany,Marketing,118992,32,vivaan.mukherjee62@company.com,Active,2022-10-06
4663,Sneha Ansari,21,UK,Marketing,123690,8,sneha.ansari63@yahoo.com,Inactive,2020-06-23
4664,Pooja Iyer,55,UK,Sales,129301,11,pooja.iyer64@outlook.com,Inactive,2021-05-19
4665,Arjun Reddy,52,India,IT,146770,34,arjun.reddy65@outlook.com,Active,2023-12-11
4666,Krishna Verma,56,Germany,IT,154646,30,krishna.verma66@company.com,Inactive,2025-10-25
4667,Ishaan Patel,33,USA,Finance,68452,2,ishaan.patel67@gmail.com,Active,2023-06-18
4668,Riya Roy,26,India,Data,163013,12,riya.roy68@company.com,Active,2024-05-22
4669,Neha Ansari,34,Canada,IT,43532,12,neha.ansari69@gmail.com,Inactive,2024-04-10
4670,Aditya Nair,57,Germany,Finance,47891,33,aditya.nair70@company.com,Active,2020-02-01
4671,Meera Gupta,35,Canada,Finance,98246,20,meera.gupta71@yahoo.com,Inactive,2018-05-23
4672,Reyansh Das,24,Canada,HR,68501,33,reyansh.das72@yahoo.com,Inactive,2022-11-20
4673,Aditi Das,36,India,HR,36496,27,aditi.das73@outlook.com,Active,2018-11-16
4674,Diya Nair,48,Germany,Data,50154,34,diya.nair74@company.com,Inactive,2021-10-30
4675,Riya Agarwal,36,Canada,Sales,111682,13,riya.agarwal75@yahoo.com,Inactive,2019-03-09
4676,Reyansh Reddy,24,Germany,Marketing,93475,17,reyansh.reddy76@outlook.com,Inactive,2018-05-02
4677,Diya Das,46,UK,Marketing,171522,18,diya.das77@gmail.com,Active,2020-03-04
4678,Neha Nair,48,Canada,Data,81791,18,neha.nair78@outlook.com,Active,2024-10-12
4679,Neha Malik,52,Canada,Finance,62289,32,neha.malik79@outlook.com,Inactive,2025-08-11
4680,Sneha Kapoor,22,Germany,Data,78439,34,sneha.kapoor80@gmail.com,Inactive,2025-09-22
4681,Sneha Verma,51,UK,Marketing,118339,19,sneha.verma81@outlook.com,Active,2020-01-20
4682,Muhammad Singh,23,Canada,Finance,45181,28,muhammad.singh82@yahoo.com,Active,2024-02-29
4683,Muhammad Agarwal,28,India,Marketing,133252,7,muhammad.agarwal83@yahoo.com,Inactive,2023-06-20
4684,Krishna Kapoor,44,Germany,Sales,63395,24,krishna.kapoor84@gmail.com,Inactive,2021-07-20
4685,Muhammad Iyer,35,Germany,HR,114036,16,muhammad.iyer85@gmail.com,Inactive,2025-11-08
4686,Priya Kapoor,51,Canada,HR,70158,0,priya.kapoor86@yahoo.com,Active,2024-04-04
4687,Sneha Khan,29,UK,Finance,101920,29,sneha.khan87@yahoo.com,Active,2023-07-07
4688,Diya Malik,59,Canada,Data,146440,27,diya.malik88@company.com,Active,2024-11-14
4689,Pooja Gupta,22,USA,Marketing,170468,32,pooja.gupta89@company.com,Inactive,2018-04-20
4690,Arjun Gupta,28,Canada,IT,167463,12,arjun.gupta90@gmail.com,Active,2019-02-16
4691,Shaurya Agarwal,27,USA,Sales,154488,23,shaurya.agarwal91@company.com,Inactive,2018-03-12
4692,Riya Chopra,59,India,Marketing,51652,21,riya.chopra92@outlook.com,Active,2019-12-19
4693,Krishna Roy,36,Germany,IT,120837,12,krishna.roy93@gmail.com,Active,2021-10-12
4694,Vivaan Agarwal,55,Germany,Sales,44716,11,vivaan.agarwal94@yahoo.com,Inactive,2024-10-06
4695,Riya Mukherjee,50,UK,Sales,50568,6,riya.mukherjee95@company.com,Active,2024-04-07
4696,Ananya Bansal,30,Canada,HR,174741,28,ananya.bansal96@outlook.com,Inactive,2025-06-10
4697,Kavya Agarwal,58,India,Finance,84390,28,kavya.agarwal97@gmail.com,Active,2019-12-20
4698,Priya Bansal,38,USA,Marketing,114792,25,priya.bansal98@yahoo.com,Active,2025-06-19
4699,Diya Nair,25,UK,Sales,165489,26,diya.nair99@yahoo.com,Active,2018-05-07
4700,Ananya Malik,49,India,Marketing,59152,23,ananya.malik0@outlook.com,Inactive,2019-03-02
4701,Aditi Sharma,59,India,Sales,62973,30,aditi.sharma1@yahoo.com,Active,2024-05-14
4702,Reyansh Agarwal,54,USA,Data,146036,6,reyansh.agarwal2@outlook.com,Active,2024-12-16
4703,Krishna Malik,43,USA,HR,155473,16,krishna.malik3@yahoo.com,Inactive,2024-09-01
4704,Aditya Chopra,25,Germany,Finance,72861,32,aditya.chopra4@outlook.com,Active,2025-09-19
4705,Aditya Iyer,50,Canada,IT,172510,33,aditya.iyer5@gmail.com,Active,2023-06-04
4706,Riya Das,26,UK,IT,178801,17,riya.das6@outlook.com,Inactive,2019-06-20
4707,Pooja Gupta,24,Canada,Data,123094,4,pooja.gupta7@gmail.com,Active,2024-06-13
4708,Ishaan Singh,49,UK,HR,126266,0,ishaan.singh8@company.com,Active,2024-05-23
4709,Vihaan Mehta,43,India,Sales,77711,6,vihaan.mehta9@gmail.com,Inactive,2020-12-12
4710,Aditya Chopra,26,USA,HR,161478,33,aditya.chopra10@company.com,Active,2024-10-28
4711,Vivaan Ghosh,52,USA,Finance,127597,2,vivaan.ghosh11@company.com,Active,2021-02-18
4712,Muhammad Reddy,38,India,IT,135637,34,muhammad.reddy12@gmail.com,Inactive,2022-09-18
4713,Muhammad Reddy,35,India,Marketing,137690,11,muhammad.reddy13@company.com,Active,2022-11-15
4714,Ishaan Iyer,52,UK,IT,113191,14,ishaan.iyer14@company.com,Active,2020-06-24
4715,Ishaan Ansari,29,India,Finance,121501,3,ishaan.ansari15@yahoo.com,Active,2023-11-02
4716,Meera Patel,57,UK,Sales,116852,32,meera.patel16@outlook.com,Inactive,2020-07-02
4717,Pooja Malik,30,Canada,HR,155574,15,pooja.malik17@gmail.com,Inactive,2023-01-22
4718,Aarav Iyer,40,USA,IT,108590,28,aarav.iyer18@yahoo.com,Inactive,2025-10-22
4719,Shaurya Chopra,26,USA,IT,140218,5,shaurya.chopra19@gmail.com,Inactive,2018-11-03
4720,Aditi Kapoor,23,USA,Marketing,75281,22,aditi.kapoor20@gmail.com,Active,2018-12-03
4721,Sneha Sharma,31,Canada,HR,108805,12,sneha.sharma21@company.com,Active,2023-03-11
4722,Neha Das,37,Canada,Marketing,111626,0,neha.das22@yahoo.com,Inactive,2019-06-01
4723,Arjun Kapoor,52,Germany,Marketing,93235,11,arjun.kapoor23@outlook.com,Inactive,2018-04-11
4724,Krishna Singh,24,UK,Sales,121676,26,krishna.singh24@gmail.com,Inactive,2023-05-19
4725,Muhammad Nair,24,UK,IT,47876,24,muhammad.nair25@yahoo.com,Active,2023-11-18
4726,Krishna Das,37,Germany,Data,91680,21,krishna.das26@gmail.com,Active,2024-01-30
4727,Sneha Ghosh,39,USA,HR,168931,33,sneha.ghosh27@outlook.com,Active,2021-12-26
4728,Kavya Agarwal,25,UK,Sales,59877,17,kavya.agarwal28@company.com,Active,2021-02-05
4729,Ananya Gupta,52,UK,Data,113117,15,ananya.gupta29@gmail.com,Inactive,2025-09-30
4730,Ananya Ansari,42,USA,Sales,174372,28,ananya.ansari30@gmail.com,Active,2023-03-24
4731,Priya Bansal,26,India,Sales,37412,29,priya.bansal31@company.com,Active,2018-01-28
4732,Muhammad Agarwal,55,India,Finance,135951,29,muhammad.agarwal32@gmail.com,Inactive,2020-01-27
4733,Kavya Ghosh,42,Germany,Finance,127837,19,kavya.ghosh33@outlook.com,Inactive,2024-06-20
4734,Aarav Chopra,21,Canada,Sales,169410,21,aarav.chopra34@company.com,Active,2018-02-07
4735,Arjun Roy,40,UK,Finance,94484,33,arjun.roy35@yahoo.com,Active,2024-07-03
4736,Arjun Iyer,42,UK,HR,40804,3,arjun.iyer36@gmail.com,Active,2018-02-17
4737,Aarav Nair,31,Germany,IT,156919,30,aarav.nair37@company.com,Inactive,2018-01-06
4738,Diya Reddy,33,Germany,Data,88675,13,diya.reddy38@gmail.com,Inactive,2021-12-08
4739,Krishna Bansal,23,UK,HR,129845,7,krishna.bansal39@outlook.com,Inactive,2020-02-09
4740,Priya Kapoor,29,USA,IT,120733,4,priya.kapoor40@gmail.com,Inactive,2021-09-24
4741,Pooja Iyer,32,USA,Finance,47392,7,pooja.iyer41@gmail.com,Inactive,2020-03-27
4742,Ananya Roy,43,Canada,Data,110984,10,ananya.roy42@gmail.com,Active,2018-01-08
4743,Aarav Roy,34,UK,HR,100263,28,aarav.roy43@company.com,Active,2020-02-16
4744,Vivaan Patel,53,UK,Marketing,62097,20,vivaan.patel44@outlook.com,Active,2019-10-25
4745,Arjun Reddy,38,UK,Sales,136721,12,arjun.reddy45@company.com,Active,2024-12-07
4746,Sneha Mukherjee,29,UK,IT,97088,18,sneha.mukherjee46@outlook.com,Active,2025-07-22
4747,Meera Roy,43,Germany,IT,95610,2,meera.roy47@outlook.com,Active,2018-11-25
4748,Aditi Kapoor,30,India,Marketing,52258,33,aditi.kapoor48@company.com,Active,2021-11-24
4749,Muhammad Kapoor,39,UK,Marketing,173375,18,muhammad.kapoor49@outlook.com,Inactive,2019-02-04
4750,Aditya Ghosh,25,India,Sales,47177,31,aditya.ghosh50@yahoo.com,Active,2020-02-19
4751,Aditi Ansari,43,USA,Finance,179819,13,aditi.ansari51@yahoo.com,Inactive,2023-03-28
4752,Neha Mehta,50,Canada,HR,132318,6,neha.mehta52@yahoo.com,Active,2021-11-19
4753,Ananya Roy,45,USA,HR,56823,19,ananya.roy53@gmail.com,Active,2024-07-13
4754,Kavya Iyer,48,UK,HR,140312,31,kavya.iyer54@gmail.com,Inactive,2024-10-02
4755,Aditya Khan,54,USA,Finance,113812,30,aditya.khan55@company.com,Inactive,2021-05-18
4756,Vihaan Ghosh,45,Germany,Sales,46963,21,vihaan.ghosh56@outlook.com,Active,2021-04-09
4757,Reyansh Verma,30,India,HR,141466,4,reyansh.verma57@yahoo.com,Active,2018-04-11
4758,Meera Nair,34,UK,IT,115385,30,meera.nair58@outlook.com,Active,2024-09-27
4759,Aarav Khan,50,Germany,IT,126618,14,aarav.khan59@company.com,Active,2025-03-04
4760,Muhammad Gupta,45,India,IT,127141,16,muhammad.gupta60@yahoo.com,Active,2018-11-19
4761,Aditi Iyer,34,Germany,Marketing,45038,18,aditi.iyer61@gmail.com,Inactive,2018-01-29
4762,Muhammad Singh,55,USA,Marketing,140841,9,muhammad.singh62@gmail.com,Inactive,2020-01-21
4763,Shaurya Das,54,UK,Finance,137334,33,shaurya.das63@company.com,Inactive,2022-07-18
4764,Aditya Agarwal,30,USA,HR,38438,24,aditya.agarwal64@gmail.com,Active,2019-08-30
4765,Vivaan Chopra,55,Canada,Marketing,70151,27,vivaan.chopra65@company.com,Active,2019-06-01
4766,Riya Sharma,31,UK,IT,41167,14,riya.sharma66@gmail.com,Inactive,2021-01-13
4767,Reyansh Reddy,31,USA,Marketing,48172,19,reyansh.reddy67@company.com,Inactive,2018-08-28
4768,Priya Kapoor,41,UK,IT,136787,12,priya.kapoor68@gmail.com,Active,2020-12-08
4769,Reyansh Mehta,41,India,HR,101310,19,reyansh.mehta69@outlook.com,Active,2023-09-05
4770,Arjun Ghosh,42,UK,Finance,123950,30,arjun.ghosh70@company.com,Active,2020-04-18
4771,Priya Nair,27,UK,Sales,121258,17,priya.nair71@company.com,Active,2024-09-27
4772,Aditya Kapoor,37,India,Sales,82445,27,aditya.kapoor72@company.com,Active,2021-01-26
4773,Muhammad Patel,22,USA,IT,124941,3,muhammad.patel73@outlook.com,Inactive,2021-12-06
4774,Muhammad Iyer,32,UK,Marketing,69207,23,muhammad.iyer74@gmail.com,Inactive,2024-05-10
4775,Priya Nair,38,Germany,Marketing,155934,8,priya.nair75@gmail.com,Active,2021-08-29
4776,Reyansh Mukherjee,31,UK,IT,164183,31,reyansh.mukherjee76@outlook.com,Active,2021-06-13
4777,Sneha Iyer,36,USA,HR,140728,31,sneha.iyer77@gmail.com,Active,2023-02-05
4778,Sneha Ansari,38,India,IT,140004,20,sneha.ansari78@outlook.com,Active,2019-10-07
4779,Riya Agarwal,55,USA,HR,89236,26,riya.agarwal79@gmail.com,Active,2024-02-07
4780,Ishaan Ansari,46,Canada,Finance,73278,7,ishaan.ansari80@company.com,Active,2019-08-20
4781,Aarav Patel,36,UK,Finance,111709,18,aarav.patel81@gmail.com,Active,2024-04-12
4782,Kavya Gupta,26,UK,IT,145260,28,kavya.gupta82@outlook.com,Active,2025-09-11
4783,Aditi Mukherjee,32,India,Finance,82350,18,aditi.mukherjee83@company.com,Inactive,2019-03-17
4784,Krishna Das,33,UK,Marketing,160085,4,krishna.das84@outlook.com,Active,2025-04-27
4785,Ananya Roy,24,Germany,HR,158797,21,ananya.roy85@yahoo.com,Inactive,2019-04-13
4786,Neha Agarwal,59,Germany,Sales,45937,34,neha.agarwal86@yahoo.com,Inactive,2020-08-22
4787,Kavya Roy,22,USA,Sales,74496,9,kavya.roy87@yahoo.com,Active,2022-06-26
4788,Vivaan Gupta,46,India,Finance,152221,14,vivaan.gupta88@outlook.com,Active,2025-08-18
4789,Shaurya Agarwal,47,Canada,HR,58794,1,shaurya.agarwal89@yahoo.com,Inactive,2025-09-14
4790,Diya Iyer,47,USA,Marketing,159717,21,diya.iyer90@company.com,Active,2018-08-15
4791,Aditi Mukherjee,35,India,Sales,54391,34,aditi.mukherjee91@outlook.com,Active,2025-09-09
4792,Reyansh Bansal,28,India,Marketing,107406,18,reyansh.bansal92@yahoo.com,Active,2021-07-28
4793,Krishna Khan,27,USA,Marketing,122054,11,krishna.khan93@yahoo.com,Inactive,2022-08-21
4794,Meera Bansal,32,USA,Sales,56993,33,meera.bansal94@company.com,Active,2019-05-29
4795,Kavya Kapoor,33,UK,Sales,77639,19,kavya.kapoor95@gmail.com,Inactive,2018-07-31
4796,Reyansh Roy,37,Canada,Finance,64720,6,reyansh.roy96@gmail.com,Active,2025-02-09
4797,Vihaan Kapoor,37,Germany,HR,175978,23,vihaan.kapoor97@outlook.com,Active,2020-02-09
4798,Vivaan Singh,56,UK,IT,98820,2,vivaan.singh98@gmail.com,Inactive,2019-03-07
4799,Reyansh Malik,41,India,HR,118117,5,reyansh.malik99@yahoo.com,Inactive,2022-06-20
4800,Pooja Iyer,28,Canada,IT,98238,32,pooja.iyer0@outlook.com,Inactive,2018-09-17
4801,Aditya Ansari,25,Canada,Sales,164814,33,aditya.ansari1@yahoo.com,Active,2022-10-21
4802,Neha Bansal,46,USA,Marketing,141390,32,neha.bansal2@outlook.com,Active,2024-07-25
4803,Pooja Mehta,36,Canada,HR,111944,28,pooja.mehta3@yahoo.com,Inactive,2019-12-08
4804,Diya Gupta,56,Canada,Marketing,128068,22,diya.gupta4@outlook.com,Inactive,2018-02-15
4805,Vihaan Das,48,India,HR,38193,3,vihaan.das5@company.com,Active,2020-05-26
4806,Ananya Bansal,49,UK,Data,75986,4,ananya.bansal6@gmail.com,Active,2025-12-27
4807,Kavya Khan,32,Canada,HR,40220,33,kavya.khan7@gmail.com,Active,2023-05-10
4808,Ishaan Ansari,57,USA,Marketing,74299,15,ishaan.ansari8@outlook.com,Active,2022-05-20
4809,Riya Verma,50,UK,Data,52474,2,riya.verma9@outlook.com,Active,2024-03-24
4810,Kavya Sharma,43,USA,Finance,92593,13,kavya.sharma10@company.com,Inactive,2022-10-06
4811,Aditya Agarwal,36,Canada,Sales,166213,32,aditya.agarwal11@yahoo.com,Active,2022-04-20
4812,Aditi Reddy,34,UK,Finance,117186,27,aditi.reddy12@outlook.com,Active,2021-06-15
4813,Aditi Ansari,30,Canada,Finance,141023,14,aditi.ansari13@gmail.com,Active,2021-01-29
4814,Aditi Verma,27,India,HR,55694,3,aditi.verma14@outlook.com,Inactive,2025-10-09
4815,Aarav Malik,57,UK,Sales,141991,19,aarav.malik15@yahoo.com,Inactive,2022-10-27
4816,Vihaan Patel,49,USA,Data,37690,24,vihaan.patel16@company.com,Active,2018-11-30
4817,Ananya Agarwal,23,India,HR,149153,34,ananya.agarwal17@company.com,Active,2022-03-11
4818,Neha Agarwal,35,Germany,IT,80056,21,neha.agarwal18@gmail.com,Inactive,2019-07-10
4819,Aditya Gupta,56,USA,HR,102963,34,aditya.gupta19@outlook.com,Active,2023-08-11
4820,Pooja Singh,39,Canada,Data,75832,27,pooja.singh20@company.com,Inactive,2020-01-01
4821,Kavya Patel,33,USA,Marketing,57365,9,kavya.patel21@company.com,Inactive,2019-12-29
4822,Neha Malik,41,Germany,HR,169983,15,neha.malik22@gmail.com,Inactive,2021-03-09
4823,Reyansh Khan,57,USA,IT,152037,22,reyansh.khan23@outlook.com,Active,2023-04-17
4824,Aarav Mukherjee,47,India,HR,166721,18,aarav.mukherjee24@yahoo.com,Inactive,2020-07-11
4825,Vihaan Khan,49,USA,Data,61469,0,vihaan.khan25@outlook.com,Active,2021-07-23
4826,Shaurya Mehta,40,UK,IT,128362,0,shaurya.mehta26@company.com,Inactive,2019-01-02
4827,Pooja Kapoor,45,Germany,Sales,116039,25,pooja.kapoor27@yahoo.com,Inactive,2019-09-16
4828,Reyansh Gupta,26,USA,Data,78346,33,reyansh.gupta28@outlook.com,Inactive,2023-07-14
4829,Aarav Malik,56,Germany,HR,122498,1,aarav.malik29@yahoo.com,Inactive,2023-04-12
4830,Arjun Agarwal,22,India,IT,134658,27,arjun.agarwal30@gmail.com,Inactive,2023-04-25
4831,Diya Khan,42,UK,Data,95390,19,diya.khan31@yahoo.com,Active,2018-10-28
4832,Muhammad Verma,52,Canada,Sales,120178,26,muhammad.verma32@yahoo.com,Inactive,2020-12-29
4833,Pooja Ansari,36,USA,Marketing,97635,27,pooja.ansari33@outlook.com,Inactive,2025-12-30
4834,Kavya Verma,38,India,Finance,109131,30,kavya.verma34@company.com,Active,2021-04-25
4835,Riya Mehta,25,Germany,IT,114315,6,riya.mehta35@yahoo.com,Active,2018-06-07
4836,Aditi Iyer,56,Germany,Marketing,98734,7,aditi.iyer36@gmail.com,Inactive,2021-09-16
4837,Kavya Verma,50,India,Sales,47164,31,kavya.verma37@company.com,Active,2023-04-14
4838,Meera Sharma,39,USA,Marketing,88184,10,meera.sharma38@yahoo.com,Inactive,2024-11-16
4839,Vivaan Kapoor,43,Canada,HR,126964,25,vivaan.kapoor39@yahoo.com,Inactive,2023-11-01
4840,Muhammad Singh,54,USA,Finance,136678,24,muhammad.singh40@gmail.com,Inactive,2018-01-14
4841,Diya Singh,33,UK,IT,126041,6,diya.singh41@outlook.com,Active,2021-02-28
4842,Muhammad Gupta,49,USA,Data,113709,19,muhammad.gupta42@company.com,Inactive,2025-06-20
4843,Aarav Bansal,56,UK,Sales,64580,29,aarav.bansal43@yahoo.com,Active,2021-05-20
4844,Aarav Sharma,42,Germany,Finance,106614,0,aarav.sharma44@outlook.com,Inactive,2024-03-04
4845,Ananya Ansari,56,UK,Sales,49444,17,ananya.ansari45@gmail.com,Inactive,2021-03-04
4846,Aditya Singh,29,Canada,Marketing,52747,7,aditya.singh46@yahoo.com,Active,2018-04-18
4847,Vihaan Khan,59,India,Sales,175301,28,vihaan.khan47@company.com,Inactive,2022-11-30
4848,Reyansh Verma,39,UK,Sales,148332,21,reyansh.verma48@company.com,Inactive,2019-09-23
4849,Priya Das,58,USA,Marketing,152699,31,priya.das49@outlook.com,Active,2025-08-10
4850,Vihaan Reddy,26,UK,Marketing,102626,13,vihaan.reddy50@yahoo.com,Active,2018-06-14
4851,Ananya Ghosh,35,Germany,Finance,92804,1,ananya.ghosh51@yahoo.com,Inactive,2025-12-18
4852,Muhammad Mukherjee,40,UK,IT,67368,34,muhammad.mukherjee52@company.com,Inactive,2024-01-11
4853,Muhammad Ghosh,29,Canada,Marketing,45944,6,muhammad.ghosh53@company.com,Active,2018-12-13
4854,Aditi Bansal,52,UK,Finance,67916,2,aditi.bansal54@outlook.com,Inactive,2020-11-14
4855,Vihaan Singh,24,Canada,Sales,55817,14,vihaan.singh55@outlook.com,Inactive,2023-05-14
4856,Muhammad Mehta,38,USA,Sales,36133,33,muhammad.mehta56@outlook.com,Active,2022-04-28
4857,Diya Reddy,25,Germany,Data,142603,21,diya.reddy57@outlook.com,Active,2018-12-16
4858,Reyansh Sharma,40,India,HR,160482,17,reyansh.sharma58@company.com,Inactive,2022-04-29
4859,Aditi Reddy,43,USA,Marketing,151801,17,aditi.reddy59@gmail.com,Active,2022-01-18
4860,Aarav Kapoor,31,USA,Finance,87837,33,aarav.kapoor60@company.com,Active,2022-12-26
4861,Muhammad Agarwal,57,India,Data,167181,17,muhammad.agarwal61@company.com,Active,2025-08-29
4862,Krishna Gupta,42,UK,Finance,63755,28,krishna.gupta62@company.com,Inactive,2025-08-17
4863,Ishaan Mukherjee,24,UK,IT,143473,11,ishaan.mukherjee63@company.com,Inactive,2021-05-26
4864,Diya Verma,49,UK,Data,59802,17,diya.verma64@yahoo.com,Active,2021-06-23
4865,Aditya Ansari,54,Germany,Finance,99771,30,aditya.ansari65@gmail.com,Active,2024-06-18
4866,Priya Iyer,33,USA,Marketing,78899,14,priya.iyer66@outlook.com,Inactive,2020-05-25
4867,Meera Nair,29,Canada,Finance,161995,29,meera.nair67@yahoo.com,Inactive,2022-12-19
4868,Vihaan Ghosh,51,India,HR,110194,27,vihaan.ghosh68@yahoo.com,Inactive,2024-11-12
4869,Sneha Khan,27,USA,Sales,144484,14,sneha.khan69@company.com,Inactive,2022-03-22
4870,Ishaan Mehta,24,UK,Sales,87958,32,ishaan.mehta70@outlook.com,Active,2022-08-18
4871,Meera Reddy,39,India,Data,123469,1,meera.reddy71@outlook.com,Active,2024-04-22
4872,Aditi Patel,50,Canada,Finance,77491,7,aditi.patel72@gmail.com,Inactive,2020-03-30
4873,Ananya Khan,51,USA,Finance,43495,32,ananya.khan73@yahoo.com,Inactive,2022-03-10
4874,Ananya Nair,55,USA,Finance,100181,34,ananya.nair74@outlook.com,Active,2018-07-28
4875,Aditya Reddy,41,Germany,Finance,48097,17,aditya.reddy75@company.com,Inactive,2023-02-28
4876,Aarav Mukherjee,51,USA,HR,75702,25,aarav.mukherjee76@outlook.com,Inactive,2019-02-11
4877,Sneha Agarwal,39,USA,Marketing,161901,20,sneha.agarwal77@outlook.com,Active,2023-10-30
4878,Aditi Das,51,Canada,HR,90941,27,aditi.das78@company.com,Active,2018-04-17
4879,Krishna Das,52,Canada,HR,139079,19,krishna.das79@outlook.com,Inactive,2025-05-19
4880,Sneha Sharma,22,India,HR,142304,19,sneha.sharma80@gmail.com,Inactive,2024-10-21
4881,Krishna Sharma,30,UK,Sales,117867,3,krishna.sharma81@company.com,Inactive,2022-04-16
4882,Meera Mehta,22,Canada,HR,161292,33,meera.mehta82@company.com,Active,2019-11-22
4883,Shaurya Singh,22,India,Finance,78252,12,shaurya.singh83@company.com,Inactive,2021-11-26
4884,Priya Singh,44,USA,HR,84917,30,priya.singh84@gmail.com,Active,2019-05-25
4885,Meera Gupta,37,India,Finance,144419,6,meera.gupta85@company.com,Inactive,2021-12-25
4886,Vivaan Patel,52,India,Data,56399,16,vivaan.patel86@company.com,Inactive,2021-01-22
4887,Diya Nair,36,India,Marketing,126050,11,diya.nair87@outlook.com,Active,2023-10-31
4888,Shaurya Ansari,36,India,Sales,37496,29,shaurya.ansari88@outlook.com,Active,2025-07-02
4889,Arjun Kapoor,59,Canada,Marketing,65985,33,arjun.kapoor89@yahoo.com,Inactive,2024-04-15
4890,Muhammad Verma,51,UK,Data,150950,21,muhammad.verma90@company.com,Active,2018-08-29
4891,Krishna Mukherjee,44,India,Marketing,139697,20,krishna.mukherjee91@outlook.com,Inactive,2018-06-14
4892,Kavya Reddy,21,Germany,Sales,73178,8,kavya.reddy92@outlook.com,Active,2022-02-05
4893,Arjun Malik,31,USA,Finance,68310,11,arjun.malik93@outlook.com,Active,2021-08-02
4894,Ananya Verma,41,USA,Data,111407,16,ananya.verma94@yahoo.com,Inactive,2025-12-25
4895,Riya Bansal,24,USA,Data,179462,15,riya.bansal95@company.com,Active,2024-11-11
4896,Shaurya Sharma,27,USA,Finance,111682,4,shaurya.sharma96@company.com,Inactive,2018-10-31
4897,Krishna Reddy,46,USA,Finance,156352,18,krishna.reddy97@company.com,Active,2019-11-10
4898,Ananya Singh,32,India,Sales,83577,27,ananya.singh98@company.com,Active,2020-03-05
4899,Muhammad Ghosh,51,UK,HR,124643,16,muhammad.ghosh99@company.com,Inactive,2020-06-30
4900,Vivaan Singh,37,Germany,IT,86933,21,vivaan.singh0@outlook.com,Inactive,2020-09-24
4901,Krishna Mukherjee,53,Canada,HR,50479,34,krishna.mukherjee1@yahoo.com,Active,2023-05-06
4902,Aditi Das,31,Germany,HR,111719,14,aditi.das2@company.com,Inactive,2025-07-24
4903,Ananya Khan,48,Canada,Marketing,119532,18,ananya.khan3@gmail.com,Inactive,2019-08-29
4904,Kavya Sharma,52,Canada,IT,111408,25,kavya.sharma4@yahoo.com,Inactive,2024-11-11
4905,Aditya Nair,21,Germany,Finance,74800,34,aditya.nair5@gmail.com,Inactive,2020-11-04
4906,Aditya Ansari,48,India,HR,47854,22,aditya.ansari6@outlook.com,Active,2024-06-05
4907,Vivaan Patel,27,USA,Sales,138090,9,vivaan.patel7@yahoo.com,Inactive,2019-02-11
4908,Muhammad Patel,22,India,HR,169753,21,muhammad.patel8@outlook.com,Active,2020-12-07
4909,Aditya Khan,44,USA,Finance,54879,10,aditya.khan9@gmail.com,Inactive,2018-04-24
4910,Sneha Ghosh,24,UK,HR,41078,25,sneha.ghosh10@yahoo.com,Inactive,2024-11-07
4911,Muhammad Singh,39,Canada,Data,149166,0,muhammad.singh11@outlook.com,Inactive,2023-04-01
4912,Riya Gupta,46,Germany,Marketing,80461,20,riya.gupta12@gmail.com,Inactive,2019-06-10
4913,Priya Agarwal,31,UK,Marketing,131892,7,priya.agarwal13@yahoo.com,Active,2023-06-16
4914,Shaurya Khan,31,USA,HR,87314,19,shaurya.khan14@outlook.com,Inactive,2020-04-01
4915,Muhammad Singh,23,India,Marketing,62941,16,muhammad.singh15@outlook.com,Inactive,2018-12-14
4916,Priya Khan,32,Germany,Sales,167488,14,priya.khan16@gmail.com,Active,2020-08-23
4917,Meera Singh,23,Canada,IT,159781,20,meera.singh17@outlook.com,Inactive,2024-01-28
4918,Shaurya Iyer,47,UK,HR,174579,0,shaurya.iyer18@outlook.com,Inactive,2021-12-23
4919,Sneha Agarwal,22,Canada,Sales,157261,2,sneha.agarwal19@company.com,Inactive,2024-09-19
4920,Muhammad Malik,36,USA,Data,48573,30,muhammad.malik20@gmail.com,Inactive,2021-11-04
4921,Neha Gupta,22,Canada,Sales,96494,30,neha.gupta21@gmail.com,Active,2020-12-20
4922,Diya Kapoor,50,India,Sales,53318,20,diya.kapoor22@gmail.com,Active,2025-01-21
4923,Aditi Khan,40,UK,Data,131528,22,aditi.khan23@gmail.com,Active,2025-08-21
4924,Neha Agarwal,58,UK,Finance,110529,16,neha.agarwal24@yahoo.com,Active,2018-07-20
4925,Priya Das,48,India,HR,74102,21,priya.das25@yahoo.com,Inactive,2023-10-06
4926,Meera Bansal,45,Canada,HR,54006,21,meera.bansal26@gmail.com,Inactive,2023-11-03
4927,Arjun Nair,52,India,HR,44048,7,arjun.nair27@company.com,Active,2020-02-22
4928,Aarav Kapoor,30,Germany,IT,52909,7,aarav.kapoor28@company.com,Inactive,2025-07-23
4929,Priya Gupta,53,India,Sales,69184,13,priya.gupta29@outlook.com,Inactive,2021-02-03
4930,Shaurya Mukherjee,33,Canada,HR,96215,23,shaurya.mukherjee30@gmail.com,Active,2020-04-05
4931,Pooja Patel,57,India,Marketing,103256,21,pooja.patel31@yahoo.com,Active,2022-04-06
4932,Pooja Khan,36,USA,Finance,41826,14,pooja.khan32@outlook.com,Active,2020-07-27
4933,Ishaan Kapoor,42,India,Data,129316,19,ishaan.kapoor33@gmail.com,Inactive,2024-08-17
4934,Kavya Iyer,40,India,Data,74563,26,kavya.iyer34@yahoo.com,Inactive,2020-12-30
4935,Kavya Iyer,47,Canada,IT,87828,27,kavya.iyer35@gmail.com,Inactive,2020-02-03
4936,Aditi Ghosh,36,Germany,Data,138380,21,aditi.ghosh36@outlook.com,Inactive,2025-12-04
4937,Meera Nair,54,Germany,Finance,148766,30,meera.nair37@yahoo.com,Inactive,2021-06-08
4938,Aditya Reddy,52,Canada,Sales,41369,8,aditya.reddy38@gmail.com,Inactive,2019-06-08
4939,Arjun Nair,46,Canada,Data,76312,22,arjun.nair39@gmail.com,Active,2022-12-04
4940,Muhammad Patel,45,Canada,Data,144727,4,muhammad.patel40@outlook.com,Active,2020-12-28
4941,Muhammad Sharma,22,USA,Marketing,171898,16,muhammad.sharma41@company.com,Active,2021-02-08
4942,Aarav Das,32,UK,Sales,165371,4,aarav.das42@yahoo.com,Active,2020-05-20
4943,Diya Nair,29,India,HR,168264,6,diya.nair43@outlook.com,Inactive,2021-06-23
4944,Aditi Bansal,32,Canada,Finance,159657,7,aditi.bansal44@company.com,Active,2023-05-02
4945,Aditi Chopra,46,Canada,Data,148554,6,aditi.chopra45@outlook.com,Active,2018-04-08
4946,Aditi Nair,29,Canada,Marketing,60692,21,aditi.nair46@gmail.com,Active,2025-10-11
4947,Shaurya Roy,30,Germany,Finance,117453,20,shaurya.roy47@company.com,Active,2021-09-07
4948,Aditya Bansal,52,Canada,IT,44409,3,aditya.bansal48@yahoo.com,Inactive,2025-11-06
4949,Vivaan Mehta,54,India,Marketing,49795,31,vivaan.mehta49@company.com,Active,2019-12-14
4950,Aditi Roy,40,Canada,IT,111716,28,aditi.roy50@yahoo.com,Inactive,2019-11-05
4951,Reyansh Ansari,59,India,Data,158411,29,reyansh.ansari51@outlook.com,Active,2019-05-24
4952,Priya Malik,22,USA,Marketing,79036,2,priya.malik52@outlook.com,Inactive,2020-07-30
4953,Diya Das,21,UK,HR,88387,4,diya.das53@yahoo.com,Active,2020-07-31
4954,Neha Chopra,56,Germany,Finance,139545,18,neha.chopra54@gmail.com,Inactive,2019-01-11
4955,Vivaan Kapoor,44,India,Finance,47021,7,vivaan.kapoor55@yahoo.com,Inactive,2023-04-01
4956,Priya Singh,47,USA,Sales,104650,30,priya.singh56@outlook.com,Inactive,2023-12-28
4957,Krishna Nair,22,UK,Marketing,103120,26,krishna.nair57@gmail.com,Active,2024-08-25
4958,Vivaan Chopra,51,UK,Marketing,44740,12,vivaan.chopra58@outlook.com,Active,2024-09-16
4959,Aarav Patel,34,UK,IT,179391,5,aarav.patel59@outlook.com,Active,2021-04-04
4960,Ishaan Mukherjee,22,India,Marketing,121391,0,ishaan.mukherjee60@yahoo.com,Inactive,2020-01-31
4961,Kavya Patel,49,USA,Finance,171314,29,kavya.patel61@outlook.com,Inactive,2024-05-02
4962,Ishaan Singh,35,Canada,Marketing,81169,10,ishaan.singh62@gmail.com,Inactive,2021-10-10
4963,Meera Roy,32,USA,Sales,98711,30,meera.roy63@company.com,Active,2021-06-06
4964,Reyansh Sharma,57,USA,Sales,88504,15,reyansh.sharma64@company.com,Active,2023-03-25
4965,Vihaan Gupta,48,USA,Finance,114630,14,vihaan.gupta65@company.com,Inactive,2024-02-25
4966,Aditi Kapoor,40,India,Finance,149481,4,aditi.kapoor66@gmail.com,Active,2025-04-28
4967,Sneha Gupta,59,India,Finance,140619,14,sneha.gupta67@yahoo.com,Inactive,2022-10-04
4968,Riya Ansari,44,India,Marketing,149050,0,riya.ansari68@company.com,Active,2025-02-15
4969,Priya Khan,41,USA,Marketing,47988,14,priya.khan69@outlook.com,Inactive,2022-08-29
4970,Priya Malik,30,India,HR,113734,7,priya.malik70@gmail.com,Inactive,2018-06-04
4971,Shaurya Das,34,UK,Data,50995,21,shaurya.das71@yahoo.com,Inactive,2025-10-18
4972,Pooja Kapoor,57,India,Data,139484,26,pooja.kapoor72@company.com,Active,2025-04-28
4973,Sneha Iyer,38,Germany,IT,175948,33,sneha.iyer73@outlook.com,Active,2023-02-06
4974,Priya Gupta,44,India,Marketing,53537,29,priya.gupta74@gmail.com,Inactive,2022-09-08
4975,Vihaan Roy,34,India,HR,90160,11,vihaan.roy75@gmail.com,Active,2024-07-07
4976,Diya Patel,54,India,HR,123295,1,diya.patel76@company.com,Active,2019-02-12
4977,Ishaan Ansari,32,India,Sales,161097,21,ishaan.ansari77@yahoo.com,Inactive,2022-03-08
4978,Aditi Iyer,42,Germany,Marketing,171350,16,aditi.iyer78@outlook.com,Active,2022-09-14
4979,Aarav Khan,26,Canada,HR,45031,34,aarav.khan79@gmail.com,Active,2019-09-18
4980,Neha Sharma,56,India,Sales,97745,22,neha.sharma80@company.com,Active,2019-11-17
4981,Vihaan Gupta,56,UK,IT,125389,28,vihaan.gupta81@company.com,Active,2022-01-05
4982,Priya Das,42,Germany,Sales,121140,28,priya.das82@company.com,Inactive,2024-09-29
4983,Priya Iyer,34,Canada,IT,140891,18,priya.iyer83@gmail.com,Active,2021-01-18
4984,Priya Khan,36,India,Data,126455,16,priya.khan84@company.com,Active,2023-06-13
4985,Reyansh Chopra,56,Canada,Data,109442,7,reyansh.chopra85@yahoo.com,Active,2020-08-18
4986,Reyansh Patel,45,UK,Finance,143001,6,reyansh.patel86@company.com,Inactive,2018-05-21
4987,Muhammad Nair,52,Germany,Finance,86866,10,muhammad.nair87@outlook.com,Inactive,2020-05-19
4988,Reyansh Das,53,Germany,Sales,101883,2,reyansh.das88@yahoo.com,Inactive,2023-04-16
4989,Vihaan Agarwal,56,Canada,Finance,90237,1,vihaan.agarwal89@gmail.com,Active,2020-06-23
4990,Sneha Ansari,40,India,Marketing,59553,18,sneha.ansari90@yahoo.com,Inactive,2021-09-25
4991,Reyansh Ansari,38,USA,Sales,170940,27,reyansh.ansari91@outlook.com,Active,2023-01-25
4992,Vivaan Khan,58,Germany,HR,131441,27,vivaan.khan92@yahoo.com,Inactive,2023-07-16
4993,Muhammad Malik,23,USA,Marketing,170032,24,muhammad.malik93@company.com,Inactive,2021-05-27
4994,Priya Agarwal,43,Germany,Sales,176016,10,priya.agarwal94@yahoo.com,Active,2025-03-11
4995,Meera Mehta,52,India,Data,149147,1,meera.mehta95@gmail.com,Inactive,2025-06-04
4996,Reyansh Gupta,36,India,IT,150796,11,reyansh.gupta96@outlook.com,Inactive,2021-07-18
4997,Shaurya Gupta,25,Germany,Finance,119599,11,shaurya.gupta97@yahoo.com,Inactive,2025-08-17
4998,Aditi Mehta,24,Canada,Finance,171832,24,aditi.mehta98@outlook.com,Inactive,2018-03-04
4999,Ishaan Gupta,41,India,Finance,142407,30,ishaan.gupta99@gmail.com,Inactive,2023-01-16
5000,Ananya Sharma,34,India,Sales,151784,16,ananya.sharma0@outlook.com,Active,2020-05-13
5001,Sneha Singh,59,UK,Marketing,160893,11,sneha.singh1@company.com,Active,2022-04-06
5002,Neha Nair,51,India,IT,68126,29,neha.nair2@yahoo.com,Inactive,2025-01-04
5003,Vihaan Sharma,34,UK,Finance,65961,1,vihaan.sharma3@company.com,Active,2024-04-21
5004,Vivaan Malik,26,India,Marketing,49088,15,vivaan.malik4@gmail.com,Active,2020-01-07
5005,Aarav Roy,32,India,HR,173308,0,aarav.roy5@gmail.com,Inactive,2023-12-14
5006,Vivaan Mehta,36,Canada,Data,138975,33,vivaan.mehta6@gmail.com,Inactive,2020-02-18
5007,Muhammad Das,37,Canada,HR,89967,0,muhammad.das7@company.com,Active,2021-11-30
5008,Aarav Kapoor,43,India,IT,122684,2,aarav.kapoor8@company.com,Inactive,2022-10-04
5009,Meera Das,34,Germany,Finance,138278,33,meera.das9@company.com,Active,2019-09-12
5010,Ishaan Nair,27,Germany,HR,86454,11,ishaan.nair10@outlook.com,Active,2018-03-29
5011,Neha Reddy,52,India,Data,68843,26,neha.reddy11@outlook.com,Inactive,2021-11-15
5012,Meera Bansal,35,Germany,Marketing,49433,24,meera.bansal12@gmail.com,Inactive,2021-10-24
5013,Ananya Chopra,37,India,Marketing,71245,11,ananya.chopra13@company.com,Active,2019-11-20
5014,Ananya Reddy,54,Canada,HR,117922,32,ananya.reddy14@yahoo.com,Active,2019-10-03
5015,Krishna Chopra,25,USA,Finance,156074,8,krishna.chopra15@gmail.com,Inactive,2024-10-30
5016,Aditi Kapoor,47,UK,Data,159407,0,aditi.kapoor16@outlook.com,Inactive,2024-06-25
5017,Meera Verma,43,Germany,IT,49702,22,meera.verma17@company.com,Inactive,2020-07-10
5018,Diya Reddy,34,Germany,Finance,136125,27,diya.reddy18@gmail.com,Inactive,2018-09-30
5019,Vihaan Sharma,35,Canada,Sales,79185,2,vihaan.sharma19@outlook.com,Inactive,2025-05-22
5020,Kavya Kapoor,53,Germany,HR,127393,4,kavya.kapoor20@gmail.com,Inactive,2019-09-29
5021,Arjun Sharma,51,India,Sales,109222,28,arjun.sharma21@outlook.com,Active,2019-06-06
5022,Meera Mehta,55,India,HR,159018,12,meera.mehta22@yahoo.com,Active,2022-05-21
5023,Riya Malik,37,USA,IT,37416,3,riya.malik23@gmail.com,Inactive,2025-10-18
5024,Krishna Chopra,48,USA,Finance,159236,5,krishna.chopra24@outlook.com,Active,2018-01-16
5025,Kavya Mukherjee,39,USA,Data,126265,5,kavya.mukherjee25@company.com,Active,2024-08-12
5026,Neha Das,43,India,Finance,152937,10,neha.das26@outlook.com,Active,2024-04-17
5027,Priya Ansari,52,USA,HR,155003,26,priya.ansari27@outlook.com,Active,2020-03-04
5028,Aarav Reddy,33,USA,Marketing,35207,34,aarav.reddy28@company.com,Active,2018-12-26
5029,Aarav Chopra,40,India,Sales,111382,3,aarav.chopra29@gmail.com,Active,2018-08-19
5030,Vivaan Reddy,55,Canada,Data,141968,26,vivaan.reddy30@outlook.com,Active,2023-02-09
5031,Kavya Singh,25,Germany,Data,56511,15,kavya.singh31@yahoo.com,Active,2019-09-04
5032,Meera Nair,29,UK,Finance,164633,17,meera.nair32@outlook.com,Inactive,2025-04-07
5033,Aditi Mukherjee,49,India,Finance,137660,6,aditi.mukherjee33@yahoo.com,Inactive,2025-01-08
5034,Aditya Chopra,26,India,HR,172096,10,aditya.chopra34@yahoo.com,Inactive,2019-06-03
5035,Priya Nair,45,UK,Marketing,140909,7,priya.nair35@yahoo.com,Inactive,2019-04-29
5036,Vihaan Kapoor,51,UK,Sales,57759,5,vihaan.kapoor36@company.com,Active,2023-10-14
5037,Shaurya Mukherjee,42,USA,Marketing,127260,4,shaurya.mukherjee37@yahoo.com,Inactive,2024-03-16
5038,Muhammad Patel,22,UK,Data,96586,5,muhammad.patel38@gmail.com,Inactive,2021-05-16
5039,Riya Roy,25,Germany,Marketing,176869,1,riya.roy39@yahoo.com,Active,2018-06-25
5040,Riya Verma,47,Germany,HR,94727,30,riya.verma40@company.com,Inactive,2025-07-22
5041,Arjun Nair,45,Germany,Marketing,125557,31,arjun.nair41@company.com,Inactive,2020-06-27
5042,Aditya Iyer,28,Germany,Sales,136085,8,aditya.iyer42@gmail.com,Active,2021-12-19
5043,Pooja Agarwal,21,Germany,Data,77500,14,pooja.agarwal43@company.com,Inactive,2020-10-30
5044,Reyansh Agarwal,40,USA,IT,144266,20,reyansh.agarwal44@company.com,Inactive,2020-02-05
5045,Vihaan Nair,43,India,Data,54986,27,vihaan.nair45@outlook.com,Active,2020-07-19
5046,Pooja Singh,52,UK,IT,75694,26,pooja.singh46@outlook.com,Active,2023-05-11
5047,Krishna Ansari,31,India,Sales,147100,4,krishna.ansari47@yahoo.com,Inactive,2025-04-16
5048,Reyansh Gupta,59,UK,Data,106036,16,reyansh.gupta48@gmail.com,Inactive,2020-09-14
5049,Vihaan Bansal,44,USA,Data,64666,23,vihaan.bansal49@gmail.com,Inactive,2018-01-16
5050,Aarav Khan,31,USA,Data,171474,30,aarav.khan50@company.com,Active,2025-02-05
5051,Ananya Kapoor,49,Canada,Data,72549,34,ananya.kapoor51@company.com,Inactive,2022-04-20
5052,Ishaan Singh,46,Canada,HR,162910,3,ishaan.singh52@yahoo.com,Inactive,2024-02-09
5053,Ishaan Nair,36,USA,Finance,144433,19,ishaan.nair53@gmail.com,Inactive,2021-01-30
5054,Vihaan Patel,55,USA,Data,47099,16,vihaan.patel54@gmail.com,Inactive,2018-11-28
5055,Pooja Nair,40,UK,HR,149159,9,pooja.nair55@company.com,Active,2018-03-20
5056,Aditya Reddy,23,USA,Sales,146882,20,aditya.reddy56@gmail.com,Active,2022-12-24
5057,Krishna Roy,21,India,Data,57097,20,krishna.roy57@yahoo.com,Inactive,2020-11-10
5058,Meera Gupta,21,UK,Marketing,105719,15,meera.gupta58@gmail.com,Inactive,2024-09-18
5059,Ananya Kapoor,37,USA,Data,84094,32,ananya.kapoor59@company.com,Active,2020-11-06
5060,Aditi Ghosh,22,UK,Data,131596,9,aditi.ghosh60@outlook.com,Active,2022-05-31
5061,Priya Singh,49,UK,IT,51696,17,priya.singh61@outlook.com,Active,2019-03-08
5062,Krishna Malik,40,Germany,Marketing,43354,32,krishna.malik62@yahoo.com,Active,2025-02-16
5063,Vihaan Iyer,26,Canada,Data,56880,28,vihaan.iyer63@gmail.com,Inactive,2021-12-14
5064,Aditya Mehta,28,UK,Data,143061,30,aditya.mehta64@yahoo.com,Active,2023-09-07
5065,Aditya Reddy,49,UK,Data,116296,23,aditya.reddy65@yahoo.com,Active,2020-11-14
5066,Sneha Ansari,53,Germany,HR,105304,11,sneha.ansari66@company.com,Inactive,2024-06-08
5067,Vihaan Roy,23,USA,Sales,58951,19,vihaan.roy67@outlook.com,Inactive,2019-09-05
5068,Diya Patel,55,UK,IT,148548,5,diya.patel68@yahoo.com,Inactive,2023-01-16
5069,Ananya Kapoor,25,Germany,Data,53326,7,ananya.kapoor69@gmail.com,Inactive,2018-09-12
5070,Sneha Sharma,47,India,Sales,68007,13,sneha.sharma70@gmail.com,Inactive,2018-09-29
5071,Shaurya Verma,32,Germany,IT,74232,4,shaurya.verma71@yahoo.com,Inactive,2019-07-16
5072,Sneha Ghosh,40,Canada,IT,68439,2,sneha.ghosh72@gmail.com,Inactive,2023-08-09
5073,Muhammad Kapoor,40,Canada,IT,86771,21,muhammad.kapoor73@yahoo.com,Active,2018-12-02
5074,Priya Reddy,29,USA,Data,70229,7,priya.reddy74@yahoo.com,Active,2020-01-28
5075,Diya Patel,59,USA,HR,86258,13,diya.patel75@gmail.com,Inactive,2018-07-27
5076,Riya Mukherjee,24,Canada,Data,55532,6,riya.mukherjee76@gmail.com,Active,2018-02-04
5077,Sneha Singh,39,Canada,Data,107312,3,sneha.singh77@yahoo.com,Active,2018-04-24
5078,Vihaan Kapoor,58,UK,Sales,175406,18,vihaan.kapoor78@company.com,Inactive,2020-11-21
5079,Aarav Ghosh,47,Canada,Finance,154069,23,aarav.ghosh79@yahoo.com,Active,2025-09-13
5080,Kavya Reddy,33,USA,Finance,159945,15,kavya.reddy80@yahoo.com,Active,2025-12-12
5081,Arjun Iyer,33,Canada,Finance,63484,5,arjun.iyer81@company.com,Active,2025-09-08
5082,Krishna Nair,42,USA,Sales,63831,7,krishna.nair82@yahoo.com,Active,2020-07-09
5083,Kavya Patel,48,India,Marketing,64205,24,kavya.patel83@outlook.com,Inactive,2023-05-17
5084,Meera Iyer,42,Canada,Sales,107590,31,meera.iyer84@gmail.com,Active,2024-01-13
5085,Arjun Verma,39,USA,IT,163609,24,arjun.verma85@company.com,Active,2020-04-13
5086,Meera Reddy,28,Germany,Data,176440,9,meera.reddy86@gmail.com,Inactive,2023-03-02
5087,Shaurya Das,28,UK,Marketing,56435,16,shaurya.das87@company.com,Active,2024-07-28
5088,Vihaan Malik,46,USA,IT,149426,2,vihaan.malik88@company.com,Inactive,2020-07-17
5089,Sneha Nair,46,Canada,Data,179466,8,sneha.nair89@gmail.com,Active,2021-08-19
5090,Muhammad Nair,43,Canada,Data,135159,17,muhammad.nair90@gmail.com,Active,2021-02-15
5091,Shaurya Kapoor,33,India,IT,163117,29,shaurya.kapoor91@yahoo.com,Inactive,2023-09-14
5092,Vivaan Reddy,48,Germany,Sales,149623,4,vivaan.reddy92@gmail.com,Inactive,2025-12-25
5093,Arjun Ansari,29,USA,Finance,131284,31,arjun.ansari93@outlook.com,Inactive,2021-09-05
5094,Krishna Verma,40,Germany,Marketing,153117,26,krishna.verma94@gmail.com,Active,2018-08-06
5095,Reyansh Nair,39,India,Data,89428,20,reyansh.nair95@yahoo.com,Inactive,2021-07-15
5096,Aditi Iyer,59,UK,HR,44880,23,aditi.iyer96@yahoo.com,Inactive,2023-03-27
5097,Reyansh Sharma,32,Germany,Data,123376,2,reyansh.sharma97@yahoo.com,Active,2022-09-13
5098,Pooja Kapoor,35,India,Finance,172586,15,pooja.kapoor98@gmail.com,Inactive,2023-09-23
5099,Ananya Bansal,51,USA,Data,72668,14,ananya.bansal99@yahoo.com,Active,2021-04-12
5100,Neha Chopra,34,UK,HR,80369,24,neha.chopra0@gmail.com,Active,2018-07-17
5101,Aditi Kapoor,31,Canada,Sales,84179,7,aditi.kapoor1@outlook.com,Inactive,2020-05-06
5102,Aditya Das,46,India,Data,83069,3,aditya.das2@outlook.com,Inactive,2018-10-29
5103,Shaurya Iyer,47,Canada,Marketing,101565,31,shaurya.iyer3@outlook.com,Active,2023-06-02
5104,Muhammad Ghosh,31,UK,Sales,69764,34,muhammad.ghosh4@gmail.com,Inactive,2025-11-14
5105,Aditi Mehta,58,India,HR,83461,29,aditi.mehta5@gmail.com,Active,2019-02-09
5106,Arjun Reddy,54,India,IT,68142,29,arjun.reddy6@outlook.com,Inactive,2025-08-01
5107,Sneha Verma,39,UK,Data,79329,16,sneha.verma7@company.com,Inactive,2025-07-22
5108,Shaurya Agarwal,26,USA,Sales,169117,18,shaurya.agarwal8@company.com,Active,2020-09-20
5109,Reyansh Roy,58,India,Data,64713,30,reyansh.roy9@outlook.com,Active,2020-04-25
5110,Arjun Agarwal,48,UK,Marketing,114374,16,arjun.agarwal10@gmail.com,Inactive,2024-01-04
5111,Neha Iyer,21,Germany,Data,57659,1,neha.iyer11@outlook.com,Active,2022-10-14
5112,Arjun Ansari,55,Canada,Sales,172424,28,arjun.ansari12@yahoo.com,Inactive,2021-11-12
5113,Muhammad Ansari,28,India,Finance,123566,29,muhammad.ansari13@company.com,Inactive,2020-05-19
5114,Aarav Chopra,27,Germany,Sales,133582,21,aarav.chopra14@yahoo.com,Active,2022-04-17
5115,Sneha Mehta,31,India,HR,76747,10,sneha.mehta15@gmail.com,Active,2018-12-12
5116,Arjun Kapoor,59,USA,Sales,64623,32,arjun.kapoor16@company.com,Active,2018-06-05
5117,Priya Khan,24,UK,Marketing,52716,18,priya.khan17@gmail.com,Inactive,2022-01-05
5118,Vivaan Mehta,45,India,Sales,178636,2,vivaan.mehta18@outlook.com,Inactive,2020-07-25
5119,Diya Nair,32,UK,Sales,54531,21,diya.nair19@company.com,Active,2022-12-30
5120,Reyansh Verma,46,India,Marketing,75760,17,reyansh.verma20@yahoo.com,Active,2018-05-22
5121,Vihaan Das,58,USA,Sales,38449,29,vihaan.das21@outlook.com,Inactive,2018-04-14
5122,Ananya Roy,32,USA,Marketing,133736,0,ananya.roy22@yahoo.com,Inactive,2021-05-23
5123,Priya Patel,57,Germany,HR,68777,19,priya.patel23@gmail.com,Active,2018-04-18
5124,Aditi Singh,44,USA,Marketing,42279,4,aditi.singh24@company.com,Active,2025-01-28
5125,Vivaan Mehta,36,UK,HR,40191,11,vivaan.mehta25@yahoo.com,Inactive,2021-06-06
5126,Krishna Kapoor,33,USA,HR,109044,10,krishna.kapoor26@company.com,Inactive,2019-09-19
5127,Neha Iyer,45,India,Marketing,40307,23,neha.iyer27@outlook.com,Active,2018-07-27
5128,Meera Khan,24,USA,Sales,170288,17,meera.khan28@outlook.com,Inactive,2025-07-12
5129,Aditi Gupta,31,UK,Data,140100,7,aditi.gupta29@outlook.com,Inactive,2019-12-28
5130,Kavya Kapoor,52,India,Finance,175199,28,kavya.kapoor30@yahoo.com,Inactive,2022-03-25
5131,Ishaan Agarwal,27,Germany,Data,120438,21,ishaan.agarwal31@company.com,Active,2022-10-29
5132,Diya Sharma,31,Germany,Marketing,145283,1,diya.sharma32@outlook.com,Inactive,2022-10-23
5133,Vihaan Mehta,48,Germany,Sales,35495,22,vihaan.mehta33@outlook.com,Active,2019-12-19
5134,Aditya Mehta,43,India,HR,104128,15,aditya.mehta34@gmail.com,Inactive,2021-11-29
5135,Neha Das,43,Germany,IT,102768,7,neha.das35@outlook.com,Inactive,2018-06-30
5136,Krishna Sharma,48,USA,Finance,75816,3,krishna.sharma36@company.com,Active,2019-10-03
5137,Sneha Roy,46,India,Data,115203,13,sneha.roy37@yahoo.com,Active,2022-12-28
5138,Sneha Nair,45,India,Sales,48000,8,sneha.nair38@yahoo.com,Inactive,2022-09-05
5139,Ishaan Mehta,49,India,Finance,172791,10,ishaan.mehta39@gmail.com,Active,2023-04-04
5140,Sneha Khan,39,Canada,IT,104981,15,sneha.khan40@gmail.com,Active,2021-11-11
5141,Aditi Nair,53,UK,IT,82941,12,aditi.nair41@company.com,Active,2023-12-04
5142,Priya Iyer,56,Canada,IT,135671,16,priya.iyer42@company.com,Inactive,2019-04-16
5143,Sneha Patel,34,Canada,Data,74323,13,sneha.patel43@gmail.com,Active,2022-08-31
5144,Vihaan Reddy,34,Canada,Marketing,177491,28,vihaan.reddy44@company.com,Inactive,2018-01-04
5145,Aditya Ghosh,55,UK,Finance,61403,16,aditya.ghosh45@gmail.com,Active,2023-08-04
5146,Reyansh Kapoor,50,Canada,Marketing,63298,0,reyansh.kapoor46@outlook.com,Active,2024-02-24
5147,Aarav Kapoor,48,Germany,IT,72365,19,aarav.kapoor47@gmail.com,Inactive,2024-03-01
5148,Pooja Ghosh,37,India,Sales,124573,32,pooja.ghosh48@gmail.com,Inactive,2021-11-02
5149,Riya Nair,23,India,IT,107771,1,riya.nair49@gmail.com,Active,2025-03-06
5150,Aditya Das,36,USA,Marketing,96966,16,aditya.das50@yahoo.com,Inactive,2019-08-06
5151,Sneha Ghosh,50,Germany,IT,73056,22,sneha.ghosh51@outlook.com,Inactive,2019-08-27
5152,Vihaan Ansari,49,UK,IT,91965,21,vihaan.ansari52@gmail.com,Active,2022-02-06
5153,Vihaan Khan,35,India,Marketing,147618,0,vihaan.khan53@gmail.com,Active,2025-06-28
5154,Meera Khan,45,Canada,Marketing,99237,11,meera.khan54@outlook.com,Inactive,2022-09-17
5155,Aarav Ghosh,58,USA,Sales,177267,12,aarav.ghosh55@outlook.com,Active,2025-02-28
5156,Kavya Reddy,58,USA,Marketing,98539,13,kavya.reddy56@company.com,Inactive,2019-08-02
5157,Vihaan Verma,43,India,Sales,121315,9,vihaan.verma57@company.com,Inactive,2020-06-27
5158,Arjun Roy,45,Germany,HR,111202,11,arjun.roy58@gmail.com,Inactive,2024-10-19
5159,Muhammad Khan,27,USA,HR,120915,21,muhammad.khan59@gmail.com,Active,2023-10-12
5160,Aditya Ghosh,42,India,Marketing,66709,17,aditya.ghosh60@yahoo.com,Inactive,2025-02-13
5161,Ishaan Verma,37,Germany,IT,149439,18,ishaan.verma61@yahoo.com,Active,2023-06-18
5162,Aditya Mehta,38,India,Finance,158000,29,aditya.mehta62@yahoo.com,Inactive,2020-01-13
5163,Riya Iyer,30,India,IT,75537,14,riya.iyer63@gmail.com,Inactive,2022-08-14
5164,Diya Ghosh,30,Germany,Marketing,160981,13,diya.ghosh64@yahoo.com,Inactive,2018-06-24
5165,Reyansh Bansal,27,Germany,Sales,65949,8,reyansh.bansal65@outlook.com,Active,2020-07-15
5166,Aarav Singh,58,Germany,IT,148290,4,aarav.singh66@company.com,Active,2025-04-10
5167,Shaurya Verma,47,India,HR,93529,32,shaurya.verma67@outlook.com,Inactive,2023-07-24
5168,Riya Iyer,53,USA,Data,98371,4,riya.iyer68@outlook.com,Inactive,2022-10-30
5169,Pooja Agarwal,21,UK,Marketing,85607,23,pooja.agarwal69@gmail.com,Active,2018-06-14
5170,Arjun Roy,54,UK,IT,85366,7,arjun.roy70@gmail.com,Inactive,2020-07-16
5171,Neha Reddy,24,India,Data,64871,18,neha.reddy71@company.com,Active,2024-02-07
5172,Riya Chopra,37,India,IT,97284,11,riya.chopra72@gmail.com,Inactive,2021-12-06
5173,Meera Ghosh,24,USA,Sales,143043,7,meera.ghosh73@yahoo.com,Inactive,2018-10-30
5174,Riya Ansari,46,Germany,Sales,171762,7,riya.ansari74@company.com,Active,2022-10-01
5175,Vihaan Verma,24,India,Sales,100116,19,vihaan.verma75@outlook.com,Active,2020-04-27
5176,Krishna Verma,21,Canada,Data,162086,28,krishna.verma76@outlook.com,Active,2024-04-12
5177,Muhammad Patel,27,Germany,Finance,176105,33,muhammad.patel77@gmail.com,Inactive,2020-07-16
5178,Shaurya Ansari,50,India,Data,108583,17,shaurya.ansari78@yahoo.com,Inactive,2024-09-21
5179,Arjun Mukherjee,29,Canada,Marketing,39902,0,arjun.mukherjee79@outlook.com,Active,2018-01-14
5180,Pooja Ansari,55,USA,Marketing,157793,10,pooja.ansari80@company.com,Inactive,2021-12-25
5181,Sneha Chopra,28,Canada,HR,167568,34,sneha.chopra81@gmail.com,Inactive,2023-10-28
5182,Ishaan Patel,44,India,HR,96263,31,ishaan.patel82@company.com,Inactive,2018-01-01
5183,Meera Bansal,39,UK,Marketing,62664,15,meera.bansal83@company.com,Active,2020-09-14
5184,Aditya Ghosh,56,India,IT,77203,5,aditya.ghosh84@yahoo.com,Active,2025-10-05
5185,Ishaan Malik,47,UK,Marketing,39582,8,ishaan.malik85@yahoo.com,Inactive,2025-11-13
5186,Aditi Khan,52,USA,Finance,64482,21,aditi.khan86@yahoo.com,Inactive,2019-10-09
5187,Aditi Agarwal,34,USA,HR,76476,7,aditi.agarwal87@yahoo.com,Inactive,2024-11-18
5188,Aditya Malik,38,Germany,HR,66872,31,aditya.malik88@company.com,Active,2024-12-17
5189,Priya Patel,48,Germany,Data,117754,25,priya.patel89@gmail.com,Active,2023-02-12
5190,Pooja Ansari,49,UK,HR,85716,17,pooja.ansari90@outlook.com,Active,2025-03-08
5191,Aditya Malik,36,UK,Marketing,130363,11,aditya.malik91@outlook.com,Active,2022-01-10
5192,Muhammad Chopra,55,USA,HR,148195,33,muhammad.chopra92@gmail.com,Active,2019-12-09
5193,Sneha Das,51,Canada,HR,132143,3,sneha.das93@company.com,Inactive,2021-08-22
5194,Meera Khan,24,UK,Data,62005,15,meera.khan94@gmail.com,Inactive,2019-08-26
5195,Priya Patel,57,UK,Marketing,66475,23,priya.patel95@yahoo.com,Active,2025-10-02
5196,Ananya Bansal,37,Canada,IT,68683,13,ananya.bansal96@company.com,Active,2019-02-02
5197,Aditi Sharma,59,Germany,HR,111810,16,aditi.sharma97@gmail.com,Active,2023-06-05
5198,Meera Singh,46,Germany,HR,81049,30,meera.singh98@yahoo.com,Active,2024-09-04
5199,Aditya Malik,59,UK,HR,134483,3,aditya.malik99@outlook.com,Inactive,2020-01-19
5200,Vihaan Ghosh,24,Germany,Finance,158045,33,vihaan.ghosh0@yahoo.com,Inactive,2018-01-14
5201,Vihaan Ghosh,50,Germany,Marketing,147177,2,vihaan.ghosh1@company.com,Inactive,2021-04-08
5202,Priya Gupta,50,Germany,HR,65288,7,priya.gupta2@company.com,Inactive,2023-11-27
5203,Ananya Gupta,42,USA,Finance,147880,11,ananya.gupta3@company.com,Active,2023-01-28
5204,Diya Reddy,31,India,IT,158060,34,diya.reddy4@company.com,Active,2023-09-22
5205,Ishaan Patel,22,UK,IT,126428,1,ishaan.patel5@outlook.com,Active,2025-11-12
5206,Krishna Malik,32,UK,Data,155800,28,krishna.malik6@company.com,Inactive,2024-08-02
5207,Aarav Mehta,50,USA,Data,60682,22,aarav.mehta7@outlook.com,Inactive,2019-04-20
5208,Aditi Singh,56,India,Data,102125,32,aditi.singh8@outlook.com,Inactive,2021-01-03
5209,Aditi Mehta,38,India,Finance,119406,17,aditi.mehta9@yahoo.com,Inactive,2023-05-05
5210,Vihaan Khan,46,USA,IT,109215,21,vihaan.khan10@company.com,Inactive,2024-12-27
5211,Riya Iyer,27,Canada,Data,174875,13,riya.iyer11@gmail.com,Active,2025-11-22
5212,Sneha Nair,21,Canada,Sales,87572,28,sneha.nair12@yahoo.com,Inactive,2020-06-15
5213,Vihaan Das,46,India,Data,154896,14,vihaan.das13@outlook.com,Inactive,2023-10-29
5214,Diya Roy,43,Canada,IT,95538,14,diya.roy14@gmail.com,Inactive,2022-09-04
5215,Shaurya Ghosh,46,Canada,Sales,142893,3,shaurya.ghosh15@outlook.com,Active,2023-07-04
5216,Ishaan Mukherjee,26,Canada,Finance,140518,4,ishaan.mukherjee16@company.com,Inactive,2019-05-09
5217,Vihaan Verma,26,India,Sales,78153,2,vihaan.verma17@gmail.com,Inactive,2023-01-26
5218,Reyansh Reddy,28,Canada,IT,83657,11,reyansh.reddy18@yahoo.com,Active,2021-07-06
5219,Aditi Khan,44,UK,HR,175601,19,aditi.khan19@gmail.com,Active,2024-12-26
5220,Diya Ghosh,42,India,Sales,83208,19,diya.ghosh20@outlook.com,Active,2025-04-27
5221,Pooja Mukherjee,39,USA,IT,110928,0,pooja.mukherjee21@yahoo.com,Inactive,2020-04-27
5222,Aditi Nair,57,Canada,Data,152555,2,aditi.nair22@company.com,Inactive,2023-11-29
5223,Sneha Patel,38,Germany,HR,170655,8,sneha.patel23@company.com,Inactive,2023-01-20
5224,Ishaan Sharma,51,India,Finance,61690,19,ishaan.sharma24@gmail.com,Inactive,2022-03-18
5225,Riya Patel,57,USA,Finance,176400,8,riya.patel25@outlook.com,Active,2019-06-25
5226,Arjun Patel,50,UK,Marketing,122174,30,arjun.patel26@company.com,Active,2025-10-02
5227,Aditi Roy,53,USA,Finance,51238,27,aditi.roy27@company.com,Active,2024-04-13
5228,Ishaan Verma,30,Canada,Marketing,91235,34,ishaan.verma28@gmail.com,Active,2025-04-08
5229,Diya Singh,57,Germany,Finance,163596,1,diya.singh29@yahoo.com,Inactive,2020-01-16
5230,Meera Bansal,32,Canada,Finance,51761,2,meera.bansal30@gmail.com,Active,2021-11-19
5231,Kavya Khan,50,USA,Finance,177248,13,kavya.khan31@company.com,Inactive,2022-02-12
5232,Kavya Chopra,47,India,Marketing,139245,16,kavya.chopra32@outlook.com,Inactive,2020-11-13
5233,Kavya Das,59,Germany,Data,134450,34,kavya.das33@gmail.com,Active,2022-08-23
5234,Shaurya Malik,29,Germany,Marketing,83329,3,shaurya.malik34@company.com,Inactive,2025-11-29
5235,Priya Das,41,USA,Sales,60639,29,priya.das35@company.com,Inactive,2019-11-25
5236,Krishna Iyer,32,Canada,IT,148733,13,krishna.iyer36@outlook.com,Inactive,2018-08-29
5237,Aditya Iyer,49,USA,IT,67657,26,aditya.iyer37@company.com,Active,2019-11-27
5238,Priya Reddy,53,Germany,Data,73217,12,priya.reddy38@gmail.com,Inactive,2021-10-07
5239,Aditya Gupta,35,USA,IT,118383,19,aditya.gupta39@yahoo.com,Inactive,2025-12-12
5240,Aditya Singh,22,Germany,Finance,52900,23,aditya.singh40@gmail.com,Inactive,2024-07-28
5241,Aditya Khan,59,Canada,Data,46242,9,aditya.khan41@outlook.com,Active,2018-04-04
5242,Sneha Verma,38,India,IT,131609,6,sneha.verma42@gmail.com,Inactive,2022-10-10
5243,Aditya Iyer,23,India,Marketing,99930,16,aditya.iyer43@company.com,Inactive,2018-02-22
5244,Pooja Nair,27,USA,Sales,128722,21,pooja.nair44@yahoo.com,Inactive,2019-01-05
5245,Aarav Bansal,38,Germany,HR,160272,10,aarav.bansal45@gmail.com,Active,2025-04-11
5246,Riya Patel,58,India,Sales,156208,22,riya.patel46@gmail.com,Active,2022-01-08
5247,Neha Nair,57,Germany,IT,48606,21,neha.nair47@gmail.com,Active,2025-05-01
5248,Riya Ghosh,53,Canada,Data,42421,17,riya.ghosh48@outlook.com,Inactive,2023-01-27
5249,Vihaan Kapoor,51,USA,IT,90729,25,vihaan.kapoor49@gmail.com,Inactive,2024-08-02
5250,Aarav Mukherjee,31,Germany,Marketing,37548,29,aarav.mukherjee50@gmail.com,Inactive,2023-10-10
5251,Muhammad Sharma,24,USA,Sales,42252,12,muhammad.sharma51@outlook.com,Inactive,2021-06-29
5252,Priya Ghosh,38,Germany,Marketing,113385,3,priya.ghosh52@gmail.com,Inactive,2020-01-30
5253,Diya Singh,24,Germany,Marketing,147131,26,diya.singh53@outlook.com,Active,2020-02-15
5254,Riya Mukherjee,54,Canada,HR,156328,9,riya.mukherjee54@gmail.com,Active,2019-07-20
5255,Vivaan Mukherjee,49,USA,Marketing,172817,27,vivaan.mukherjee55@outlook.com,Inactive,2021-04-19
5256,Kavya Khan,44,UK,Marketing,73049,20,kavya.khan56@yahoo.com,Active,2020-12-05
5257,Riya Singh,42,Germany,HR,175712,10,riya.singh57@outlook.com,Active,2021-02-15
5258,Reyansh Gupta,22,Germany,Finance,163956,19,reyansh.gupta58@gmail.com,Inactive,2022-04-16
5259,Diya Patel,26,India,Finance,142118,18,diya.patel59@yahoo.com,Inactive,2024-01-11
5260,Riya Chopra,45,USA,Data,88568,9,riya.chopra60@yahoo.com,Active,2024-12-01
5261,Vivaan Bansal,41,UK,HR,101045,14,vivaan.bansal61@outlook.com,Active,2020-07-04
5262,Neha Kapoor,36,Canada,Data,107351,17,neha.kapoor62@outlook.com,Inactive,2018-10-05
5263,Reyansh Chopra,51,UK,Data,142560,6,reyansh.chopra63@company.com,Inactive,2021-08-29
5264,Vihaan Reddy,34,Canada,Marketing,93312,29,vihaan.reddy64@yahoo.com,Inactive,2019-03-17
5265,Krishna Ghosh,59,UK,Data,77398,13,krishna.ghosh65@company.com,Active,2025-04-17
5266,Vihaan Iyer,48,UK,IT,95865,29,vihaan.iyer66@yahoo.com,Active,2021-03-23
5267,Shaurya Nair,52,USA,Sales,137175,26,shaurya.nair67@outlook.com,Inactive,2025-12-14
5268,Shaurya Malik,48,India,IT,155201,16,shaurya.malik68@gmail.com,Inactive,2023-03-08
5269,Muhammad Sharma,29,UK,IT,113812,29,muhammad.sharma69@outlook.com,Inactive,2024-01-12
5270,Sneha Kapoor,42,Germany,Marketing,140468,17,sneha.kapoor70@company.com,Inactive,2023-02-02
5271,Muhammad Iyer,52,Germany,Sales,169572,2,muhammad.iyer71@gmail.com,Inactive,2022-12-21
5272,Riya Verma,25,Germany,Data,86351,27,riya.verma72@gmail.com,Active,2022-04-10
5273,Kavya Mukherjee,43,India,Sales,178618,29,kavya.mukherjee73@company.com,Active,2022-12-07
5274,Neha Verma,25,UK,Data,75526,20,neha.verma74@gmail.com,Inactive,2025-10-22
5275,Diya Sharma,52,Canada,Finance,139374,19,diya.sharma75@outlook.com,Inactive,2022-07-19
5276,Meera Agarwal,30,Canada,HR,35229,21,meera.agarwal76@company.com,Inactive,2021-11-25
5277,Ananya Iyer,59,USA,Marketing,66879,20,ananya.iyer77@yahoo.com,Active,2023-06-21
5278,Diya Mehta,35,India,Data,131654,23,diya.mehta78@company.com,Inactive,2024-06-19
5279,Aarav Chopra,27,UK,Data,170789,20,aarav.chopra79@yahoo.com,Active,2022-06-07
5280,Reyansh Kapoor,49,Germany,Sales,113771,6,reyansh.kapoor80@yahoo.com,Active,2019-08-17
5281,Diya Sharma,23,India,Marketing,40189,7,diya.sharma81@yahoo.com,Inactive,2023-09-02
5282,Vihaan Bansal,39,India,Data,162029,21,vihaan.bansal82@yahoo.com,Inactive,2019-10-10
5283,Neha Ansari,30,UK,Finance,121859,21,neha.ansari83@outlook.com,Inactive,2021-08-22
5284,Aditya Das,48,USA,IT,156383,29,aditya.das84@gmail.com,Inactive,2021-11-24
5285,Riya Patel,49,USA,Data,112508,33,riya.patel85@yahoo.com,Inactive,2025-04-02
5286,Priya Mehta,35,USA,Sales,140498,28,priya.mehta86@yahoo.com,Active,2023-01-09
5287,Neha Sharma,55,Germany,Finance,167937,9,neha.sharma87@yahoo.com,Active,2020-05-30
5288,Arjun Malik,26,Germany,Marketing,156389,4,arjun.malik88@yahoo.com,Inactive,2021-05-19
5289,Krishna Nair,32,UK,Data,170612,33,krishna.nair89@yahoo.com,Inactive,2022-06-06
5290,Aditi Chopra,58,USA,Finance,114132,9,aditi.chopra90@outlook.com,Inactive,2023-11-14
5291,Shaurya Chopra,33,UK,Finance,115922,8,shaurya.chopra91@gmail.com,Inactive,2022-05-01
5292,Priya Khan,49,USA,Finance,99761,31,priya.khan92@gmail.com,Inactive,2021-12-27
5293,Pooja Malik,39,India,Finance,92276,4,pooja.malik93@gmail.com,Active,2021-10-15
5294,Vihaan Agarwal,23,Canada,Finance,138793,34,vihaan.agarwal94@gmail.com,Active,2025-10-01
5295,Kavya Khan,28,Canada,Finance,139389,10,kavya.khan95@company.com,Active,2020-12-08
5296,Arjun Chopra,28,USA,HR,104721,15,arjun.chopra96@yahoo.com,Active,2025-08-15
5297,Priya Sharma,40,UK,Marketing,71994,26,priya.sharma97@yahoo.com,Inactive,2020-12-14
5298,Diya Ansari,24,Germany,IT,125016,19,diya.ansari98@outlook.com,Inactive,2020-04-30
5299,Vihaan Ansari,41,USA,Marketing,153569,0,vihaan.ansari99@yahoo.com,Inactive,2023-06-23
5300,Shaurya Verma,23,USA,Sales,42692,25,shaurya.verma0@yahoo.com,Active,2025-12-01
5301,Arjun Kapoor,28,Germany,Sales,161728,10,arjun.kapoor1@yahoo.com,Active,2019-06-07
5302,Priya Reddy,43,USA,Marketing,169229,14,priya.reddy2@company.com,Inactive,2021-11-07
5303,Vivaan Khan,36,India,Finance,114241,17,vivaan.khan3@company.com,Active,2021-10-31
5304,Muhammad Nair,33,Germany,HR,120016,23,muhammad.nair4@outlook.com,Inactive,2021-01-02
5305,Ishaan Mehta,23,India,IT,127235,27,ishaan.mehta5@outlook.com,Inactive,2020-03-29
5306,Priya Nair,29,Canada,Data,130106,24,priya.nair6@yahoo.com,Inactive,2022-08-28
5307,Pooja Nair,34,Germany,Data,47793,22,pooja.nair7@outlook.com,Inactive,2023-05-23
5308,Arjun Reddy,33,Germany,Finance,121169,10,arjun.reddy8@gmail.com,Active,2018-03-29
5309,Aditi Das,27,UK,Marketing,163929,32,aditi.das9@company.com,Inactive,2022-11-14
5310,Aditi Patel,35,UK,Data,50637,15,aditi.patel10@company.com,Inactive,2018-12-22
5311,Vihaan Mehta,27,Germany,Marketing,120331,22,vihaan.mehta11@gmail.com,Inactive,2020-12-24
5312,Aarav Patel,58,Canada,HR,129058,5,aarav.patel12@yahoo.com,Inactive,2023-07-23
5313,Arjun Chopra,54,USA,HR,109774,23,arjun.chopra13@company.com,Inactive,2021-07-20
5314,Riya Sharma,42,UK,Marketing,165479,5,riya.sharma14@company.com,Active,2024-02-17
5315,Krishna Verma,44,Canada,Finance,144422,9,krishna.verma15@gmail.com,Inactive,2019-10-16
5316,Ananya Bansal,57,Canada,Finance,83179,21,ananya.bansal16@outlook.com,Inactive,2021-10-29
5317,Meera Sharma,21,UK,Finance,156170,22,meera.sharma17@company.com,Active,2019-10-27
5318,Priya Nair,30,USA,Data,175328,4,priya.nair18@gmail.com,Inactive,2024-08-24
5319,Shaurya Iyer,36,UK,IT,89947,27,shaurya.iyer19@company.com,Inactive,2023-09-16
5320,Neha Gupta,28,Canada,IT,166589,8,neha.gupta20@outlook.com,Inactive,2020-01-09
5321,Priya Singh,45,India,Finance,160334,27,priya.singh21@yahoo.com,Inactive,2021-06-29
5322,Meera Patel,32,UK,Marketing,122138,24,meera.patel22@company.com,Inactive,2018-01-11
5323,Riya Khan,45,Canada,HR,49676,26,riya.khan23@gmail.com,Inactive,2018-11-30
5324,Krishna Malik,37,UK,Sales,176853,23,krishna.malik24@company.com,Inactive,2024-10-02
5325,Vihaan Malik,46,Canada,HR,119192,15,vihaan.malik25@gmail.com,Active,2024-04-04
5326,Krishna Bansal,34,USA,HR,135612,1,krishna.bansal26@yahoo.com,Inactive,2020-05-30
5327,Muhammad Nair,56,Canada,Sales,99758,1,muhammad.nair27@company.com,Inactive,2021-12-14
5328,Vihaan Das,43,Germany,Finance,84962,4,vihaan.das28@outlook.com,Inactive,2024-06-13
5329,Meera Khan,26,India,HR,80528,20,meera.khan29@company.com,Active,2019-08-04
5330,Muhammad Roy,25,Canada,Sales,174340,9,muhammad.roy30@company.com,Inactive,2018-06-19
5331,Arjun Singh,45,UK,Data,141212,17,arjun.singh31@gmail.com,Inactive,2022-05-26
5332,Vihaan Patel,38,UK,Marketing,83139,25,vihaan.patel32@outlook.com,Inactive,2022-03-05
5333,Aditi Verma,33,Canada,Marketing,179299,19,aditi.verma33@outlook.com,Active,2025-03-26
5334,Ishaan Ansari,34,Germany,Marketing,78701,20,ishaan.ansari34@yahoo.com,Inactive,2022-03-17
5335,Arjun Bansal,48,Canada,Finance,130238,1,arjun.bansal35@gmail.com,Active,2024-11-04
5336,Aarav Mukherjee,38,USA,HR,106925,32,aarav.mukherjee36@yahoo.com,Active,2019-06-06
5337,Muhammad Gupta,48,Germany,HR,97425,22,muhammad.gupta37@yahoo.com,Inactive,2020-07-29
5338,Vivaan Kapoor,47,Canada,IT,144724,30,vivaan.kapoor38@gmail.com,Inactive,2019-03-16
5339,Priya Das,52,India,Marketing,80229,3,priya.das39@gmail.com,Active,2023-08-09
5340,Shaurya Singh,29,Germany,Finance,120478,2,shaurya.singh40@yahoo.com,Inactive,2024-01-04
5341,Krishna Reddy,52,Canada,Sales,60268,9,krishna.reddy41@outlook.com,Active,2020-06-04
5342,Priya Nair,40,India,Finance,97448,31,priya.nair42@gmail.com,Inactive,2018-10-25
5343,Vivaan Das,48,Canada,HR,177301,26,vivaan.das43@gmail.com,Active,2024-08-14
5344,Priya Verma,53,USA,Marketing,80292,18,priya.verma44@company.com,Active,2025-10-27
5345,Shaurya Mehta,24,UK,IT,41300,0,shaurya.mehta45@outlook.com,Inactive,2020-06-12
5346,Ishaan Chopra,54,Canada,Data,74934,25,ishaan.chopra46@gmail.com,Active,2019-10-22
5347,Ishaan Chopra,23,Germany,Finance,100873,12,ishaan.chopra47@company.com,Inactive,2018-05-04
5348,Priya Singh,46,Canada,IT,179517,34,priya.singh48@company.com,Active,2018-09-05
5349,Ananya Verma,28,Canada,HR,36867,1,ananya.verma49@gmail.com,Active,2022-01-25
5350,Reyansh Verma,26,Canada,Sales,129117,21,reyansh.verma50@yahoo.com,Inactive,2021-11-06
5351,Aarav Verma,36,Canada,Finance,170714,27,aarav.verma51@company.com,Active,2021-02-03
5352,Ananya Ansari,44,Germany,Data,165230,1,ananya.ansari52@gmail.com,Active,2019-11-09
5353,Shaurya Nair,59,Germany,HR,137190,10,shaurya.nair53@yahoo.com,Inactive,2022-01-13
5354,Ishaan Mukherjee,50,Canada,Marketing,43352,25,ishaan.mukherjee54@company.com,Active,2025-03-02
5355,Vihaan Bansal,33,UK,Finance,168108,27,vihaan.bansal55@gmail.com,Active,2024-12-02
5356,Reyansh Malik,25,Canada,IT,49722,25,reyansh.malik56@yahoo.com,Active,2019-04-14
5357,Neha Chopra,45,Germany,Finance,83324,16,neha.chopra57@outlook.com,Active,2024-08-10
5358,Ananya Iyer,40,USA,HR,94085,2,ananya.iyer58@outlook.com,Active,2025-09-06
5359,Vihaan Mehta,38,Canada,HR,143003,13,vihaan.mehta59@yahoo.com,Inactive,2025-09-27
5360,Aarav Ghosh,38,Canada,IT,163501,15,aarav.ghosh60@yahoo.com,Inactive,2020-07-14
5361,Arjun Reddy,22,Canada,Data,126487,27,arjun.reddy61@gmail.com,Inactive,2023-06-07
5362,Diya Chopra,30,Canada,HR,37281,27,diya.chopra62@outlook.com,Active,2023-04-03
5363,Sneha Das,32,India,Finance,131231,24,sneha.das63@outlook.com,Inactive,2018-12-05
5364,Meera Chopra,33,Canada,Data,167673,8,meera.chopra64@yahoo.com,Active,2023-11-12
5365,Krishna Malik,31,Germany,IT,144976,10,krishna.malik65@yahoo.com,Inactive,2018-12-21
5366,Muhammad Roy,39,Germany,HR,167371,20,muhammad.roy66@company.com,Inactive,2020-12-27
5367,Aditi Gupta,55,India,HR,93054,1,aditi.gupta67@yahoo.com,Active,2024-01-06
5368,Vihaan Patel,59,Canada,Finance,130684,33,vihaan.patel68@gmail.com,Inactive,2023-08-15
5369,Meera Mehta,46,UK,HR,148052,12,meera.mehta69@company.com,Active,2018-09-03
5370,Vivaan Roy,34,Canada,Finance,131633,4,vivaan.roy70@yahoo.com,Active,2022-08-27
5371,Muhammad Ansari,44,Germany,Marketing,136185,10,muhammad.ansari71@yahoo.com,Active,2025-09-10
5372,Kavya Mehta,21,USA,Data,151505,28,kavya.mehta72@outlook.com,Active,2020-09-13
5373,Aditya Ghosh,42,USA,Finance,119118,27,aditya.ghosh73@gmail.com,Inactive,2019-10-09
5374,Meera Reddy,43,UK,Sales,169404,27,meera.reddy74@yahoo.com,Active,2019-03-20
5375,Shaurya Nair,39,Canada,HR,144970,4,shaurya.nair75@company.com,Active,2021-04-22
5376,Muhammad Ghosh,38,India,Marketing,98455,19,muhammad.ghosh76@gmail.com,Active,2018-10-14
5377,Arjun Verma,32,Canada,Data,135481,9,arjun.verma77@yahoo.com,Active,2018-07-31
5378,Arjun Ansari,48,UK,IT,73809,31,arjun.ansari78@company.com,Inactive,2020-10-16
5379,Priya Ghosh,48,UK,Sales,130264,28,priya.ghosh79@gmail.com,Active,2025-07-06
5380,Ishaan Ghosh,53,UK,IT,115068,1,ishaan.ghosh80@gmail.com,Inactive,2024-03-14
5381,Diya Chopra,39,USA,Sales,74828,0,diya.chopra81@company.com,Inactive,2020-04-28
5382,Kavya Mehta,48,Canada,Marketing,126181,19,kavya.mehta82@company.com,Active,2023-07-23
5383,Priya Gupta,57,Canada,Data,80329,0,priya.gupta83@yahoo.com,Inactive,2022-02-17
5384,Neha Bansal,46,India,Marketing,50956,3,neha.bansal84@company.com,Active,2018-12-01
5385,Riya Das,55,UK,Marketing,98756,14,riya.das85@outlook.com,Active,2020-06-05
5386,Aarav Khan,54,UK,Sales,138250,29,aarav.khan86@company.com,Active,2022-08-25
5387,Meera Malik,55,Germany,Finance,115604,5,meera.malik87@yahoo.com,Inactive,2018-06-21
5388,Arjun Iyer,36,Germany,Data,122745,0,arjun.iyer88@company.com,Active,2020-05-24
5389,Vivaan Roy,58,USA,IT,97809,6,vivaan.roy89@gmail.com,Inactive,2025-01-10
5390,Vivaan Ansari,33,Canada,Finance,122964,4,vivaan.ansari90@outlook.com,Active,2021-08-23
5391,Aditi Nair,43,India,Finance,39089,6,aditi.nair91@outlook.com,Active,2024-01-10
5392,Pooja Das,42,India,HR,65788,2,pooja.das92@yahoo.com,Active,2019-05-02
5393,Aditya Khan,36,UK,IT,127959,11,aditya.khan93@company.com,Inactive,2022-11-09
5394,Kavya Das,48,India,Sales,114535,14,kavya.das94@yahoo.com,Active,2023-07-21
5395,Aditi Ghosh,55,UK,HR,109478,19,aditi.ghosh95@company.com,Inactive,2019-02-15
5396,Aditi Kapoor,28,Canada,HR,169322,20,aditi.kapoor96@company.com,Active,2021-12-15
5397,Meera Malik,42,India,Marketing,90714,31,meera.malik97@gmail.com,Inactive,2024-06-16
5398,Muhammad Khan,41,UK,Sales,120358,11,muhammad.khan98@yahoo.com,Active,2024-12-09
5399,Aarav Khan,46,Canada,Finance,115037,6,aarav.khan99@company.com,Active,2019-05-15
5400,Sneha Ansari,41,Canada,Data,90509,30,sneha.ansari0@gmail.com,Inactive,2019-07-22
5401,Sneha Sharma,45,UK,Finance,45768,0,sneha.sharma1@outlook.com,Active,2023-11-10
5402,Riya Agarwal,21,UK,Finance,159751,10,riya.agarwal2@outlook.com,Active,2022-08-25
5403,Riya Das,26,USA,Marketing,99684,33,riya.das3@company.com,Active,2019-10-31
5404,Ishaan Iyer,43,Canada,Finance,155834,18,ishaan.iyer4@company.com,Inactive,2024-12-15
5405,Krishna Iyer,43,UK,IT,154678,10,krishna.iyer5@gmail.com,Inactive,2022-09-08
5406,Ishaan Ghosh,43,Canada,Finance,53167,32,ishaan.ghosh6@yahoo.com,Inactive,2021-01-05
5407,Vihaan Khan,52,India,Finance,83505,32,vihaan.khan7@outlook.com,Inactive,2018-02-15
5408,Krishna Verma,50,Germany,IT,40117,7,krishna.verma8@gmail.com,Active,2025-10-23
5409,Pooja Singh,33,Germany,Marketing,75706,7,pooja.singh9@gmail.com,Active,2025-09-07
5410,Shaurya Verma,38,UK,HR,176405,33,shaurya.verma10@outlook.com,Inactive,2022-03-19
5411,Arjun Malik,43,UK,Sales,49922,26,arjun.malik11@outlook.com,Active,2021-09-19
5412,Arjun Malik,35,Canada,Marketing,119053,28,arjun.malik12@gmail.com,Inactive,2025-08-15
5413,Vivaan Singh,53,UK,Finance,92861,13,vivaan.singh13@yahoo.com,Active,2020-01-31
5414,Muhammad Ghosh,41,Canada,HR,37477,33,muhammad.ghosh14@company.com,Inactive,2021-05-23
5415,Vihaan Sharma,59,UK,Sales,121878,0,vihaan.sharma15@company.com,Inactive,2023-10-26
5416,Diya Mukherjee,43,Canada,Sales,41137,8,diya.mukherjee16@outlook.com,Inactive,2023-07-26
5417,Diya Reddy,47,UK,Sales,70644,9,diya.reddy17@outlook.com,Active,2022-02-21
5418,Aditya Ghosh,38,USA,IT,133346,29,aditya.ghosh18@outlook.com,Inactive,2021-06-08
5419,Ishaan Patel,44,Canada,IT,163823,17,ishaan.patel19@outlook.com,Inactive,2023-09-29
5420,Priya Mukherjee,27,USA,HR,174667,16,priya.mukherjee20@company.com,Active,2019-10-23
5421,Shaurya Reddy,40,USA,Finance,81261,5,shaurya.reddy21@outlook.com,Active,2023-11-25
5422,Vivaan Sharma,47,USA,HR,143712,10,vivaan.sharma22@outlook.com,Active,2019-11-29
5423,Diya Singh,26,USA,Finance,123266,23,diya.singh23@outlook.com,Inactive,2024-12-20
5424,Ishaan Khan,47,India,Marketing,140153,32,ishaan.khan24@company.com,Active,2020-10-27
5425,Ishaan Sharma,29,Germany,Sales,172758,32,ishaan.sharma25@yahoo.com,Inactive,2020-04-04
5426,Pooja Roy,51,India,Sales,98039,17,pooja.roy26@yahoo.com,Active,2024-05-28
5427,Vihaan Kapoor,41,UK,IT,94737,4,vihaan.kapoor27@gmail.com,Inactive,2020-09-05
5428,Ishaan Mukherjee,46,UK,Marketing,129649,30,ishaan.mukherjee28@outlook.com,Inactive,2021-09-27
5429,Pooja Ansari,33,Germany,Data,85029,15,pooja.ansari29@outlook.com,Inactive,2021-07-27
5430,Kavya Singh,43,Germany,Marketing,69654,1,kavya.singh30@yahoo.com,Active,2025-01-27
5431,Ananya Malik,40,Germany,Finance,118032,8,ananya.malik31@outlook.com,Inactive,2018-11-08
5432,Muhammad Roy,57,USA,Marketing,107988,1,muhammad.roy32@outlook.com,Inactive,2022-09-21
5433,Aditi Patel,48,India,IT,164694,19,aditi.patel33@company.com,Inactive,2024-12-13
5434,Kavya Singh,37,UK,Finance,61474,16,kavya.singh34@company.com,Active,2023-10-26
5435,Priya Chopra,48,India,HR,132409,24,priya.chopra35@company.com,Active,2023-12-12
5436,Arjun Nair,22,India,Finance,156483,18,arjun.nair36@outlook.com,Active,2020-08-23
5437,Aditya Nair,45,India,HR,49426,7,aditya.nair37@yahoo.com,Inactive,2024-05-20
5438,Reyansh Agarwal,26,Germany,Data,161689,10,reyansh.agarwal38@outlook.com,Inactive,2025-12-02
5439,Reyansh Khan,31,Germany,Finance,65541,12,reyansh.khan39@company.com,Active,2024-12-04
5440,Muhammad Roy,58,UK,Sales,155646,12,muhammad.roy40@company.com,Inactive,2021-06-01
5441,Neha Khan,26,UK,Data,109916,8,neha.khan41@outlook.com,Active,2021-01-06
5442,Shaurya Sharma,31,UK,HR,160475,4,shaurya.sharma42@outlook.com,Active,2025-04-09
5443,Shaurya Khan,34,India,IT,112340,17,shaurya.khan43@outlook.com,Active,2019-07-11
5444,Reyansh Kapoor,22,Germany,Data,126092,13,reyansh.kapoor44@yahoo.com,Active,2023-10-18
5445,Meera Ansari,23,USA,Data,171037,33,meera.ansari45@outlook.com,Active,2021-01-27
5446,Aditya Patel,55,India,Data,157400,21,aditya.patel46@gmail.com,Active,2023-10-17
5447,Aditya Bansal,53,Canada,HR,102468,32,aditya.bansal47@outlook.com,Active,2023-10-27
5448,Krishna Agarwal,44,India,HR,49213,23,krishna.agarwal48@outlook.com,Inactive,2018-03-16
5449,Aditi Mehta,39,Germany,Finance,59839,28,aditi.mehta49@outlook.com,Inactive,2023-02-18
5450,Riya Patel,38,Canada,Sales,65325,12,riya.patel50@gmail.com,Active,2019-05-29
5451,Aarav Mukherjee,44,India,Data,126583,26,aarav.mukherjee51@gmail.com,Inactive,2020-09-20
5452,Vihaan Kapoor,55,Germany,Finance,45207,0,vihaan.kapoor52@yahoo.com,Active,2023-04-07
5453,Aditi Sharma,21,Germany,Finance,130971,6,aditi.sharma53@gmail.com,Inactive,2021-01-15
5454,Vihaan Sharma,56,USA,Sales,138318,3,vihaan.sharma54@gmail.com,Active,2022-11-21
5455,Vivaan Patel,45,India,Finance,52684,9,vivaan.patel55@company.com,Inactive,2020-02-05
5456,Krishna Gupta,54,Germany,Sales,38373,34,krishna.gupta56@outlook.com,Active,2022-05-20
5457,Ishaan Patel,45,UK,IT,125685,15,ishaan.patel57@outlook.com,Inactive,2020-12-01
5458,Meera Sharma,36,Germany,Sales,143033,26,meera.sharma58@outlook.com,Active,2018-05-14
5459,Aarav Mehta,54,USA,Marketing,134687,19,aarav.mehta59@yahoo.com,Active,2025-11-14
5460,Pooja Reddy,49,Germany,Sales,50178,9,pooja.reddy60@yahoo.com,Inactive,2025-03-25
5461,Aditya Ansari,39,India,Sales,60956,32,aditya.ansari61@outlook.com,Active,2023-03-15
5462,Arjun Nair,43,India,Marketing,153225,6,arjun.nair62@outlook.com,Active,2025-07-02
5463,Sneha Agarwal,39,Canada,Sales,75692,21,sneha.agarwal63@yahoo.com,Active,2025-11-16
5464,Reyansh Iyer,45,India,HR,79119,16,reyansh.iyer64@company.com,Inactive,2023-07-25
5465,Ananya Nair,36,Canada,Finance,126635,8,ananya.nair65@gmail.com,Inactive,2019-06-15
5466,Arjun Singh,29,UK,Finance,39991,9,arjun.singh66@outlook.com,Inactive,2018-03-11
5467,Vivaan Ghosh,21,USA,IT,40202,30,vivaan.ghosh67@gmail.com,Inactive,2019-03-10
5468,Ishaan Ghosh,39,UK,IT,162492,30,ishaan.ghosh68@company.com,Inactive,2021-04-27
5469,Vihaan Sharma,53,Canada,Marketing,55316,4,vihaan.sharma69@yahoo.com,Active,2022-06-18
5470,Vivaan Mehta,54,Germany,HR,64695,17,vivaan.mehta70@yahoo.com,Active,2023-12-21
5471,Pooja Iyer,36,Germany,IT,169694,5,pooja.iyer71@gmail.com,Inactive,2018-03-08
5472,Vihaan Das,38,UK,Finance,150152,27,vihaan.das72@yahoo.com,Inactive,2023-06-03
5473,Priya Patel,54,Germany,IT,92132,23,priya.patel73@yahoo.com,Inactive,2025-10-25
5474,Aarav Singh,45,Canada,IT,36610,4,aarav.singh74@yahoo.com,Active,2024-03-28
5475,Aarav Singh,26,USA,Sales,161092,27,aarav.singh75@outlook.com,Active,2019-10-30
5476,Priya Kapoor,41,India,IT,130862,2,priya.kapoor76@company.com,Inactive,2018-05-30
5477,Arjun Chopra,26,Canada,Marketing,37602,17,arjun.chopra77@gmail.com,Inactive,2021-02-06
5478,Shaurya Singh,52,Canada,Finance,127295,3,shaurya.singh78@company.com,Inactive,2021-12-23
5479,Aditi Mehta,59,India,Marketing,90625,31,aditi.mehta79@yahoo.com,Active,2020-03-29
5480,Neha Khan,51,India,Marketing,120720,31,neha.khan80@company.com,Inactive,2019-09-07
5481,Vihaan Singh,30,USA,Data,141464,18,vihaan.singh81@gmail.com,Inactive,2021-01-09
5482,Vihaan Iyer,50,USA,HR,115934,28,vihaan.iyer82@outlook.com,Active,2022-06-30
5483,Diya Gupta,38,USA,Data,50903,32,diya.gupta83@outlook.com,Inactive,2023-01-17
5484,Meera Reddy,44,Germany,Data,177381,1,meera.reddy84@gmail.com,Inactive,2019-06-24
5485,Vihaan Chopra,29,Canada,Sales,43070,10,vihaan.chopra85@gmail.com,Inactive,2022-11-21
5486,Aditya Verma,51,India,Marketing,156378,32,aditya.verma86@gmail.com,Active,2023-07-27
5487,Meera Patel,35,Canada,HR,68217,0,meera.patel87@company.com,Active,2022-12-27
5488,Reyansh Bansal,24,Canada,Finance,164301,16,reyansh.bansal88@yahoo.com,Active,2019-04-20
5489,Riya Reddy,29,USA,Finance,129961,15,riya.reddy89@outlook.com,Active,2024-04-20
5490,Meera Khan,29,USA,HR,96305,1,meera.khan90@outlook.com,Inactive,2024-12-15
5491,Priya Patel,46,Canada,Marketing,50106,3,priya.patel91@outlook.com,Active,2025-06-05
5492,Shaurya Mukherjee,24,USA,Marketing,68837,31,shaurya.mukherjee92@outlook.com,Active,2025-03-03
5493,Shaurya Chopra,37,Germany,Sales,39017,6,shaurya.chopra93@company.com,Active,2025-10-20
5494,Vihaan Malik,36,India,Sales,64420,28,vihaan.malik94@outlook.com,Active,2021-06-02
5495,Neha Chopra,35,Canada,Data,136123,8,neha.chopra95@outlook.com,Inactive,2024-10-13
5496,Ishaan Gupta,55,India,Finance,48582,34,ishaan.gupta96@company.com,Active,2025-10-24
5497,Aarav Patel,25,Germany,Sales,114403,4,aarav.patel97@company.com,Active,2022-02-11
5498,Arjun Reddy,25,USA,HR,142686,20,arjun.reddy98@company.com,Active,2023-11-27
5499,Arjun Kapoor,40,UK,Finance,116483,16,arjun.kapoor99@company.com,Active,2021-10-28
5500,Kavya Nair,35,Germany,Marketing,112468,13,kavya.nair0@outlook.com,Active,2025-09-04
5501,Aditya Mehta,38,UK,Finance,177057,31,aditya.mehta1@outlook.com,Inactive,2018-10-05
5502,Sneha Bansal,22,India,IT,172447,14,sneha.bansal2@gmail.com,Active,2021-04-29
5503,Ishaan Patel,49,Canada,Finance,50805,20,ishaan.patel3@company.com,Active,2025-06-07
5504,Aditya Reddy,33,USA,Sales,52107,13,aditya.reddy4@gmail.com,Inactive,2020-11-10
5505,Arjun Khan,24,Germany,HR,108071,15,arjun.khan5@company.com,Active,2022-08-26
5506,Aditi Chopra,30,USA,Marketing,41846,0,aditi.chopra6@company.com,Inactive,2018-09-07
5507,Ananya Nair,51,UK,Marketing,104685,17,ananya.nair7@yahoo.com,Inactive,2019-07-13
5508,Priya Nair,28,UK,Sales,64925,33,priya.nair8@company.com,Inactive,2022-05-05
5509,Priya Mukherjee,23,Canada,Sales,88989,25,priya.mukherjee9@gmail.com,Inactive,2022-08-01
5510,Ananya Patel,29,UK,Sales,148333,20,ananya.patel10@company.com,Inactive,2024-05-20
5511,Krishna Kapoor,50,Canada,IT,103748,0,krishna.kapoor11@gmail.com,Inactive,2020-01-14
5512,Priya Ghosh,31,Germany,HR,131080,26,priya.ghosh12@outlook.com,Active,2025-06-21
5513,Neha Ghosh,55,Canada,IT,132601,10,neha.ghosh13@yahoo.com,Inactive,2020-09-19
5514,Pooja Nair,57,UK,Sales,127601,13,pooja.nair14@gmail.com,Active,2022-09-21
5515,Pooja Ghosh,33,India,HR,57694,27,pooja.ghosh15@outlook.com,Inactive,2022-05-06
5516,Krishna Kapoor,56,Canada,Sales,172114,26,krishna.kapoor16@company.com,Active,2025-01-11
5517,Aditya Roy,33,USA,HR,174085,21,aditya.roy17@gmail.com,Inactive,2020-01-11
5518,Priya Das,32,India,Marketing,66285,20,priya.das18@yahoo.com,Active,2023-03-21
5519,Sneha Singh,57,Canada,IT,77446,23,sneha.singh19@yahoo.com,Inactive,2025-08-24
5520,Aditya Singh,30,USA,Data,87679,18,aditya.singh20@outlook.com,Active,2024-10-28
5521,Diya Sharma,29,India,Sales,125184,23,diya.sharma21@yahoo.com,Active,2019-02-21
5522,Muhammad Sharma,27,Canada,Sales,38754,25,muhammad.sharma22@outlook.com,Active,2025-01-22
5523,Diya Ghosh,22,Germany,Finance,46187,24,diya.ghosh23@yahoo.com,Inactive,2024-11-14
5524,Neha Patel,43,USA,Data,149311,28,neha.patel24@gmail.com,Active,2021-03-11
5525,Vihaan Verma,59,Germany,Marketing,101082,9,vihaan.verma25@gmail.com,Inactive,2020-03-14
5526,Diya Chopra,59,UK,Sales,140654,10,diya.chopra26@company.com,Active,2018-04-26
5527,Arjun Iyer,41,Canada,IT,146693,23,arjun.iyer27@yahoo.com,Inactive,2022-04-19
5528,Kavya Patel,43,Canada,Marketing,135272,23,kavya.patel28@gmail.com,Inactive,2023-09-11
5529,Pooja Bansal,49,USA,Sales,39516,11,pooja.bansal29@outlook.com,Active,2018-10-25
5530,Krishna Ansari,34,Canada,IT,101795,6,krishna.ansari30@company.com,Active,2023-03-26
5531,Krishna Verma,46,UK,Finance,58376,16,krishna.verma31@yahoo.com,Inactive,2020-02-21
5532,Arjun Mehta,25,Canada,Finance,124676,34,arjun.mehta32@gmail.com,Inactive,2019-02-16
5533,Arjun Kapoor,51,India,IT,119853,5,arjun.kapoor33@company.com,Inactive,2019-09-18
5534,Aarav Bansal,45,Germany,Marketing,103045,11,aarav.bansal34@company.com,Active,2019-02-27
5535,Diya Verma,51,UK,IT,79968,14,diya.verma35@yahoo.com,Active,2021-01-22
5536,Vihaan Roy,40,UK,Data,178336,31,vihaan.roy36@outlook.com,Active,2019-06-27
5537,Aditya Nair,37,Germany,IT,162560,22,aditya.nair37@company.com,Active,2024-01-09
5538,Meera Khan,22,Germany,Finance,61365,6,meera.khan38@company.com,Active,2020-01-25
5539,Aarav Patel,45,UK,Finance,98913,30,aarav.patel39@company.com,Active,2025-11-25
5540,Diya Patel,33,Germany,Finance,131100,28,diya.patel40@outlook.com,Active,2019-06-20
5541,Aditya Singh,59,USA,Data,91350,27,aditya.singh41@yahoo.com,Inactive,2024-03-15
5542,Aditya Sharma,48,Germany,Sales,51588,11,aditya.sharma42@gmail.com,Inactive,2021-10-09
5543,Sneha Bansal,26,India,Data,165804,26,sneha.bansal43@company.com,Active,2021-01-28
5544,Arjun Khan,23,India,Sales,128606,3,arjun.khan44@outlook.com,Active,2019-02-25
5545,Neha Patel,55,USA,Data,107585,20,neha.patel45@gmail.com,Active,2024-10-12
5546,Riya Iyer,38,Germany,HR,91989,8,riya.iyer46@gmail.com,Inactive,2024-06-20
5547,Neha Bansal,31,India,Sales,39737,33,neha.bansal47@outlook.com,Inactive,2018-11-11
5548,Ananya Agarwal,40,Canada,Marketing,85257,20,ananya.agarwal48@company.com,Active,2023-11-08
5549,Aarav Iyer,25,Germany,Marketing,116563,22,aarav.iyer49@outlook.com,Inactive,2021-11-19
5550,Vihaan Patel,39,USA,Finance,45015,23,vihaan.patel50@yahoo.com,Active,2024-10-22
5551,Vivaan Verma,42,Germany,Data,94991,9,vivaan.verma51@company.com,Inactive,2021-06-28
5552,Meera Khan,39,UK,IT,71965,5,meera.khan52@yahoo.com,Active,2022-05-20
5553,Riya Khan,36,UK,Finance,149776,20,riya.khan53@company.com,Inactive,2021-06-13
5554,Aarav Kapoor,44,India,IT,98386,28,aarav.kapoor54@gmail.com,Active,2025-03-02
5555,Priya Agarwal,24,UK,Data,162583,20,priya.agarwal55@yahoo.com,Inactive,2018-04-10
5556,Pooja Malik,35,USA,Finance,143702,21,pooja.malik56@company.com,Inactive,2020-06-09
5557,Sneha Das,45,India,Finance,87337,34,sneha.das57@yahoo.com,Active,2020-03-22
5558,Shaurya Singh,55,USA,Marketing,47573,4,shaurya.singh58@yahoo.com,Active,2020-09-24
5559,Priya Khan,34,USA,IT,52248,14,priya.khan59@company.com,Active,2021-11-22
5560,Ishaan Gupta,39,UK,HR,141550,18,ishaan.gupta60@outlook.com,Inactive,2018-09-02
5561,Riya Kapoor,58,UK,HR,154359,15,riya.kapoor61@gmail.com,Active,2023-10-01
5562,Arjun Ansari,56,USA,Finance,127192,22,arjun.ansari62@outlook.com,Active,2024-01-19
5563,Aditi Mukherjee,27,UK,Data,51941,3,aditi.mukherjee63@company.com,Active,2023-12-10
5564,Vivaan Singh,50,UK,Finance,113554,20,vivaan.singh64@yahoo.com,Active,2020-10-10
5565,Aditi Khan,39,UK,Marketing,179160,23,aditi.khan65@gmail.com,Inactive,2022-12-09
5566,Pooja Mukherjee,45,Germany,IT,121211,25,pooja.mukherjee66@yahoo.com,Active,2018-10-21
5567,Aditya Agarwal,36,USA,Finance,51124,1,aditya.agarwal67@company.com,Active,2018-09-03
5568,Neha Reddy,28,Canada,Data,38819,7,neha.reddy68@gmail.com,Inactive,2021-04-22
5569,Aditi Kapoor,38,USA,HR,130822,8,aditi.kapoor69@yahoo.com,Active,2024-07-21
5570,Reyansh Verma,48,India,IT,46164,1,reyansh.verma70@yahoo.com,Active,2022-06-28
5571,Diya Bansal,36,UK,Finance,67701,13,diya.bansal71@gmail.com,Active,2025-04-02
5572,Muhammad Malik,39,UK,IT,150295,19,muhammad.malik72@yahoo.com,Active,2025-04-02
5573,Vihaan Mehta,37,Canada,Marketing,142747,1,vihaan.mehta73@outlook.com,Active,2023-09-15
5574,Aditya Chopra,33,India,HR,71603,3,aditya.chopra74@outlook.com,Active,2020-11-05
5575,Meera Reddy,27,Germany,Data,157857,34,meera.reddy75@company.com,Active,2024-03-03
5576,Aarav Singh,47,USA,IT,39235,13,aarav.singh76@company.com,Inactive,2022-02-26
5577,Shaurya Khan,30,Germany,HR,159558,20,shaurya.khan77@yahoo.com,Inactive,2025-06-14
5578,Pooja Mehta,54,India,Finance,47015,14,pooja.mehta78@outlook.com,Active,2025-07-22
5579,Aditya Ansari,56,Canada,Data,49601,19,aditya.ansari79@outlook.com,Active,2020-09-13
5580,Meera Sharma,45,India,Data,42509,5,meera.sharma80@outlook.com,Inactive,2024-10-06
5581,Shaurya Ansari,26,Canada,Sales,75975,27,shaurya.ansari81@outlook.com,Active,2020-08-17
5582,Pooja Ansari,44,Germany,IT,76520,1,pooja.ansari82@yahoo.com,Inactive,2024-03-02
5583,Vivaan Singh,38,Germany,HR,70693,27,vivaan.singh83@company.com,Inactive,2018-06-06
5584,Ishaan Gupta,43,India,IT,61959,33,ishaan.gupta84@gmail.com,Active,2021-12-09
5585,Sneha Roy,26,India,Finance,35909,13,sneha.roy85@outlook.com,Inactive,2020-04-10
5586,Vivaan Roy,49,UK,Finance,115041,8,vivaan.roy86@gmail.com,Inactive,2018-10-26
5587,Neha Verma,45,Canada,Data,138312,22,neha.verma87@outlook.com,Active,2018-01-19
5588,Vivaan Reddy,37,UK,Data,166190,34,vivaan.reddy88@gmail.com,Active,2022-03-03
5589,Aditya Iyer,44,USA,HR,103649,21,aditya.iyer89@gmail.com,Active,2023-12-26
5590,Aarav Chopra,31,USA,Marketing,144556,4,aarav.chopra90@yahoo.com,Active,2019-12-01
5591,Shaurya Kapoor,46,India,IT,139457,28,shaurya.kapoor91@yahoo.com,Active,2018-02-12
5592,Riya Ansari,54,Germany,IT,115301,34,riya.ansari92@yahoo.com,Active,2024-06-09
5593,Ananya Kapoor,48,USA,Finance,53480,33,ananya.kapoor93@outlook.com,Active,2024-06-01
5594,Diya Patel,23,USA,IT,42944,3,diya.patel94@yahoo.com,Active,2019-09-17
5595,Vihaan Reddy,31,UK,HR,70022,8,vihaan.reddy95@gmail.com,Active,2024-08-13
5596,Priya Das,58,UK,Sales,125625,13,priya.das96@gmail.com,Active,2021-02-26
5597,Vihaan Das,34,USA,Data,83707,4,vihaan.das97@gmail.com,Active,2021-07-22
5598,Arjun Sharma,46,India,Finance,63708,26,arjun.sharma98@outlook.com,Inactive,2019-01-11
5599,Sneha Kapoor,41,UK,Data,93823,10,sneha.kapoor99@company.com,Inactive,2021-01-16
5600,Neha Roy,59,USA,Data,73399,29,neha.roy0@company.com,Inactive,2020-08-21
5601,Vivaan Iyer,50,Germany,Data,159420,33,vivaan.iyer1@outlook.com,Active,2024-03-13
5602,Reyansh Patel,28,UK,Sales,153431,23,reyansh.patel2@outlook.com,Active,2021-10-14
5603,Kavya Gupta,40,USA,IT,55838,15,kavya.gupta3@outlook.com,Inactive,2020-05-01
5604,Aditya Singh,52,Canada,Marketing,79035,29,aditya.singh4@yahoo.com,Inactive,2022-02-13
5605,Muhammad Patel,42,UK,Data,65294,23,muhammad.patel5@company.com,Inactive,2021-07-31
5606,Reyansh Das,27,Canada,HR,163557,2,reyansh.das6@yahoo.com,Inactive,2023-01-11
5607,Riya Mukherjee,29,UK,Data,109233,28,riya.mukherjee7@outlook.com,Inactive,2019-04-28
5608,Riya Reddy,21,UK,Data,171700,11,riya.reddy8@outlook.com,Inactive,2020-11-13
5609,Kavya Patel,49,Canada,IT,138217,26,kavya.patel9@yahoo.com,Active,2020-12-03
5610,Ananya Iyer,28,India,HR,145367,28,ananya.iyer10@company.com,Inactive,2024-08-30
5611,Diya Mukherjee,24,USA,IT,105254,1,diya.mukherjee11@company.com,Inactive,2020-07-07
5612,Priya Verma,55,India,Data,54060,28,priya.verma12@company.com,Active,2024-12-03
5613,Aditi Singh,23,India,IT,166168,8,aditi.singh13@gmail.com,Active,2023-10-27
5614,Muhammad Mukherjee,27,USA,IT,118883,27,muhammad.mukherjee14@outlook.com,Inactive,2024-06-23
5615,Meera Gupta,47,Germany,Finance,130932,22,meera.gupta15@outlook.com,Active,2023-12-31
5616,Arjun Roy,21,India,Sales,157455,12,arjun.roy16@outlook.com,Inactive,2019-05-31
5617,Neha Mehta,47,India,Marketing,46058,4,neha.mehta17@company.com,Inactive,2021-05-20
5618,Aarav Patel,36,India,Sales,178290,31,aarav.patel18@company.com,Active,2023-08-10
5619,Shaurya Ghosh,58,Germany,Sales,95325,27,shaurya.ghosh19@gmail.com,Active,2023-04-02
5620,Aditya Nair,27,UK,HR,125540,14,aditya.nair20@yahoo.com,Active,2022-12-28
5621,Vihaan Agarwal,43,Canada,Finance,81622,23,vihaan.agarwal21@yahoo.com,Inactive,2023-01-25
5622,Ananya Khan,31,Canada,Finance,79741,31,ananya.khan22@gmail.com,Inactive,2022-10-01
5623,Shaurya Khan,53,Germany,IT,81908,20,shaurya.khan23@company.com,Active,2022-03-17
5624,Aditya Malik,56,India,Sales,151455,4,aditya.malik24@gmail.com,Inactive,2024-06-30
5625,Sneha Chopra,57,Canada,Marketing,138468,27,sneha.chopra25@company.com,Inactive,2022-03-30
5626,Diya Gupta,37,Germany,HR,126628,31,diya.gupta26@gmail.com,Active,2021-05-30
5627,Aditya Khan,55,USA,Finance,101875,22,aditya.khan27@outlook.com,Active,2024-12-08
5628,Kavya Malik,25,Canada,IT,83316,15,kavya.malik28@yahoo.com,Inactive,2022-12-20
5629,Neha Malik,52,USA,Marketing,178358,9,neha.malik29@yahoo.com,Inactive,2021-02-05
5630,Kavya Patel,23,India,Sales,98539,28,kavya.patel30@company.com,Active,2024-12-09
5631,Vihaan Roy,55,Canada,Marketing,64235,26,vihaan.roy31@yahoo.com,Active,2019-01-05
5632,Neha Verma,34,Germany,Finance,60552,34,neha.verma32@company.com,Active,2025-05-01
5633,Diya Iyer,51,UK,HR,48629,23,diya.iyer33@yahoo.com,Active,2019-01-28
5634,Aditi Bansal,51,Canada,Sales,81489,22,aditi.bansal34@company.com,Active,2018-04-29
5635,Meera Patel,37,Canada,HR,139770,2,meera.patel35@gmail.com,Inactive,2022-11-09
5636,Kavya Chopra,44,Canada,Data,130461,13,kavya.chopra36@yahoo.com,Active,2018-12-20
5637,Riya Mukherjee,43,Canada,Marketing,138767,3,riya.mukherjee37@company.com,Inactive,2020-02-05
5638,Ananya Chopra,38,Germany,Marketing,178915,31,ananya.chopra38@company.com,Inactive,2023-05-05
5639,Aditya Bansal,34,Germany,IT,132571,19,aditya.bansal39@yahoo.com,Inactive,2022-04-30
5640,Riya Agarwal,35,UK,Sales,58988,16,riya.agarwal40@company.com,Inactive,2022-07-20
5641,Ishaan Verma,35,Germany,Marketing,150958,28,ishaan.verma41@outlook.com,Active,2022-07-29
5642,Meera Verma,26,Germany,Finance,133219,31,meera.verma42@outlook.com,Inactive,2020-12-23
5643,Krishna Ghosh,47,India,Data,68301,3,krishna.ghosh43@gmail.com,Inactive,2024-04-24
5644,Aarav Patel,35,India,Finance,115513,23,aarav.patel44@company.com,Active,2021-09-02
5645,Vihaan Iyer,56,USA,HR,174023,1,vihaan.iyer45@outlook.com,Inactive,2023-08-27
5646,Aditi Khan,28,UK,Data,126607,13,aditi.khan46@outlook.com,Active,2018-10-09
5647,Sneha Kapoor,35,India,Data,110101,33,sneha.kapoor47@company.com,Active,2025-02-13
5648,Aditya Singh,23,UK,Finance,63715,1,aditya.singh48@gmail.com,Active,2024-10-25
5649,Aditi Agarwal,33,UK,Marketing,87975,5,aditi.agarwal49@gmail.com,Inactive,2024-08-10
5650,Aditya Chopra,54,Canada,Finance,72109,21,aditya.chopra50@gmail.com,Inactive,2024-07-30
5651,Kavya Agarwal,44,UK,Sales,111870,4,kavya.agarwal51@outlook.com,Inactive,2021-12-07
5652,Pooja Agarwal,52,Canada,HR,149372,21,pooja.agarwal52@company.com,Inactive,2020-03-26
5653,Vihaan Gupta,52,USA,Data,160085,10,vihaan.gupta53@gmail.com,Inactive,2020-09-24
5654,Reyansh Mehta,50,USA,Sales,54369,30,reyansh.mehta54@company.com,Active,2018-08-20
5655,Aditi Bansal,33,USA,Marketing,145150,28,aditi.bansal55@company.com,Active,2022-01-24
5656,Muhammad Kapoor,21,Canada,Marketing,95216,32,muhammad.kapoor56@outlook.com,Inactive,2022-01-18
5657,Ananya Gupta,54,Canada,Finance,148886,21,ananya.gupta57@gmail.com,Inactive,2019-01-24
5658,Ananya Reddy,35,USA,IT,99305,26,ananya.reddy58@gmail.com,Inactive,2021-08-24
5659,Meera Nair,34,Canada,Data,53506,7,meera.nair59@company.com,Inactive,2021-07-04
5660,Muhammad Nair,49,Germany,Data,107232,5,muhammad.nair60@yahoo.com,Active,2024-08-18
5661,Vihaan Malik,54,Germany,IT,38981,24,vihaan.malik61@yahoo.com,Inactive,2024-02-18
5662,Kavya Verma,38,Canada,Marketing,117391,33,kavya.verma62@yahoo.com,Inactive,2021-11-06
5663,Pooja Patel,27,Canada,Marketing,54789,8,pooja.patel63@company.com,Inactive,2023-03-03
5664,Neha Patel,49,India,Data,166380,30,neha.patel64@company.com,Inactive,2023-12-23
5665,Muhammad Reddy,51,India,HR,128046,18,muhammad.reddy65@yahoo.com,Inactive,2018-06-28
5666,Sneha Verma,45,UK,Data,129908,0,sneha.verma66@yahoo.com,Active,2024-03-19
5667,Meera Kapoor,58,UK,Marketing,61497,23,meera.kapoor67@company.com,Active,2019-07-05
5668,Vivaan Chopra,34,UK,Marketing,131060,33,vivaan.chopra68@company.com,Active,2023-07-25
5669,Priya Nair,28,USA,HR,179438,16,priya.nair69@yahoo.com,Inactive,2019-07-10
5670,Muhammad Verma,47,Germany,Sales,72649,33,muhammad.verma70@yahoo.com,Inactive,2021-08-29
5671,Muhammad Sharma,22,USA,Sales,121117,34,muhammad.sharma71@yahoo.com,Active,2020-03-19
5672,Priya Malik,37,Canada,HR,59105,12,priya.malik72@company.com,Active,2022-08-11
5673,Ishaan Khan,57,India,HR,54843,24,ishaan.khan73@yahoo.com,Inactive,2022-04-07
5674,Aditya Patel,34,Canada,Sales,145250,11,aditya.patel74@gmail.com,Inactive,2018-06-06
5675,Aditya Malik,45,Canada,Sales,161000,20,aditya.malik75@outlook.com,Active,2023-01-12
5676,Aditi Gupta,50,India,Sales,141643,0,aditi.gupta76@yahoo.com,Active,2022-01-15
5677,Shaurya Agarwal,49,Canada,Sales,155606,5,shaurya.agarwal77@company.com,Active,2023-08-13
5678,Priya Das,40,UK,Data,165258,10,priya.das78@company.com,Active,2018-07-20
5679,Muhammad Malik,41,India,Data,56457,15,muhammad.malik79@yahoo.com,Inactive,2021-09-08
5680,Reyansh Verma,42,Canada,Finance,85222,21,reyansh.verma80@gmail.com,Active,2018-12-11
5681,Aditya Bansal,55,UK,HR,128857,10,aditya.bansal81@gmail.com,Active,2024-09-29
5682,Ananya Iyer,57,UK,IT,121245,25,ananya.iyer82@gmail.com,Inactive,2023-11-15
5683,Reyansh Ansari,36,Germany,Finance,103907,25,reyansh.ansari83@company.com,Active,2023-06-25
5684,Diya Bansal,37,UK,IT,35157,20,diya.bansal84@company.com,Inactive,2019-09-13
5685,Neha Nair,36,USA,IT,116568,25,neha.nair85@yahoo.com,Active,2025-08-19
5686,Pooja Khan,22,India,Marketing,93266,14,pooja.khan86@company.com,Active,2022-11-13
5687,Priya Chopra,24,India,HR,169390,34,priya.chopra87@outlook.com,Inactive,2025-02-01
5688,Sneha Kapoor,41,India,Data,156399,10,sneha.kapoor88@yahoo.com,Active,2021-10-14
5689,Aarav Ghosh,59,Canada,Finance,140525,8,aarav.ghosh89@gmail.com,Inactive,2020-05-28
5690,Meera Ansari,54,Canada,HR,109493,22,meera.ansari90@yahoo.com,Inactive,2021-02-06
5691,Aditya Roy,50,USA,Sales,103148,3,aditya.roy91@gmail.com,Active,2025-01-14
5692,Meera Patel,26,UK,HR,178092,29,meera.patel92@company.com,Inactive,2020-08-12
5693,Ananya Reddy,37,Canada,IT,113309,27,ananya.reddy93@company.com,Inactive,2023-11-13
5694,Aarav Patel,59,UK,Data,65247,24,aarav.patel94@yahoo.com,Inactive,2018-05-12
5695,Kavya Patel,45,UK,Sales,35443,21,kavya.patel95@yahoo.com,Active,2019-08-28
5696,Neha Reddy,25,Canada,HR,73741,24,neha.reddy96@yahoo.com,Inactive,2019-07-20
5697,Vihaan Bansal,25,Canada,HR,37910,25,vihaan.bansal97@gmail.com,Active,2021-11-01
5698,Ishaan Das,40,USA,Data,79169,28,ishaan.das98@outlook.com,Inactive,2018-09-15
5699,Aarav Agarwal,36,Germany,IT,135105,31,aarav.agarwal99@outlook.com,Inactive,2025-12-03
5700,Arjun Agarwal,57,India,Sales,52309,25,arjun.agarwal0@yahoo.com,Inactive,2024-06-09
5701,Sneha Mehta,29,Canada,IT,129499,27,sneha.mehta1@yahoo.com,Inactive,2024-12-23
5702,Vivaan Ansari,25,Canada,Data,130441,19,vivaan.ansari2@yahoo.com,Inactive,2025-03-12
5703,Muhammad Bansal,22,UK,HR,149360,1,muhammad.bansal3@gmail.com,Inactive,2024-02-16
5704,Pooja Khan,29,Germany,Finance,93095,22,pooja.khan4@company.com,Active,2022-07-22
5705,Meera Kapoor,56,Canada,Finance,37922,4,meera.kapoor5@yahoo.com,Active,2023-03-01
5706,Muhammad Chopra,42,Germany,Marketing,93006,20,muhammad.chopra6@gmail.com,Active,2018-12-05
5707,Muhammad Ansari,42,India,Finance,62771,21,muhammad.ansari7@outlook.com,Inactive,2023-08-29
5708,Sneha Sharma,42,UK,Data,175848,10,sneha.sharma8@outlook.com,Active,2022-09-04
5709,Diya Chopra,54,USA,Data,72772,29,diya.chopra9@outlook.com,Inactive,2024-09-28
5710,Aarav Iyer,49,India,Data,88371,27,aarav.iyer10@company.com,Active,2023-10-11
5711,Shaurya Das,58,Germany,Sales,157947,16,shaurya.das11@company.com,Inactive,2020-06-29
5712,Vihaan Nair,53,Germany,Marketing,110494,20,vihaan.nair12@gmail.com,Active,2023-10-16
5713,Kavya Bansal,38,India,Sales,171647,24,kavya.bansal13@outlook.com,Active,2019-12-24
5714,Priya Chopra,27,Germany,Finance,163345,23,priya.chopra14@yahoo.com,Active,2020-05-03
5715,Diya Ghosh,21,USA,Finance,86105,29,diya.ghosh15@company.com,Active,2018-06-24
5716,Priya Das,53,USA,HR,86720,34,priya.das16@gmail.com,Inactive,2021-11-05
5717,Ananya Mehta,21,Germany,Sales,147498,20,ananya.mehta17@gmail.com,Inactive,2019-06-03
5718,Reyansh Agarwal,44,Germany,IT,89080,5,reyansh.agarwal18@company.com,Inactive,2020-06-15
5719,Priya Chopra,24,USA,HR,116393,20,priya.chopra19@gmail.com,Active,2018-08-21
5720,Reyansh Ghosh,24,Germany,Sales,67309,7,reyansh.ghosh20@outlook.com,Inactive,2025-07-21
5721,Meera Khan,38,Canada,Data,162984,4,meera.khan21@company.com,Inactive,2019-06-18
5722,Pooja Bansal,47,UK,Marketing,68368,9,pooja.bansal22@outlook.com,Active,2025-08-20
5723,Aditi Iyer,52,Canada,Sales,128278,30,aditi.iyer23@gmail.com,Active,2020-04-04
5724,Priya Iyer,53,Germany,Marketing,112670,29,priya.iyer24@yahoo.com,Active,2018-05-05
5725,Meera Mehta,48,Germany,Marketing,160689,20,meera.mehta25@yahoo.com,Active,2019-11-29
5726,Aditya Mehta,56,UK,Finance,163450,26,aditya.mehta26@outlook.com,Inactive,2020-11-27
5727,Aditya Sharma,26,Germany,IT,46580,34,aditya.sharma27@outlook.com,Active,2018-09-05
5728,Meera Bansal,36,UK,Sales,55966,31,meera.bansal28@company.com,Inactive,2023-06-30
5729,Vihaan Nair,54,USA,IT,119615,25,vihaan.nair29@gmail.com,Active,2023-04-04
5730,Meera Ghosh,43,UK,Marketing,50231,3,meera.ghosh30@outlook.com,Active,2022-05-31
5731,Vihaan Agarwal,44,UK,Finance,177912,26,vihaan.agarwal31@gmail.com,Active,2018-05-21
5732,Riya Roy,33,Canada,IT,168124,26,riya.roy32@yahoo.com,Active,2018-04-07
5733,Vivaan Iyer,38,Germany,HR,68399,5,vivaan.iyer33@gmail.com,Inactive,2022-08-06
5734,Priya Ansari,33,USA,Marketing,167826,17,priya.ansari34@outlook.com,Active,2021-10-09
5735,Krishna Agarwal,57,India,HR,156708,25,krishna.agarwal35@gmail.com,Active,2023-07-19
5736,Pooja Kapoor,59,UK,Data,110306,23,pooja.kapoor36@yahoo.com,Inactive,2024-11-27
5737,Vihaan Ansari,37,India,IT,166097,6,vihaan.ansari37@gmail.com,Active,2025-11-03
5738,Neha Mehta,35,Germany,IT,176473,13,neha.mehta38@outlook.com,Inactive,2022-03-31
5739,Diya Agarwal,38,UK,IT,148172,12,diya.agarwal39@yahoo.com,Inactive,2023-03-06
5740,Priya Kapoor,43,India,Data,41553,25,priya.kapoor40@gmail.com,Inactive,2023-07-11
5741,Aarav Chopra,50,Canada,Sales,106295,1,aarav.chopra41@company.com,Active,2020-03-18
5742,Krishna Das,54,India,Marketing,42755,22,krishna.das42@gmail.com,Inactive,2025-10-16
5743,Shaurya Malik,24,Canada,Marketing,138300,27,shaurya.malik43@company.com,Active,2019-06-19
5744,Ishaan Iyer,23,USA,Marketing,132910,0,ishaan.iyer44@company.com,Inactive,2024-05-01
5745,Priya Singh,27,Germany,Sales,73409,31,priya.singh45@company.com,Inactive,2019-11-03
5746,Aarav Bansal,38,India,IT,132904,11,aarav.bansal46@outlook.com,Active,2018-11-01
5747,Vivaan Sharma,27,UK,IT,90049,34,vivaan.sharma47@yahoo.com,Inactive,2024-10-12
5748,Aarav Patel,26,Germany,Data,81669,25,aarav.patel48@yahoo.com,Active,2020-02-23
5749,Diya Das,42,India,HR,107905,30,diya.das49@outlook.com,Inactive,2021-08-04
5750,Meera Reddy,21,UK,Sales,170869,11,meera.reddy50@yahoo.com,Active,2025-10-11
5751,Ananya Khan,24,UK,Finance,165216,28,ananya.khan51@gmail.com,Active,2021-08-09
5752,Sneha Bansal,49,UK,Sales,113053,4,sneha.bansal52@outlook.com,Inactive,2018-02-06
5753,Krishna Ghosh,41,UK,Data,51943,34,krishna.ghosh53@yahoo.com,Inactive,2018-10-28
5754,Aditi Ansari,46,India,HR,143374,6,aditi.ansari54@company.com,Active,2018-05-16
5755,Meera Kapoor,34,USA,HR,61831,15,meera.kapoor55@yahoo.com,Inactive,2024-12-10
5756,Vivaan Roy,29,Canada,HR,77044,31,vivaan.roy56@gmail.com,Active,2018-06-24
5757,Priya Patel,32,Canada,IT,153602,16,priya.patel57@yahoo.com,Inactive,2025-10-22
5758,Aditi Khan,26,Canada,Finance,59814,20,aditi.khan58@yahoo.com,Active,2025-05-01
5759,Aditi Reddy,40,USA,HR,108586,26,aditi.reddy59@gmail.com,Active,2024-07-13
5760,Riya Khan,44,UK,Marketing,94439,14,riya.khan60@company.com,Inactive,2024-08-03
5761,Priya Singh,47,UK,IT,73355,22,priya.singh61@outlook.com,Active,2024-04-23
5762,Vihaan Patel,58,Germany,Finance,94389,7,vihaan.patel62@yahoo.com,Active,2021-05-26
5763,Riya Mehta,28,Canada,Marketing,50784,24,riya.mehta63@company.com,Inactive,2024-02-29
5764,Sneha Kapoor,21,Canada,Finance,169755,10,sneha.kapoor64@company.com,Inactive,2025-05-26
5765,Ishaan Ghosh,44,UK,Data,108932,20,ishaan.ghosh65@yahoo.com,Active,2024-04-21
5766,Reyansh Reddy,27,Canada,Finance,173419,9,reyansh.reddy66@gmail.com,Inactive,2021-10-03
5767,Muhammad Gupta,39,UK,Marketing,120520,8,muhammad.gupta67@yahoo.com,Active,2018-05-11
5768,Aditya Sharma,42,UK,Sales,123563,0,aditya.sharma68@company.com,Active,2019-09-19
5769,Priya Sharma,55,UK,Finance,118133,21,priya.sharma69@outlook.com,Inactive,2018-10-15
5770,Sneha Patel,50,India,Sales,91499,5,sneha.patel70@yahoo.com,Inactive,2022-11-26
5771,Aarav Mukherjee,49,India,Finance,49072,29,aarav.mukherjee71@gmail.com,Inactive,2025-05-31
5772,Pooja Gupta,42,India,Data,47026,33,pooja.gupta72@yahoo.com,Active,2023-10-05
5773,Sneha Kapoor,31,India,Marketing,87832,12,sneha.kapoor73@gmail.com,Inactive,2023-08-10
5774,Aarav Patel,40,USA,Finance,159559,21,aarav.patel74@outlook.com,Active,2024-07-09
5775,Kavya Chopra,49,Germany,HR,75966,5,kavya.chopra75@company.com,Inactive,2022-06-23
5776,Reyansh Singh,54,Germany,Data,66041,23,reyansh.singh76@gmail.com,Active,2023-03-11
5777,Krishna Iyer,21,UK,HR,131523,20,krishna.iyer77@outlook.com,Active,2025-10-28
5778,Muhammad Ghosh,51,Canada,Data,138810,22,muhammad.ghosh78@yahoo.com,Inactive,2025-11-28
5779,Krishna Kapoor,50,India,Data,102673,4,krishna.kapoor79@yahoo.com,Active,2022-05-15
5780,Ishaan Verma,38,Germany,Finance,157343,6,ishaan.verma80@outlook.com,Active,2019-11-18
5781,Ishaan Gupta,37,Germany,Marketing,125044,2,ishaan.gupta81@gmail.com,Active,2025-06-04
5782,Arjun Sharma,58,India,Marketing,89100,12,arjun.sharma82@outlook.com,Inactive,2020-03-19
5783,Sneha Mehta,34,USA,IT,116156,11,sneha.mehta83@gmail.com,Active,2018-01-04
5784,Vihaan Agarwal,43,USA,Marketing,115359,5,vihaan.agarwal84@yahoo.com,Inactive,2022-05-31
5785,Meera Mehta,45,Germany,Sales,137169,33,meera.mehta85@outlook.com,Active,2024-10-18
5786,Vihaan Patel,35,USA,Finance,155136,14,vihaan.patel86@yahoo.com,Active,2020-09-10
5787,Shaurya Malik,42,India,HR,137800,17,shaurya.malik87@yahoo.com,Inactive,2022-03-17
5788,Reyansh Gupta,23,Germany,Marketing,154140,2,reyansh.gupta88@gmail.com,Active,2020-02-21
5789,Aditya Nair,39,India,HR,135850,21,aditya.nair89@company.com,Active,2021-11-18
5790,Diya Ansari,54,USA,IT,125230,34,diya.ansari90@outlook.com,Active,2021-04-02
5791,Aditi Mehta,55,India,Finance,107750,27,aditi.mehta91@yahoo.com,Inactive,2023-01-08
5792,Neha Sharma,21,USA,Marketing,179382,11,neha.sharma92@outlook.com,Inactive,2020-09-21
5793,Priya Gupta,41,USA,HR,135699,0,priya.gupta93@gmail.com,Inactive,2021-11-02
5794,Neha Gupta,49,India,Data,124591,29,neha.gupta94@outlook.com,Active,2023-09-27
5795,Muhammad Bansal,26,USA,Marketing,167774,22,muhammad.bansal95@gmail.com,Inactive,2022-04-03
5796,Aditi Reddy,57,UK,IT,92873,27,aditi.reddy96@company.com,Active,2025-04-02
5797,Kavya Khan,21,India,Data,49537,4,kavya.khan97@company.com,Active,2021-09-17
5798,Reyansh Iyer,21,UK,HR,116428,9,reyansh.iyer98@company.com,Active,2025-11-15
5799,Aarav Khan,47,India,HR,63544,4,aarav.khan99@yahoo.com,Inactive,2025-07-03
5800,Sneha Mukherjee,41,USA,Finance,100549,13,sneha.mukherjee0@company.com,Inactive,2020-10-29
5801,Vivaan Mehta,36,USA,Finance,156875,23,vivaan.mehta1@company.com,Inactive,2024-01-09
5802,Ananya Chopra,46,Germany,HR,86955,27,ananya.chopra2@yahoo.com,Active,2019-10-22
5803,Neha Mukherjee,36,Germany,Data,145024,20,neha.mukherjee3@yahoo.com,Inactive,2022-02-06
5804,Meera Ghosh,48,UK,Finance,37169,11,meera.ghosh4@gmail.com,Inactive,2020-08-22
5805,Aarav Khan,21,USA,HR,145064,19,aarav.khan5@yahoo.com,Active,2023-09-06
5806,Riya Malik,56,Germany,Data,45423,31,riya.malik6@gmail.com,Inactive,2020-09-14
5807,Vihaan Ansari,30,USA,Sales,128988,20,vihaan.ansari7@company.com,Inactive,2019-09-05
5808,Meera Sharma,37,India,Marketing,43017,16,meera.sharma8@yahoo.com,Inactive,2023-11-01
5809,Pooja Sharma,43,Germany,Sales,67948,0,pooja.sharma9@outlook.com,Inactive,2023-02-21
5810,Riya Das,27,UK,Sales,126529,27,riya.das10@outlook.com,Inactive,2021-06-30
5811,Arjun Ansari,27,Germany,Marketing,136768,1,arjun.ansari11@gmail.com,Inactive,2023-11-15
5812,Diya Mehta,35,USA,HR,112147,16,diya.mehta12@outlook.com,Active,2020-05-20
5813,Muhammad Sharma,54,Canada,HR,67219,13,muhammad.sharma13@yahoo.com,Active,2022-01-16
5814,Ananya Patel,24,Canada,Finance,150217,13,ananya.patel14@company.com,Active,2018-08-17
5815,Krishna Gupta,34,USA,IT,114601,17,krishna.gupta15@yahoo.com,Inactive,2020-10-15
5816,Arjun Malik,34,India,HR,135494,33,arjun.malik16@gmail.com,Inactive,2021-05-05
5817,Ishaan Nair,36,Germany,Marketing,144713,0,ishaan.nair17@company.com,Active,2021-04-09
5818,Muhammad Gupta,27,Canada,IT,59869,17,muhammad.gupta18@outlook.com,Active,2025-11-19
5819,Diya Ghosh,52,India,Marketing,106164,33,diya.ghosh19@outlook.com,Inactive,2023-04-11
5820,Shaurya Agarwal,39,USA,Marketing,64093,22,shaurya.agarwal20@outlook.com,Inactive,2025-01-05
5821,Neha Bansal,22,India,Marketing,152299,15,neha.bansal21@outlook.com,Inactive,2024-12-19
5822,Riya Kapoor,30,USA,IT,103925,18,riya.kapoor22@company.com,Inactive,2024-11-11
5823,Muhammad Malik,37,Germany,Sales,136367,5,muhammad.malik23@gmail.com,Inactive,2022-06-27
5824,Reyansh Ansari,57,India,Data,90553,23,reyansh.ansari24@yahoo.com,Inactive,2020-02-16
5825,Ishaan Kapoor,32,Germany,Marketing,92279,16,ishaan.kapoor25@company.com,Active,2022-03-27
5826,Vihaan Roy,26,India,Finance,70608,15,vihaan.roy26@yahoo.com,Active,2021-11-04
5827,Sneha Iyer,42,USA,HR,95840,5,sneha.iyer27@outlook.com,Inactive,2022-05-31
5828,Reyansh Ansari,52,USA,Data,45770,15,reyansh.ansari28@company.com,Active,2020-10-08
5829,Neha Bansal,40,India,HR,90461,8,neha.bansal29@company.com,Active,2018-02-23
5830,Kavya Bansal,21,USA,HR,61627,28,kavya.bansal30@company.com,Inactive,2024-07-06
5831,Meera Malik,26,UK,IT,41146,3,meera.malik31@yahoo.com,Active,2023-11-15
5832,Ananya Mukherjee,39,UK,Finance,123481,25,ananya.mukherjee32@outlook.com,Inactive,2019-05-20
5833,Vihaan Mukherjee,38,Germany,Finance,94753,25,vihaan.mukherjee33@gmail.com,Inactive,2018-05-28
5834,Aditi Bansal,26,UK,Data,125480,13,aditi.bansal34@company.com,Active,2019-06-01
5835,Muhammad Roy,53,UK,Finance,87079,34,muhammad.roy35@outlook.com,Active,2024-05-16
5836,Diya Chopra,43,Canada,Finance,152081,23,diya.chopra36@gmail.com,Active,2019-02-20
5837,Aditya Agarwal,43,Canada,Finance,93074,7,aditya.agarwal37@company.com,Inactive,2023-07-31
5838,Reyansh Verma,46,Canada,Data,117816,24,reyansh.verma38@company.com,Inactive,2019-07-10
5839,Riya Malik,33,Canada,Sales,129771,3,riya.malik39@outlook.com,Inactive,2018-07-25
5840,Sneha Bansal,27,USA,Finance,48322,14,sneha.bansal40@outlook.com,Inactive,2023-04-23
5841,Shaurya Mukherjee,35,Germany,Finance,42747,15,shaurya.mukherjee41@gmail.com,Active,2020-09-28
5842,Riya Chopra,47,Germany,IT,152068,10,riya.chopra42@yahoo.com,Active,2018-04-28
5843,Aditi Sharma,46,UK,IT,132748,27,aditi.sharma43@gmail.com,Active,2024-12-02
5844,Vihaan Khan,53,Germany,Finance,149702,6,vihaan.khan44@gmail.com,Inactive,2025-12-10
5845,Ananya Bansal,35,UK,Sales,93697,23,ananya.bansal45@company.com,Inactive,2021-10-26
5846,Reyansh Chopra,56,Germany,Finance,70903,30,reyansh.chopra46@outlook.com,Active,2024-03-25
5847,Krishna Gupta,47,India,Finance,77207,3,krishna.gupta47@yahoo.com,Inactive,2021-07-28
5848,Muhammad Chopra,25,India,Finance,147352,34,muhammad.chopra48@outlook.com,Inactive,2021-12-29
5849,Diya Patel,22,Germany,Marketing,85812,5,diya.patel49@company.com,Active,2021-02-14
5850,Ananya Mehta,53,USA,Sales,69531,32,ananya.mehta50@yahoo.com,Active,2025-05-25
5851,Aarav Reddy,36,UK,HR,95032,31,aarav.reddy51@yahoo.com,Inactive,2022-05-27
5852,Aarav Reddy,43,Germany,Finance,136058,34,aarav.reddy52@yahoo.com,Inactive,2019-06-25
5853,Muhammad Agarwal,58,UK,HR,126040,16,muhammad.agarwal53@company.com,Active,2020-11-14
5854,Sneha Reddy,36,Canada,Sales,108637,31,sneha.reddy54@gmail.com,Inactive,2023-11-05
5855,Krishna Ghosh,34,Germany,Finance,85578,13,krishna.ghosh55@company.com,Active,2021-04-25
5856,Aditya Kapoor,49,USA,HR,105744,18,aditya.kapoor56@outlook.com,Active,2025-04-13
5857,Shaurya Mukherjee,46,Canada,Data,110961,23,shaurya.mukherjee57@outlook.com,Active,2021-11-20
5858,Muhammad Das,55,Germany,HR,63485,10,muhammad.das58@outlook.com,Inactive,2024-02-04
5859,Muhammad Mehta,35,India,Sales,133059,6,muhammad.mehta59@company.com,Active,2023-12-28
5860,Pooja Malik,23,Germany,Finance,179254,23,pooja.malik60@outlook.com,Active,2021-01-10
5861,Meera Gupta,43,India,Marketing,49480,23,meera.gupta61@outlook.com,Active,2023-03-07
5862,Sneha Bansal,49,India,Sales,98094,13,sneha.bansal62@company.com,Active,2019-03-08
5863,Priya Reddy,54,Germany,Marketing,136107,23,priya.reddy63@gmail.com,Inactive,2019-06-15
5864,Ananya Ansari,53,Germany,Finance,139513,10,ananya.ansari64@company.com,Active,2019-01-03
5865,Muhammad Verma,43,India,HR,70061,7,muhammad.verma65@gmail.com,Active,2020-02-06
5866,Neha Nair,27,UK,Data,118545,14,neha.nair66@outlook.com,Active,2023-10-02
5867,Vivaan Malik,23,Canada,Data,50789,1,vivaan.malik67@outlook.com,Inactive,2019-07-01
5868,Priya Mehta,52,USA,Sales,155497,23,priya.mehta68@outlook.com,Inactive,2019-10-29
5869,Vihaan Agarwal,51,Germany,Sales,133875,9,vihaan.agarwal69@company.com,Active,2023-06-20
5870,Reyansh Mukherjee,38,Canada,Sales,61287,31,reyansh.mukherjee70@gmail.com,Active,2020-01-12
5871,Ananya Roy,27,Canada,IT,50014,16,ananya.roy71@gmail.com,Active,2020-12-10
5872,Aditi Singh,21,UK,Data,174646,9,aditi.singh72@company.com,Active,2023-09-22
5873,Sneha Sharma,34,Canada,Data,52467,21,sneha.sharma73@yahoo.com,Inactive,2022-04-20
5874,Shaurya Sharma,52,Germany,Finance,122450,5,shaurya.sharma74@yahoo.com,Active,2025-01-18
5875,Sneha Sharma,26,Canada,IT,112897,26,sneha.sharma75@company.com,Inactive,2025-05-27
5876,Kavya Iyer,59,Germany,Sales,155118,19,kavya.iyer76@gmail.com,Active,2020-05-16
5877,Arjun Kapoor,30,Germany,Sales,120417,0,arjun.kapoor77@yahoo.com,Inactive,2020-12-28
5878,Vivaan Ghosh,27,India,Marketing,56880,16,vivaan.ghosh78@company.com,Inactive,2023-11-03
5879,Riya Verma,46,UK,IT,154618,0,riya.verma79@company.com,Inactive,2021-04-07
5880,Ananya Sharma,54,USA,HR,87546,14,ananya.sharma80@yahoo.com,Inactive,2022-09-25
5881,Aditya Nair,50,India,Data,159083,0,aditya.nair81@yahoo.com,Inactive,2023-09-09
5882,Vihaan Bansal,56,USA,Finance,150461,16,vihaan.bansal82@gmail.com,Inactive,2021-03-16
5883,Shaurya Malik,41,Germany,HR,79016,1,shaurya.malik83@company.com,Active,2018-03-29
5884,Ananya Chopra,37,India,HR,60979,17,ananya.chopra84@company.com,Inactive,2020-04-07
5885,Aditi Gupta,53,Canada,Finance,96516,11,aditi.gupta85@company.com,Inactive,2019-08-14
5886,Pooja Reddy,30,Canada,Sales,83741,28,pooja.reddy86@yahoo.com,Active,2024-02-03
5887,Neha Mukherjee,32,USA,Data,92133,22,neha.mukherjee87@yahoo.com,Inactive,2020-02-21
5888,Vivaan Kapoor,36,Germany,Marketing,48360,8,vivaan.kapoor88@outlook.com,Active,2021-05-22
5889,Shaurya Agarwal,52,USA,Sales,101939,7,shaurya.agarwal89@gmail.com,Inactive,2022-12-05
5890,Neha Mehta,35,UK,Sales,71088,15,neha.mehta90@gmail.com,Inactive,2025-06-28
5891,Diya Mukherjee,47,Canada,IT,115318,22,diya.mukherjee91@company.com,Inactive,2023-07-31
5892,Vihaan Sharma,48,India,HR,173492,28,vihaan.sharma92@outlook.com,Active,2025-03-24
5893,Krishna Verma,37,India,HR,124059,9,krishna.verma93@company.com,Inactive,2020-01-20
5894,Aarav Patel,22,India,Data,68637,11,aarav.patel94@gmail.com,Inactive,2022-06-05
5895,Vihaan Reddy,56,Canada,HR,66453,11,vihaan.reddy95@yahoo.com,Active,2020-03-19
5896,Priya Singh,27,Germany,Marketing,175347,29,priya.singh96@gmail.com,Inactive,2020-03-13
5897,Reyansh Gupta,33,Canada,Marketing,126337,9,reyansh.gupta97@yahoo.com,Inactive,2024-10-31
5898,Muhammad Chopra,35,Canada,Marketing,83162,13,muhammad.chopra98@company.com,Inactive,2021-04-19
5899,Pooja Sharma,45,India,Finance,67199,3,pooja.sharma99@gmail.com,Active,2023-10-03
5900,Vivaan Malik,43,Canada,Data,52572,19,vivaan.malik0@yahoo.com,Inactive,2018-06-14
5901,Vivaan Mehta,42,India,Marketing,171219,6,vivaan.mehta1@yahoo.com,Inactive,2024-10-19
5902,Vivaan Iyer,46,Germany,IT,38443,29,vivaan.iyer2@company.com,Inactive,2023-01-31
5903,Aditya Malik,53,UK,IT,129521,23,aditya.malik3@outlook.com,Inactive,2023-06-24
5904,Ananya Mukherjee,31,India,Sales,106220,9,ananya.mukherjee4@company.com,Active,2021-03-05
5905,Aditi Malik,30,USA,Sales,48595,16,aditi.malik5@outlook.com,Inactive,2019-04-22
5906,Reyansh Patel,45,UK,Data,101857,20,reyansh.patel6@yahoo.com,Inactive,2025-08-03
5907,Sneha Agarwal,57,Germany,Sales,49810,2,sneha.agarwal7@company.com,Active,2025-09-01
5908,Vihaan Patel,58,UK,Sales,172812,0,vihaan.patel8@company.com,Inactive,2021-02-11
5909,Ananya Patel,44,India,IT,67712,17,ananya.patel9@outlook.com,Active,2018-12-23
5910,Sneha Bansal,53,Germany,Sales,40468,1,sneha.bansal10@gmail.com,Active,2024-10-06
5911,Kavya Mehta,37,USA,IT,162611,3,kavya.mehta11@outlook.com,Active,2024-06-22
5912,Riya Das,44,India,Marketing,164468,31,riya.das12@gmail.com,Active,2022-09-29
5913,Krishna Roy,57,India,Marketing,114054,18,krishna.roy13@company.com,Inactive,2021-04-25
5914,Neha Nair,22,Germany,Data,47704,19,neha.nair14@company.com,Inactive,2025-07-13
5915,Ishaan Reddy,52,Germany,Finance,100974,6,ishaan.reddy15@gmail.com,Inactive,2022-12-04
5916,Neha Singh,44,UK,Sales,100700,8,neha.singh16@outlook.com,Inactive,2019-07-01
5917,Aditya Malik,29,USA,Marketing,171750,6,aditya.malik17@outlook.com,Active,2020-05-08
5918,Shaurya Gupta,24,UK,Marketing,164443,26,shaurya.gupta18@company.com,Inactive,2018-02-11
5919,Diya Ghosh,37,UK,Data,99882,20,diya.ghosh19@gmail.com,Active,2022-10-15
5920,Krishna Ansari,37,India,HR,136654,34,krishna.ansari20@outlook.com,Inactive,2021-01-16
5921,Aditya Gupta,50,Germany,HR,70297,23,aditya.gupta21@gmail.com,Inactive,2024-05-30
5922,Neha Verma,31,India,Data,63753,31,neha.verma22@gmail.com,Active,2025-09-18
5923,Muhammad Sharma,41,USA,IT,145710,11,muhammad.sharma23@yahoo.com,Inactive,2022-04-10
5924,Muhammad Agarwal,41,UK,Finance,120765,22,muhammad.agarwal24@gmail.com,Inactive,2021-08-10
5925,Aditi Ansari,38,USA,Data,171828,28,aditi.ansari25@gmail.com,Active,2023-10-08
5926,Neha Mehta,49,Germany,HR,95630,2,neha.mehta26@outlook.com,Inactive,2022-01-29
5927,Ananya Ansari,44,Germany,Finance,137897,7,ananya.ansari27@company.com,Inactive,2025-01-10
5928,Sneha Das,30,Canada,Marketing,66256,33,sneha.das28@gmail.com,Inactive,2018-07-15
5929,Riya Reddy,37,USA,Data,90814,13,riya.reddy29@outlook.com,Active,2022-11-03
5930,Shaurya Agarwal,38,India,IT,67961,31,shaurya.agarwal30@gmail.com,Inactive,2021-08-13
5931,Arjun Das,40,USA,Finance,64731,6,arjun.das31@company.com,Active,2019-03-11
5932,Vihaan Patel,57,UK,HR,41401,9,vihaan.patel32@gmail.com,Active,2022-10-22
5933,Krishna Chopra,38,Germany,Marketing,157992,11,krishna.chopra33@company.com,Inactive,2025-12-19
5934,Aditi Agarwal,37,Germany,Data,159197,22,aditi.agarwal34@company.com,Inactive,2021-08-08
5935,Meera Das,29,USA,Sales,135041,10,meera.das35@gmail.com,Active,2020-04-27
5936,Muhammad Kapoor,34,USA,Marketing,96012,12,muhammad.kapoor36@gmail.com,Inactive,2019-04-26
5937,Muhammad Gupta,49,USA,HR,177432,11,muhammad.gupta37@gmail.com,Inactive,2022-12-18
5938,Ishaan Bansal,51,UK,Data,99357,6,ishaan.bansal38@company.com,Active,2018-10-10
5939,Reyansh Iyer,24,UK,HR,67235,9,reyansh.iyer39@outlook.com,Inactive,2019-08-20
5940,Sneha Mehta,38,India,Sales,116395,6,sneha.mehta40@outlook.com,Inactive,2024-03-16
5941,Arjun Agarwal,40,USA,Marketing,45428,26,arjun.agarwal41@company.com,Active,2020-09-18
5942,Vihaan Mehta,29,India,Finance,120171,6,vihaan.mehta42@outlook.com,Active,2023-03-24
5943,Krishna Sharma,33,Canada,Finance,112660,23,krishna.sharma43@outlook.com,Inactive,2023-06-29
5944,Kavya Khan,35,UK,Marketing,148020,22,kavya.khan44@company.com,Inactive,2020-04-06
5945,Ishaan Sharma,47,Germany,Finance,74633,24,ishaan.sharma45@outlook.com,Active,2023-02-09
5946,Neha Das,35,Canada,Data,157104,32,neha.das46@outlook.com,Inactive,2018-10-17
5947,Kavya Chopra,48,Germany,Marketing,49407,6,kavya.chopra47@yahoo.com,Active,2019-07-18
5948,Ishaan Mehta,57,Canada,Marketing,108860,29,ishaan.mehta48@company.com,Inactive,2019-05-17
5949,Pooja Gupta,39,India,HR,42407,30,pooja.gupta49@yahoo.com,Inactive,2024-09-03
5950,Diya Bansal,46,India,IT,72433,20,diya.bansal50@company.com,Active,2019-10-16
5951,Muhammad Patel,46,UK,HR,39220,33,muhammad.patel51@gmail.com,Inactive,2020-12-16
5952,Aditi Das,45,Germany,Finance,112267,20,aditi.das52@outlook.com,Active,2022-07-14
5953,Priya Das,46,Canada,IT,157262,19,priya.das53@yahoo.com,Inactive,2019-04-12
5954,Ananya Verma,46,USA,Marketing,57554,33,ananya.verma54@gmail.com,Inactive,2020-03-10
5955,Kavya Malik,48,USA,Finance,112021,7,kavya.malik55@company.com,Active,2023-12-14
5956,Diya Mehta,38,UK,Sales,100847,31,diya.mehta56@company.com,Active,2022-10-15
5957,Vivaan Kapoor,52,Germany,Finance,127541,29,vivaan.kapoor57@yahoo.com,Active,2023-07-21
5958,Priya Ansari,23,USA,IT,138738,28,priya.ansari58@company.com,Active,2025-12-10
5959,Shaurya Ansari,22,UK,IT,116103,4,shaurya.ansari59@company.com,Inactive,2023-05-22
5960,Aditi Khan,53,UK,Marketing,85748,29,aditi.khan60@outlook.com,Active,2023-02-14
5961,Meera Malik,39,Germany,Data,68518,11,meera.malik61@outlook.com,Active,2023-04-15
5962,Riya Mukherjee,37,USA,Sales,84257,26,riya.mukherjee62@yahoo.com,Active,2025-04-14
5963,Neha Das,53,USA,Marketing,41934,12,neha.das63@yahoo.com,Active,2024-09-27
5964,Priya Mehta,32,USA,Sales,109787,9,priya.mehta64@company.com,Inactive,2024-06-21
5965,Vivaan Singh,23,India,Sales,130781,30,vivaan.singh65@gmail.com,Active,2024-01-03
5966,Vihaan Singh,46,USA,Marketing,112895,15,vihaan.singh66@company.com,Active,2023-07-05
5967,Vihaan Verma,55,Canada,Finance,178927,25,vihaan.verma67@company.com,Inactive,2024-03-02
5968,Vivaan Roy,28,India,HR,152926,19,vivaan.roy68@outlook.com,Inactive,2023-07-20
5969,Ishaan Singh,56,India,Sales,52628,33,ishaan.singh69@gmail.com,Active,2019-04-03
5970,Aditya Ghosh,27,India,IT,58249,7,aditya.ghosh70@outlook.com,Inactive,2025-06-27
5971,Vihaan Malik,56,India,Marketing,168347,3,vihaan.malik71@outlook.com,Inactive,2021-06-08
5972,Krishna Mukherjee,36,UK,Data,158332,28,krishna.mukherjee72@gmail.com,Active,2021-07-15
5973,Aditi Kapoor,44,Canada,Finance,35765,30,aditi.kapoor73@yahoo.com,Active,2020-08-03
5974,Aditi Mehta,21,Germany,Sales,118417,1,aditi.mehta74@yahoo.com,Active,2022-11-22
5975,Krishna Malik,45,USA,Data,152526,24,krishna.malik75@yahoo.com,Active,2019-05-04
5976,Neha Ansari,30,India,Finance,133793,2,neha.ansari76@gmail.com,Active,2025-04-25
5977,Reyansh Ansari,36,Germany,Marketing,61999,4,reyansh.ansari77@yahoo.com,Inactive,2018-02-09
5978,Diya Iyer,36,UK,Data,144792,21,diya.iyer78@company.com,Active,2019-12-31
5979,Meera Iyer,28,Germany,IT,175367,15,meera.iyer79@gmail.com,Inactive,2020-01-18
5980,Aarav Mehta,49,India,Sales,157500,8,aarav.mehta80@yahoo.com,Inactive,2024-05-11
5981,Reyansh Das,59,Canada,Sales,163685,8,reyansh.das81@outlook.com,Inactive,2022-06-11
5982,Meera Nair,48,Germany,Data,159479,11,meera.nair82@gmail.com,Active,2025-08-31
5983,Shaurya Singh,26,India,Finance,128393,3,shaurya.singh83@company.com,Inactive,2018-12-22
5984,Reyansh Reddy,36,India,Marketing,140768,17,reyansh.reddy84@outlook.com,Active,2024-01-12
5985,Aditya Khan,40,USA,HR,64867,17,aditya.khan85@yahoo.com,Active,2025-07-02
5986,Reyansh Reddy,36,USA,Sales,161040,32,reyansh.reddy86@yahoo.com,Active,2022-06-04
5987,Kavya Patel,27,Canada,IT,145441,2,kavya.patel87@yahoo.com,Inactive,2025-09-11
5988,Aarav Nair,34,USA,Sales,158105,16,aarav.nair88@gmail.com,Inactive,2023-10-04
5989,Priya Reddy,46,Canada,Sales,41286,11,priya.reddy89@yahoo.com,Inactive,2019-12-17
5990,Aarav Khan,46,UK,HR,146299,10,aarav.khan90@yahoo.com,Active,2019-11-02
5991,Ishaan Gupta,34,UK,HR,170221,16,ishaan.gupta91@outlook.com,Inactive,2021-03-08
5992,Reyansh Sharma,27,USA,Marketing,139152,34,reyansh.sharma92@gmail.com,Inactive,2019-02-05
5993,Meera Chopra,53,UK,Sales,140960,5,meera.chopra93@gmail.com,Active,2018-08-18
5994,Neha Roy,46,Germany,Sales,102881,34,neha.roy94@yahoo.com,Active,2018-03-08
5995,Aarav Nair,40,Germany,Finance,139984,5,aarav.nair95@gmail.com,Active,2021-01-26
5996,Krishna Nair,23,Germany,Finance,53082,31,krishna.nair96@yahoo.com,Inactive,2023-12-02
5997,Vihaan Verma,24,UK,Data,146091,10,vihaan.verma97@company.com,Active,2024-09-29
5998,Aarav Roy,46,Germany,Data,45863,12,aarav.roy98@gmail.com,Inactive,2023-07-01
5999,Shaurya Singh,31,Canada,IT,41984,12,shaurya.singh99@gmail.com,Active,2020-11-02
6000,Riya Das,22,India,IT,162181,33,riya.das0@outlook.com,Inactive,2022-08-10
6001,Reyansh Patel,34,USA,Finance,90189,2,reyansh.patel1@outlook.com,Inactive,2023-05-27
6002,Vihaan Mehta,50,Canada,Data,128039,31,vihaan.mehta2@yahoo.com,Inactive,2021-12-17
6003,Shaurya Reddy,32,Germany,IT,139855,3,shaurya.reddy3@gmail.com,Inactive,2022-02-28
6004,Kavya Nair,46,India,Sales,84430,0,kavya.nair4@outlook.com,Active,2018-08-03
6005,Diya Ghosh,53,USA,Data,102004,8,diya.ghosh5@company.com,Inactive,2021-03-13
6006,Ishaan Nair,33,Canada,HR,162652,6,ishaan.nair6@company.com,Inactive,2024-12-12
6007,Ishaan Chopra,34,USA,Data,175204,26,ishaan.chopra7@gmail.com,Active,2020-06-21
6008,Kavya Sharma,44,UK,Sales,70086,2,kavya.sharma8@yahoo.com,Active,2018-12-06
6009,Diya Iyer,54,Germany,Finance,138651,21,diya.iyer9@company.com,Active,2018-04-22
6010,Ananya Das,46,Canada,Marketing,49462,15,ananya.das10@gmail.com,Inactive,2020-09-28
6011,Meera Nair,41,Canada,Marketing,57323,7,meera.nair11@gmail.com,Inactive,2019-01-17
6012,Vihaan Malik,48,India,Finance,53167,4,vihaan.malik12@company.com,Active,2021-01-06
6013,Riya Sharma,56,India,Sales,45067,29,riya.sharma13@company.com,Active,2018-03-27
6014,Arjun Bansal,22,India,IT,96987,27,arjun.bansal14@company.com,Active,2018-12-27
6015,Krishna Patel,29,USA,Data,38226,26,krishna.patel15@gmail.com,Inactive,2019-04-29
6016,Diya Nair,43,Germany,Data,148576,21,diya.nair16@outlook.com,Inactive,2019-04-19
6017,Aarav Singh,35,USA,IT,136123,29,aarav.singh17@outlook.com,Active,2020-05-30
6018,Sneha Bansal,33,Germany,Marketing,71738,6,sneha.bansal18@yahoo.com,Inactive,2021-09-09
6019,Diya Ansari,43,Canada,Finance,110794,29,diya.ansari19@yahoo.com,Inactive,2018-06-17
6020,Aditya Ansari,37,USA,Finance,150112,12,aditya.ansari20@yahoo.com,Active,2021-07-19
6021,Aditi Mehta,22,USA,HR,66655,21,aditi.mehta21@company.com,Inactive,2022-10-02
6022,Ishaan Ghosh,40,USA,Marketing,135409,10,ishaan.ghosh22@yahoo.com,Inactive,2019-01-02
6023,Kavya Das,40,UK,Finance,53854,4,kavya.das23@yahoo.com,Active,2022-03-29
6024,Reyansh Malik,23,Germany,HR,119811,21,reyansh.malik24@company.com,Active,2023-06-21
6025,Diya Reddy,32,Germany,IT,70915,14,diya.reddy25@company.com,Active,2019-07-26
6026,Aditi Roy,22,USA,Marketing,112789,30,aditi.roy26@yahoo.com,Active,2020-04-26
6027,Priya Malik,56,UK,Marketing,63737,28,priya.malik27@gmail.com,Active,2020-06-06
6028,Shaurya Ansari,34,USA,Finance,173973,16,shaurya.ansari28@outlook.com,Inactive,2023-04-01
6029,Vivaan Roy,36,Germany,Finance,118094,5,vivaan.roy29@company.com,Inactive,2024-08-08
6030,Riya Reddy,39,Canada,Sales,45001,16,riya.reddy30@company.com,Inactive,2021-08-04
6031,Meera Mehta,54,UK,IT,155804,33,meera.mehta31@yahoo.com,Active,2024-01-10
6032,Priya Agarwal,26,UK,IT,133538,22,priya.agarwal32@gmail.com,Active,2018-06-18
6033,Sneha Chopra,33,USA,Data,157600,29,sneha.chopra33@gmail.com,Inactive,2022-12-23
6034,Shaurya Mehta,56,Canada,HR,138074,12,shaurya.mehta34@company.com,Inactive,2020-07-13
6035,Aarav Nair,42,Germany,HR,166018,29,aarav.nair35@outlook.com,Active,2021-09-23
6036,Arjun Agarwal,38,India,Sales,94489,19,arjun.agarwal36@outlook.com,Active,2023-09-15
6037,Arjun Das,32,Germany,Data,72896,5,arjun.das37@yahoo.com,Inactive,2025-08-03
6038,Shaurya Mukherjee,50,Germany,IT,75927,30,shaurya.mukherjee38@company.com,Inactive,2021-09-25
6039,Pooja Khan,27,Canada,HR,56185,18,pooja.khan39@outlook.com,Inactive,2023-10-08
6040,Shaurya Nair,52,UK,IT,161734,5,shaurya.nair40@company.com,Active,2022-02-23
6041,Shaurya Gupta,39,Germany,IT,105300,33,shaurya.gupta41@outlook.com,Inactive,2022-10-29
6042,Shaurya Sharma,26,UK,Data,115125,27,shaurya.sharma42@gmail.com,Inactive,2021-03-29
6043,Kavya Verma,40,Canada,HR,45037,12,kavya.verma43@yahoo.com,Active,2025-10-28
6044,Muhammad Iyer,47,Canada,Finance,171492,9,muhammad.iyer44@company.com,Inactive,2024-07-04
6045,Sneha Mehta,57,USA,Finance,135117,6,sneha.mehta45@yahoo.com,Active,2025-02-18
6046,Vivaan Nair,27,India,Data,44779,17,vivaan.nair46@company.com,Inactive,2021-10-23
6047,Shaurya Sharma,25,Canada,HR,46444,21,shaurya.sharma47@outlook.com,Active,2020-09-13
6048,Priya Chopra,31,Canada,Sales,125654,13,priya.chopra48@outlook.com,Active,2018-12-10
6049,Aarav Verma,35,UK,Marketing,107623,7,aarav.verma49@company.com,Active,2023-05-24
6050,Ishaan Patel,23,Canada,Data,159149,11,ishaan.patel50@outlook.com,Active,2019-09-27
6051,Diya Iyer,25,Germany,IT,174865,32,diya.iyer51@gmail.com,Active,2021-05-22
6052,Riya Ghosh,43,USA,Data,168221,23,riya.ghosh52@company.com,Inactive,2018-06-13
6053,Arjun Gupta,57,USA,Marketing,76347,13,arjun.gupta53@outlook.com,Active,2018-10-09
6054,Ishaan Patel,29,Germany,Data,165978,4,ishaan.patel54@gmail.com,Inactive,2023-12-18
6055,Muhammad Bansal,35,Canada,HR,87832,18,muhammad.bansal55@outlook.com,Active,2021-10-17
6056,Sneha Gupta,23,India,IT,37696,2,sneha.gupta56@gmail.com,Inactive,2024-04-29
6057,Shaurya Singh,49,Canada,Marketing,47626,0,shaurya.singh57@yahoo.com,Inactive,2021-03-24
6058,Vivaan Nair,26,USA,Finance,88303,32,vivaan.nair58@yahoo.com,Inactive,2021-09-21
6059,Diya Singh,37,India,Sales,79793,16,diya.singh59@yahoo.com,Active,2021-08-21
6060,Aditi Bansal,46,UK,Data,81207,8,aditi.bansal60@outlook.com,Inactive,2023-09-25
6061,Aditi Mehta,41,UK,Data,68484,30,aditi.mehta61@outlook.com,Inactive,2021-06-25
6062,Ishaan Iyer,28,Canada,Marketing,122765,34,ishaan.iyer62@outlook.com,Active,2025-08-12
6063,Meera Iyer,41,Canada,Sales,171830,2,meera.iyer63@outlook.com,Inactive,2021-05-21
6064,Reyansh Roy,31,India,Data,99495,12,reyansh.roy64@yahoo.com,Inactive,2021-12-04
6065,Priya Reddy,58,India,Finance,87807,13,priya.reddy65@gmail.com,Active,2023-06-25
6066,Sneha Patel,28,Canada,Marketing,141809,5,sneha.patel66@company.com,Active,2023-01-31
6067,Muhammad Malik,44,USA,HR,135584,28,muhammad.malik67@yahoo.com,Active,2022-03-13
6068,Arjun Bansal,55,UK,IT,86774,8,arjun.bansal68@gmail.com,Active,2023-08-12
6069,Pooja Ansari,34,India,Finance,109615,22,pooja.ansari69@yahoo.com,Inactive,2025-07-28
6070,Shaurya Iyer,34,USA,Sales,121262,14,shaurya.iyer70@yahoo.com,Inactive,2020-01-12
6071,Aditya Iyer,30,Canada,Sales,92201,6,aditya.iyer71@outlook.com,Active,2023-02-14
6072,Sneha Agarwal,32,Germany,Finance,71797,24,sneha.agarwal72@company.com,Inactive,2022-09-24
6073,Pooja Khan,58,India,HR,169135,22,pooja.khan73@company.com,Inactive,2021-09-05
6074,Aditi Bansal,54,Germany,Data,78147,10,aditi.bansal74@gmail.com,Active,2020-05-17
6075,Vihaan Patel,30,USA,HR,104428,7,vihaan.patel75@company.com,Inactive,2024-04-19
6076,Riya Agarwal,37,UK,Data,118657,0,riya.agarwal76@outlook.com,Inactive,2022-02-04
6077,Ananya Das,37,USA,Data,61484,12,ananya.das77@yahoo.com,Active,2025-11-15
6078,Diya Agarwal,23,UK,Sales,163593,15,diya.agarwal78@yahoo.com,Inactive,2018-03-30
6079,Diya Bansal,51,USA,Data,94321,12,diya.bansal79@company.com,Active,2023-04-13
6080,Kavya Bansal,21,India,Finance,135758,13,kavya.bansal80@company.com,Inactive,2020-11-04
6081,Priya Agarwal,32,India,Data,50828,12,priya.agarwal81@yahoo.com,Inactive,2022-12-03
6082,Aarav Ghosh,59,Germany,Finance,162139,11,aarav.ghosh82@company.com,Active,2021-12-21
6083,Aarav Bansal,24,USA,IT,39957,27,aarav.bansal83@outlook.com,Inactive,2023-02-11
6084,Aditya Patel,33,USA,Sales,53671,21,aditya.patel84@gmail.com,Active,2025-07-02
6085,Meera Iyer,54,Germany,HR,157838,19,meera.iyer85@yahoo.com,Active,2020-08-29
6086,Krishna Roy,41,Canada,Marketing,139596,18,krishna.roy86@yahoo.com,Active,2019-09-10
6087,Riya Chopra,42,USA,HR,161054,10,riya.chopra87@yahoo.com,Inactive,2021-12-13
6088,Arjun Mukherjee,24,USA,HR,109232,29,arjun.mukherjee88@gmail.com,Inactive,2021-12-04
6089,Pooja Roy,38,USA,Marketing,110495,25,pooja.roy89@company.com,Active,2022-08-11
6090,Shaurya Verma,25,Canada,Sales,164798,14,shaurya.verma90@yahoo.com,Active,2020-09-11
6091,Aditi Patel,39,India,Data,50383,29,aditi.patel91@gmail.com,Active,2019-04-14
6092,Aditi Sharma,22,Germany,IT,43892,28,aditi.sharma92@company.com,Inactive,2019-10-03
6093,Kavya Das,32,Canada,HR,62780,31,kavya.das93@gmail.com,Active,2019-03-13
6094,Kavya Verma,37,UK,Data,154801,29,kavya.verma94@company.com,Inactive,2018-07-24
6095,Aditya Verma,30,UK,HR,129257,15,aditya.verma95@gmail.com,Active,2020-11-19
6096,Ishaan Mehta,54,Canada,Sales,154478,17,ishaan.mehta96@yahoo.com,Inactive,2020-08-13
6097,Ananya Mukherjee,26,Canada,Sales,80081,27,ananya.mukherjee97@gmail.com,Inactive,2019-06-06
6098,Vihaan Iyer,28,India,Finance,131905,18,vihaan.iyer98@outlook.com,Inactive,2022-08-13
6099,Sneha Nair,31,UK,Sales,48095,10,sneha.nair99@outlook.com,Inactive,2018-10-12
6100,Ananya Verma,32,Germany,Sales,61634,16,ananya.verma0@gmail.com,Inactive,2020-04-16
6101,Vihaan Roy,29,USA,HR,169749,20,vihaan.roy1@gmail.com,Inactive,2021-11-16
6102,Riya Verma,22,USA,IT,82873,33,riya.verma2@company.com,Active,2024-10-20
6103,Muhammad Das,28,India,HR,126084,32,muhammad.das3@gmail.com,Active,2021-03-08
6104,Arjun Ghosh,31,India,Data,94798,28,arjun.ghosh4@yahoo.com,Active,2025-06-06
6105,Neha Patel,56,UK,Sales,72932,3,neha.patel5@gmail.com,Inactive,2019-10-21
6106,Krishna Patel,30,Germany,Finance,109569,31,krishna.patel6@outlook.com,Inactive,2021-12-08
6107,Shaurya Iyer,41,Germany,IT,156548,10,shaurya.iyer7@yahoo.com,Inactive,2022-04-21
6108,Aarav Nair,40,Canada,Finance,157793,25,aarav.nair8@yahoo.com,Active,2020-02-16
6109,Meera Ansari,28,India,Marketing,100820,17,meera.ansari9@company.com,Inactive,2019-10-09
6110,Vihaan Gupta,56,USA,Finance,138874,31,vihaan.gupta10@company.com,Active,2025-01-21
6111,Aarav Patel,49,USA,Finance,122651,26,aarav.patel11@gmail.com,Active,2023-12-25
6112,Meera Mehta,32,UK,Data,91763,15,meera.mehta12@yahoo.com,Active,2019-01-25
6113,Riya Mehta,34,USA,Sales,119355,9,riya.mehta13@outlook.com,Inactive,2024-02-24
6114,Krishna Ansari,41,Germany,Data,75291,33,krishna.ansari14@company.com,Active,2019-07-11
6115,Vihaan Nair,42,Germany,Sales,134333,32,vihaan.nair15@company.com,Active,2024-09-19
6116,Aarav Das,41,India,Data,59475,9,aarav.das16@yahoo.com,Inactive,2023-06-24
6117,Kavya Kapoor,50,UK,Sales,88603,25,kavya.kapoor17@gmail.com,Active,2024-11-09
6118,Vivaan Mehta,59,USA,Sales,54350,24,vivaan.mehta18@outlook.com,Active,2021-01-15
6119,Shaurya Kapoor,40,India,Sales,108291,1,shaurya.kapoor19@outlook.com,Active,2023-08-09
6120,Neha Khan,44,Canada,Finance,133857,25,neha.khan20@company.com,Inactive,2021-05-17
6121,Krishna Ghosh,43,Canada,Marketing,114739,19,krishna.ghosh21@yahoo.com,Inactive,2018-08-12
6122,Ishaan Mukherjee,27,USA,Sales,58519,2,ishaan.mukherjee22@outlook.com,Inactive,2021-06-30
6123,Kavya Mukherjee,29,USA,Marketing,101776,31,kavya.mukherjee23@outlook.com,Inactive,2021-11-01
6124,Vihaan Bansal,21,USA,Marketing,104695,0,vihaan.bansal24@gmail.com,Active,2024-01-01
6125,Arjun Sharma,46,Germany,HR,119409,23,arjun.sharma25@outlook.com,Inactive,2018-05-10
6126,Reyansh Patel,58,USA,HR,176852,32,reyansh.patel26@company.com,Inactive,2023-07-29
6127,Krishna Khan,58,Canada,IT,174733,34,krishna.khan27@yahoo.com,Active,2022-01-14
6128,Riya Ghosh,42,USA,Data,63512,16,riya.ghosh28@gmail.com,Active,2022-09-11
6129,Muhammad Nair,30,UK,HR,53403,32,muhammad.nair29@company.com,Inactive,2022-11-03
6130,Neha Iyer,26,Canada,Sales,163812,10,neha.iyer30@outlook.com,Active,2021-12-27
6131,Shaurya Mehta,37,UK,Marketing,77983,22,shaurya.mehta31@gmail.com,Active,2019-06-23
6132,Sneha Nair,58,Canada,Data,77549,31,sneha.nair32@outlook.com,Inactive,2024-10-06
6133,Diya Malik,44,India,IT,130085,18,diya.malik33@company.com,Inactive,2021-09-14
6134,Aditi Kapoor,30,Canada,HR,83719,11,aditi.kapoor34@company.com,Active,2020-07-20
6135,Vihaan Agarwal,28,Canada,Finance,105849,27,vihaan.agarwal35@company.com,Active,2022-03-26
6136,Priya Bansal,41,UK,Data,148351,1,priya.bansal36@company.com,Inactive,2023-02-28
6137,Arjun Sharma,26,UK,IT,142915,9,arjun.sharma37@gmail.com,Inactive,2018-03-26
6138,Shaurya Agarwal,41,Canada,Sales,60456,18,shaurya.agarwal38@company.com,Inactive,2020-05-18
6139,Vihaan Roy,59,Canada,Data,43461,27,vihaan.roy39@company.com,Active,2023-08-12
6140,Aditi Sharma,44,Germany,Marketing,105363,7,aditi.sharma40@company.com,Active,2018-07-26
6141,Sneha Iyer,53,India,Sales,123907,22,sneha.iyer41@company.com,Active,2019-02-16
6142,Vivaan Mukherjee,38,India,Sales,113439,29,vivaan.mukherjee42@gmail.com,Inactive,2025-04-02
6143,Kavya Verma,48,USA,Data,114936,27,kavya.verma43@gmail.com,Inactive,2018-05-01
6144,Diya Patel,52,Canada,Finance,157512,12,diya.patel44@outlook.com,Inactive,2022-01-20
6145,Kavya Agarwal,32,Canada,Finance,114726,11,kavya.agarwal45@yahoo.com,Inactive,2022-04-15
6146,Ishaan Sharma,47,Canada,Data,119204,9,ishaan.sharma46@company.com,Inactive,2018-01-09
6147,Reyansh Chopra,30,Canada,Data,66869,16,reyansh.chopra47@outlook.com,Active,2018-11-08
6148,Riya Das,52,India,Data,158263,0,riya.das48@yahoo.com,Active,2025-11-11
6149,Muhammad Chopra,46,UK,Marketing,80301,21,muhammad.chopra49@outlook.com,Active,2020-04-08
6150,Riya Kapoor,45,Germany,HR,148568,14,riya.kapoor50@gmail.com,Active,2019-05-15
6151,Riya Gupta,31,UK,Sales,149550,15,riya.gupta51@outlook.com,Active,2023-04-18
6152,Reyansh Patel,43,UK,Data,82369,19,reyansh.patel52@outlook.com,Active,2025-05-21
6153,Diya Roy,54,India,HR,152496,9,diya.roy53@outlook.com,Inactive,2018-05-25
6154,Ananya Agarwal,43,Germany,Marketing,82331,25,ananya.agarwal54@outlook.com,Inactive,2019-02-05
6155,Arjun Malik,49,Canada,Sales,63911,22,arjun.malik55@yahoo.com,Inactive,2019-11-17
6156,Shaurya Kapoor,51,India,HR,158976,16,shaurya.kapoor56@gmail.com,Inactive,2022-05-04
6157,Aditya Nair,27,India,Sales,41521,33,aditya.nair57@gmail.com,Active,2020-01-25
6158,Aditi Nair,53,Germany,Finance,74123,21,aditi.nair58@outlook.com,Active,2019-04-28
6159,Meera Khan,41,USA,Data,66514,3,meera.khan59@company.com,Active,2023-11-18
6160,Sneha Das,22,India,Finance,72539,6,sneha.das60@company.com,Inactive,2021-05-11
6161,Riya Malik,38,UK,IT,70464,4,riya.malik61@outlook.com,Inactive,2025-04-06
6162,Arjun Reddy,53,UK,Marketing,80226,30,arjun.reddy62@company.com,Inactive,2025-08-28
6163,Sneha Roy,57,Canada,Data,106332,18,sneha.roy63@company.com,Active,2020-02-25
6164,Diya Roy,54,India,HR,68576,3,diya.roy64@yahoo.com,Active,2023-06-18
6165,Meera Kapoor,40,Canada,Sales,38293,21,meera.kapoor65@gmail.com,Inactive,2024-05-03
6166,Aditya Verma,55,India,IT,142801,2,aditya.verma66@gmail.com,Inactive,2019-05-21
6167,Aarav Khan,38,Germany,Marketing,169531,22,aarav.khan67@company.com,Inactive,2024-04-16
6168,Krishna Mehta,44,India,Marketing,53803,3,krishna.mehta68@company.com,Inactive,2019-03-15
6169,Vihaan Nair,28,USA,Marketing,104760,23,vihaan.nair69@gmail.com,Inactive,2022-10-28
6170,Neha Reddy,50,UK,HR,42571,13,neha.reddy70@yahoo.com,Inactive,2019-01-22
6171,Krishna Singh,30,Germany,Data,60772,2,krishna.singh71@outlook.com,Active,2022-01-25
6172,Vihaan Khan,43,UK,Finance,88719,20,vihaan.khan72@yahoo.com,Inactive,2024-12-18
6173,Aditi Bansal,31,Canada,IT,49171,25,aditi.bansal73@yahoo.com,Active,2019-09-08
6174,Aditya Verma,22,Germany,HR,148627,0,aditya.verma74@company.com,Active,2019-10-18
6175,Meera Malik,46,USA,Sales,153212,29,meera.malik75@gmail.com,Inactive,2023-07-13
6176,Vihaan Verma,56,UK,HR,140055,3,vihaan.verma76@yahoo.com,Active,2018-05-17
6177,Aditya Agarwal,53,India,Sales,110253,13,aditya.agarwal77@yahoo.com,Inactive,2025-03-12
6178,Diya Mukherjee,33,India,Sales,106773,17,diya.mukherjee78@gmail.com,Inactive,2018-06-22
6179,Aarav Khan,45,India,Marketing,175308,11,aarav.khan79@outlook.com,Inactive,2023-08-12
6180,Ananya Mehta,24,Germany,HR,81927,15,ananya.mehta80@outlook.com,Inactive,2021-02-16
6181,Kavya Kapoor,39,USA,Finance,134679,0,kavya.kapoor81@outlook.com,Active,2020-05-06
6182,Arjun Roy,38,USA,Sales,165328,2,arjun.roy82@yahoo.com,Active,2019-05-13
6183,Pooja Ansari,57,USA,Marketing,141434,34,pooja.ansari83@gmail.com,Inactive,2021-02-17
6184,Muhammad Malik,50,UK,Finance,122321,14,muhammad.malik84@company.com,Active,2025-10-08
6185,Neha Agarwal,39,Germany,HR,140296,15,neha.agarwal85@yahoo.com,Inactive,2018-05-29
6186,Shaurya Singh,43,India,Finance,48850,16,shaurya.singh86@company.com,Inactive,2025-11-29
6187,Muhammad Khan,36,UK,HR,120236,33,muhammad.khan87@yahoo.com,Inactive,2020-05-04
6188,Priya Das,21,USA,Sales,118518,9,priya.das88@company.com,Inactive,2024-03-16
6189,Muhammad Gupta,32,India,IT,39949,10,muhammad.gupta89@yahoo.com,Inactive,2024-02-09
6190,Sneha Sharma,44,Germany,IT,65581,27,sneha.sharma90@outlook.com,Active,2025-01-07
6191,Vihaan Ansari,54,Canada,Data,107108,26,vihaan.ansari91@company.com,Active,2019-07-24
6192,Vivaan Patel,28,USA,Data,84790,17,vivaan.patel92@gmail.com,Active,2018-07-17
6193,Aarav Chopra,38,USA,Sales,166717,29,aarav.chopra93@gmail.com,Inactive,2022-01-06
6194,Priya Roy,25,USA,Finance,58052,12,priya.roy94@company.com,Inactive,2024-11-10
6195,Pooja Gupta,46,USA,HR,112997,15,pooja.gupta95@outlook.com,Active,2023-12-01
6196,Ananya Khan,50,India,IT,117009,1,ananya.khan96@company.com,Active,2025-07-19
6197,Riya Nair,33,Germany,HR,115957,19,riya.nair97@outlook.com,Inactive,2021-06-06
6198,Muhammad Ansari,39,UK,Sales,94710,11,muhammad.ansari98@company.com,Inactive,2024-08-04
6199,Sneha Nair,49,India,Finance,133854,28,sneha.nair99@outlook.com,Inactive,2021-11-09
6200,Riya Chopra,23,Germany,HR,157939,7,riya.chopra0@gmail.com,Inactive,2022-01-04
6201,Diya Mukherjee,46,UK,Finance,40224,19,diya.mukherjee1@yahoo.com,Active,2019-12-13
6202,Pooja Patel,32,USA,IT,73349,34,pooja.patel2@company.com,Active,2020-11-10
6203,Aditya Agarwal,22,Germany,HR,96566,30,aditya.agarwal3@yahoo.com,Inactive,2020-07-15
6204,Priya Kapoor,31,USA,Marketing,44435,15,priya.kapoor4@yahoo.com,Active,2018-06-24
6205,Aditya Roy,48,Germany,IT,104015,22,aditya.roy5@outlook.com,Active,2018-10-06
6206,Aditya Patel,38,Canada,Finance,93984,33,aditya.patel6@outlook.com,Inactive,2018-07-27
6207,Riya Iyer,33,USA,Sales,139395,31,riya.iyer7@company.com,Active,2022-06-15
6208,Vihaan Mehta,57,USA,Marketing,70401,16,vihaan.mehta8@company.com,Inactive,2020-02-14
6209,Neha Singh,42,USA,Data,166961,23,neha.singh9@company.com,Active,2021-11-08
6210,Vivaan Mukherjee,32,India,HR,174837,34,vivaan.mukherjee10@yahoo.com,Inactive,2024-06-10
6211,Pooja Reddy,22,UK,Data,91398,22,pooja.reddy11@gmail.com,Inactive,2025-08-07
6212,Aarav Singh,57,USA,IT,71928,7,aarav.singh12@yahoo.com,Active,2020-09-18
6213,Shaurya Malik,27,USA,HR,86382,22,shaurya.malik13@gmail.com,Inactive,2022-11-24
6214,Aditi Chopra,46,India,HR,89337,20,aditi.chopra14@gmail.com,Inactive,2023-09-10
6215,Aditya Khan,46,India,Marketing,149531,18,aditya.khan15@outlook.com,Inactive,2018-05-05
6216,Shaurya Gupta,44,Canada,Marketing,114068,30,shaurya.gupta16@yahoo.com,Inactive,2019-03-07
6217,Pooja Roy,32,Germany,Marketing,37283,6,pooja.roy17@gmail.com,Active,2020-05-10
6218,Krishna Das,36,USA,Marketing,99446,23,krishna.das18@outlook.com,Inactive,2019-12-09
6219,Meera Das,43,Germany,Sales,132259,7,meera.das19@yahoo.com,Active,2021-08-07
6220,Shaurya Kapoor,29,India,Finance,74605,12,shaurya.kapoor20@yahoo.com,Active,2019-04-04
6221,Meera Verma,52,India,Marketing,81500,2,meera.verma21@gmail.com,Active,2020-11-23
6222,Pooja Mehta,35,Canada,IT,174787,33,pooja.mehta22@outlook.com,Inactive,2025-08-22
6223,Sneha Nair,57,UK,HR,136881,12,sneha.nair23@yahoo.com,Active,2018-12-07
6224,Ishaan Sharma,33,India,Data,115275,31,ishaan.sharma24@yahoo.com,Inactive,2025-11-26
6225,Vivaan Reddy,25,USA,Marketing,177662,34,vivaan.reddy25@yahoo.com,Inactive,2021-09-22
6226,Priya Malik,31,Canada,IT,53645,20,priya.malik26@company.com,Inactive,2021-03-15
6227,Muhammad Reddy,30,UK,Sales,167095,0,muhammad.reddy27@company.com,Active,2022-04-23
6228,Vivaan Patel,33,Canada,IT,59897,1,vivaan.patel28@outlook.com,Inactive,2018-11-16
6229,Muhammad Ghosh,35,India,Data,50437,25,muhammad.ghosh29@outlook.com,Active,2019-01-09
6230,Ananya Verma,27,UK,Data,78791,2,ananya.verma30@outlook.com,Inactive,2019-01-06
6231,Krishna Nair,48,Germany,IT,83198,23,krishna.nair31@gmail.com,Inactive,2022-12-14
6232,Aditya Roy,52,UK,Sales,140539,25,aditya.roy32@yahoo.com,Active,2024-09-29
6233,Meera Verma,55,USA,Data,96619,7,meera.verma33@company.com,Inactive,2021-02-12
6234,Diya Gupta,35,Germany,Sales,176691,7,diya.gupta34@outlook.com,Inactive,2023-11-02
6235,Priya Mukherjee,56,Germany,HR,55141,17,priya.mukherjee35@outlook.com,Active,2022-06-05
6236,Meera Gupta,41,USA,Marketing,163680,17,meera.gupta36@gmail.com,Active,2019-08-06
6237,Pooja Nair,26,Germany,Data,101820,11,pooja.nair37@yahoo.com,Active,2020-06-01
6238,Arjun Malik,21,India,IT,63094,1,arjun.malik38@yahoo.com,Active,2020-12-15
6239,Vivaan Mehta,24,UK,Finance,77137,19,vivaan.mehta39@yahoo.com,Active,2020-05-20
6240,Vivaan Nair,31,UK,Finance,141825,2,vivaan.nair40@company.com,Inactive,2018-10-27
6241,Riya Singh,46,USA,HR,143385,33,riya.singh41@gmail.com,Inactive,2024-03-19
6242,Diya Bansal,57,India,Finance,51365,5,diya.bansal42@yahoo.com,Active,2020-07-22
6243,Neha Iyer,43,Germany,HR,122930,9,neha.iyer43@company.com,Active,2018-08-21
6244,Krishna Sharma,49,UK,Marketing,50971,23,krishna.sharma44@yahoo.com,Inactive,2024-02-04
6245,Vivaan Sharma,41,UK,HR,164076,17,vivaan.sharma45@outlook.com,Active,2018-03-15
6246,Muhammad Ghosh,47,UK,Sales,143363,32,muhammad.ghosh46@outlook.com,Inactive,2021-10-01
6247,Meera Kapoor,59,UK,Sales,66359,6,meera.kapoor47@yahoo.com,Active,2018-02-22
6248,Aarav Ghosh,33,Canada,Sales,68180,28,aarav.ghosh48@gmail.com,Inactive,2021-12-26
6249,Neha Verma,43,USA,Data,86567,18,neha.verma49@gmail.com,Inactive,2024-11-17
6250,Aditi Kapoor,36,Germany,Sales,61140,24,aditi.kapoor50@yahoo.com,Active,2025-09-17
6251,Arjun Bansal,50,Germany,Sales,74325,16,arjun.bansal51@company.com,Active,2023-03-10
6252,Priya Ghosh,24,USA,Sales,111003,2,priya.ghosh52@company.com,Inactive,2018-04-28
6253,Arjun Mehta,36,India,Sales,115662,23,arjun.mehta53@yahoo.com,Inactive,2024-03-15
6254,Kavya Mehta,51,USA,Data,103418,17,kavya.mehta54@outlook.com,Active,2022-12-06
6255,Meera Chopra,45,UK,Sales,178877,25,meera.chopra55@gmail.com,Active,2025-04-21
6256,Diya Ansari,32,UK,Sales,39400,20,diya.ansari56@outlook.com,Inactive,2025-10-19
6257,Ananya Bansal,46,USA,Marketing,76614,10,ananya.bansal57@gmail.com,Inactive,2018-10-09
6258,Vivaan Singh,57,USA,Data,117100,16,vivaan.singh58@yahoo.com,Inactive,2019-12-15
6259,Krishna Gupta,53,Germany,Sales,101300,20,krishna.gupta59@gmail.com,Active,2025-04-09
6260,Sneha Sharma,48,Germany,HR,111094,3,sneha.sharma60@yahoo.com,Active,2021-09-02
6261,Krishna Bansal,29,Canada,Marketing,95642,31,krishna.bansal61@yahoo.com,Active,2020-07-26
6262,Pooja Roy,32,Canada,Data,162867,17,pooja.roy62@outlook.com,Active,2020-03-26
6263,Vivaan Sharma,25,UK,Finance,163042,27,vivaan.sharma63@company.com,Active,2022-11-11
6264,Krishna Verma,48,Canada,IT,107335,25,krishna.verma64@company.com,Inactive,2024-02-06
6265,Aditya Verma,55,Canada,Data,176046,23,aditya.verma65@company.com,Inactive,2021-03-24
6266,Arjun Agarwal,25,India,Marketing,138985,9,arjun.agarwal66@company.com,Active,2023-05-17
6267,Reyansh Iyer,54,USA,Sales,85498,7,reyansh.iyer67@gmail.com,Inactive,2021-03-26
6268,Vivaan Reddy,54,Germany,Marketing,94571,1,vivaan.reddy68@outlook.com,Inactive,2023-04-23
6269,Diya Mukherjee,33,Canada,IT,41997,34,diya.mukherjee69@gmail.com,Inactive,2024-08-28
6270,Krishna Iyer,59,Germany,IT,71900,20,krishna.iyer70@yahoo.com,Inactive,2025-12-24
6271,Arjun Mukherjee,34,Canada,Data,37453,26,arjun.mukherjee71@gmail.com,Inactive,2024-05-20
6272,Aditi Nair,31,Canada,Sales,35538,22,aditi.nair72@gmail.com,Active,2023-07-15
6273,Vihaan Gupta,58,UK,Sales,111151,31,vihaan.gupta73@gmail.com,Inactive,2022-12-07
6274,Aditya Malik,24,India,HR,65593,25,aditya.malik74@company.com,Active,2024-11-03
6275,Pooja Ansari,53,USA,IT,168375,6,pooja.ansari75@outlook.com,Active,2024-08-06
6276,Neha Chopra,27,USA,Sales,93384,32,neha.chopra76@gmail.com,Inactive,2019-04-22
6277,Krishna Agarwal,28,UK,IT,85543,16,krishna.agarwal77@yahoo.com,Inactive,2021-03-13
6278,Shaurya Chopra,57,UK,HR,119092,7,shaurya.chopra78@outlook.com,Inactive,2023-11-18
6279,Pooja Iyer,30,USA,Finance,109227,16,pooja.iyer79@gmail.com,Inactive,2018-09-14
6280,Krishna Das,35,USA,IT,98175,17,krishna.das80@yahoo.com,Active,2022-07-12
6281,Ishaan Reddy,58,India,HR,124268,22,ishaan.reddy81@gmail.com,Inactive,2024-09-01
6282,Pooja Das,35,Canada,HR,58940,11,pooja.das82@gmail.com,Active,2022-10-15
6283,Vihaan Verma,25,India,HR,71481,22,vihaan.verma83@yahoo.com,Active,2018-05-12
6284,Diya Bansal,49,USA,Marketing,104240,32,diya.bansal84@outlook.com,Inactive,2025-04-28
6285,Meera Nair,39,Canada,Data,68978,27,meera.nair85@company.com,Active,2024-09-17
6286,Ishaan Gupta,30,USA,Sales,83866,22,ishaan.gupta86@company.com,Active,2018-11-15
6287,Muhammad Patel,32,India,IT,71513,6,muhammad.patel87@company.com,Active,2019-04-12
6288,Riya Singh,24,India,Data,110714,1,riya.singh88@outlook.com,Inactive,2020-03-13
6289,Shaurya Ghosh,51,India,Marketing,67441,0,shaurya.ghosh89@gmail.com,Active,2023-12-04
6290,Muhammad Mehta,38,Canada,IT,57844,3,muhammad.mehta90@gmail.com,Inactive,2020-03-23
6291,Diya Patel,36,Germany,Data,87200,7,diya.patel91@company.com,Active,2019-10-26
6292,Vivaan Singh,56,Germany,Marketing,154607,28,vivaan.singh92@gmail.com,Active,2024-05-12
6293,Kavya Agarwal,45,USA,Sales,80986,17,kavya.agarwal93@company.com,Inactive,2019-05-13
6294,Vihaan Sharma,43,Canada,HR,106646,30,vihaan.sharma94@gmail.com,Active,2023-05-02
6295,Neha Verma,32,UK,Data,129476,5,neha.verma95@gmail.com,Inactive,2024-12-27
6296,Ishaan Malik,54,Germany,Data,69585,23,ishaan.malik96@company.com,Active,2018-06-01
6297,Sneha Kapoor,56,Canada,IT,107149,14,sneha.kapoor97@yahoo.com,Active,2024-05-16
6298,Shaurya Gupta,57,Canada,HR,72087,11,shaurya.gupta98@company.com,Inactive,2021-09-11
6299,Vivaan Malik,23,Germany,Sales,173303,13,vivaan.malik99@yahoo.com,Active,2021-01-30
6300,Meera Kapoor,29,Canada,IT,177286,26,meera.kapoor0@outlook.com,Inactive,2024-08-27
6301,Neha Sharma,38,Canada,Finance,103413,12,neha.sharma1@yahoo.com,Active,2021-10-29
6302,Aditi Kapoor,55,Germany,Finance,132743,2,aditi.kapoor2@company.com,Inactive,2025-09-13
6303,Kavya Verma,54,India,Finance,167219,15,kavya.verma3@gmail.com,Active,2018-10-08
6304,Krishna Ansari,34,USA,Sales,84389,11,krishna.ansari4@company.com,Inactive,2024-12-02
6305,Aditi Khan,24,UK,Finance,151810,13,aditi.khan5@gmail.com,Inactive,2019-04-10
6306,Priya Ghosh,49,USA,Data,173681,33,priya.ghosh6@outlook.com,Inactive,2022-01-16
6307,Vivaan Iyer,35,India,IT,154283,30,vivaan.iyer7@company.com,Active,2018-09-30
6308,Vivaan Ghosh,48,India,Data,44737,4,vivaan.ghosh8@outlook.com,Inactive,2025-01-05
6309,Diya Sharma,36,Canada,Finance,71751,11,diya.sharma9@outlook.com,Active,2019-06-05
6310,Meera Reddy,32,USA,IT,145859,25,meera.reddy10@gmail.com,Inactive,2022-09-23
6311,Ishaan Roy,25,India,Data,75902,16,ishaan.roy11@yahoo.com,Inactive,2021-02-20
6312,Muhammad Sharma,54,USA,Sales,40606,10,muhammad.sharma12@yahoo.com,Inactive,2018-04-14
6313,Ananya Mukherjee,21,India,HR,85775,32,ananya.mukherjee13@outlook.com,Active,2021-01-11
6314,Priya Bansal,59,UK,Data,161001,3,priya.bansal14@outlook.com,Inactive,2021-02-06
6315,Vivaan Mehta,52,India,Marketing,156914,31,vivaan.mehta15@gmail.com,Active,2022-01-15
6316,Pooja Kapoor,46,USA,Finance,145397,30,pooja.kapoor16@company.com,Inactive,2020-06-20
6317,Shaurya Ghosh,37,Canada,Marketing,167167,10,shaurya.ghosh17@gmail.com,Inactive,2021-07-14
6318,Kavya Bansal,47,USA,HR,100262,16,kavya.bansal18@gmail.com,Inactive,2020-07-05
6319,Sneha Roy,44,Germany,Sales,117915,26,sneha.roy19@outlook.com,Active,2023-06-06
6320,Riya Malik,55,USA,Data,57065,7,riya.malik20@outlook.com,Inactive,2024-12-18
6321,Reyansh Kapoor,59,UK,Sales,83844,20,reyansh.kapoor21@gmail.com,Active,2018-08-05
6322,Kavya Singh,46,UK,HR,119703,32,kavya.singh22@outlook.com,Inactive,2022-07-22
6323,Arjun Sharma,58,UK,Marketing,158035,4,arjun.sharma23@company.com,Active,2024-05-22
6324,Ishaan Malik,43,India,Data,176159,31,ishaan.malik24@yahoo.com,Active,2019-10-23
6325,Aditya Singh,42,UK,Finance,40682,24,aditya.singh25@yahoo.com,Inactive,2023-08-08
6326,Pooja Iyer,24,USA,IT,159656,7,pooja.iyer26@gmail.com,Inactive,2019-11-01
6327,Ananya Roy,29,Canada,Sales,73729,26,ananya.roy27@yahoo.com,Active,2023-07-21
6328,Aditi Verma,24,UK,HR,121688,25,aditi.verma28@outlook.com,Active,2023-06-03
6329,Meera Malik,27,USA,Data,155448,28,meera.malik29@outlook.com,Active,2024-05-10
6330,Diya Malik,43,India,Marketing,138508,8,diya.malik30@yahoo.com,Inactive,2023-01-28
6331,Ishaan Mukherjee,22,India,Finance,108088,17,ishaan.mukherjee31@gmail.com,Active,2025-06-25
6332,Aarav Mehta,44,Canada,Marketing,160300,6,aarav.mehta32@gmail.com,Inactive,2023-01-27
6333,Shaurya Roy,51,Canada,Finance,92398,20,shaurya.roy33@yahoo.com,Inactive,2023-10-08
6334,Ananya Malik,51,USA,Data,51468,15,ananya.malik34@outlook.com,Active,2024-10-02
6335,Reyansh Agarwal,54,Canada,IT,107620,2,reyansh.agarwal35@gmail.com,Active,2022-07-04
6336,Kavya Sharma,44,Canada,IT,78848,31,kavya.sharma36@company.com,Active,2021-11-30
6337,Kavya Sharma,46,India,HR,106591,9,kavya.sharma37@company.com,Active,2020-07-08
6338,Kavya Verma,36,USA,HR,103205,31,kavya.verma38@company.com,Active,2021-08-23
6339,Diya Nair,33,Canada,Finance,112564,7,diya.nair39@gmail.com,Active,2023-10-14
6340,Pooja Ansari,35,USA,Finance,101544,31,pooja.ansari40@gmail.com,Active,2021-11-23
6341,Priya Verma,47,UK,Finance,86516,3,priya.verma41@yahoo.com,Inactive,2019-02-16
6342,Sneha Gupta,24,India,Finance,50523,28,sneha.gupta42@gmail.com,Active,2018-10-25
6343,Ishaan Mukherjee,36,India,Data,156456,11,ishaan.mukherjee43@yahoo.com,Active,2021-03-17
6344,Pooja Reddy,50,India,Data,37199,18,pooja.reddy44@yahoo.com,Active,2023-08-07
6345,Aditya Agarwal,50,Germany,IT,105231,30,aditya.agarwal45@outlook.com,Inactive,2025-10-29
6346,Reyansh Malik,56,USA,HR,36006,25,reyansh.malik46@gmail.com,Inactive,2025-07-30
6347,Ishaan Malik,23,UK,HR,42114,5,ishaan.malik47@gmail.com,Active,2021-05-05
6348,Neha Patel,42,Canada,Sales,144548,28,neha.patel48@company.com,Inactive,2024-04-09
6349,Krishna Khan,42,UK,HR,118063,16,krishna.khan49@company.com,Active,2025-07-13
6350,Arjun Mukherjee,32,USA,HR,134528,19,arjun.mukherjee50@outlook.com,Active,2024-01-28
6351,Vivaan Singh,41,India,Marketing,137799,9,vivaan.singh51@outlook.com,Active,2020-01-24
6352,Vihaan Verma,24,Germany,Marketing,112977,5,vihaan.verma52@outlook.com,Inactive,2022-01-26
6353,Reyansh Das,51,USA,Sales,35181,31,reyansh.das53@outlook.com,Inactive,2018-09-15
6354,Kavya Roy,51,USA,Finance,178884,1,kavya.roy54@outlook.com,Inactive,2024-11-24
6355,Ananya Verma,43,Canada,Sales,57716,9,ananya.verma55@outlook.com,Inactive,2018-05-31
6356,Pooja Singh,40,UK,Sales,161995,26,pooja.singh56@yahoo.com,Inactive,2020-06-26
6357,Vivaan Malik,35,UK,IT,75218,18,vivaan.malik57@gmail.com,Inactive,2021-12-24
6358,Ishaan Sharma,43,Canada,Data,61633,15,ishaan.sharma58@gmail.com,Active,2021-11-06
6359,Diya Ghosh,48,Germany,HR,45939,19,diya.ghosh59@yahoo.com,Inactive,2021-12-11
6360,Vivaan Mukherjee,36,India,IT,45072,4,vivaan.mukherjee60@outlook.com,Active,2024-04-03
6361,Krishna Chopra,57,India,Data,130534,17,krishna.chopra61@outlook.com,Inactive,2021-03-22
6362,Vihaan Gupta,41,Germany,HR,119751,7,vihaan.gupta62@outlook.com,Active,2024-10-02
6363,Riya Agarwal,35,Canada,Sales,66619,12,riya.agarwal63@outlook.com,Active,2025-03-09
6364,Vihaan Das,37,USA,HR,164729,9,vihaan.das64@gmail.com,Inactive,2022-01-15
6365,Aditya Singh,57,UK,Finance,142696,18,aditya.singh65@yahoo.com,Active,2025-09-10
6366,Muhammad Reddy,33,USA,Finance,97017,30,muhammad.reddy66@company.com,Inactive,2024-01-16
6367,Sneha Chopra,39,UK,Sales,159412,28,sneha.chopra67@outlook.com,Active,2023-04-15
6368,Priya Gupta,50,USA,Marketing,81075,22,priya.gupta68@gmail.com,Active,2023-09-11
6369,Priya Iyer,38,Canada,Finance,170722,31,priya.iyer69@gmail.com,Inactive,2024-06-27
6370,Arjun Sharma,34,Canada,Sales,136287,10,arjun.sharma70@gmail.com,Active,2023-10-09
6371,Ananya Mukherjee,56,Germany,IT,72343,1,ananya.mukherjee71@gmail.com,Active,2022-11-07
6372,Diya Reddy,56,USA,Marketing,80197,31,diya.reddy72@gmail.com,Active,2024-03-02
6373,Priya Chopra,40,USA,Finance,36782,4,priya.chopra73@outlook.com,Inactive,2023-12-03
6374,Neha Iyer,39,Germany,Sales,39412,30,neha.iyer74@yahoo.com,Active,2025-09-14
6375,Meera Sharma,27,Germany,Sales,94687,12,meera.sharma75@yahoo.com,Active,2020-12-27
6376,Reyansh Chopra,24,Canada,IT,148043,21,reyansh.chopra76@outlook.com,Inactive,2021-05-31
6377,Vivaan Iyer,54,Canada,IT,82855,34,vivaan.iyer77@outlook.com,Active,2024-10-05
6378,Arjun Roy,22,USA,Marketing,131169,18,arjun.roy78@gmail.com,Active,2021-11-11
6379,Aarav Mehta,25,Canada,Data,93190,28,aarav.mehta79@outlook.com,Inactive,2020-09-29
6380,Meera Ansari,30,Canada,Finance,176688,22,meera.ansari80@outlook.com,Active,2021-08-26
6381,Ananya Das,52,USA,Sales,72448,18,ananya.das81@outlook.com,Active,2020-04-23
6382,Riya Roy,33,Germany,Marketing,158678,15,riya.roy82@yahoo.com,Inactive,2025-06-24
6383,Diya Ansari,59,USA,Marketing,47101,30,diya.ansari83@outlook.com,Inactive,2024-03-07
6384,Aditi Roy,25,India,IT,138131,15,aditi.roy84@company.com,Inactive,2022-07-21
6385,Vivaan Patel,30,USA,Sales,138371,25,vivaan.patel85@gmail.com,Active,2019-11-01
6386,Aditi Gupta,30,India,HR,110822,2,aditi.gupta86@outlook.com,Active,2020-05-27
6387,Aditya Singh,58,USA,Data,165965,22,aditya.singh87@outlook.com,Active,2019-08-23
6388,Sneha Das,47,India,Data,85465,8,sneha.das88@outlook.com,Active,2023-06-28
6389,Sneha Ghosh,41,India,IT,46070,23,sneha.ghosh89@yahoo.com,Active,2024-08-13
6390,Priya Ghosh,28,USA,Sales,158927,32,priya.ghosh90@yahoo.com,Active,2022-05-09
6391,Vihaan Das,21,Canada,Marketing,93431,13,vihaan.das91@company.com,Active,2025-10-21
6392,Vivaan Mukherjee,48,UK,Data,81739,27,vivaan.mukherjee92@yahoo.com,Active,2022-04-11
6393,Neha Das,59,Canada,Marketing,81707,23,neha.das93@yahoo.com,Active,2021-09-13
6394,Riya Agarwal,34,India,Finance,56742,6,riya.agarwal94@outlook.com,Active,2021-01-16
6395,Ananya Malik,41,USA,HR,68050,24,ananya.malik95@outlook.com,Inactive,2023-11-25
6396,Muhammad Roy,50,USA,IT,75377,1,muhammad.roy96@yahoo.com,Active,2018-08-25
6397,Shaurya Singh,41,USA,Data,37733,0,shaurya.singh97@outlook.com,Inactive,2021-08-28
6398,Ananya Singh,29,USA,Finance,119277,22,ananya.singh98@company.com,Active,2018-07-23
6399,Diya Singh,37,UK,Finance,177199,17,diya.singh99@yahoo.com,Inactive,2019-08-04
6400,Kavya Reddy,25,Germany,HR,178082,7,kavya.reddy0@yahoo.com,Inactive,2025-03-24
6401,Vihaan Singh,51,India,IT,59373,33,vihaan.singh1@company.com,Inactive,2023-06-07
6402,Kavya Bansal,58,UK,IT,173282,7,kavya.bansal2@company.com,Active,2020-05-13
6403,Diya Gupta,39,Canada,Marketing,101323,28,diya.gupta3@gmail.com,Active,2022-08-20
6404,Diya Ghosh,56,Germany,IT,149003,12,diya.ghosh4@outlook.com,Inactive,2020-05-22
6405,Riya Gupta,53,Germany,Finance,50060,0,riya.gupta5@yahoo.com,Active,2025-11-14
6406,Diya Nair,33,USA,Marketing,80256,28,diya.nair6@company.com,Inactive,2019-06-21
6407,Meera Singh,34,UK,IT,88473,0,meera.singh7@company.com,Active,2020-08-25
6408,Kavya Bansal,53,Canada,HR,121648,4,kavya.bansal8@outlook.com,Inactive,2023-09-06
6409,Krishna Roy,49,USA,Finance,106176,1,krishna.roy9@yahoo.com,Inactive,2019-06-18
6410,Arjun Ghosh,56,USA,Sales,38410,21,arjun.ghosh10@outlook.com,Inactive,2020-08-24
6411,Krishna Bansal,30,India,HR,126316,29,krishna.bansal11@gmail.com,Inactive,2020-01-10
6412,Sneha Patel,51,Germany,HR,145100,10,sneha.patel12@yahoo.com,Inactive,2023-01-13
6413,Meera Malik,26,Canada,IT,111721,28,meera.malik13@outlook.com,Active,2023-03-29
6414,Shaurya Reddy,21,Germany,Marketing,116167,2,shaurya.reddy14@company.com,Active,2018-11-07
6415,Ananya Mehta,27,UK,Marketing,129123,12,ananya.mehta15@company.com,Inactive,2024-05-01
6416,Aditya Bansal,47,India,Finance,88020,2,aditya.bansal16@company.com,Active,2023-01-30
6417,Priya Das,41,USA,IT,72344,9,priya.das17@outlook.com,Active,2019-01-09
6418,Arjun Roy,48,India,Marketing,165145,3,arjun.roy18@yahoo.com,Inactive,2025-04-12
6419,Neha Ansari,36,USA,Data,173970,13,neha.ansari19@yahoo.com,Active,2018-08-08
6420,Reyansh Agarwal,43,India,Sales,164934,22,reyansh.agarwal20@outlook.com,Active,2022-02-09
6421,Aarav Khan,40,USA,Data,114752,16,aarav.khan21@company.com,Inactive,2019-06-04
6422,Vihaan Bansal,58,Germany,IT,166020,0,vihaan.bansal22@outlook.com,Active,2018-12-29
6423,Ishaan Ghosh,45,Germany,IT,63474,14,ishaan.ghosh23@yahoo.com,Inactive,2022-01-16
6424,Neha Mehta,48,Germany,Marketing,161367,1,neha.mehta24@company.com,Inactive,2019-09-16
6425,Arjun Verma,25,Germany,HR,88459,17,arjun.verma25@gmail.com,Active,2023-07-06
6426,Priya Sharma,41,India,IT,147298,21,priya.sharma26@yahoo.com,Inactive,2023-05-07
6427,Reyansh Gupta,38,USA,HR,54309,27,reyansh.gupta27@outlook.com,Active,2022-10-26
6428,Arjun Das,26,Germany,Finance,140018,29,arjun.das28@company.com,Inactive,2018-08-01
6429,Riya Kapoor,49,India,Finance,124117,12,riya.kapoor29@company.com,Inactive,2022-08-01
6430,Priya Chopra,39,USA,Marketing,57390,2,priya.chopra30@yahoo.com,Inactive,2020-05-23
6431,Arjun Kapoor,53,India,Finance,43541,2,arjun.kapoor31@yahoo.com,Inactive,2021-03-13
6432,Pooja Singh,21,Germany,Data,78937,25,pooja.singh32@gmail.com,Active,2023-08-21
6433,Shaurya Mehta,23,UK,Data,75149,3,shaurya.mehta33@yahoo.com,Active,2019-06-15
6434,Ananya Reddy,41,India,Data,114030,15,ananya.reddy34@company.com,Active,2019-03-24
6435,Sneha Mukherjee,55,Germany,Marketing,74796,27,sneha.mukherjee35@company.com,Active,2018-02-21
6436,Meera Mehta,23,Canada,Marketing,165174,7,meera.mehta36@outlook.com,Active,2021-05-13
6437,Vivaan Gupta,45,USA,Data,172113,15,vivaan.gupta37@yahoo.com,Active,2025-05-26
6438,Diya Agarwal,58,Germany,HR,120521,30,diya.agarwal38@outlook.com,Inactive,2022-04-27
6439,Priya Agarwal,40,Canada,Data,170246,22,priya.agarwal39@gmail.com,Active,2021-10-11
6440,Priya Iyer,54,India,HR,162521,1,priya.iyer40@company.com,Active,2022-06-20
6441,Neha Patel,41,India,Finance,97933,8,neha.patel41@company.com,Active,2024-07-14
6442,Reyansh Roy,43,Canada,HR,68691,26,reyansh.roy42@yahoo.com,Active,2020-04-26
6443,Riya Gupta,26,Canada,IT,150306,21,riya.gupta43@gmail.com,Active,2020-06-14
6444,Arjun Sharma,33,USA,Sales,154088,33,arjun.sharma44@yahoo.com,Active,2022-06-10
6445,Sneha Roy,43,India,IT,123262,8,sneha.roy45@company.com,Active,2023-01-15
6446,Diya Agarwal,29,Canada,IT,128374,32,diya.agarwal46@yahoo.com,Active,2021-09-18
6447,Aditi Reddy,37,UK,Marketing,38303,33,aditi.reddy47@outlook.com,Inactive,2022-06-08
6448,Kavya Khan,22,UK,Sales,81653,34,kavya.khan48@outlook.com,Active,2023-02-14
6449,Riya Roy,39,Canada,Marketing,44890,25,riya.roy49@company.com,Inactive,2024-02-25
6450,Ishaan Mehta,39,USA,HR,108136,6,ishaan.mehta50@yahoo.com,Active,2022-01-02
6451,Krishna Iyer,27,India,Data,62230,26,krishna.iyer51@outlook.com,Active,2024-01-07
6452,Neha Reddy,40,UK,HR,51466,11,neha.reddy52@yahoo.com,Active,2023-05-17
6453,Vivaan Roy,29,Canada,Sales,62732,16,vivaan.roy53@company.com,Active,2023-09-29
6454,Riya Das,37,Canada,Finance,173447,20,riya.das54@yahoo.com,Active,2021-09-25
6455,Sneha Das,47,Germany,HR,42837,21,sneha.das55@company.com,Active,2019-09-28
6456,Priya Iyer,22,Canada,IT,58108,25,priya.iyer56@company.com,Active,2020-05-08
6457,Ananya Kapoor,56,USA,Sales,52851,12,ananya.kapoor57@yahoo.com,Active,2020-02-17
6458,Ananya Khan,39,UK,Sales,61600,22,ananya.khan58@outlook.com,Inactive,2018-02-19
6459,Arjun Verma,37,Germany,HR,50188,29,arjun.verma59@yahoo.com,Inactive,2025-02-21
6460,Muhammad Bansal,25,UK,HR,79777,16,muhammad.bansal60@outlook.com,Inactive,2020-07-25
6461,Riya Malik,59,UK,Marketing,171561,26,riya.malik61@company.com,Active,2024-09-12
6462,Sneha Mukherjee,38,USA,Marketing,119618,19,sneha.mukherjee62@outlook.com,Active,2019-01-11
6463,Ananya Mehta,27,Canada,IT,174767,6,ananya.mehta63@yahoo.com,Active,2018-01-23
6464,Diya Iyer,37,USA,Sales,35230,3,diya.iyer64@outlook.com,Inactive,2021-01-04
6465,Reyansh Mehta,59,Canada,Finance,46355,30,reyansh.mehta65@outlook.com,Inactive,2025-04-26
6466,Shaurya Malik,56,Germany,Finance,105779,29,shaurya.malik66@yahoo.com,Active,2018-10-10
6467,Neha Agarwal,24,USA,Sales,120872,30,neha.agarwal67@outlook.com,Inactive,2020-10-26
6468,Krishna Khan,58,USA,IT,85094,3,krishna.khan68@company.com,Inactive,2018-10-07
6469,Shaurya Malik,45,India,Marketing,152383,17,shaurya.malik69@company.com,Active,2025-03-30
6470,Meera Mehta,25,USA,Marketing,45594,19,meera.mehta70@outlook.com,Inactive,2019-01-28
6471,Krishna Malik,50,India,Marketing,156562,22,krishna.malik71@yahoo.com,Inactive,2023-06-17
6472,Arjun Mehta,32,Canada,Finance,134185,8,arjun.mehta72@gmail.com,Active,2020-12-29
6473,Muhammad Ghosh,24,Canada,Finance,95436,15,muhammad.ghosh73@yahoo.com,Inactive,2022-02-06
6474,Riya Khan,44,Canada,IT,160039,20,riya.khan74@company.com,Active,2023-07-22
6475,Aarav Mukherjee,49,India,Finance,124236,8,aarav.mukherjee75@gmail.com,Active,2019-04-29
6476,Vivaan Ghosh,29,Canada,HR,78388,24,vivaan.ghosh76@outlook.com,Inactive,2025-10-28
6477,Pooja Ansari,24,UK,Finance,179114,13,pooja.ansari77@company.com,Active,2020-04-07
6478,Aarav Nair,44,USA,Marketing,62577,16,aarav.nair78@company.com,Inactive,2024-02-02
6479,Aarav Chopra,34,India,IT,179566,27,aarav.chopra79@outlook.com,Inactive,2018-08-19
6480,Muhammad Iyer,25,Canada,Sales,121811,7,muhammad.iyer80@outlook.com,Active,2018-03-28
6481,Sneha Bansal,38,UK,Sales,74248,13,sneha.bansal81@yahoo.com,Inactive,2019-01-24
6482,Kavya Das,39,USA,IT,124425,14,kavya.das82@yahoo.com,Active,2022-07-02
6483,Arjun Agarwal,32,USA,HR,116709,24,arjun.agarwal83@outlook.com,Inactive,2019-12-20
6484,Shaurya Mehta,38,Canada,Sales,151011,10,shaurya.mehta84@yahoo.com,Active,2022-10-24
6485,Vihaan Agarwal,37,UK,Marketing,167083,28,vihaan.agarwal85@company.com,Active,2020-01-07
6486,Priya Nair,50,India,Sales,71836,2,priya.nair86@yahoo.com,Active,2024-02-08
6487,Ishaan Gupta,44,Canada,Sales,96557,21,ishaan.gupta87@company.com,Active,2024-10-05
6488,Arjun Malik,31,USA,Marketing,136751,19,arjun.malik88@outlook.com,Active,2025-05-30
6489,Vihaan Chopra,55,USA,Finance,59281,18,vihaan.chopra89@gmail.com,Active,2024-11-05
6490,Aditya Singh,43,USA,HR,131574,12,aditya.singh90@company.com,Active,2024-02-27
6491,Aditya Reddy,37,Canada,Marketing,176308,26,aditya.reddy91@gmail.com,Active,2019-08-06
6492,Reyansh Das,21,Germany,Marketing,99589,18,reyansh.das92@company.com,Inactive,2018-01-24
6493,Ananya Malik,35,Germany,Data,65271,15,ananya.malik93@outlook.com,Inactive,2020-05-22
6494,Kavya Das,52,Germany,IT,138427,1,kavya.das94@yahoo.com,Inactive,2024-12-24
6495,Aditya Reddy,29,UK,HR,130157,0,aditya.reddy95@company.com,Inactive,2024-07-11
6496,Vivaan Bansal,35,Canada,Finance,170250,2,vivaan.bansal96@outlook.com,Inactive,2022-02-01
6497,Vihaan Das,48,USA,Data,132984,23,vihaan.das97@gmail.com,Inactive,2020-10-03
6498,Ananya Ansari,44,UK,Marketing,179348,1,ananya.ansari98@company.com,Inactive,2023-04-19
6499,Pooja Verma,55,Germany,Data,41149,15,pooja.verma99@gmail.com,Inactive,2022-05-19
6500,Aarav Singh,42,India,Finance,127864,28,aarav.singh0@yahoo.com,Active,2018-05-21
6501,Arjun Roy,47,UK,Data,88781,3,arjun.roy1@outlook.com,Inactive,2023-07-29
6502,Aditi Singh,39,UK,Data,170618,13,aditi.singh2@gmail.com,Inactive,2025-09-02
6503,Muhammad Malik,32,Canada,Data,95560,16,muhammad.malik3@gmail.com,Inactive,2020-12-30
6504,Neha Patel,40,UK,Marketing,103895,16,neha.patel4@company.com,Inactive,2019-01-27
6505,Neha Khan,21,Canada,Marketing,89165,19,neha.khan5@outlook.com,Active,2023-07-20
6506,Neha Iyer,41,India,IT,112670,28,neha.iyer6@company.com,Active,2024-04-14
6507,Arjun Ansari,21,USA,Sales,75372,25,arjun.ansari7@gmail.com,Inactive,2021-02-02
6508,Aditya Das,30,USA,HR,145805,16,aditya.das8@gmail.com,Inactive,2020-12-11
6509,Muhammad Sharma,52,Germany,IT,166971,11,muhammad.sharma9@outlook.com,Active,2024-04-24
6510,Priya Gupta,59,Germany,Finance,131628,27,priya.gupta10@gmail.com,Active,2022-02-17
6511,Neha Ghosh,42,India,Data,133956,8,neha.ghosh11@company.com,Active,2019-02-10
6512,Meera Ansari,38,USA,Marketing,157684,31,meera.ansari12@outlook.com,Inactive,2022-07-13
6513,Reyansh Verma,52,Germany,Data,167054,33,reyansh.verma13@company.com,Active,2020-06-04
6514,Priya Malik,47,UK,Marketing,133879,15,priya.malik14@outlook.com,Active,2022-05-07
6515,Meera Kapoor,48,Canada,HR,109060,30,meera.kapoor15@company.com,Active,2024-08-11
6516,Sneha Singh,38,Germany,IT,104843,26,sneha.singh16@gmail.com,Active,2023-08-17
6517,Diya Nair,59,India,IT,158168,28,diya.nair17@company.com,Active,2018-01-01
6518,Riya Khan,49,USA,Finance,143669,0,riya.khan18@outlook.com,Active,2018-12-05
6519,Shaurya Singh,38,India,IT,145329,26,shaurya.singh19@gmail.com,Inactive,2018-12-16
6520,Shaurya Nair,28,Canada,IT,73794,31,shaurya.nair20@gmail.com,Inactive,2025-04-27
6521,Neha Kapoor,51,Canada,Sales,55753,10,neha.kapoor21@yahoo.com,Active,2023-10-04
6522,Meera Chopra,54,India,HR,148684,34,meera.chopra22@company.com,Active,2025-04-30
6523,Pooja Nair,27,Germany,Data,62238,1,pooja.nair23@company.com,Active,2020-03-06
6524,Shaurya Mehta,56,Germany,IT,119243,0,shaurya.mehta24@gmail.com,Inactive,2024-05-08
6525,Krishna Mehta,38,USA,Finance,81086,5,krishna.mehta25@outlook.com,Inactive,2025-12-14
6526,Shaurya Bansal,58,USA,Data,62639,6,shaurya.bansal26@company.com,Inactive,2021-12-24
6527,Kavya Reddy,29,UK,Marketing,153058,1,kavya.reddy27@yahoo.com,Inactive,2020-05-28
6528,Krishna Bansal,29,UK,IT,143748,1,krishna.bansal28@outlook.com,Active,2019-01-12
6529,Vihaan Khan,28,USA,IT,88350,4,vihaan.khan29@gmail.com,Inactive,2019-01-22
6530,Kavya Reddy,55,UK,Data,111779,12,kavya.reddy30@outlook.com,Active,2024-08-31
6531,Vihaan Chopra,38,India,Marketing,87848,18,vihaan.chopra31@gmail.com,Active,2021-03-26
6532,Aditi Patel,25,Germany,Sales,146546,18,aditi.patel32@yahoo.com,Active,2019-02-28
6533,Neha Nair,34,UK,HR,143903,0,neha.nair33@company.com,Active,2020-02-26
6534,Meera Bansal,48,UK,Sales,120122,34,meera.bansal34@outlook.com,Active,2025-05-31
6535,Krishna Sharma,50,India,Finance,51690,17,krishna.sharma35@yahoo.com,Active,2018-10-04
6536,Shaurya Malik,24,Canada,Data,150571,31,shaurya.malik36@company.com,Active,2025-12-17
6537,Riya Ansari,59,USA,IT,172735,31,riya.ansari37@company.com,Active,2023-01-13
6538,Priya Verma,40,India,Sales,41189,7,priya.verma38@outlook.com,Inactive,2025-02-16
6539,Pooja Reddy,45,Canada,HR,169661,10,pooja.reddy39@yahoo.com,Active,2022-11-09
6540,Ishaan Reddy,48,India,Finance,136945,19,ishaan.reddy40@yahoo.com,Inactive,2023-08-05
6541,Priya Kapoor,32,Germany,Sales,116017,7,priya.kapoor41@outlook.com,Active,2022-06-13
6542,Kavya Bansal,22,India,IT,162224,27,kavya.bansal42@outlook.com,Active,2024-01-28
6543,Aditi Malik,34,India,HR,122028,20,aditi.malik43@company.com,Active,2021-06-02
6544,Vivaan Malik,42,Germany,IT,168234,5,vivaan.malik44@yahoo.com,Active,2018-05-27
6545,Neha Singh,51,USA,IT,115110,1,neha.singh45@yahoo.com,Active,2022-06-14
6546,Ananya Verma,43,Canada,Finance,130400,9,ananya.verma46@company.com,Inactive,2022-01-11
6547,Shaurya Agarwal,40,UK,HR,40167,8,shaurya.agarwal47@outlook.com,Active,2021-12-24
6548,Priya Singh,58,USA,Marketing,78743,2,priya.singh48@outlook.com,Inactive,2021-09-08
6549,Sneha Khan,24,India,IT,54525,1,sneha.khan49@gmail.com,Active,2021-01-19
6550,Pooja Ansari,35,UK,HR,155819,7,pooja.ansari50@company.com,Inactive,2018-01-14
6551,Vihaan Mukherjee,44,Germany,IT,117074,8,vihaan.mukherjee51@outlook.com,Inactive,2021-03-17
6552,Meera Reddy,45,USA,Sales,104166,25,meera.reddy52@yahoo.com,Inactive,2023-01-01
6553,Arjun Mukherjee,21,Canada,Sales,174724,33,arjun.mukherjee53@gmail.com,Active,2019-02-13
6554,Pooja Sharma,27,USA,HR,151084,29,pooja.sharma54@outlook.com,Inactive,2019-01-19
6555,Aarav Kapoor,51,USA,Finance,125902,7,aarav.kapoor55@company.com,Inactive,2021-11-12
6556,Aditya Reddy,32,UK,Marketing,146817,2,aditya.reddy56@yahoo.com,Active,2018-02-26
6557,Diya Ghosh,25,Germany,Sales,166648,10,diya.ghosh57@gmail.com,Active,2025-01-05
6558,Aditya Verma,58,Germany,Finance,107799,24,aditya.verma58@gmail.com,Active,2024-07-20
6559,Riya Ansari,32,USA,Marketing,38764,4,riya.ansari59@outlook.com,Inactive,2023-03-18
6560,Diya Ghosh,59,Germany,Sales,94887,11,diya.ghosh60@company.com,Active,2019-02-09
6561,Muhammad Khan,38,UK,Marketing,70878,29,muhammad.khan61@company.com,Active,2018-09-02
6562,Pooja Kapoor,22,UK,Data,153217,26,pooja.kapoor62@yahoo.com,Inactive,2022-06-13
6563,Krishna Iyer,30,Canada,IT,125461,4,krishna.iyer63@company.com,Active,2020-05-08
6564,Reyansh Chopra,35,Germany,HR,49202,19,reyansh.chopra64@gmail.com,Active,2023-10-01
6565,Ananya Bansal,50,Canada,Sales,104619,20,ananya.bansal65@company.com,Active,2023-06-21
6566,Muhammad Ghosh,37,India,Sales,101767,2,muhammad.ghosh66@company.com,Active,2018-07-28
6567,Krishna Sharma,24,UK,IT,133880,3,krishna.sharma67@gmail.com,Inactive,2023-03-25
6568,Vivaan Sharma,27,USA,Sales,176902,23,vivaan.sharma68@company.com,Active,2023-12-31
6569,Riya Mehta,51,UK,Sales,83215,6,riya.mehta69@outlook.com,Inactive,2022-12-28
6570,Riya Kapoor,59,India,Data,61617,23,riya.kapoor70@outlook.com,Active,2019-06-30
6571,Neha Verma,54,USA,Sales,114109,10,neha.verma71@yahoo.com,Inactive,2020-03-14
6572,Reyansh Iyer,26,Germany,Sales,90873,1,reyansh.iyer72@outlook.com,Inactive,2025-05-04
6573,Shaurya Sharma,58,Germany,Sales,149785,5,shaurya.sharma73@gmail.com,Active,2021-02-01
6574,Krishna Singh,54,UK,Finance,162071,6,krishna.singh74@gmail.com,Active,2020-12-03
6575,Vivaan Malik,35,USA,Sales,77908,17,vivaan.malik75@gmail.com,Active,2024-07-08
6576,Vihaan Kapoor,34,USA,IT,75924,8,vihaan.kapoor76@company.com,Inactive,2018-09-04
6577,Aditi Patel,26,Canada,Data,61071,27,aditi.patel77@gmail.com,Inactive,2025-01-21
6578,Ishaan Gupta,57,India,Sales,53839,18,ishaan.gupta78@outlook.com,Active,2019-04-10
6579,Aditya Gupta,52,Germany,Marketing,138115,3,aditya.gupta79@yahoo.com,Inactive,2024-06-06
6580,Riya Bansal,23,UK,Data,108363,3,riya.bansal80@gmail.com,Active,2019-09-12
6581,Aarav Sharma,23,USA,Data,152379,12,aarav.sharma81@gmail.com,Active,2023-05-13
6582,Pooja Mukherjee,42,Germany,Marketing,150660,27,pooja.mukherjee82@company.com,Active,2025-01-29
6583,Arjun Mehta,42,UK,IT,61088,10,arjun.mehta83@outlook.com,Active,2024-08-12
6584,Sneha Kapoor,30,Germany,Finance,141110,1,sneha.kapoor84@yahoo.com,Inactive,2021-05-14
6585,Muhammad Mukherjee,23,UK,IT,103459,5,muhammad.mukherjee85@gmail.com,Active,2018-12-23
6586,Shaurya Reddy,32,Germany,Finance,138305,11,shaurya.reddy86@gmail.com,Inactive,2024-07-06
6587,Priya Das,49,Canada,HR,140780,23,priya.das87@outlook.com,Active,2020-06-03
6588,Aarav Iyer,37,India,Marketing,97406,8,aarav.iyer88@outlook.com,Active,2024-10-25
6589,Ishaan Agarwal,27,Germany,Data,131888,25,ishaan.agarwal89@outlook.com,Inactive,2019-05-16
6590,Muhammad Mehta,33,India,Data,73703,3,muhammad.mehta90@yahoo.com,Inactive,2022-10-25
6591,Ishaan Roy,22,Germany,Data,100422,3,ishaan.roy91@yahoo.com,Active,2020-01-14
6592,Neha Kapoor,24,USA,Marketing,55614,33,neha.kapoor92@outlook.com,Active,2025-12-30
6593,Shaurya Bansal,30,Canada,Marketing,129406,21,shaurya.bansal93@company.com,Inactive,2021-12-28
6594,Aditya Singh,59,Canada,Finance,67891,12,aditya.singh94@company.com,Inactive,2024-02-26
6595,Priya Ghosh,44,India,Data,166825,14,priya.ghosh95@company.com,Inactive,2019-07-05
6596,Ishaan Nair,37,USA,IT,75882,1,ishaan.nair96@outlook.com,Active,2018-07-19
6597,Shaurya Ghosh,26,UK,Finance,74293,1,shaurya.ghosh97@yahoo.com,Active,2021-10-22
6598,Riya Singh,39,Canada,Data,169650,7,riya.singh98@gmail.com,Active,2018-12-05
6599,Aditi Sharma,25,USA,Marketing,121586,17,aditi.sharma99@yahoo.com,Active,2021-12-14
6600,Neha Kapoor,52,USA,Marketing,156896,28,neha.kapoor0@gmail.com,Inactive,2019-11-10
6601,Diya Ghosh,30,India,Marketing,103474,10,diya.ghosh1@yahoo.com,Inactive,2025-08-15
6602,Vihaan Agarwal,29,USA,Data,149461,5,vihaan.agarwal2@gmail.com,Inactive,2018-10-04
6603,Krishna Roy,47,USA,Marketing,179947,8,krishna.roy3@gmail.com,Inactive,2022-12-20
6604,Aarav Kapoor,33,UK,HR,156007,21,aarav.kapoor4@gmail.com,Inactive,2018-02-23
6605,Krishna Agarwal,39,India,Marketing,97742,24,krishna.agarwal5@company.com,Inactive,2018-06-13
6606,Diya Nair,41,India,Data,135731,30,diya.nair6@company.com,Active,2025-05-26
6607,Sneha Mehta,44,USA,Finance,125276,20,sneha.mehta7@outlook.com,Active,2021-11-10
6608,Shaurya Reddy,58,UK,Marketing,114686,18,shaurya.reddy8@gmail.com,Inactive,2023-10-25
6609,Arjun Gupta,24,Germany,Sales,175773,9,arjun.gupta9@gmail.com,Inactive,2025-08-21
6610,Vihaan Ghosh,44,Canada,HR,58291,11,vihaan.ghosh10@yahoo.com,Active,2020-10-02
6611,Reyansh Ansari,55,India,Data,59116,18,reyansh.ansari11@gmail.com,Inactive,2019-02-26
6612,Neha Roy,23,UK,Marketing,40886,1,neha.roy12@gmail.com,Active,2019-07-31
6613,Krishna Gupta,24,UK,Sales,48672,14,krishna.gupta13@company.com,Active,2021-06-07
6614,Arjun Kapoor,57,USA,Data,49508,7,arjun.kapoor14@gmail.com,Inactive,2021-08-22
6615,Meera Nair,55,Canada,Finance,129204,34,meera.nair15@yahoo.com,Inactive,2020-09-12
6616,Riya Roy,51,India,HR,144306,29,riya.roy16@gmail.com,Active,2021-06-17
6617,Krishna Verma,45,Germany,Marketing,38281,8,krishna.verma17@gmail.com,Active,2024-12-28
6618,Neha Malik,33,USA,Finance,163686,29,neha.malik18@gmail.com,Inactive,2025-09-17
6619,Priya Iyer,24,India,Data,138258,18,priya.iyer19@yahoo.com,Active,2022-04-06
6620,Ananya Patel,34,India,Sales,130386,28,ananya.patel20@outlook.com,Inactive,2020-12-16
6621,Vivaan Reddy,33,UK,Data,151294,1,vivaan.reddy21@gmail.com,Active,2019-10-21
6622,Sneha Mukherjee,47,Canada,Data,178996,27,sneha.mukherjee22@outlook.com,Inactive,2020-11-18
6623,Priya Sharma,26,Germany,HR,165363,7,priya.sharma23@company.com,Active,2024-10-17
6624,Ishaan Ansari,37,Canada,Marketing,126465,24,ishaan.ansari24@company.com,Inactive,2024-03-15
6625,Pooja Nair,56,UK,Finance,137543,9,pooja.nair25@gmail.com,Inactive,2019-06-30
6626,Pooja Nair,55,Germany,HR,92962,21,pooja.nair26@company.com,Inactive,2023-07-28
6627,Ananya Singh,37,Germany,Sales,48633,34,ananya.singh27@gmail.com,Inactive,2020-04-28
6628,Ananya Agarwal,22,USA,Marketing,79337,23,ananya.agarwal28@gmail.com,Inactive,2019-04-11
6629,Neha Das,33,Germany,HR,39932,25,neha.das29@gmail.com,Active,2019-07-20
6630,Pooja Gupta,22,India,Sales,51205,30,pooja.gupta30@outlook.com,Active,2019-05-19
6631,Vihaan Bansal,48,Canada,Sales,120470,22,vihaan.bansal31@yahoo.com,Inactive,2024-09-01
6632,Aditya Kapoor,46,Canada,Finance,86111,1,aditya.kapoor32@outlook.com,Active,2022-04-15
6633,Arjun Sharma,42,USA,Data,84541,32,arjun.sharma33@gmail.com,Active,2021-10-06
6634,Reyansh Das,23,Germany,Sales,105719,23,reyansh.das34@outlook.com,Inactive,2021-09-10
6635,Vihaan Khan,55,UK,Sales,120787,11,vihaan.khan35@yahoo.com,Active,2023-07-09
6636,Muhammad Agarwal,32,India,Data,168125,8,muhammad.agarwal36@yahoo.com,Active,2019-06-25
6637,Vihaan Verma,44,USA,IT,166060,2,vihaan.verma37@yahoo.com,Active,2021-11-20
6638,Priya Nair,25,Germany,Sales,138312,22,priya.nair38@yahoo.com,Inactive,2022-12-12
6639,Reyansh Das,40,UK,Marketing,174431,23,reyansh.das39@outlook.com,Active,2023-10-28
6640,Neha Patel,59,Germany,HR,147994,32,neha.patel40@gmail.com,Active,2024-12-05
6641,Pooja Bansal,59,USA,Data,156004,29,pooja.bansal41@outlook.com,Inactive,2024-06-14
6642,Aditi Sharma,33,UK,Data,146441,1,aditi.sharma42@yahoo.com,Active,2019-02-23
6643,Shaurya Mehta,32,UK,Data,69934,21,shaurya.mehta43@outlook.com,Inactive,2024-04-01
6644,Priya Iyer,33,UK,Marketing,75874,10,priya.iyer44@gmail.com,Active,2021-12-30
6645,Ishaan Das,30,UK,Data,99737,11,ishaan.das45@company.com,Inactive,2019-03-13
6646,Ananya Mukherjee,53,Germany,Marketing,178533,18,ananya.mukherjee46@gmail.com,Inactive,2023-04-18
6647,Diya Roy,36,UK,Finance,144502,19,diya.roy47@company.com,Inactive,2024-01-03
6648,Reyansh Patel,55,Germany,IT,56566,8,reyansh.patel48@gmail.com,Active,2024-01-23
6649,Shaurya Das,23,UK,Data,80006,17,shaurya.das49@company.com,Inactive,2019-08-21
6650,Muhammad Mukherjee,25,UK,IT,128052,17,muhammad.mukherjee50@gmail.com,Active,2021-04-04
6651,Diya Das,46,USA,Data,93641,26,diya.das51@outlook.com,Active,2021-11-19
6652,Meera Malik,31,Germany,Marketing,135949,12,meera.malik52@company.com,Active,2021-06-30
6653,Neha Agarwal,27,Germany,HR,147849,7,neha.agarwal53@gmail.com,Active,2021-12-03
6654,Muhammad Reddy,30,Canada,IT,81064,22,muhammad.reddy54@gmail.com,Inactive,2019-03-22
6655,Arjun Khan,54,USA,IT,85368,12,arjun.khan55@yahoo.com,Inactive,2019-10-16
6656,Riya Nair,23,Germany,Marketing,132005,6,riya.nair56@company.com,Inactive,2018-02-16
6657,Aarav Reddy,28,USA,IT,177263,1,aarav.reddy57@gmail.com,Active,2021-01-23
6658,Priya Khan,51,USA,Finance,134509,2,priya.khan58@gmail.com,Inactive,2022-02-21
6659,Arjun Nair,31,USA,Marketing,107239,22,arjun.nair59@company.com,Active,2025-05-23
6660,Aditya Sharma,27,India,IT,117147,6,aditya.sharma60@gmail.com,Active,2021-07-10
6661,Shaurya Ansari,22,Germany,IT,69904,3,shaurya.ansari61@outlook.com,Inactive,2025-05-25
6662,Muhammad Mehta,26,USA,IT,145227,7,muhammad.mehta62@outlook.com,Inactive,2023-05-03
6663,Pooja Agarwal,52,India,Marketing,173030,31,pooja.agarwal63@gmail.com,Active,2020-07-31
6664,Ananya Mehta,40,India,HR,117169,18,ananya.mehta64@yahoo.com,Active,2025-05-25
6665,Vivaan Mukherjee,54,UK,Sales,168344,11,vivaan.mukherjee65@gmail.com,Inactive,2020-09-09
6666,Kavya Mukherjee,36,UK,Data,122958,9,kavya.mukherjee66@outlook.com,Inactive,2022-09-11
6667,Reyansh Gupta,45,Germany,IT,38018,13,reyansh.gupta67@yahoo.com,Inactive,2024-04-09
6668,Diya Ghosh,32,UK,Sales,118716,26,diya.ghosh68@company.com,Active,2020-05-04
6669,Krishna Chopra,27,Germany,Sales,35296,20,krishna.chopra69@gmail.com,Active,2020-06-22
6670,Aarav Ansari,59,India,IT,49578,19,aarav.ansari70@outlook.com,Inactive,2021-09-18
6671,Ishaan Iyer,37,India,IT,179626,3,ishaan.iyer71@gmail.com,Active,2025-04-13
6672,Priya Roy,31,Germany,Data,56585,18,priya.roy72@yahoo.com,Active,2021-02-05
6673,Shaurya Chopra,26,UK,Sales,69225,28,shaurya.chopra73@gmail.com,Inactive,2024-06-26
6674,Meera Kapoor,43,UK,HR,169618,6,meera.kapoor74@gmail.com,Inactive,2025-10-23
6675,Ishaan Ghosh,47,Germany,Sales,81622,32,ishaan.ghosh75@outlook.com,Active,2019-04-19
6676,Pooja Ansari,26,Canada,HR,140665,7,pooja.ansari76@company.com,Active,2025-07-18
6677,Aditya Roy,58,UK,Finance,160188,10,aditya.roy77@yahoo.com,Inactive,2024-05-08
6678,Arjun Mehta,22,USA,HR,169736,32,arjun.mehta78@yahoo.com,Inactive,2019-04-12
6679,Muhammad Malik,42,UK,Data,126701,24,muhammad.malik79@outlook.com,Inactive,2020-01-25
6680,Reyansh Malik,40,Canada,Marketing,117015,32,reyansh.malik80@company.com,Inactive,2024-03-21
6681,Sneha Mehta,45,India,IT,88084,25,sneha.mehta81@gmail.com,Inactive,2021-02-09
6682,Arjun Das,35,India,Finance,156600,10,arjun.das82@outlook.com,Active,2022-01-18
6683,Sneha Kapoor,49,India,Sales,41140,29,sneha.kapoor83@company.com,Inactive,2018-10-15
6684,Ananya Roy,28,UK,HR,154612,32,ananya.roy84@company.com,Inactive,2022-01-16
6685,Sneha Mukherjee,57,India,Finance,57141,9,sneha.mukherjee85@yahoo.com,Active,2018-12-07
6686,Ishaan Mukherjee,53,Canada,Marketing,56628,28,ishaan.mukherjee86@company.com,Inactive,2024-01-15
6687,Neha Ansari,42,Canada,HR,147398,24,neha.ansari87@company.com,Active,2019-10-22
6688,Reyansh Sharma,25,UK,Data,98747,31,reyansh.sharma88@yahoo.com,Inactive,2018-07-05
6689,Krishna Ansari,59,USA,Sales,118525,3,krishna.ansari89@company.com,Active,2023-09-08
6690,Aditya Mukherjee,38,UK,Sales,100198,33,aditya.mukherjee90@outlook.com,Active,2021-12-02
6691,Arjun Patel,58,India,HR,160627,21,arjun.patel91@gmail.com,Inactive,2020-06-15
6692,Reyansh Nair,57,UK,Marketing,79770,12,reyansh.nair92@outlook.com,Inactive,2020-01-17
6693,Aarav Reddy,50,Canada,IT,174009,5,aarav.reddy93@gmail.com,Active,2020-11-16
6694,Aditya Verma,51,UK,IT,80618,16,aditya.verma94@gmail.com,Active,2020-09-11
6695,Arjun Das,30,UK,Sales,139820,25,arjun.das95@company.com,Inactive,2019-06-17
6696,Kavya Bansal,35,USA,Marketing,88103,23,kavya.bansal96@yahoo.com,Active,2024-01-29
6697,Neha Reddy,38,Canada,Sales,41493,8,neha.reddy97@gmail.com,Active,2018-04-24
6698,Shaurya Das,43,Germany,IT,133038,1,shaurya.das98@company.com,Active,2021-01-26
6699,Vihaan Singh,53,Germany,Sales,60957,19,vihaan.singh99@gmail.com,Inactive,2025-02-14
6700,Pooja Kapoor,36,Canada,HR,170189,26,pooja.kapoor0@yahoo.com,Active,2021-02-18
6701,Aditi Kapoor,58,Germany,Data,134057,5,aditi.kapoor1@outlook.com,Inactive,2018-07-30
6702,Neha Chopra,55,India,HR,47501,26,neha.chopra2@outlook.com,Active,2025-11-03
6703,Shaurya Das,54,Germany,Data,167260,23,shaurya.das3@outlook.com,Active,2024-08-30
6704,Ananya Das,48,India,Marketing,91639,14,ananya.das4@gmail.com,Inactive,2020-06-19
6705,Aditya Mukherjee,22,Canada,IT,101332,32,aditya.mukherjee5@yahoo.com,Inactive,2023-04-08
6706,Muhammad Khan,50,Germany,Marketing,105681,9,muhammad.khan6@yahoo.com,Inactive,2023-03-07
6707,Ishaan Patel,33,Germany,Marketing,137475,20,ishaan.patel7@gmail.com,Active,2019-10-03
6708,Priya Ghosh,36,India,IT,102050,5,priya.ghosh8@gmail.com,Active,2022-06-03
6709,Kavya Nair,25,India,Finance,50451,29,kavya.nair9@outlook.com,Inactive,2022-01-24
6710,Ishaan Mehta,48,UK,Finance,138240,22,ishaan.mehta10@gmail.com,Active,2022-10-25
6711,Pooja Bansal,59,USA,Sales,87086,2,pooja.bansal11@yahoo.com,Inactive,2023-04-10
6712,Diya Khan,40,Germany,Finance,83393,25,diya.khan12@outlook.com,Active,2023-02-23
6713,Aarav Chopra,44,USA,HR,159463,33,aarav.chopra13@yahoo.com,Inactive,2021-08-24
6714,Kavya Chopra,47,USA,Data,111969,29,kavya.chopra14@gmail.com,Inactive,2021-09-18
6715,Priya Ansari,50,Germany,Marketing,36369,17,priya.ansari15@company.com,Active,2024-03-10
6716,Meera Ghosh,47,India,Sales,49068,16,meera.ghosh16@company.com,Inactive,2024-02-16
6717,Muhammad Kapoor,46,UK,Marketing,159131,20,muhammad.kapoor17@outlook.com,Inactive,2018-07-03
6718,Diya Khan,27,Canada,IT,43116,23,diya.khan18@company.com,Inactive,2023-11-11
6719,Aarav Ansari,58,Germany,Finance,78453,3,aarav.ansari19@gmail.com,Inactive,2022-07-02
6720,Kavya Chopra,25,Germany,IT,171436,24,kavya.chopra20@company.com,Inactive,2025-07-26
6721,Riya Ansari,43,Canada,Sales,112622,23,riya.ansari21@yahoo.com,Active,2021-07-23
6722,Aarav Roy,48,USA,Data,111925,26,aarav.roy22@yahoo.com,Inactive,2020-09-28
6723,Shaurya Reddy,54,UK,HR,127920,30,shaurya.reddy23@yahoo.com,Active,2020-11-23
6724,Vihaan Chopra,35,USA,Finance,167183,34,vihaan.chopra24@outlook.com,Inactive,2022-12-12
6725,Ishaan Das,52,Canada,IT,93251,19,ishaan.das25@yahoo.com,Active,2025-11-06
6726,Aarav Mukherjee,46,Canada,Data,177480,15,aarav.mukherjee26@outlook.com,Inactive,2024-04-11
6727,Ishaan Verma,51,UK,Finance,118274,30,ishaan.verma27@company.com,Active,2022-12-01
6728,Ishaan Nair,39,Canada,Marketing,141181,6,ishaan.nair28@yahoo.com,Inactive,2021-08-25
6729,Aditi Verma,29,Canada,HR,112674,17,aditi.verma29@gmail.com,Inactive,2022-08-05
6730,Ishaan Malik,49,UK,Data,111963,7,ishaan.malik30@gmail.com,Active,2025-07-15
6731,Vivaan Roy,59,Germany,Finance,102925,26,vivaan.roy31@outlook.com,Active,2021-11-04
6732,Aarav Nair,24,USA,HR,50360,13,aarav.nair32@yahoo.com,Active,2023-09-29
6733,Meera Agarwal,23,Germany,Data,137379,17,meera.agarwal33@yahoo.com,Inactive,2018-08-27
6734,Neha Khan,49,Germany,Marketing,165167,0,neha.khan34@company.com,Active,2018-11-15
6735,Neha Ghosh,31,USA,Marketing,161818,30,neha.ghosh35@gmail.com,Inactive,2019-07-16
6736,Vihaan Verma,53,Germany,IT,82565,19,vihaan.verma36@company.com,Active,2021-01-21
6737,Diya Sharma,58,UK,Sales,52456,5,diya.sharma37@yahoo.com,Inactive,2025-09-08
6738,Meera Patel,31,USA,IT,105982,0,meera.patel38@yahoo.com,Inactive,2024-07-05
6739,Reyansh Patel,47,India,HR,134242,18,reyansh.patel39@company.com,Active,2024-04-08
6740,Aditya Bansal,53,Germany,IT,115239,26,aditya.bansal40@company.com,Inactive,2019-09-01
6741,Vihaan Verma,41,Canada,Data,74959,15,vihaan.verma41@yahoo.com,Inactive,2022-02-08
6742,Kavya Verma,59,USA,Finance,50058,13,kavya.verma42@outlook.com,Active,2025-04-13
6743,Ananya Mehta,51,India,Data,87672,33,ananya.mehta43@gmail.com,Active,2022-02-16
6744,Pooja Malik,58,Canada,IT,113391,6,pooja.malik44@gmail.com,Active,2021-12-19
6745,Muhammad Mukherjee,22,India,Sales,91849,19,muhammad.mukherjee45@yahoo.com,Active,2020-05-15
6746,Aarav Reddy,47,Germany,Data,133563,30,aarav.reddy46@gmail.com,Active,2023-07-14
6747,Ananya Khan,56,Canada,Data,102192,21,ananya.khan47@yahoo.com,Inactive,2018-06-04
6748,Sneha Chopra,31,Germany,Data,129391,19,sneha.chopra48@company.com,Inactive,2019-06-26
6749,Riya Sharma,38,Canada,Sales,144615,14,riya.sharma49@company.com,Inactive,2018-06-09
6750,Aditi Bansal,21,USA,Data,139594,24,aditi.bansal50@yahoo.com,Inactive,2020-02-29
6751,Vivaan Gupta,55,UK,HR,108509,0,vivaan.gupta51@company.com,Active,2022-05-24
6752,Muhammad Das,55,UK,Marketing,155555,16,muhammad.das52@outlook.com,Active,2022-08-12
6753,Arjun Malik,51,India,Sales,77392,15,arjun.malik53@yahoo.com,Inactive,2024-12-11
6754,Aditya Khan,48,Canada,HR,48305,20,aditya.khan54@yahoo.com,Inactive,2021-07-03
6755,Kavya Verma,59,Germany,Sales,111215,26,kavya.verma55@yahoo.com,Inactive,2018-02-25
6756,Ishaan Mukherjee,21,USA,Sales,35228,34,ishaan.mukherjee56@outlook.com,Inactive,2025-12-09
6757,Muhammad Das,45,USA,Marketing,116179,23,muhammad.das57@outlook.com,Inactive,2022-11-01
6758,Priya Khan,58,USA,Finance,142864,1,priya.khan58@company.com,Active,2021-03-28
6759,Aarav Iyer,40,UK,HR,118544,24,aarav.iyer59@gmail.com,Inactive,2020-05-18
6760,Ishaan Ghosh,23,Germany,Sales,38979,18,ishaan.ghosh60@company.com,Inactive,2023-06-02
6761,Diya Mehta,22,USA,Sales,81343,12,diya.mehta61@outlook.com,Inactive,2019-11-14
6762,Ananya Agarwal,38,USA,IT,35739,28,ananya.agarwal62@company.com,Inactive,2024-03-13
6763,Sneha Gupta,30,India,Data,72817,31,sneha.gupta63@company.com,Active,2022-01-01
6764,Sneha Agarwal,25,Canada,Finance,156124,5,sneha.agarwal64@outlook.com,Active,2018-05-26
6765,Aditya Mehta,29,Canada,Marketing,73154,8,aditya.mehta65@yahoo.com,Inactive,2023-05-29
6766,Aditya Khan,22,Canada,HR,72339,0,aditya.khan66@company.com,Inactive,2022-03-12
6767,Aditya Khan,54,India,Sales,148591,23,aditya.khan67@yahoo.com,Active,2022-12-26
6768,Ananya Roy,58,UK,Data,172666,9,ananya.roy68@gmail.com,Active,2023-12-12
6769,Aarav Khan,51,India,HR,48185,34,aarav.khan69@yahoo.com,Active,2025-11-06
6770,Aarav Ansari,30,USA,Marketing,159914,5,aarav.ansari70@company.com,Inactive,2024-07-07
6771,Diya Agarwal,32,Germany,Finance,178644,19,diya.agarwal71@gmail.com,Inactive,2019-08-28
6772,Aditya Singh,56,USA,IT,140784,11,aditya.singh72@company.com,Inactive,2024-02-15
6773,Shaurya Ansari,41,USA,Finance,104753,2,shaurya.ansari73@gmail.com,Inactive,2022-05-26
6774,Arjun Iyer,26,Germany,IT,66953,17,arjun.iyer74@gmail.com,Inactive,2018-05-24
6775,Vivaan Kapoor,23,Canada,HR,54804,20,vivaan.kapoor75@gmail.com,Inactive,2022-03-28
6776,Shaurya Khan,30,India,Finance,111286,34,shaurya.khan76@yahoo.com,Inactive,2025-11-17
6777,Ishaan Patel,25,UK,Finance,52275,18,ishaan.patel77@yahoo.com,Inactive,2025-08-04
6778,Sneha Reddy,46,USA,Finance,97068,24,sneha.reddy78@gmail.com,Inactive,2023-06-11
6779,Priya Singh,41,USA,Marketing,98344,17,priya.singh79@outlook.com,Inactive,2021-10-17
6780,Muhammad Malik,46,UK,HR,113284,29,muhammad.malik80@gmail.com,Inactive,2025-12-06
6781,Muhammad Khan,58,India,IT,157750,33,muhammad.khan81@company.com,Active,2022-12-25
6782,Shaurya Malik,46,USA,Finance,67601,9,shaurya.malik82@company.com,Active,2025-11-19
6783,Kavya Malik,28,UK,HR,87705,21,kavya.malik83@outlook.com,Inactive,2025-04-08
6784,Aditya Nair,25,USA,Data,90221,3,aditya.nair84@yahoo.com,Inactive,2023-10-21
6785,Diya Roy,35,Canada,Marketing,79617,2,diya.roy85@gmail.com,Inactive,2019-09-14
6786,Diya Chopra,36,Canada,Marketing,93315,27,diya.chopra86@company.com,Active,2020-08-03
6787,Riya Agarwal,21,USA,Data,163240,21,riya.agarwal87@gmail.com,Inactive,2021-07-29
6788,Reyansh Verma,36,USA,HR,50317,11,reyansh.verma88@gmail.com,Inactive,2021-12-18
6789,Sneha Kapoor,57,Canada,IT,91109,12,sneha.kapoor89@gmail.com,Inactive,2023-03-17
6790,Arjun Ghosh,23,USA,HR,76239,32,arjun.ghosh90@company.com,Active,2024-10-22
6791,Sneha Ansari,51,India,HR,53082,18,sneha.ansari91@company.com,Inactive,2018-06-08
6792,Priya Chopra,33,India,Sales,97520,16,priya.chopra92@gmail.com,Active,2023-04-02
6793,Shaurya Ansari,36,Germany,Marketing,177151,33,shaurya.ansari93@yahoo.com,Inactive,2021-09-12
6794,Ananya Das,41,India,IT,37884,3,ananya.das94@gmail.com,Active,2019-09-17
6795,Pooja Malik,22,USA,Sales,102787,7,pooja.malik95@company.com,Active,2018-12-04
6796,Aditya Das,47,USA,Data,149297,32,aditya.das96@outlook.com,Inactive,2025-09-03
6797,Muhammad Malik,58,UK,HR,47815,0,muhammad.malik97@outlook.com,Inactive,2022-07-13
6798,Muhammad Agarwal,46,India,Data,100177,4,muhammad.agarwal98@gmail.com,Active,2021-01-12
6799,Ishaan Verma,58,Canada,Marketing,87566,31,ishaan.verma99@company.com,Inactive,2022-11-15
6800,Vihaan Das,45,Canada,Sales,76968,0,vihaan.das0@company.com,Active,2019-11-07
6801,Reyansh Nair,31,Germany,Sales,113440,34,reyansh.nair1@outlook.com,Active,2019-01-04
6802,Arjun Agarwal,28,UK,IT,89860,21,arjun.agarwal2@outlook.com,Inactive,2025-04-28
6803,Sneha Reddy,28,Canada,HR,165134,28,sneha.reddy3@gmail.com,Active,2021-04-18
6804,Diya Roy,53,Germany,IT,53462,16,diya.roy4@gmail.com,Active,2022-01-11
6805,Aditi Roy,27,India,Sales,167410,29,aditi.roy5@yahoo.com,Active,2021-06-09
6806,Vivaan Reddy,58,UK,Sales,178854,34,vivaan.reddy6@outlook.com,Inactive,2021-09-10
6807,Vihaan Chopra,41,UK,IT,120609,0,vihaan.chopra7@outlook.com,Inactive,2019-11-01
6808,Aarav Khan,28,USA,Sales,41614,3,aarav.khan8@outlook.com,Active,2022-06-20
6809,Priya Nair,41,India,Finance,166813,8,priya.nair9@outlook.com,Inactive,2021-06-08
6810,Ananya Reddy,40,UK,Marketing,101269,31,ananya.reddy10@outlook.com,Inactive,2018-11-20
6811,Vihaan Khan,28,Germany,HR,48944,4,vihaan.khan11@outlook.com,Inactive,2023-07-02
6812,Diya Iyer,51,Canada,Marketing,36806,13,diya.iyer12@outlook.com,Active,2025-10-08
6813,Reyansh Agarwal,49,India,HR,179357,25,reyansh.agarwal13@outlook.com,Inactive,2020-04-06
6814,Pooja Khan,29,India,Sales,143874,22,pooja.khan14@yahoo.com,Inactive,2024-04-30
6815,Aarav Agarwal,35,UK,IT,111993,21,aarav.agarwal15@gmail.com,Inactive,2019-03-26
6816,Meera Agarwal,50,UK,IT,75126,26,meera.agarwal16@yahoo.com,Active,2019-07-03
6817,Sneha Roy,46,UK,Sales,115123,24,sneha.roy17@company.com,Inactive,2022-06-23
6818,Priya Kapoor,30,Germany,HR,171929,3,priya.kapoor18@yahoo.com,Inactive,2021-08-28
6819,Neha Singh,49,USA,Sales,68792,31,neha.singh19@outlook.com,Active,2023-10-14
6820,Ishaan Chopra,36,UK,HR,142978,8,ishaan.chopra20@outlook.com,Inactive,2022-06-27
6821,Meera Reddy,56,USA,Sales,122684,1,meera.reddy21@yahoo.com,Inactive,2024-10-09
6822,Neha Kapoor,40,USA,Sales,89361,24,neha.kapoor22@yahoo.com,Inactive,2019-09-16
6823,Shaurya Verma,57,India,Sales,71322,9,shaurya.verma23@gmail.com,Active,2018-12-19
6824,Krishna Das,42,Canada,IT,177980,24,krishna.das24@gmail.com,Inactive,2025-03-12
6825,Vihaan Bansal,27,Canada,HR,99627,28,vihaan.bansal25@yahoo.com,Active,2020-10-04
6826,Priya Malik,43,Germany,Data,127228,4,priya.malik26@gmail.com,Inactive,2021-03-06
6827,Sneha Kapoor,49,Germany,Sales,105102,13,sneha.kapoor27@gmail.com,Active,2018-05-16
6828,Sneha Sharma,36,Canada,Marketing,94883,32,sneha.sharma28@yahoo.com,Inactive,2020-10-07
6829,Reyansh Das,58,Canada,Marketing,131555,26,reyansh.das29@company.com,Active,2025-08-05
6830,Reyansh Iyer,48,India,IT,165191,4,reyansh.iyer30@gmail.com,Active,2023-03-13
6831,Meera Das,58,India,Finance,114558,14,meera.das31@outlook.com,Inactive,2025-09-01
6832,Muhammad Roy,51,Canada,Data,144461,2,muhammad.roy32@yahoo.com,Active,2018-11-06
6833,Arjun Patel,34,UK,IT,74662,0,arjun.patel33@gmail.com,Inactive,2022-06-09
6834,Ananya Verma,53,UK,Finance,62030,23,ananya.verma34@gmail.com,Active,2022-01-01
6835,Aditya Iyer,29,India,IT,74850,11,aditya.iyer35@outlook.com,Inactive,2018-06-05
6836,Arjun Chopra,47,USA,Marketing,164603,13,arjun.chopra36@yahoo.com,Active,2022-06-25
6837,Kavya Kapoor,44,Canada,Sales,159825,19,kavya.kapoor37@gmail.com,Inactive,2020-08-19
6838,Reyansh Agarwal,33,Germany,HR,120288,13,reyansh.agarwal38@yahoo.com,Active,2019-01-01
6839,Aarav Patel,46,UK,Sales,70397,13,aarav.patel39@outlook.com,Active,2021-06-14
6840,Muhammad Khan,49,USA,Marketing,91094,34,muhammad.khan40@yahoo.com,Inactive,2021-06-14
6841,Shaurya Iyer,48,UK,HR,125640,18,shaurya.iyer41@company.com,Inactive,2018-12-04
6842,Aditya Khan,48,USA,Finance,172733,19,aditya.khan42@outlook.com,Active,2019-04-17
6843,Krishna Ansari,28,Canada,Finance,96378,22,krishna.ansari43@outlook.com,Active,2021-12-09
6844,Priya Gupta,43,Canada,Marketing,60943,33,priya.gupta44@outlook.com,Active,2018-10-16
6845,Krishna Patel,49,Canada,HR,69487,0,krishna.patel45@gmail.com,Active,2019-01-09
6846,Pooja Chopra,25,India,Sales,109769,3,pooja.chopra46@company.com,Inactive,2022-06-19
6847,Aarav Nair,27,USA,Marketing,104023,16,aarav.nair47@yahoo.com,Inactive,2021-02-19
6848,Reyansh Chopra,56,Germany,Finance,106380,25,reyansh.chopra48@gmail.com,Active,2024-07-22
6849,Vihaan Nair,47,Germany,Marketing,46416,13,vihaan.nair49@yahoo.com,Inactive,2025-05-04
6850,Pooja Kapoor,22,Canada,Sales,57859,31,pooja.kapoor50@company.com,Inactive,2018-02-05
6851,Muhammad Nair,45,Germany,IT,122789,19,muhammad.nair51@gmail.com,Active,2019-12-26
6852,Aditi Agarwal,29,UK,Data,139766,15,aditi.agarwal52@company.com,Active,2022-01-16
6853,Krishna Mehta,47,USA,Data,53184,18,krishna.mehta53@outlook.com,Active,2024-11-11
6854,Aditi Patel,21,USA,Data,62846,23,aditi.patel54@gmail.com,Inactive,2020-06-09
6855,Ananya Patel,43,USA,IT,77771,13,ananya.patel55@outlook.com,Inactive,2025-10-20
6856,Aditi Reddy,30,UK,Sales,121995,28,aditi.reddy56@gmail.com,Active,2021-11-01
6857,Shaurya Bansal,45,India,HR,104798,13,shaurya.bansal57@gmail.com,Active,2022-05-16
6858,Meera Kapoor,23,UK,Marketing,67914,10,meera.kapoor58@gmail.com,Active,2021-04-26
6859,Pooja Gupta,26,USA,Sales,164962,10,pooja.gupta59@yahoo.com,Inactive,2020-10-23
6860,Diya Nair,26,USA,IT,80500,23,diya.nair60@gmail.com,Active,2018-01-06
6861,Sneha Sharma,22,USA,Finance,73215,21,sneha.sharma61@yahoo.com,Inactive,2022-12-01
6862,Krishna Mukherjee,38,Germany,Data,99320,20,krishna.mukherjee62@yahoo.com,Inactive,2025-04-14
6863,Reyansh Singh,43,India,Data,144159,5,reyansh.singh63@outlook.com,Inactive,2018-11-05
6864,Diya Chopra,22,UK,Sales,64924,13,diya.chopra64@yahoo.com,Active,2024-08-03
6865,Ananya Das,32,USA,Data,98113,8,ananya.das65@gmail.com,Inactive,2023-02-06
6866,Aarav Mukherjee,42,Canada,Data,35318,34,aarav.mukherjee66@yahoo.com,Inactive,2024-12-30
6867,Meera Kapoor,57,India,Sales,112859,24,meera.kapoor67@outlook.com,Inactive,2024-11-17
6868,Aditya Singh,40,Canada,Sales,171821,14,aditya.singh68@gmail.com,Active,2019-11-07
6869,Arjun Nair,59,India,IT,133558,27,arjun.nair69@yahoo.com,Active,2025-10-20
6870,Muhammad Verma,44,USA,IT,175600,13,muhammad.verma70@yahoo.com,Inactive,2019-06-02
6871,Muhammad Iyer,40,India,Data,56441,12,muhammad.iyer71@company.com,Inactive,2019-01-19
6872,Priya Gupta,21,India,Sales,174598,30,priya.gupta72@company.com,Inactive,2024-12-12
6873,Ananya Kapoor,21,USA,Sales,36044,4,ananya.kapoor73@company.com,Inactive,2025-01-30
6874,Reyansh Bansal,37,Canada,Data,113301,18,reyansh.bansal74@yahoo.com,Inactive,2025-02-11
6875,Arjun Iyer,21,Canada,HR,35961,7,arjun.iyer75@outlook.com,Active,2022-02-21
6876,Shaurya Kapoor,50,Germany,Finance,140820,12,shaurya.kapoor76@gmail.com,Inactive,2021-08-23
6877,Neha Verma,23,Canada,Marketing,51973,16,neha.verma77@outlook.com,Active,2021-07-22
6878,Ishaan Bansal,31,Canada,Marketing,78393,31,ishaan.bansal78@gmail.com,Active,2019-08-31
6879,Reyansh Khan,44,India,Data,136293,4,reyansh.khan79@outlook.com,Inactive,2018-06-11
6880,Aditi Das,42,Germany,Marketing,73433,8,aditi.das80@gmail.com,Inactive,2019-08-24
6881,Vihaan Agarwal,46,USA,IT,105077,33,vihaan.agarwal81@company.com,Inactive,2021-06-24
6882,Aditya Chopra,33,USA,IT,53344,0,aditya.chopra82@outlook.com,Active,2022-04-09
6883,Vihaan Kapoor,21,UK,HR,174918,14,vihaan.kapoor83@yahoo.com,Inactive,2019-10-27
6884,Aarav Khan,44,Germany,Data,142851,31,aarav.khan84@company.com,Active,2025-12-01
6885,Ananya Patel,30,India,IT,105565,33,ananya.patel85@gmail.com,Inactive,2020-05-11
6886,Sneha Das,55,UK,Data,93802,34,sneha.das86@outlook.com,Inactive,2024-04-09
6887,Aditi Agarwal,44,UK,Data,51272,27,aditi.agarwal87@company.com,Active,2023-09-09
6888,Aarav Nair,48,USA,Sales,124306,16,aarav.nair88@gmail.com,Inactive,2023-08-02
6889,Aditi Bansal,56,Canada,Finance,161162,10,aditi.bansal89@outlook.com,Active,2019-04-26
6890,Vivaan Iyer,36,India,Finance,48104,22,vivaan.iyer90@gmail.com,Inactive,2018-08-09
6891,Priya Malik,36,Germany,Data,156063,25,priya.malik91@outlook.com,Active,2024-08-15
6892,Vihaan Mukherjee,37,UK,Finance,101455,4,vihaan.mukherjee92@company.com,Active,2023-12-08
6893,Kavya Das,35,India,Finance,77706,25,kavya.das93@yahoo.com,Inactive,2022-12-22
6894,Diya Nair,36,USA,Marketing,69526,5,diya.nair94@outlook.com,Inactive,2022-11-08
6895,Ananya Ghosh,35,UK,Marketing,175435,33,ananya.ghosh95@company.com,Inactive,2019-05-25
6896,Diya Mehta,54,UK,Sales,84511,12,diya.mehta96@gmail.com,Active,2023-04-01
6897,Reyansh Bansal,31,USA,HR,91738,24,reyansh.bansal97@yahoo.com,Inactive,2025-01-05
6898,Pooja Kapoor,21,USA,IT,114791,1,pooja.kapoor98@yahoo.com,Inactive,2021-10-22
6899,Aditya Patel,35,USA,IT,36440,13,aditya.patel99@yahoo.com,Inactive,2018-07-10
6900,Aarav Reddy,46,India,Marketing,144415,16,aarav.reddy0@yahoo.com,Active,2022-07-18
6901,Sneha Malik,24,India,Data,155360,24,sneha.malik1@company.com,Active,2022-09-14
6902,Muhammad Das,25,India,Finance,35555,26,muhammad.das2@yahoo.com,Active,2023-05-12
6903,Meera Agarwal,55,Canada,Sales,142729,23,meera.agarwal3@yahoo.com,Inactive,2022-07-18
6904,Priya Verma,33,UK,HR,112648,32,priya.verma4@gmail.com,Active,2023-09-10
6905,Kavya Iyer,30,India,Marketing,161919,26,kavya.iyer5@yahoo.com,Active,2021-03-03
6906,Vivaan Mehta,31,Canada,Data,36535,30,vivaan.mehta6@outlook.com,Inactive,2021-05-31
6907,Neha Agarwal,38,UK,Sales,154773,14,neha.agarwal7@gmail.com,Inactive,2020-12-29
6908,Diya Verma,54,India,Data,79262,0,diya.verma8@company.com,Inactive,2023-01-02
6909,Meera Chopra,59,USA,Sales,126021,10,meera.chopra9@company.com,Inactive,2024-09-05
6910,Ishaan Bansal,43,Germany,Marketing,59587,14,ishaan.bansal10@gmail.com,Active,2021-01-21
6911,Ananya Iyer,27,India,Sales,134283,32,ananya.iyer11@yahoo.com,Active,2021-01-01
6912,Aarav Ghosh,59,Germany,Finance,80543,31,aarav.ghosh12@yahoo.com,Active,2023-06-29
6913,Ishaan Khan,23,India,Sales,124177,24,ishaan.khan13@outlook.com,Active,2021-03-07
6914,Shaurya Chopra,32,USA,HR,105680,32,shaurya.chopra14@company.com,Inactive,2018-01-24
6915,Priya Sharma,27,Germany,Sales,154321,28,priya.sharma15@gmail.com,Active,2024-10-30
6916,Kavya Reddy,46,Canada,IT,167760,33,kavya.reddy16@company.com,Inactive,2018-06-17
6917,Shaurya Verma,53,USA,Sales,148624,7,shaurya.verma17@gmail.com,Inactive,2025-09-18
6918,Meera Mehta,57,Germany,Data,118515,10,meera.mehta18@gmail.com,Active,2021-07-23
6919,Diya Verma,35,Germany,Marketing,66803,12,diya.verma19@company.com,Inactive,2023-06-24
6920,Pooja Kapoor,22,USA,IT,152930,4,pooja.kapoor20@yahoo.com,Inactive,2018-10-16
6921,Krishna Khan,27,USA,Marketing,58998,18,krishna.khan21@company.com,Inactive,2020-11-03
6922,Aditya Ghosh,52,USA,Data,164944,20,aditya.ghosh22@company.com,Inactive,2022-02-12
6923,Vihaan Patel,24,UK,HR,40786,2,vihaan.patel23@outlook.com,Inactive,2024-10-21
6924,Arjun Nair,40,Canada,Finance,94059,25,arjun.nair24@outlook.com,Active,2023-10-04
6925,Priya Malik,56,India,HR,129450,32,priya.malik25@company.com,Inactive,2019-12-29
6926,Diya Agarwal,52,Germany,IT,108984,29,diya.agarwal26@yahoo.com,Active,2023-11-02
6927,Meera Singh,48,India,Data,62139,21,meera.singh27@yahoo.com,Inactive,2019-01-04
6928,Riya Roy,33,USA,Data,62993,4,riya.roy28@company.com,Inactive,2021-03-30
6929,Kavya Verma,21,Canada,Finance,77048,18,kavya.verma29@gmail.com,Active,2020-06-14
6930,Aditya Reddy,55,Canada,Sales,178995,8,aditya.reddy30@gmail.com,Active,2024-06-11
6931,Diya Verma,50,UK,IT,179156,23,diya.verma31@company.com,Inactive,2022-02-08
6932,Arjun Mukherjee,56,USA,Finance,118096,11,arjun.mukherjee32@yahoo.com,Active,2022-01-22
6933,Vihaan Kapoor,45,Germany,Marketing,54481,26,vihaan.kapoor33@outlook.com,Active,2022-10-30
6934,Riya Gupta,36,UK,Finance,132552,20,riya.gupta34@company.com,Active,2019-12-11
6935,Ananya Iyer,39,USA,Marketing,46422,34,ananya.iyer35@company.com,Inactive,2018-07-19
6936,Priya Kapoor,21,UK,Marketing,102260,31,priya.kapoor36@gmail.com,Active,2018-12-01
6937,Aarav Khan,25,India,Data,103164,32,aarav.khan37@outlook.com,Active,2018-06-28
6938,Ishaan Gupta,42,USA,Finance,90296,16,ishaan.gupta38@company.com,Active,2019-03-26
6939,Priya Mehta,44,Germany,Data,62875,4,priya.mehta39@gmail.com,Inactive,2022-09-21
6940,Muhammad Roy,57,Germany,Data,52734,19,muhammad.roy40@yahoo.com,Active,2021-03-25
6941,Ishaan Iyer,56,USA,HR,86700,22,ishaan.iyer41@gmail.com,Active,2020-01-10
6942,Meera Das,56,UK,HR,48786,3,meera.das42@outlook.com,Inactive,2020-05-17
6943,Pooja Singh,24,Canada,Data,159258,25,pooja.singh43@yahoo.com,Active,2020-09-04
6944,Vivaan Chopra,56,USA,Data,89395,29,vivaan.chopra44@outlook.com,Inactive,2021-11-20
6945,Sneha Nair,38,Germany,Marketing,150665,28,sneha.nair45@gmail.com,Inactive,2021-05-19
6946,Muhammad Bansal,36,India,Data,122463,33,muhammad.bansal46@yahoo.com,Inactive,2019-10-28
6947,Ishaan Khan,38,Germany,IT,99763,9,ishaan.khan47@outlook.com,Active,2023-09-04
6948,Ishaan Das,42,Canada,Finance,122773,19,ishaan.das48@company.com,Active,2024-11-28
6949,Vivaan Mukherjee,22,Germany,IT,137076,23,vivaan.mukherjee49@company.com,Inactive,2020-02-22
6950,Aditi Khan,41,Canada,HR,70301,33,aditi.khan50@outlook.com,Active,2018-07-21
6951,Shaurya Malik,56,USA,IT,151582,12,shaurya.malik51@company.com,Active,2019-09-02
6952,Aarav Bansal,59,Germany,Sales,94724,22,aarav.bansal52@yahoo.com,Inactive,2025-03-21
6953,Muhammad Sharma,59,UK,Sales,93976,9,muhammad.sharma53@yahoo.com,Active,2022-01-27
6954,Priya Patel,49,UK,HR,56735,21,priya.patel54@yahoo.com,Active,2019-03-13
6955,Ishaan Malik,46,Germany,IT,135344,13,ishaan.malik55@company.com,Active,2020-05-21
6956,Kavya Mukherjee,41,Germany,Finance,118485,24,kavya.mukherjee56@company.com,Active,2023-11-29
6957,Ananya Mehta,37,India,HR,55509,17,ananya.mehta57@outlook.com,Inactive,2018-05-03
6958,Krishna Singh,36,Germany,Sales,129934,19,krishna.singh58@yahoo.com,Active,2023-10-03
6959,Aarav Reddy,51,India,HR,148362,27,aarav.reddy59@gmail.com,Inactive,2022-02-03
6960,Krishna Gupta,29,India,IT,87540,7,krishna.gupta60@yahoo.com,Inactive,2024-01-24
6961,Meera Iyer,51,India,IT,74308,4,meera.iyer61@outlook.com,Inactive,2020-09-16
6962,Meera Agarwal,34,India,IT,178484,20,meera.agarwal62@outlook.com,Active,2024-10-18
6963,Sneha Bansal,57,USA,Marketing,136047,19,sneha.bansal63@outlook.com,Inactive,2020-08-17
6964,Meera Reddy,22,UK,IT,110605,15,meera.reddy64@yahoo.com,Active,2025-04-02
6965,Pooja Kapoor,34,India,Data,154319,19,pooja.kapoor65@outlook.com,Inactive,2020-10-31
6966,Neha Ghosh,53,UK,Sales,158480,24,neha.ghosh66@outlook.com,Active,2021-11-07
6967,Aarav Reddy,55,India,Sales,104128,6,aarav.reddy67@yahoo.com,Inactive,2019-05-24
6968,Ananya Reddy,59,UK,Marketing,116453,24,ananya.reddy68@gmail.com,Inactive,2019-07-18
6969,Diya Agarwal,40,Germany,Sales,158485,9,diya.agarwal69@gmail.com,Inactive,2019-12-26
6970,Arjun Agarwal,22,Germany,Sales,42238,15,arjun.agarwal70@yahoo.com,Inactive,2018-09-04
6971,Neha Ansari,39,UK,HR,136051,3,neha.ansari71@gmail.com,Inactive,2025-03-13
6972,Pooja Khan,57,India,IT,159937,9,pooja.khan72@company.com,Inactive,2022-03-23
6973,Aditi Malik,38,USA,Data,95930,30,aditi.malik73@outlook.com,Inactive,2023-12-28
6974,Aditi Verma,36,UK,Data,171722,11,aditi.verma74@yahoo.com,Inactive,2020-05-20
6975,Sneha Gupta,24,Canada,HR,153913,19,sneha.gupta75@gmail.com,Inactive,2019-02-09
6976,Neha Ghosh,32,USA,Data,159124,31,neha.ghosh76@yahoo.com,Active,2024-12-28
6977,Diya Gupta,49,Canada,HR,52807,1,diya.gupta77@yahoo.com,Active,2021-06-01
6978,Muhammad Das,27,UK,Data,125811,10,muhammad.das78@outlook.com,Active,2025-03-13
6979,Diya Iyer,34,India,Sales,36145,19,diya.iyer79@company.com,Inactive,2024-07-22
6980,Shaurya Reddy,32,Canada,Finance,147233,22,shaurya.reddy80@gmail.com,Active,2020-05-12
6981,Kavya Agarwal,55,UK,IT,172314,12,kavya.agarwal81@yahoo.com,Inactive,2024-08-18
6982,Aarav Patel,25,USA,Finance,179904,34,aarav.patel82@yahoo.com,Active,2021-05-12
6983,Meera Roy,37,India,Sales,94328,16,meera.roy83@yahoo.com,Active,2019-09-25
6984,Reyansh Mukherjee,52,Canada,Marketing,114821,9,reyansh.mukherjee84@company.com,Inactive,2024-05-28
6985,Diya Roy,30,UK,HR,82852,13,diya.roy85@yahoo.com,Active,2024-05-13
6986,Priya Bansal,37,India,Data,36992,18,priya.bansal86@gmail.com,Inactive,2018-09-11
6987,Aarav Iyer,25,India,Data,71890,31,aarav.iyer87@company.com,Active,2023-08-09
6988,Pooja Nair,29,Germany,Sales,129326,32,pooja.nair88@outlook.com,Active,2019-10-21
6989,Krishna Kapoor,53,India,Data,160027,24,krishna.kapoor89@company.com,Active,2023-08-13
6990,Pooja Patel,56,UK,Sales,145594,24,pooja.patel90@company.com,Inactive,2021-04-26
6991,Aditi Mukherjee,56,USA,Finance,100353,13,aditi.mukherjee91@gmail.com,Active,2021-01-28
6992,Vihaan Mehta,38,Germany,Marketing,58880,23,vihaan.mehta92@outlook.com,Inactive,2019-04-02
6993,Aditi Ansari,29,UK,HR,120520,12,aditi.ansari93@yahoo.com,Active,2024-10-01
6994,Muhammad Mehta,49,UK,Data,63975,1,muhammad.mehta94@outlook.com,Active,2024-01-14
6995,Sneha Iyer,34,UK,Marketing,170082,33,sneha.iyer95@yahoo.com,Inactive,2024-02-28
6996,Reyansh Khan,45,Canada,Marketing,155003,14,reyansh.khan96@company.com,Inactive,2020-06-02
6997,Aditi Ghosh,35,Canada,Marketing,157237,1,aditi.ghosh97@gmail.com,Active,2019-11-28
6998,Priya Chopra,26,USA,IT,75596,24,priya.chopra98@outlook.com,Active,2018-11-25
6999,Muhammad Bansal,49,UK,Marketing,75653,4,muhammad.bansal99@outlook.com,Inactive,2023-09-19
7000,Meera Malik,35,Canada,Sales,141172,33,meera.malik0@outlook.com,Inactive,2021-08-22
7001,Ananya Chopra,49,Canada,IT,172421,4,ananya.chopra1@outlook.com,Active,2019-12-16
7002,Vihaan Reddy,24,Canada,IT,58347,7,vihaan.reddy2@yahoo.com,Inactive,2024-01-04
7003,Riya Ghosh,38,USA,Marketing,104388,13,riya.ghosh3@yahoo.com,Active,2018-08-30
7004,Pooja Kapoor,59,USA,Data,97241,28,pooja.kapoor4@yahoo.com,Inactive,2018-06-28
7005,Krishna Kapoor,36,UK,Data,89142,29,krishna.kapoor5@outlook.com,Inactive,2020-12-08
7006,Neha Agarwal,31,Germany,Data,179232,3,neha.agarwal6@outlook.com,Active,2024-02-06
7007,Shaurya Agarwal,34,UK,Data,100923,34,shaurya.agarwal7@gmail.com,Active,2023-03-30
7008,Reyansh Khan,23,Canada,Sales,81891,6,reyansh.khan8@yahoo.com,Active,2025-06-02
7009,Aditi Iyer,58,Canada,Data,140341,25,aditi.iyer9@outlook.com,Active,2020-01-21
7010,Aarav Ghosh,38,India,HR,37003,31,aarav.ghosh10@company.com,Inactive,2021-09-01
7011,Ananya Agarwal,40,UK,Marketing,73513,32,ananya.agarwal11@outlook.com,Inactive,2022-10-10
7012,Reyansh Mehta,45,Canada,IT,151228,23,reyansh.mehta12@gmail.com,Inactive,2024-03-06
7013,Aditi Roy,58,Canada,HR,125561,0,aditi.roy13@yahoo.com,Inactive,2025-05-02
7014,Priya Bansal,33,Germany,Data,60672,28,priya.bansal14@gmail.com,Inactive,2021-12-31
7015,Priya Ansari,24,India,HR,76819,20,priya.ansari15@outlook.com,Active,2025-02-03
7016,Aarav Mukherjee,34,UK,IT,140408,22,aarav.mukherjee16@company.com,Active,2018-12-15
7017,Krishna Patel,53,USA,Data,151707,4,krishna.patel17@company.com,Inactive,2019-06-03
7018,Meera Mukherjee,48,UK,HR,142376,29,meera.mukherjee18@outlook.com,Inactive,2019-01-22
7019,Riya Gupta,57,UK,Sales,143777,17,riya.gupta19@gmail.com,Active,2021-07-28
7020,Meera Roy,28,Germany,Sales,149917,5,meera.roy20@company.com,Inactive,2021-12-12
7021,Priya Sharma,54,UK,Marketing,116714,4,priya.sharma21@outlook.com,Active,2020-03-11
7022,Ananya Mukherjee,25,Germany,Marketing,118752,17,ananya.mukherjee22@gmail.com,Inactive,2019-08-30
7023,Krishna Khan,25,Germany,HR,108778,12,krishna.khan23@company.com,Inactive,2018-12-10
7024,Sneha Nair,51,Canada,IT,164682,19,sneha.nair24@yahoo.com,Inactive,2023-04-02
7025,Aditya Chopra,29,USA,Sales,153366,20,aditya.chopra25@outlook.com,Active,2019-01-01
7026,Aarav Mukherjee,52,Germany,Finance,173568,3,aarav.mukherjee26@outlook.com,Active,2019-01-16
7027,Aditi Ghosh,53,India,Marketing,163037,12,aditi.ghosh27@outlook.com,Inactive,2022-12-01
7028,Riya Ansari,23,India,Sales,63357,17,riya.ansari28@gmail.com,Inactive,2020-09-11
7029,Reyansh Agarwal,50,USA,Data,81252,12,reyansh.agarwal29@yahoo.com,Active,2021-01-29
7030,Diya Singh,32,Germany,HR,40887,12,diya.singh30@gmail.com,Active,2019-05-06
7031,Reyansh Nair,49,USA,Sales,118398,34,reyansh.nair31@company.com,Inactive,2024-02-19
7032,Muhammad Reddy,23,Canada,Sales,41040,26,muhammad.reddy32@company.com,Active,2023-10-30
7033,Arjun Iyer,46,India,HR,179512,25,arjun.iyer33@outlook.com,Inactive,2020-05-27
7034,Aditya Sharma,50,UK,Marketing,163053,11,aditya.sharma34@gmail.com,Inactive,2022-01-18
7035,Muhammad Roy,29,India,Marketing,147725,1,muhammad.roy35@yahoo.com,Inactive,2021-09-19
7036,Kavya Agarwal,46,Germany,Finance,63371,19,kavya.agarwal36@outlook.com,Active,2018-05-09
7037,Krishna Mukherjee,22,USA,Finance,102879,34,krishna.mukherjee37@outlook.com,Active,2023-07-20
7038,Kavya Singh,23,India,Marketing,173260,9,kavya.singh38@company.com,Inactive,2018-01-21
7039,Reyansh Agarwal,24,UK,Marketing,134542,7,reyansh.agarwal39@company.com,Inactive,2025-12-08
7040,Riya Mehta,45,UK,Marketing,94580,30,riya.mehta40@outlook.com,Inactive,2018-01-28
7041,Meera Reddy,33,USA,Marketing,80216,14,meera.reddy41@company.com,Inactive,2024-11-02
7042,Reyansh Singh,59,USA,Sales,57044,17,reyansh.singh42@gmail.com,Active,2020-07-11
7043,Kavya Gupta,55,India,Finance,45620,14,kavya.gupta43@company.com,Inactive,2019-10-14
7044,Aarav Verma,43,Germany,HR,55723,18,aarav.verma44@outlook.com,Active,2020-04-12
7045,Priya Das,29,Canada,IT,76142,23,priya.das45@outlook.com,Inactive,2021-12-24
7046,Neha Kapoor,22,UK,HR,76503,34,neha.kapoor46@yahoo.com,Inactive,2024-04-01
7047,Aditya Bansal,51,USA,Data,170326,1,aditya.bansal47@gmail.com,Active,2024-10-07
7048,Ishaan Ghosh,22,Canada,IT,137837,12,ishaan.ghosh48@outlook.com,Active,2025-04-06
7049,Vihaan Mukherjee,52,Canada,Sales,104937,8,vihaan.mukherjee49@gmail.com,Active,2021-03-06
7050,Pooja Sharma,38,Canada,Data,120209,34,pooja.sharma50@outlook.com,Active,2023-10-31
7051,Kavya Nair,33,Germany,Finance,107403,1,kavya.nair51@outlook.com,Active,2024-06-23
7052,Vivaan Iyer,25,USA,IT,81944,15,vivaan.iyer52@gmail.com,Active,2024-08-09
7053,Aditi Verma,30,UK,Marketing,71002,1,aditi.verma53@yahoo.com,Inactive,2020-02-04
7054,Diya Kapoor,45,USA,Data,52517,15,diya.kapoor54@yahoo.com,Active,2020-01-10
7055,Riya Agarwal,54,India,Sales,112366,7,riya.agarwal55@gmail.com,Inactive,2019-02-04
7056,Priya Mehta,57,UK,IT,45589,0,priya.mehta56@outlook.com,Active,2023-03-06
7057,Vihaan Patel,50,USA,Marketing,95117,17,vihaan.patel57@outlook.com,Active,2024-07-31
7058,Ishaan Roy,27,UK,Data,162340,25,ishaan.roy58@gmail.com,Active,2022-01-15
7059,Vihaan Khan,26,India,Sales,94264,4,vihaan.khan59@company.com,Inactive,2020-07-24
7060,Diya Bansal,23,UK,Data,69830,20,diya.bansal60@gmail.com,Inactive,2018-08-23
7061,Ananya Patel,33,Canada,IT,94544,34,ananya.patel61@gmail.com,Active,2018-02-04
7062,Krishna Nair,23,Germany,Marketing,39627,27,krishna.nair62@gmail.com,Active,2019-10-01
7063,Muhammad Malik,46,India,Finance,160894,25,muhammad.malik63@outlook.com,Inactive,2018-12-05
7064,Vihaan Reddy,44,UK,Sales,153159,31,vihaan.reddy64@outlook.com,Active,2022-02-11
7065,Aditya Agarwal,26,India,IT,146446,20,aditya.agarwal65@outlook.com,Inactive,2023-02-26
7066,Neha Singh,32,Canada,Marketing,106634,3,neha.singh66@yahoo.com,Active,2024-10-26
7067,Ishaan Reddy,56,Germany,Finance,137111,23,ishaan.reddy67@outlook.com,Inactive,2019-02-24
7068,Shaurya Agarwal,22,India,Data,138040,32,shaurya.agarwal68@company.com,Inactive,2019-12-07
7069,Ananya Agarwal,31,Canada,Marketing,56341,4,ananya.agarwal69@company.com,Active,2020-01-22
7070,Ishaan Roy,59,Canada,Finance,50375,2,ishaan.roy70@gmail.com,Active,2018-09-06
7071,Ishaan Mukherjee,54,Canada,IT,130642,10,ishaan.mukherjee71@gmail.com,Inactive,2024-05-29
7072,Vivaan Patel,46,UK,Marketing,100627,31,vivaan.patel72@gmail.com,Active,2018-07-26
7073,Arjun Das,38,USA,Marketing,150145,21,arjun.das73@gmail.com,Active,2021-01-29
7074,Shaurya Sharma,41,India,HR,97515,10,shaurya.sharma74@gmail.com,Active,2021-05-23
7075,Krishna Chopra,56,USA,Sales,36884,21,krishna.chopra75@outlook.com,Active,2022-05-19
7076,Sneha Chopra,42,Canada,Marketing,113968,3,sneha.chopra76@yahoo.com,Inactive,2019-03-11
7077,Shaurya Iyer,50,USA,Finance,147586,2,shaurya.iyer77@company.com,Inactive,2018-08-27
7078,Reyansh Roy,50,Canada,Sales,120041,9,reyansh.roy78@gmail.com,Inactive,2021-02-21
7079,Shaurya Nair,28,Canada,IT,114738,18,shaurya.nair79@company.com,Inactive,2019-06-02
7080,Kavya Iyer,54,Germany,Sales,110767,17,kavya.iyer80@outlook.com,Inactive,2025-08-16
7081,Arjun Patel,29,Germany,HR,140946,27,arjun.patel81@outlook.com,Active,2018-05-29
7082,Arjun Mukherjee,40,USA,IT,75720,30,arjun.mukherjee82@yahoo.com,Inactive,2023-10-06
7083,Shaurya Kapoor,45,India,Marketing,44595,16,shaurya.kapoor83@company.com,Inactive,2024-01-13
7084,Ishaan Singh,39,USA,Data,120623,23,ishaan.singh84@yahoo.com,Active,2019-06-20
7085,Aarav Ansari,25,India,IT,48918,0,aarav.ansari85@company.com,Inactive,2023-12-03
7086,Sneha Iyer,31,USA,IT,163660,4,sneha.iyer86@gmail.com,Active,2025-04-05
7087,Arjun Roy,35,UK,HR,64984,31,arjun.roy87@yahoo.com,Inactive,2024-07-06
7088,Aarav Malik,28,UK,Finance,143288,16,aarav.malik88@yahoo.com,Active,2021-04-29
7089,Diya Das,39,India,IT,50813,20,diya.das89@yahoo.com,Inactive,2019-01-01
7090,Riya Kapoor,43,Germany,Finance,170538,21,riya.kapoor90@gmail.com,Inactive,2021-06-26
7091,Neha Mukherjee,47,India,Sales,69999,33,neha.mukherjee91@company.com,Inactive,2024-06-02
7092,Reyansh Chopra,52,USA,Data,93115,13,reyansh.chopra92@outlook.com,Active,2019-04-10
7093,Arjun Roy,46,Canada,HR,143715,15,arjun.roy93@outlook.com,Active,2023-07-28
7094,Riya Reddy,47,UK,Marketing,125333,4,riya.reddy94@gmail.com,Inactive,2025-12-04
7095,Riya Chopra,39,Canada,IT,54699,17,riya.chopra95@yahoo.com,Inactive,2021-05-29
7096,Aditi Nair,49,UK,Data,177553,3,aditi.nair96@yahoo.com,Active,2025-08-17
7097,Reyansh Das,59,USA,Data,118518,27,reyansh.das97@outlook.com,Active,2025-12-30
7098,Neha Khan,53,UK,Finance,153950,26,neha.khan98@outlook.com,Inactive,2020-03-21
7099,Neha Kapoor,39,India,IT,118462,5,neha.kapoor99@outlook.com,Active,2022-12-19
7100,Aarav Gupta,57,Canada,Data,174405,10,aarav.gupta0@gmail.com,Active,2023-02-26
7101,Ananya Singh,39,Canada,HR,114996,20,ananya.singh1@company.com,Active,2024-12-08
7102,Shaurya Ansari,53,USA,Marketing,100625,16,shaurya.ansari2@company.com,Active,2019-02-03
7103,Krishna Patel,36,Canada,Sales,55790,30,krishna.patel3@company.com,Active,2020-12-11
7104,Ishaan Mukherjee,43,USA,Sales,171562,33,ishaan.mukherjee4@gmail.com,Active,2025-09-20
7105,Vihaan Ansari,27,Germany,Finance,83055,12,vihaan.ansari5@yahoo.com,Active,2023-02-06
7106,Diya Nair,46,India,Data,143759,22,diya.nair6@yahoo.com,Active,2020-06-04
7107,Kavya Roy,52,UK,Sales,153394,0,kavya.roy7@company.com,Inactive,2021-12-13
7108,Aarav Das,32,UK,Finance,133163,3,aarav.das8@yahoo.com,Active,2022-01-23
7109,Krishna Ansari,28,UK,Marketing,70992,29,krishna.ansari9@company.com,Active,2025-01-10
7110,Diya Verma,25,Germany,IT,72624,30,diya.verma10@yahoo.com,Active,2022-08-01
7111,Aditi Mehta,48,India,HR,124713,15,aditi.mehta11@outlook.com,Active,2025-07-12
7112,Ananya Das,25,Canada,Marketing,126471,2,ananya.das12@company.com,Inactive,2023-06-08
7113,Aditya Malik,46,Canada,Marketing,166220,11,aditya.malik13@gmail.com,Inactive,2021-03-09
7114,Pooja Ghosh,25,India,Sales,59449,11,pooja.ghosh14@gmail.com,Inactive,2024-07-22
7115,Pooja Gupta,42,India,Sales,165670,10,pooja.gupta15@yahoo.com,Active,2022-08-19
7116,Vivaan Agarwal,35,UK,HR,162690,15,vivaan.agarwal16@yahoo.com,Inactive,2018-02-27
7117,Sneha Das,33,Canada,IT,132138,28,sneha.das17@outlook.com,Inactive,2019-10-20
7118,Krishna Singh,48,India,Marketing,151405,20,krishna.singh18@gmail.com,Inactive,2024-02-04
7119,Ishaan Khan,53,Canada,Data,77314,4,ishaan.khan19@gmail.com,Active,2022-02-19
7120,Krishna Singh,43,India,Sales,179610,12,krishna.singh20@company.com,Active,2024-11-17
7121,Kavya Khan,53,USA,Marketing,102899,16,kavya.khan21@company.com,Inactive,2021-02-24
7122,Vivaan Mukherjee,38,UK,IT,62508,11,vivaan.mukherjee22@company.com,Inactive,2020-12-04
7123,Ishaan Ghosh,50,India,Finance,103643,16,ishaan.ghosh23@company.com,Active,2024-02-16
7124,Ishaan Gupta,46,Germany,IT,171700,0,ishaan.gupta24@company.com,Active,2021-10-17
7125,Muhammad Gupta,36,India,Marketing,151189,7,muhammad.gupta25@yahoo.com,Inactive,2024-08-10
7126,Arjun Das,33,USA,Marketing,76409,15,arjun.das26@gmail.com,Active,2024-02-19
7127,Shaurya Verma,59,Germany,HR,50180,14,shaurya.verma27@yahoo.com,Inactive,2025-02-27
7128,Muhammad Singh,53,Germany,Marketing,178449,18,muhammad.singh28@outlook.com,Active,2024-05-30
7129,Krishna Roy,46,India,Sales,78548,24,krishna.roy29@company.com,Inactive,2020-02-11
7130,Sneha Nair,21,USA,Data,162151,30,sneha.nair30@company.com,Inactive,2025-01-18
7131,Kavya Mehta,58,Germany,HR,159323,1,kavya.mehta31@gmail.com,Inactive,2024-01-06
7132,Pooja Verma,22,UK,Marketing,90003,24,pooja.verma32@outlook.com,Inactive,2024-01-06
7133,Ananya Gupta,26,UK,IT,55319,30,ananya.gupta33@gmail.com,Inactive,2024-04-17
7134,Muhammad Nair,58,Canada,Marketing,149637,3,muhammad.nair34@outlook.com,Inactive,2024-10-18
7135,Vihaan Agarwal,44,Canada,IT,58214,3,vihaan.agarwal35@gmail.com,Active,2024-03-11
7136,Aditya Nair,38,USA,IT,87861,11,aditya.nair36@yahoo.com,Active,2019-09-12
7137,Muhammad Mehta,47,Germany,Marketing,161122,16,muhammad.mehta37@company.com,Inactive,2023-06-21
7138,Pooja Roy,28,UK,IT,131649,20,pooja.roy38@gmail.com,Active,2023-09-14
7139,Muhammad Mukherjee,48,UK,Data,84655,28,muhammad.mukherjee39@company.com,Active,2024-08-25
7140,Neha Iyer,30,USA,Finance,154739,21,neha.iyer40@gmail.com,Active,2020-02-11
7141,Sneha Sharma,37,Germany,HR,136401,15,sneha.sharma41@gmail.com,Inactive,2024-03-24
7142,Sneha Bansal,49,USA,Marketing,146892,14,sneha.bansal42@outlook.com,Inactive,2024-03-17
7143,Vihaan Agarwal,26,India,Finance,44657,29,vihaan.agarwal43@outlook.com,Active,2021-03-09
7144,Muhammad Roy,34,UK,IT,170592,10,muhammad.roy44@outlook.com,Active,2025-10-16
7145,Meera Agarwal,42,USA,IT,151585,12,meera.agarwal45@gmail.com,Inactive,2024-05-01
7146,Aarav Malik,26,USA,HR,64577,22,aarav.malik46@gmail.com,Inactive,2020-02-26
7147,Priya Mukherjee,46,India,Finance,65558,33,priya.mukherjee47@company.com,Active,2018-12-02
7148,Ishaan Nair,59,Canada,Finance,142146,19,ishaan.nair48@company.com,Active,2020-08-18
7149,Reyansh Reddy,32,UK,Marketing,167282,1,reyansh.reddy49@company.com,Active,2022-04-30
7150,Riya Nair,55,USA,IT,98807,7,riya.nair50@gmail.com,Active,2024-07-07
7151,Riya Iyer,34,UK,Sales,150056,17,riya.iyer51@company.com,Active,2020-02-12
7152,Shaurya Malik,42,Canada,Marketing,133235,6,shaurya.malik52@company.com,Active,2019-12-25
7153,Pooja Singh,43,USA,Marketing,37843,30,pooja.singh53@company.com,Active,2021-05-03
7154,Ananya Malik,27,India,Marketing,54834,21,ananya.malik54@outlook.com,Active,2019-09-23
7155,Pooja Das,45,UK,HR,128263,27,pooja.das55@yahoo.com,Active,2019-12-07
7156,Shaurya Agarwal,33,India,HR,145850,24,shaurya.agarwal56@outlook.com,Inactive,2020-12-02
7157,Vihaan Khan,41,Canada,Marketing,118064,0,vihaan.khan57@outlook.com,Inactive,2020-09-06
7158,Neha Sharma,30,Canada,Data,87278,31,neha.sharma58@outlook.com,Inactive,2021-07-05
7159,Ananya Das,29,UK,Sales,75428,24,ananya.das59@outlook.com,Active,2025-06-28
7160,Neha Nair,35,Canada,Finance,100553,15,neha.nair60@company.com,Active,2019-03-18
7161,Reyansh Khan,22,Germany,Finance,146924,28,reyansh.khan61@gmail.com,Inactive,2021-08-12
7162,Aditya Bansal,45,UK,IT,106535,23,aditya.bansal62@yahoo.com,Active,2019-09-03
7163,Shaurya Mehta,33,Germany,Finance,158825,16,shaurya.mehta63@outlook.com,Active,2024-10-20
7164,Kavya Reddy,54,Canada,Finance,68202,5,kavya.reddy64@gmail.com,Inactive,2022-09-28
7165,Pooja Khan,54,UK,Sales,74208,13,pooja.khan65@outlook.com,Inactive,2020-08-16
7166,Muhammad Mehta,55,Germany,Finance,73805,25,muhammad.mehta66@company.com,Inactive,2022-07-11
7167,Krishna Ansari,58,Canada,Sales,87360,27,krishna.ansari67@yahoo.com,Active,2022-08-27
7168,Shaurya Das,23,USA,HR,142214,30,shaurya.das68@yahoo.com,Inactive,2020-06-20
7169,Shaurya Reddy,26,USA,Sales,145168,26,shaurya.reddy69@company.com,Inactive,2021-11-22
7170,Riya Nair,39,India,HR,125852,1,riya.nair70@outlook.com,Active,2022-03-01
7171,Vihaan Iyer,23,USA,Sales,106231,18,vihaan.iyer71@company.com,Inactive,2020-03-11
7172,Meera Ansari,38,Germany,Marketing,114414,27,meera.ansari72@gmail.com,Active,2018-06-20
7173,Sneha Patel,59,USA,Data,141264,20,sneha.patel73@gmail.com,Active,2018-11-06
7174,Ananya Khan,29,UK,HR,39886,14,ananya.khan74@yahoo.com,Active,2024-07-27
7175,Muhammad Kapoor,32,UK,HR,38771,33,muhammad.kapoor75@outlook.com,Active,2020-05-09
7176,Reyansh Khan,25,UK,Finance,131183,2,reyansh.khan76@yahoo.com,Active,2021-10-06
7177,Meera Khan,23,USA,HR,94070,0,meera.khan77@outlook.com,Inactive,2022-05-16
7178,Ananya Das,31,USA,Sales,155711,23,ananya.das78@gmail.com,Inactive,2020-09-22
7179,Neha Mukherjee,50,India,Marketing,81686,26,neha.mukherjee79@gmail.com,Active,2023-12-29
7180,Priya Malik,24,Canada,Marketing,82193,8,priya.malik80@gmail.com,Active,2020-01-16
7181,Krishna Malik,25,India,Finance,115630,23,krishna.malik81@outlook.com,Inactive,2022-12-15
7182,Neha Iyer,21,Germany,Sales,126210,16,neha.iyer82@company.com,Inactive,2024-03-18
7183,Diya Patel,47,UK,Sales,160501,27,diya.patel83@yahoo.com,Active,2021-10-20
7184,Shaurya Reddy,48,USA,IT,79765,3,shaurya.reddy84@outlook.com,Inactive,2020-01-13
7185,Diya Reddy,49,Canada,HR,160890,28,diya.reddy85@outlook.com,Active,2025-11-27
7186,Kavya Iyer,38,Canada,Finance,128095,27,kavya.iyer86@outlook.com,Active,2023-12-01
7187,Priya Roy,32,USA,Marketing,161584,28,priya.roy87@gmail.com,Inactive,2022-02-02
7188,Aditi Bansal,33,India,Data,118764,28,aditi.bansal88@outlook.com,Active,2025-06-16
7189,Aarav Kapoor,22,Canada,IT,169996,4,aarav.kapoor89@outlook.com,Active,2023-06-24
7190,Vivaan Bansal,57,India,Sales,165530,10,vivaan.bansal90@yahoo.com,Inactive,2018-06-22
7191,Diya Patel,36,USA,HR,83469,1,diya.patel91@company.com,Inactive,2023-04-14
7192,Kavya Malik,44,India,Marketing,51918,3,kavya.malik92@yahoo.com,Inactive,2023-04-13
7193,Aarav Ansari,55,UK,IT,75345,9,aarav.ansari93@company.com,Active,2023-05-20
7194,Muhammad Malik,42,USA,Sales,174548,7,muhammad.malik94@company.com,Inactive,2018-05-25
7195,Shaurya Chopra,56,USA,Marketing,75755,22,shaurya.chopra95@outlook.com,Active,2020-02-01
7196,Aarav Reddy,31,Canada,Marketing,45861,26,aarav.reddy96@outlook.com,Active,2025-02-05
7197,Priya Kapoor,49,Canada,Sales,126241,22,priya.kapoor97@company.com,Active,2024-06-26
7198,Ananya Ghosh,55,Canada,Sales,141999,33,ananya.ghosh98@yahoo.com,Active,2021-03-17
7199,Pooja Ansari,35,UK,Finance,92405,34,pooja.ansari99@gmail.com,Inactive,2025-07-16
7200,Muhammad Mukherjee,51,UK,Marketing,122781,16,muhammad.mukherjee0@company.com,Active,2023-12-14
7201,Riya Agarwal,36,Germany,Sales,89353,9,riya.agarwal1@outlook.com,Inactive,2023-04-18
7202,Ishaan Mehta,30,USA,Data,53767,1,ishaan.mehta2@company.com,Inactive,2022-07-23
7203,Aditya Singh,52,Canada,Data,92554,16,aditya.singh3@company.com,Inactive,2025-06-15
7204,Reyansh Reddy,22,USA,IT,160274,30,reyansh.reddy4@yahoo.com,Inactive,2019-11-14
7205,Neha Roy,44,India,HR,147619,15,neha.roy5@gmail.com,Inactive,2020-10-13
7206,Neha Verma,43,UK,Data,174640,23,neha.verma6@yahoo.com,Inactive,2022-02-18
7207,Aditi Nair,22,Germany,Finance,156652,6,aditi.nair7@outlook.com,Inactive,2024-03-13
7208,Krishna Malik,58,India,Sales,140366,18,krishna.malik8@outlook.com,Inactive,2025-08-22
7209,Meera Roy,51,USA,HR,87650,15,meera.roy9@gmail.com,Inactive,2024-04-03
7210,Aditi Verma,46,UK,Finance,103383,32,aditi.verma10@gmail.com,Active,2023-11-14
7211,Vihaan Verma,49,Canada,Marketing,124578,9,vihaan.verma11@gmail.com,Inactive,2022-07-15
7212,Ananya Malik,23,India,HR,89215,14,ananya.malik12@yahoo.com,Active,2021-06-27
7213,Pooja Chopra,34,UK,Data,96212,2,pooja.chopra13@gmail.com,Active,2022-07-05
7214,Kavya Iyer,45,USA,Finance,140617,1,kavya.iyer14@company.com,Active,2023-10-21
7215,Vihaan Nair,21,USA,Sales,80577,34,vihaan.nair15@yahoo.com,Inactive,2023-07-09
7216,Arjun Gupta,23,India,Sales,135462,26,arjun.gupta16@outlook.com,Inactive,2020-07-06
7217,Ananya Bansal,46,India,Finance,153352,4,ananya.bansal17@company.com,Active,2020-08-09
7218,Arjun Patel,38,India,Marketing,94999,14,arjun.patel18@company.com,Inactive,2023-10-01
7219,Sneha Iyer,29,Germany,Data,158958,32,sneha.iyer19@yahoo.com,Active,2018-06-04
7220,Sneha Ansari,58,Canada,Finance,99383,0,sneha.ansari20@outlook.com,Inactive,2018-11-16
7221,Pooja Gupta,43,UK,IT,170691,11,pooja.gupta21@company.com,Inactive,2018-10-28
7222,Kavya Singh,41,USA,Finance,151881,8,kavya.singh22@company.com,Active,2018-07-14
7223,Ananya Roy,21,USA,Finance,67287,19,ananya.roy23@outlook.com,Inactive,2024-03-06
7224,Pooja Malik,41,Canada,Data,93928,29,pooja.malik24@yahoo.com,Inactive,2021-12-08
7225,Pooja Das,47,India,Sales,164895,13,pooja.das25@gmail.com,Active,2020-01-03
7226,Shaurya Sharma,26,India,Marketing,55428,22,shaurya.sharma26@outlook.com,Active,2020-04-25
7227,Arjun Gupta,56,USA,Finance,177678,28,arjun.gupta27@company.com,Inactive,2025-10-16
7228,Ananya Chopra,48,Canada,HR,86138,34,ananya.chopra28@outlook.com,Inactive,2024-04-19
7229,Kavya Ansari,37,USA,Sales,160606,26,kavya.ansari29@yahoo.com,Active,2021-12-22
7230,Reyansh Reddy,23,India,Sales,124393,26,reyansh.reddy30@yahoo.com,Active,2019-09-06
7231,Kavya Singh,32,UK,Finance,53132,29,kavya.singh31@yahoo.com,Active,2021-07-12
7232,Kavya Chopra,59,India,Data,116094,2,kavya.chopra32@outlook.com,Active,2021-10-07
7233,Ananya Ansari,32,UK,HR,101454,11,ananya.ansari33@outlook.com,Inactive,2018-07-03
7234,Ishaan Malik,22,Germany,Finance,60695,30,ishaan.malik34@company.com,Active,2019-05-14
7235,Meera Sharma,42,Canada,HR,164598,26,meera.sharma35@yahoo.com,Active,2025-12-14
7236,Arjun Mehta,43,Germany,Sales,174969,23,arjun.mehta36@company.com,Active,2020-09-26
7237,Priya Bansal,50,India,HR,126511,10,priya.bansal37@yahoo.com,Inactive,2024-12-08
7238,Aditi Nair,25,Canada,Finance,39423,26,aditi.nair38@company.com,Active,2024-02-21
7239,Vivaan Das,29,India,IT,99806,8,vivaan.das39@company.com,Inactive,2023-08-05
7240,Vivaan Das,41,Canada,IT,70210,15,vivaan.das40@company.com,Active,2020-11-10
7241,Diya Sharma,31,Canada,HR,37595,13,diya.sharma41@yahoo.com,Inactive,2020-03-08
7242,Sneha Bansal,25,India,Data,104611,29,sneha.bansal42@company.com,Active,2022-05-12
7243,Vivaan Das,55,India,Finance,110177,23,vivaan.das43@yahoo.com,Inactive,2020-12-14
7244,Ananya Ghosh,47,Canada,Marketing,120862,12,ananya.ghosh44@company.com,Inactive,2020-10-22
7245,Neha Iyer,22,Canada,IT,69539,32,neha.iyer45@outlook.com,Active,2018-10-31
7246,Sneha Reddy,44,India,Sales,89827,8,sneha.reddy46@outlook.com,Active,2022-04-07
7247,Aditya Gupta,51,India,Finance,85169,25,aditya.gupta47@yahoo.com,Inactive,2021-03-10
7248,Sneha Gupta,53,USA,Finance,136996,12,sneha.gupta48@yahoo.com,Active,2023-11-07
7249,Pooja Mehta,59,USA,IT,96568,20,pooja.mehta49@yahoo.com,Active,2023-01-09
7250,Pooja Khan,50,USA,Marketing,77095,28,pooja.khan50@gmail.com,Inactive,2020-10-04
7251,Riya Gupta,57,Germany,Sales,119692,27,riya.gupta51@gmail.com,Active,2025-03-18
7252,Sneha Agarwal,48,Canada,Marketing,175079,23,sneha.agarwal52@yahoo.com,Active,2018-11-01
7253,Meera Ansari,51,UK,Sales,95210,12,meera.ansari53@company.com,Active,2021-04-03
7254,Aditya Bansal,31,Germany,IT,48377,19,aditya.bansal54@outlook.com,Active,2021-10-19
7255,Ishaan Agarwal,43,Canada,Finance,152790,6,ishaan.agarwal55@yahoo.com,Inactive,2025-01-22
7256,Kavya Patel,22,UK,Sales,157150,14,kavya.patel56@gmail.com,Inactive,2018-10-11
7257,Ananya Gupta,47,USA,Finance,167872,24,ananya.gupta57@company.com,Inactive,2023-08-06
7258,Reyansh Roy,55,UK,HR,52192,34,reyansh.roy58@outlook.com,Inactive,2019-03-17
7259,Ananya Agarwal,22,India,HR,72901,12,ananya.agarwal59@company.com,Active,2022-01-08
7260,Riya Bansal,59,India,IT,35969,7,riya.bansal60@yahoo.com,Inactive,2023-05-17
7261,Aarav Kapoor,57,Canada,IT,86031,20,aarav.kapoor61@company.com,Active,2024-02-14
7262,Sneha Iyer,41,Germany,Data,71087,5,sneha.iyer62@yahoo.com,Active,2025-12-04
7263,Aarav Mukherjee,25,USA,IT,72473,9,aarav.mukherjee63@gmail.com,Inactive,2021-12-22
7264,Aditi Sharma,41,Canada,HR,65655,20,aditi.sharma64@outlook.com,Active,2020-01-15
7265,Aarav Singh,49,USA,Sales,100923,13,aarav.singh65@gmail.com,Inactive,2025-04-28
7266,Ananya Bansal,40,India,Marketing,80814,32,ananya.bansal66@company.com,Active,2019-07-11
7267,Arjun Malik,58,Germany,IT,103025,24,arjun.malik67@outlook.com,Active,2019-09-22
7268,Krishna Roy,40,Germany,Marketing,142011,18,krishna.roy68@company.com,Inactive,2023-01-26
7269,Ananya Ghosh,45,India,Marketing,103426,8,ananya.ghosh69@company.com,Active,2024-08-16
7270,Kavya Ansari,22,UK,HR,101258,14,kavya.ansari70@company.com,Active,2024-06-14
7271,Sneha Chopra,52,Germany,Data,43947,4,sneha.chopra71@outlook.com,Inactive,2021-10-14
7272,Sneha Patel,46,UK,Sales,141881,16,sneha.patel72@outlook.com,Inactive,2018-04-12
7273,Muhammad Patel,26,USA,HR,100461,29,muhammad.patel73@yahoo.com,Active,2023-12-20
7274,Muhammad Iyer,23,Germany,IT,57510,6,muhammad.iyer74@gmail.com,Inactive,2023-02-27
7275,Reyansh Mehta,53,India,HR,140077,5,reyansh.mehta75@company.com,Active,2018-07-21
7276,Aarav Ghosh,21,UK,HR,177279,14,aarav.ghosh76@outlook.com,Inactive,2023-02-14
7277,Meera Verma,25,USA,HR,113183,9,meera.verma77@yahoo.com,Inactive,2024-05-30
7278,Arjun Ghosh,33,USA,IT,174262,5,arjun.ghosh78@yahoo.com,Active,2018-02-02
7279,Diya Gupta,39,Germany,IT,71855,12,diya.gupta79@outlook.com,Inactive,2018-01-18
7280,Ananya Reddy,32,Germany,HR,72846,13,ananya.reddy80@gmail.com,Active,2020-05-21
7281,Krishna Ansari,45,Canada,HR,174214,0,krishna.ansari81@outlook.com,Inactive,2019-11-03
7282,Muhammad Iyer,55,Canada,Marketing,127079,32,muhammad.iyer82@gmail.com,Active,2023-07-09
7283,Reyansh Bansal,32,Germany,Sales,87470,18,reyansh.bansal83@yahoo.com,Active,2023-06-20
7284,Ishaan Singh,50,Canada,Marketing,142568,8,ishaan.singh84@company.com,Inactive,2021-02-12
7285,Muhammad Chopra,25,India,Data,114949,11,muhammad.chopra85@yahoo.com,Inactive,2018-07-27
7286,Aarav Patel,54,India,Sales,35768,4,aarav.patel86@gmail.com,Active,2018-06-10
7287,Kavya Mehta,42,Canada,Data,62255,5,kavya.mehta87@outlook.com,Inactive,2018-11-15
7288,Aditi Sharma,59,Germany,Sales,76946,10,aditi.sharma88@outlook.com,Active,2019-04-07
7289,Kavya Ansari,33,India,HR,171629,9,kavya.ansari89@outlook.com,Active,2022-05-02
7290,Aditi Verma,23,USA,Marketing,128156,14,aditi.verma90@yahoo.com,Active,2023-06-09
7291,Kavya Agarwal,40,Germany,Sales,53691,27,kavya.agarwal91@company.com,Inactive,2023-10-01
7292,Aditi Ansari,51,UK,Data,134693,2,aditi.ansari92@company.com,Inactive,2018-02-21
7293,Muhammad Kapoor,25,UK,Sales,176335,15,muhammad.kapoor93@gmail.com,Active,2025-04-19
7294,Sneha Mehta,44,Germany,IT,113922,16,sneha.mehta94@yahoo.com,Inactive,2019-09-02
7295,Aditya Khan,53,Canada,Sales,143165,18,aditya.khan95@yahoo.com,Inactive,2022-10-11
7296,Riya Roy,28,India,HR,60993,3,riya.roy96@company.com,Inactive,2023-12-19
7297,Riya Mehta,44,India,Finance,149121,24,riya.mehta97@company.com,Active,2020-08-21
7298,Reyansh Ansari,40,Germany,IT,139537,26,reyansh.ansari98@outlook.com,Active,2018-08-11
7299,Vihaan Nair,36,USA,Finance,47324,11,vihaan.nair99@yahoo.com,Inactive,2024-06-20
7300,Meera Chopra,32,Canada,HR,127981,26,meera.chopra0@gmail.com,Active,2020-04-16
7301,Ananya Bansal,33,USA,Finance,105203,3,ananya.bansal1@yahoo.com,Active,2021-02-23
7302,Muhammad Ansari,59,Germany,Sales,67383,23,muhammad.ansari2@gmail.com,Active,2025-01-03
7303,Aditya Das,45,Germany,Finance,96080,16,aditya.das3@company.com,Inactive,2023-12-18
7304,Diya Nair,52,USA,Marketing,109659,25,diya.nair4@gmail.com,Active,2025-07-18
7305,Ishaan Das,44,UK,HR,48755,17,ishaan.das5@outlook.com,Active,2020-12-03
7306,Vihaan Agarwal,29,Germany,Marketing,135296,21,vihaan.agarwal6@outlook.com,Inactive,2023-01-04
7307,Aarav Sharma,43,Canada,Finance,74661,5,aarav.sharma7@outlook.com,Inactive,2018-07-07
7308,Aditi Bansal,33,USA,Marketing,112277,18,aditi.bansal8@gmail.com,Active,2018-09-01
7309,Aditi Mehta,52,UK,IT,148693,33,aditi.mehta9@yahoo.com,Inactive,2020-07-11
7310,Diya Chopra,35,USA,Finance,123802,10,diya.chopra10@company.com,Active,2025-04-04
7311,Shaurya Gupta,56,UK,Data,97236,23,shaurya.gupta11@outlook.com,Inactive,2023-04-02
7312,Priya Iyer,25,UK,Marketing,77494,22,priya.iyer12@outlook.com,Active,2022-03-31
7313,Krishna Gupta,42,Canada,Sales,95480,3,krishna.gupta13@outlook.com,Inactive,2023-08-07
7314,Aditi Nair,36,Germany,Finance,105084,17,aditi.nair14@company.com,Active,2022-09-14
7315,Aarav Malik,30,UK,Data,93204,29,aarav.malik15@outlook.com,Active,2018-11-15
7316,Ananya Verma,44,Germany,IT,49263,14,ananya.verma16@gmail.com,Active,2022-05-17
7317,Arjun Singh,38,Canada,Sales,179178,22,arjun.singh17@yahoo.com,Active,2022-06-02
7318,Reyansh Roy,38,Germany,Finance,118312,11,reyansh.roy18@yahoo.com,Inactive,2024-05-10
7319,Aarav Patel,27,India,Sales,50396,3,aarav.patel19@gmail.com,Active,2020-02-02
7320,Riya Patel,24,UK,Finance,61455,3,riya.patel20@company.com,Active,2023-10-20
7321,Arjun Nair,46,Canada,Finance,149547,13,arjun.nair21@company.com,Inactive,2023-05-31
7322,Vivaan Verma,25,USA,HR,89490,7,vivaan.verma22@company.com,Inactive,2023-07-15
7323,Meera Ansari,36,Canada,Marketing,166720,22,meera.ansari23@company.com,Active,2023-09-03
7324,Shaurya Chopra,55,UK,Finance,90546,0,shaurya.chopra24@gmail.com,Inactive,2021-08-10
7325,Meera Bansal,46,Canada,IT,99396,10,meera.bansal25@company.com,Active,2023-12-22
7326,Reyansh Bansal,38,USA,Data,68588,26,reyansh.bansal26@outlook.com,Inactive,2025-09-06
7327,Reyansh Khan,49,India,Marketing,99202,3,reyansh.khan27@company.com,Inactive,2018-07-21
7328,Riya Patel,43,UK,HR,150159,28,riya.patel28@outlook.com,Active,2022-04-07
7329,Reyansh Chopra,34,UK,Marketing,149809,16,reyansh.chopra29@outlook.com,Active,2024-01-18
7330,Vihaan Khan,35,Canada,Marketing,56829,18,vihaan.khan30@company.com,Active,2020-12-05
7331,Aarav Nair,53,Germany,Finance,138180,23,aarav.nair31@outlook.com,Active,2019-05-13
7332,Muhammad Iyer,45,Germany,IT,119715,31,muhammad.iyer32@gmail.com,Active,2022-01-01
7333,Aditi Chopra,41,USA,Finance,71984,30,aditi.chopra33@gmail.com,Inactive,2018-04-15
7334,Ishaan Mukherjee,37,India,IT,168249,15,ishaan.mukherjee34@gmail.com,Inactive,2020-08-04
7335,Ananya Sharma,43,India,IT,132042,31,ananya.sharma35@outlook.com,Inactive,2021-01-13
7336,Aarav Reddy,37,Canada,Sales,98276,33,aarav.reddy36@outlook.com,Inactive,2023-01-22
7337,Aarav Nair,34,Canada,Finance,46693,34,aarav.nair37@gmail.com,Active,2022-04-27
7338,Vivaan Patel,49,Germany,HR,170214,15,vivaan.patel38@gmail.com,Inactive,2025-01-16
7339,Priya Verma,40,India,Data,151656,20,priya.verma39@yahoo.com,Inactive,2025-11-09
7340,Pooja Kapoor,50,India,Marketing,123564,12,pooja.kapoor40@yahoo.com,Inactive,2020-09-10
7341,Meera Das,39,India,Sales,96291,17,meera.das41@outlook.com,Inactive,2024-05-27
7342,Reyansh Khan,59,USA,HR,37472,1,reyansh.khan42@company.com,Active,2024-07-14
7343,Vihaan Sharma,33,USA,Data,115836,32,vihaan.sharma43@yahoo.com,Active,2023-08-23
7344,Diya Singh,38,Canada,Data,65549,17,diya.singh44@outlook.com,Inactive,2019-06-18
7345,Aditya Bansal,43,Germany,Finance,113554,27,aditya.bansal45@outlook.com,Inactive,2019-07-06
7346,Aditya Mehta,53,UK,IT,103646,34,aditya.mehta46@outlook.com,Inactive,2023-05-10
7347,Neha Agarwal,59,Germany,Finance,114142,11,neha.agarwal47@company.com,Inactive,2022-02-08
7348,Priya Ghosh,38,USA,Data,174873,7,priya.ghosh48@company.com,Active,2018-05-07
7349,Kavya Patel,29,USA,Finance,158937,24,kavya.patel49@company.com,Inactive,2025-09-23
7350,Meera Sharma,53,Canada,Sales,144530,6,meera.sharma50@gmail.com,Active,2022-10-24
7351,Shaurya Nair,52,UK,HR,132347,1,shaurya.nair51@outlook.com,Inactive,2020-10-09
7352,Neha Malik,37,India,Data,127358,32,neha.malik52@company.com,Active,2020-04-02
7353,Arjun Reddy,39,UK,Sales,154343,32,arjun.reddy53@company.com,Inactive,2020-08-28
7354,Pooja Chopra,47,UK,HR,35258,22,pooja.chopra54@gmail.com,Active,2024-03-19
7355,Meera Mehta,26,UK,Sales,172940,4,meera.mehta55@outlook.com,Active,2022-06-03
7356,Neha Nair,55,Canada,Marketing,41817,13,neha.nair56@company.com,Active,2024-09-10
7357,Sneha Ansari,57,USA,IT,73512,7,sneha.ansari57@gmail.com,Inactive,2018-04-09
7358,Arjun Singh,54,India,IT,65856,19,arjun.singh58@yahoo.com,Inactive,2022-02-15
7359,Riya Patel,40,UK,IT,178164,17,riya.patel59@yahoo.com,Active,2021-06-12
7360,Arjun Singh,45,India,Marketing,131636,22,arjun.singh60@yahoo.com,Active,2018-10-06
7361,Aditya Mehta,24,UK,Data,165571,28,aditya.mehta61@company.com,Inactive,2025-07-03
7362,Aditi Iyer,30,USA,Data,117157,6,aditi.iyer62@outlook.com,Inactive,2023-01-03
7363,Meera Mehta,30,India,Marketing,71123,23,meera.mehta63@gmail.com,Active,2025-10-06
7364,Krishna Singh,44,Germany,IT,123521,24,krishna.singh64@yahoo.com,Inactive,2019-01-11
7365,Ishaan Khan,41,USA,IT,36158,13,ishaan.khan65@company.com,Active,2018-08-24
7366,Shaurya Reddy,31,India,HR,133898,2,shaurya.reddy66@yahoo.com,Inactive,2019-10-20
7367,Kavya Roy,47,UK,HR,53134,13,kavya.roy67@gmail.com,Inactive,2018-03-09
7368,Riya Das,36,UK,Finance,51786,2,riya.das68@gmail.com,Active,2023-06-04
7369,Sneha Malik,46,USA,Sales,125933,8,sneha.malik69@outlook.com,Inactive,2025-11-01
7370,Arjun Reddy,50,USA,HR,90030,6,arjun.reddy70@outlook.com,Inactive,2021-04-14
7371,Priya Chopra,36,UK,HR,45494,25,priya.chopra71@yahoo.com,Inactive,2025-03-16
7372,Arjun Roy,27,India,HR,61273,6,arjun.roy72@yahoo.com,Active,2019-09-09
7373,Vivaan Kapoor,36,Germany,HR,129040,6,vivaan.kapoor73@gmail.com,Active,2023-05-08
7374,Vivaan Ansari,55,Canada,Marketing,73302,12,vivaan.ansari74@outlook.com,Inactive,2025-12-29
7375,Reyansh Sharma,36,USA,Finance,105822,2,reyansh.sharma75@yahoo.com,Active,2022-03-23
7376,Arjun Verma,32,UK,HR,80540,19,arjun.verma76@gmail.com,Inactive,2020-03-28
7377,Krishna Khan,55,India,Data,73419,8,krishna.khan77@gmail.com,Active,2018-02-22
7378,Aditi Reddy,41,USA,Sales,169624,21,aditi.reddy78@gmail.com,Active,2021-09-14
7379,Aarav Roy,56,India,HR,94571,32,aarav.roy79@gmail.com,Inactive,2021-07-14
7380,Neha Nair,37,USA,Marketing,83829,22,neha.nair80@yahoo.com,Inactive,2019-12-17
7381,Diya Ansari,52,UK,Data,171068,22,diya.ansari81@yahoo.com,Inactive,2019-01-27
7382,Sneha Kapoor,26,India,IT,69232,25,sneha.kapoor82@company.com,Active,2018-07-10
7383,Kavya Ansari,44,UK,IT,97083,31,kavya.ansari83@gmail.com,Inactive,2022-09-15
7384,Kavya Mukherjee,47,India,Finance,89034,27,kavya.mukherjee84@company.com,Inactive,2020-04-10
7385,Ishaan Ghosh,40,USA,IT,74379,29,ishaan.ghosh85@yahoo.com,Inactive,2021-03-23
7386,Kavya Mehta,45,Canada,HR,70868,16,kavya.mehta86@gmail.com,Active,2023-09-30
7387,Ishaan Das,22,Canada,Marketing,61532,17,ishaan.das87@gmail.com,Active,2025-01-29
7388,Ananya Reddy,29,Germany,Finance,71861,24,ananya.reddy88@outlook.com,Active,2024-05-14
7389,Reyansh Malik,48,Germany,Data,143532,3,reyansh.malik89@gmail.com,Inactive,2019-03-27
7390,Ananya Nair,58,UK,HR,169651,25,ananya.nair90@yahoo.com,Inactive,2023-03-02
7391,Pooja Agarwal,23,India,IT,60619,30,pooja.agarwal91@yahoo.com,Active,2018-11-30
7392,Vihaan Reddy,40,Germany,Sales,56829,11,vihaan.reddy92@gmail.com,Inactive,2020-02-04
7393,Riya Malik,26,USA,HR,55912,17,riya.malik93@gmail.com,Active,2022-03-15
7394,Aditya Chopra,59,Canada,Sales,178735,9,aditya.chopra94@yahoo.com,Active,2024-12-28
7395,Priya Sharma,53,India,Data,57104,1,priya.sharma95@gmail.com,Active,2019-04-27
7396,Pooja Patel,21,Canada,Sales,133235,24,pooja.patel96@yahoo.com,Active,2024-08-04
7397,Vihaan Singh,57,India,Data,152472,8,vihaan.singh97@outlook.com,Active,2025-07-13
7398,Kavya Mehta,26,Germany,Finance,129428,31,kavya.mehta98@gmail.com,Inactive,2024-01-02
7399,Vihaan Ghosh,54,Germany,Marketing,90233,4,vihaan.ghosh99@yahoo.com,Inactive,2019-07-07
7400,Shaurya Patel,35,UK,IT,167121,2,shaurya.patel0@company.com,Active,2018-03-17
7401,Diya Iyer,46,India,IT,138487,16,diya.iyer1@company.com,Inactive,2019-11-04
7402,Kavya Bansal,34,USA,HR,102837,12,kavya.bansal2@yahoo.com,Active,2024-05-24
7403,Pooja Gupta,27,Germany,IT,93498,2,pooja.gupta3@gmail.com,Inactive,2021-03-18
7404,Riya Khan,51,UK,Finance,149717,27,riya.khan4@outlook.com,Active,2021-12-31
7405,Aditi Das,44,Germany,IT,158666,3,aditi.das5@yahoo.com,Inactive,2020-12-25
7406,Muhammad Patel,51,Canada,HR,145601,17,muhammad.patel6@outlook.com,Active,2021-09-12
7407,Krishna Sharma,49,Germany,IT,164147,34,krishna.sharma7@gmail.com,Active,2023-06-22
7408,Muhammad Chopra,52,India,Marketing,151052,13,muhammad.chopra8@yahoo.com,Active,2025-02-03
7409,Riya Mukherjee,37,UK,Data,125641,15,riya.mukherjee9@outlook.com,Active,2023-02-27
7410,Arjun Roy,34,India,Sales,108685,11,arjun.roy10@company.com,Active,2020-07-25
7411,Riya Das,56,USA,Sales,80915,10,riya.das11@yahoo.com,Inactive,2018-07-18
7412,Vivaan Ghosh,44,USA,Data,143962,1,vivaan.ghosh12@company.com,Active,2024-10-03
7413,Diya Ghosh,47,Germany,Sales,52379,32,diya.ghosh13@yahoo.com,Inactive,2021-01-02
7414,Krishna Das,45,UK,Marketing,107401,12,krishna.das14@yahoo.com,Active,2018-04-21
7415,Reyansh Chopra,52,UK,Finance,114146,29,reyansh.chopra15@gmail.com,Active,2023-11-12
7416,Reyansh Mehta,38,UK,HR,124416,25,reyansh.mehta16@outlook.com,Inactive,2024-08-04
7417,Reyansh Mukherjee,38,UK,Marketing,168703,17,reyansh.mukherjee17@gmail.com,Active,2018-10-24
7418,Krishna Patel,57,Germany,HR,164140,12,krishna.patel18@gmail.com,Active,2024-04-27
7419,Pooja Mukherjee,46,India,Finance,133567,3,pooja.mukherjee19@gmail.com,Active,2025-08-04
7420,Priya Ansari,29,Germany,Marketing,96196,32,priya.ansari20@company.com,Active,2018-11-14
7421,Ishaan Verma,55,India,IT,48830,14,ishaan.verma21@yahoo.com,Active,2018-09-29
7422,Aditi Iyer,28,Canada,Finance,78484,16,aditi.iyer22@company.com,Active,2024-03-05
7423,Aditi Das,40,Canada,Sales,129756,5,aditi.das23@yahoo.com,Inactive,2021-09-29
7424,Priya Nair,42,India,Marketing,60772,4,priya.nair24@company.com,Active,2024-09-16
7425,Kavya Reddy,39,Germany,Finance,40116,32,kavya.reddy25@gmail.com,Inactive,2022-07-17
7426,Arjun Iyer,50,USA,Finance,116839,15,arjun.iyer26@company.com,Active,2022-08-28
7427,Aarav Gupta,48,Germany,Marketing,158085,23,aarav.gupta27@company.com,Active,2022-05-19
7428,Ishaan Ghosh,55,USA,Sales,36636,4,ishaan.ghosh28@yahoo.com,Inactive,2019-03-19
7429,Shaurya Ansari,31,Germany,Data,127338,2,shaurya.ansari29@gmail.com,Inactive,2019-09-01
7430,Meera Mukherjee,51,UK,Sales,42811,34,meera.mukherjee30@gmail.com,Active,2020-12-28
7431,Aditya Verma,59,UK,Finance,176653,26,aditya.verma31@gmail.com,Inactive,2024-11-21
7432,Priya Patel,56,Canada,HR,55919,11,priya.patel32@outlook.com,Active,2025-10-28
7433,Arjun Nair,50,Canada,Data,118018,24,arjun.nair33@company.com,Active,2023-04-29
7434,Reyansh Singh,43,India,Data,168676,16,reyansh.singh34@gmail.com,Active,2025-11-11
7435,Aditi Khan,39,USA,Finance,164672,19,aditi.khan35@company.com,Inactive,2020-07-31
7436,Priya Kapoor,32,UK,Marketing,166279,27,priya.kapoor36@outlook.com,Inactive,2021-09-26
7437,Sneha Ansari,35,Germany,Marketing,174535,34,sneha.ansari37@company.com,Inactive,2024-11-13
7438,Krishna Chopra,51,India,Marketing,136772,14,krishna.chopra38@gmail.com,Inactive,2021-12-28
7439,Aditya Singh,57,Germany,Sales,47671,32,aditya.singh39@company.com,Active,2021-09-26
7440,Ishaan Patel,57,UK,IT,44476,2,ishaan.patel40@gmail.com,Inactive,2023-11-09
7441,Aditi Mehta,35,UK,Marketing,39986,6,aditi.mehta41@gmail.com,Inactive,2018-10-16
7442,Sneha Patel,49,UK,Marketing,143158,9,sneha.patel42@yahoo.com,Inactive,2025-10-12
7443,Muhammad Agarwal,46,UK,Data,77001,25,muhammad.agarwal43@company.com,Active,2023-07-13
7444,Arjun Malik,22,Germany,HR,88242,5,arjun.malik44@company.com,Active,2019-08-14
7445,Ananya Sharma,40,India,HR,41803,32,ananya.sharma45@company.com,Active,2025-02-16
7446,Vihaan Das,35,UK,Finance,86446,15,vihaan.das46@gmail.com,Inactive,2022-09-26
7447,Shaurya Das,24,Canada,Finance,46905,23,shaurya.das47@gmail.com,Active,2025-03-15
7448,Vihaan Mukherjee,42,India,Finance,163295,29,vihaan.mukherjee48@company.com,Active,2019-07-02
7449,Neha Singh,58,Canada,Marketing,37461,9,neha.singh49@company.com,Active,2019-07-12
7450,Kavya Iyer,43,Germany,HR,93687,10,kavya.iyer50@company.com,Inactive,2018-08-12
7451,Vihaan Ghosh,46,UK,Finance,171745,21,vihaan.ghosh51@yahoo.com,Inactive,2025-09-19
7452,Meera Agarwal,31,India,HR,163860,2,meera.agarwal52@outlook.com,Active,2022-03-02
7453,Arjun Gupta,48,UK,Marketing,110956,22,arjun.gupta53@outlook.com,Active,2022-07-13
7454,Ananya Malik,22,UK,Data,117863,18,ananya.malik54@outlook.com,Active,2023-05-07
7455,Vivaan Kapoor,28,India,Marketing,64564,12,vivaan.kapoor55@company.com,Active,2020-11-14
7456,Ishaan Mehta,49,UK,Finance,104692,2,ishaan.mehta56@gmail.com,Active,2019-11-08
7457,Kavya Bansal,31,UK,Marketing,47251,21,kavya.bansal57@company.com,Inactive,2024-01-21
7458,Sneha Khan,57,USA,Marketing,114056,24,sneha.khan58@gmail.com,Active,2024-05-27
7459,Neha Iyer,38,USA,HR,167977,19,neha.iyer59@yahoo.com,Active,2023-09-24
7460,Krishna Das,34,India,IT,40661,27,krishna.das60@gmail.com,Active,2019-01-03
7461,Vihaan Gupta,30,India,Sales,38838,2,vihaan.gupta61@yahoo.com,Inactive,2021-05-19
7462,Meera Mukherjee,55,UK,Finance,77073,21,meera.mukherjee62@outlook.com,Inactive,2020-01-07
7463,Diya Singh,29,Canada,IT,176450,17,diya.singh63@yahoo.com,Active,2018-05-26
7464,Neha Bansal,55,India,Data,174130,19,neha.bansal64@outlook.com,Inactive,2020-07-11
7465,Priya Verma,31,UK,Finance,110113,4,priya.verma65@yahoo.com,Inactive,2024-07-25
7466,Vihaan Malik,32,Canada,IT,124806,8,vihaan.malik66@yahoo.com,Inactive,2020-03-09
7467,Ishaan Malik,23,USA,Marketing,68884,28,ishaan.malik67@gmail.com,Active,2025-11-22
7468,Riya Reddy,59,India,Finance,158013,16,riya.reddy68@yahoo.com,Active,2020-10-30
7469,Priya Malik,34,UK,IT,160989,11,priya.malik69@company.com,Active,2025-01-11
7470,Diya Gupta,48,USA,Sales,97457,25,diya.gupta70@yahoo.com,Active,2020-11-23
7471,Aarav Mehta,31,Germany,Marketing,46797,32,aarav.mehta71@company.com,Active,2024-03-31
7472,Neha Singh,59,USA,Finance,92056,32,neha.singh72@outlook.com,Inactive,2023-04-22
7473,Sneha Nair,45,UK,Data,61457,28,sneha.nair73@yahoo.com,Inactive,2019-06-08
7474,Krishna Roy,41,Canada,Data,43871,21,krishna.roy74@outlook.com,Inactive,2025-08-29
7475,Priya Malik,30,Germany,Finance,118050,17,priya.malik75@yahoo.com,Active,2022-09-24
7476,Vihaan Nair,35,Germany,IT,73398,16,vihaan.nair76@outlook.com,Inactive,2023-03-03
7477,Pooja Mukherjee,39,Germany,Finance,110058,23,pooja.mukherjee77@outlook.com,Active,2019-01-21
7478,Sneha Kapoor,42,India,Marketing,40030,21,sneha.kapoor78@outlook.com,Active,2024-05-09
7479,Meera Das,41,UK,HR,36381,4,meera.das79@yahoo.com,Inactive,2020-04-23
7480,Aditi Verma,52,Germany,Data,171164,0,aditi.verma80@outlook.com,Inactive,2024-07-02
7481,Meera Mehta,43,USA,IT,87946,18,meera.mehta81@company.com,Active,2024-07-10
7482,Sneha Mehta,33,Canada,Sales,122620,29,sneha.mehta82@company.com,Inactive,2019-05-29
7483,Sneha Mehta,25,UK,Finance,115093,14,sneha.mehta83@outlook.com,Inactive,2018-01-27
7484,Vihaan Singh,24,USA,Marketing,160370,34,vihaan.singh84@gmail.com,Inactive,2023-04-30
7485,Diya Roy,48,India,Finance,174639,4,diya.roy85@company.com,Active,2019-10-27
7486,Meera Bansal,34,Germany,Sales,150645,5,meera.bansal86@company.com,Active,2023-12-28
7487,Aditi Verma,28,USA,Marketing,60386,24,aditi.verma87@yahoo.com,Inactive,2022-09-25
7488,Diya Agarwal,29,UK,Sales,58013,10,diya.agarwal88@gmail.com,Inactive,2023-11-13
7489,Kavya Roy,55,USA,Marketing,41885,21,kavya.roy89@gmail.com,Active,2024-01-25
7490,Riya Verma,57,India,HR,141905,33,riya.verma90@yahoo.com,Active,2022-03-21
7491,Aditi Bansal,41,Canada,Data,53780,13,aditi.bansal91@yahoo.com,Active,2022-10-22
7492,Aarav Ansari,38,Germany,Marketing,124771,8,aarav.ansari92@company.com,Active,2018-01-28
7493,Sneha Khan,53,UK,Sales,113377,19,sneha.khan93@company.com,Inactive,2025-03-16
7494,Aarav Reddy,28,Germany,IT,83284,15,aarav.reddy94@company.com,Active,2018-11-04
7495,Vihaan Iyer,37,Germany,Data,95238,16,vihaan.iyer95@outlook.com,Active,2018-05-14
7496,Priya Sharma,51,Germany,HR,82184,16,priya.sharma96@gmail.com,Inactive,2025-10-04
7497,Kavya Malik,54,USA,Finance,75021,33,kavya.malik97@outlook.com,Inactive,2023-06-17
7498,Diya Chopra,26,USA,HR,163446,10,diya.chopra98@gmail.com,Inactive,2019-12-05
7499,Diya Singh,42,Canada,HR,78184,34,diya.singh99@outlook.com,Active,2024-12-17
7500,Ishaan Agarwal,34,India,Finance,53942,33,ishaan.agarwal0@yahoo.com,Active,2018-12-21
7501,Vivaan Reddy,23,UK,Marketing,86672,7,vivaan.reddy1@outlook.com,Inactive,2019-07-01
7502,Kavya Malik,32,USA,HR,147437,18,kavya.malik2@outlook.com,Active,2025-05-09
7503,Reyansh Ansari,56,Germany,Data,121557,32,reyansh.ansari3@company.com,Active,2020-11-06
7504,Pooja Ghosh,32,India,HR,78201,22,pooja.ghosh4@outlook.com,Active,2018-04-20
7505,Ananya Kapoor,22,UK,IT,98296,1,ananya.kapoor5@company.com,Inactive,2022-02-07
7506,Diya Khan,22,UK,Data,123549,7,diya.khan6@company.com,Inactive,2023-08-20
7507,Neha Gupta,35,UK,IT,118257,28,neha.gupta7@company.com,Active,2019-07-17
7508,Ananya Chopra,43,UK,Data,112817,6,ananya.chopra8@outlook.com,Active,2025-12-06
7509,Meera Ghosh,49,Canada,Sales,49008,28,meera.ghosh9@yahoo.com,Active,2022-05-07
7510,Krishna Reddy,37,UK,Finance,95196,30,krishna.reddy10@yahoo.com,Active,2025-08-28
7511,Shaurya Mehta,52,India,Data,37294,29,shaurya.mehta11@gmail.com,Active,2025-04-10
7512,Aditya Kapoor,27,USA,Data,54061,34,aditya.kapoor12@yahoo.com,Inactive,2019-04-11
7513,Ananya Mukherjee,50,India,Marketing,90733,24,ananya.mukherjee13@gmail.com,Inactive,2021-11-04
7514,Neha Khan,48,Germany,Marketing,133376,3,neha.khan14@outlook.com,Active,2018-06-26
7515,Aditi Ansari,34,Canada,Sales,115625,16,aditi.ansari15@yahoo.com,Inactive,2021-10-19
7516,Ishaan Nair,50,Canada,Marketing,157007,9,ishaan.nair16@outlook.com,Active,2022-11-01
7517,Diya Reddy,37,Germany,Marketing,160758,0,diya.reddy17@yahoo.com,Active,2021-07-10
7518,Kavya Chopra,52,India,IT,159686,17,kavya.chopra18@yahoo.com,Active,2020-09-12
7519,Reyansh Khan,26,India,Marketing,45237,18,reyansh.khan19@company.com,Inactive,2020-08-18
7520,Ananya Sharma,44,Germany,Marketing,46694,31,ananya.sharma20@gmail.com,Inactive,2020-06-13
7521,Vihaan Ansari,26,UK,Sales,121472,30,vihaan.ansari21@outlook.com,Inactive,2022-01-22
7522,Sneha Iyer,47,UK,Sales,176540,32,sneha.iyer22@gmail.com,Inactive,2024-05-02
7523,Riya Ghosh,38,USA,HR,109062,21,riya.ghosh23@company.com,Inactive,2021-08-03
7524,Shaurya Ghosh,44,India,Marketing,154443,0,shaurya.ghosh24@outlook.com,Inactive,2018-01-25
7525,Pooja Khan,57,India,Marketing,113000,34,pooja.khan25@gmail.com,Active,2021-04-23
7526,Aditi Mukherjee,44,Germany,Data,111599,16,aditi.mukherjee26@company.com,Active,2019-03-03
7527,Aditya Ansari,58,Germany,Marketing,48064,33,aditya.ansari27@outlook.com,Active,2022-03-08
7528,Aditya Gupta,54,UK,IT,179661,28,aditya.gupta28@gmail.com,Active,2021-02-28
7529,Meera Kapoor,35,India,Data,167004,5,meera.kapoor29@company.com,Inactive,2025-11-10
7530,Ishaan Patel,31,India,Marketing,90835,0,ishaan.patel30@outlook.com,Inactive,2021-08-20
7531,Ananya Ghosh,42,Canada,IT,87381,26,ananya.ghosh31@outlook.com,Active,2023-01-31
7532,Diya Kapoor,44,USA,HR,52574,11,diya.kapoor32@company.com,Inactive,2024-11-07
7533,Arjun Kapoor,21,USA,Data,67779,3,arjun.kapoor33@company.com,Inactive,2025-08-26
7534,Vihaan Iyer,38,UK,Finance,145498,15,vihaan.iyer34@company.com,Inactive,2023-03-22
7535,Meera Roy,32,India,Marketing,146422,10,meera.roy35@company.com,Inactive,2025-03-04
7536,Aditya Reddy,48,Canada,Data,61025,19,aditya.reddy36@gmail.com,Inactive,2025-01-17
7537,Krishna Agarwal,27,India,Sales,174132,25,krishna.agarwal37@gmail.com,Inactive,2018-03-28
7538,Vivaan Singh,43,Germany,Data,108197,27,vivaan.singh38@yahoo.com,Active,2023-02-16
7539,Pooja Patel,41,UK,Sales,135800,7,pooja.patel39@outlook.com,Inactive,2019-01-28
7540,Ishaan Sharma,54,USA,Marketing,99617,1,ishaan.sharma40@yahoo.com,Inactive,2025-06-25
7541,Neha Singh,31,India,IT,166498,25,neha.singh41@outlook.com,Active,2025-01-05
7542,Krishna Singh,42,UK,Sales,60491,26,krishna.singh42@company.com,Active,2020-01-26
7543,Krishna Agarwal,55,USA,Data,54553,32,krishna.agarwal43@company.com,Active,2024-01-17
7544,Muhammad Patel,49,India,Data,178990,6,muhammad.patel44@outlook.com,Active,2018-08-06
7545,Aarav Iyer,48,Canada,Sales,47513,20,aarav.iyer45@gmail.com,Active,2021-12-15
7546,Krishna Sharma,38,UK,HR,168322,33,krishna.sharma46@gmail.com,Active,2020-02-22
7547,Meera Nair,34,India,HR,91263,22,meera.nair47@gmail.com,Active,2019-06-30
7548,Kavya Bansal,38,USA,HR,97114,33,kavya.bansal48@company.com,Active,2022-08-12
7549,Pooja Ghosh,48,USA,Sales,37681,6,pooja.ghosh49@gmail.com,Active,2023-06-30
7550,Sneha Ansari,44,Canada,Sales,118321,25,sneha.ansari50@outlook.com,Inactive,2022-03-25
7551,Priya Khan,28,UK,Data,169479,16,priya.khan51@gmail.com,Inactive,2023-09-19
7552,Riya Roy,28,UK,Marketing,74529,30,riya.roy52@gmail.com,Active,2023-09-05
7553,Aditi Roy,24,India,Marketing,83901,24,aditi.roy53@outlook.com,Active,2019-05-06
7554,Aditi Malik,47,USA,IT,52427,14,aditi.malik54@yahoo.com,Active,2020-11-14
7555,Diya Malik,56,USA,Sales,164463,1,diya.malik55@outlook.com,Inactive,2018-07-18
7556,Priya Chopra,25,Canada,Marketing,56747,10,priya.chopra56@outlook.com,Active,2019-01-06
7557,Diya Singh,53,Canada,Marketing,48555,31,diya.singh57@yahoo.com,Inactive,2018-04-01
7558,Ananya Ghosh,54,UK,HR,128130,29,ananya.ghosh58@yahoo.com,Inactive,2019-02-03
7559,Diya Gupta,50,USA,HR,58263,16,diya.gupta59@company.com,Inactive,2019-04-05
7560,Arjun Reddy,28,India,HR,171199,23,arjun.reddy60@outlook.com,Inactive,2025-02-17
7561,Krishna Ghosh,59,Germany,Finance,139893,3,krishna.ghosh61@gmail.com,Active,2024-03-22
7562,Sneha Patel,46,India,Marketing,96453,31,sneha.patel62@yahoo.com,Active,2025-10-07
7563,Vihaan Das,57,Canada,HR,143930,18,vihaan.das63@company.com,Active,2023-11-07
7564,Neha Ghosh,54,India,HR,93389,2,neha.ghosh64@company.com,Active,2021-09-27
7565,Ananya Mehta,27,USA,Sales,178584,3,ananya.mehta65@company.com,Active,2019-07-27
7566,Meera Singh,48,UK,Data,98722,24,meera.singh66@gmail.com,Inactive,2021-07-17
7567,Diya Ghosh,59,Germany,HR,170109,8,diya.ghosh67@company.com,Inactive,2025-07-22
7568,Krishna Agarwal,59,UK,Sales,128159,20,krishna.agarwal68@gmail.com,Active,2024-07-19
7569,Ishaan Roy,48,Germany,IT,172926,22,ishaan.roy69@company.com,Inactive,2023-02-02
7570,Vivaan Agarwal,34,Germany,HR,69311,28,vivaan.agarwal70@gmail.com,Inactive,2021-04-13
7571,Meera Agarwal,58,USA,Data,52175,29,meera.agarwal71@company.com,Active,2019-04-15
7572,Neha Roy,24,USA,Sales,90195,24,neha.roy72@yahoo.com,Inactive,2020-06-30
7573,Priya Gupta,38,Canada,Data,63090,28,priya.gupta73@company.com,Inactive,2020-04-18
7574,Reyansh Sharma,45,Canada,HR,80636,33,reyansh.sharma74@yahoo.com,Active,2025-10-04
7575,Pooja Agarwal,27,Germany,IT,133248,13,pooja.agarwal75@company.com,Inactive,2023-05-19
7576,Pooja Verma,58,Canada,HR,140752,21,pooja.verma76@company.com,Active,2020-10-15
7577,Diya Nair,48,USA,Sales,108334,15,diya.nair77@company.com,Inactive,2025-01-29
7578,Arjun Gupta,25,Canada,IT,145956,10,arjun.gupta78@company.com,Inactive,2024-03-27
7579,Diya Gupta,23,Germany,IT,88111,13,diya.gupta79@yahoo.com,Active,2022-09-26
7580,Ishaan Roy,51,UK,IT,121284,6,ishaan.roy80@gmail.com,Inactive,2023-12-18
7581,Ishaan Sharma,40,India,Finance,36716,4,ishaan.sharma81@company.com,Inactive,2021-03-19
7582,Meera Nair,39,Canada,Sales,71404,28,meera.nair82@outlook.com,Active,2025-04-28
7583,Priya Patel,31,USA,Finance,108406,16,priya.patel83@outlook.com,Inactive,2018-06-15
7584,Aditi Ansari,23,UK,Data,114218,29,aditi.ansari84@yahoo.com,Inactive,2025-06-22
7585,Kavya Iyer,43,USA,IT,106262,24,kavya.iyer85@yahoo.com,Active,2022-08-19
7586,Pooja Iyer,27,Canada,Finance,42557,13,pooja.iyer86@gmail.com,Active,2025-03-07
7587,Ananya Singh,43,Germany,HR,132304,21,ananya.singh87@gmail.com,Inactive,2021-07-20
7588,Sneha Das,27,India,Finance,163301,4,sneha.das88@yahoo.com,Inactive,2018-08-31
7589,Priya Patel,54,India,Marketing,70486,27,priya.patel89@outlook.com,Active,2024-08-12
7590,Pooja Roy,39,UK,Data,86557,11,pooja.roy90@outlook.com,Inactive,2025-07-09
7591,Ananya Sharma,29,India,IT,75655,12,ananya.sharma91@yahoo.com,Active,2019-09-19
7592,Meera Verma,38,Germany,IT,161045,20,meera.verma92@outlook.com,Inactive,2024-04-24
7593,Diya Roy,45,USA,Data,124638,31,diya.roy93@company.com,Active,2024-03-04
7594,Vihaan Gupta,34,Germany,Data,98823,20,vihaan.gupta94@yahoo.com,Active,2021-02-05
7595,Meera Gupta,45,UK,Sales,148827,8,meera.gupta95@outlook.com,Active,2024-04-22
7596,Riya Bansal,39,UK,HR,141836,1,riya.bansal96@company.com,Active,2022-07-03
7597,Reyansh Ansari,59,India,Data,119801,2,reyansh.ansari97@outlook.com,Inactive,2024-04-13
7598,Krishna Mukherjee,35,Germany,Data,58094,9,krishna.mukherjee98@outlook.com,Inactive,2018-06-27
7599,Reyansh Khan,36,USA,Sales,164095,34,reyansh.khan99@outlook.com,Active,2021-03-12
7600,Aarav Nair,47,Germany,Data,179425,8,aarav.nair0@gmail.com,Active,2021-01-05
7601,Vihaan Reddy,30,USA,Finance,96850,31,vihaan.reddy1@gmail.com,Active,2023-09-17
7602,Aditya Mehta,24,USA,Marketing,149708,20,aditya.mehta2@yahoo.com,Inactive,2019-01-27
7603,Aditi Roy,39,Germany,Marketing,46264,33,aditi.roy3@outlook.com,Active,2019-08-15
7604,Aditi Bansal,48,Canada,Marketing,77059,24,aditi.bansal4@gmail.com,Inactive,2025-05-31
7605,Aditi Nair,41,Germany,Data,37650,31,aditi.nair5@company.com,Inactive,2022-01-07
7606,Arjun Reddy,34,USA,Marketing,78024,21,arjun.reddy6@gmail.com,Active,2025-10-12
7607,Reyansh Mehta,53,UK,HR,177664,24,reyansh.mehta7@yahoo.com,Inactive,2020-07-19
7608,Shaurya Chopra,30,UK,Finance,91238,0,shaurya.chopra8@yahoo.com,Inactive,2018-05-01
7609,Reyansh Bansal,39,India,Marketing,106220,20,reyansh.bansal9@company.com,Active,2018-12-03
7610,Ishaan Nair,50,UK,IT,179529,15,ishaan.nair10@outlook.com,Inactive,2022-12-15
7611,Aditya Khan,42,Canada,Data,151104,31,aditya.khan11@company.com,Active,2025-06-24
7612,Ishaan Kapoor,23,USA,Finance,42074,20,ishaan.kapoor12@gmail.com,Inactive,2023-12-23
7613,Muhammad Singh,57,Germany,HR,92344,27,muhammad.singh13@gmail.com,Active,2021-06-13
7614,Diya Gupta,38,Germany,Marketing,151776,18,diya.gupta14@yahoo.com,Inactive,2020-11-24
7615,Ananya Agarwal,31,Canada,HR,67979,13,ananya.agarwal15@company.com,Inactive,2024-08-13
7616,Vihaan Das,22,UK,Data,104258,22,vihaan.das16@gmail.com,Inactive,2023-01-10
7617,Ishaan Sharma,32,USA,Marketing,177781,23,ishaan.sharma17@gmail.com,Active,2018-02-23
7618,Meera Verma,26,UK,IT,77925,19,meera.verma18@yahoo.com,Inactive,2021-02-26
7619,Pooja Verma,49,India,Finance,100066,31,pooja.verma19@gmail.com,Inactive,2018-10-08
7620,Diya Mehta,50,UK,IT,71540,9,diya.mehta20@gmail.com,Inactive,2021-09-21
7621,Reyansh Sharma,22,India,Marketing,53165,0,reyansh.sharma21@gmail.com,Active,2018-09-06
7622,Riya Sharma,29,Germany,Sales,97055,30,riya.sharma22@gmail.com,Active,2022-12-12
7623,Aarav Reddy,22,USA,Finance,177454,14,aarav.reddy23@company.com,Active,2019-08-10
7624,Aditi Iyer,49,India,HR,129154,30,aditi.iyer24@outlook.com,Inactive,2018-12-23
7625,Aarav Roy,53,UK,Marketing,121123,27,aarav.roy25@company.com,Inactive,2019-05-02
7626,Sneha Chopra,30,UK,IT,101889,9,sneha.chopra26@gmail.com,Active,2022-09-05
7627,Aditya Khan,54,Germany,Data,108907,5,aditya.khan27@gmail.com,Active,2021-10-31
7628,Muhammad Mukherjee,28,Canada,Sales,109608,14,muhammad.mukherjee28@gmail.com,Inactive,2020-12-04
7629,Neha Khan,57,Canada,Data,153690,26,neha.khan29@outlook.com,Inactive,2021-12-29
7630,Pooja Ansari,53,UK,Marketing,54184,9,pooja.ansari30@company.com,Inactive,2019-06-16
7631,Diya Mehta,26,Canada,HR,41902,20,diya.mehta31@yahoo.com,Active,2025-09-05
7632,Arjun Mukherjee,39,USA,IT,55647,18,arjun.mukherjee32@outlook.com,Inactive,2018-07-26
7633,Diya Roy,52,Canada,Finance,64140,3,diya.roy33@yahoo.com,Active,2025-06-19
7634,Reyansh Agarwal,47,USA,Sales,135541,21,reyansh.agarwal34@company.com,Active,2023-03-06
7635,Reyansh Das,21,UK,Marketing,86730,14,reyansh.das35@yahoo.com,Active,2018-10-12
7636,Arjun Agarwal,53,UK,Marketing,163996,5,arjun.agarwal36@company.com,Active,2022-12-17
7637,Aarav Mukherjee,52,UK,Marketing,69546,10,aarav.mukherjee37@outlook.com,Inactive,2020-07-26
7638,Vivaan Ghosh,25,Germany,Marketing,93557,29,vivaan.ghosh38@outlook.com,Active,2023-02-14
7639,Vihaan Iyer,37,Canada,IT,88206,23,vihaan.iyer39@yahoo.com,Inactive,2023-11-14
7640,Shaurya Mehta,28,India,Finance,178577,21,shaurya.mehta40@yahoo.com,Active,2023-07-25
7641,Diya Khan,54,India,HR,91618,29,diya.khan41@outlook.com,Active,2025-11-11
7642,Sneha Das,29,UK,Sales,72031,3,sneha.das42@yahoo.com,Active,2020-06-01
7643,Reyansh Mehta,43,Canada,Marketing,174115,5,reyansh.mehta43@company.com,Active,2022-12-09
7644,Neha Ansari,55,USA,Data,127950,25,neha.ansari44@gmail.com,Inactive,2023-07-02
7645,Meera Patel,27,India,Marketing,94846,18,meera.patel45@outlook.com,Inactive,2022-06-22
7646,Meera Reddy,35,UK,Finance,165182,1,meera.reddy46@gmail.com,Inactive,2025-01-01
7647,Kavya Ghosh,40,India,Finance,86392,3,kavya.ghosh47@yahoo.com,Inactive,2020-04-05
7648,Aditi Agarwal,45,India,IT,89673,4,aditi.agarwal48@company.com,Active,2023-03-16
7649,Vihaan Ghosh,23,India,IT,172816,34,vihaan.ghosh49@company.com,Inactive,2018-03-02
7650,Aditya Reddy,44,UK,Data,85390,28,aditya.reddy50@gmail.com,Inactive,2021-02-26
7651,Krishna Chopra,54,UK,Data,74260,15,krishna.chopra51@yahoo.com,Active,2023-11-07
7652,Arjun Singh,42,Germany,IT,88760,11,arjun.singh52@company.com,Active,2023-07-11
7653,Neha Ansari,31,Germany,Sales,140806,20,neha.ansari53@outlook.com,Active,2018-03-11
7654,Aditi Verma,28,Germany,Data,38470,8,aditi.verma54@company.com,Inactive,2019-11-16
7655,Diya Verma,59,India,IT,128347,10,diya.verma55@company.com,Inactive,2024-09-06
7656,Neha Roy,55,Canada,Marketing,39201,7,neha.roy56@yahoo.com,Active,2025-04-25
7657,Vihaan Das,58,UK,IT,115863,25,vihaan.das57@outlook.com,Inactive,2021-03-21
7658,Aditya Reddy,28,Germany,Sales,62340,31,aditya.reddy58@outlook.com,Active,2022-05-15
7659,Riya Roy,57,Canada,IT,128716,3,riya.roy59@gmail.com,Active,2021-06-08
7660,Sneha Ghosh,47,Germany,IT,179560,33,sneha.ghosh60@outlook.com,Inactive,2024-11-18
7661,Riya Kapoor,48,Germany,Marketing,130910,27,riya.kapoor61@gmail.com,Active,2020-10-18
7662,Pooja Ansari,54,Canada,Data,171485,24,pooja.ansari62@company.com,Inactive,2019-03-08
7663,Shaurya Reddy,52,Germany,Marketing,75200,34,shaurya.reddy63@outlook.com,Active,2020-07-23
7664,Arjun Agarwal,35,India,Marketing,57355,18,arjun.agarwal64@company.com,Active,2018-10-01
7665,Muhammad Iyer,37,India,IT,48831,34,muhammad.iyer65@company.com,Active,2021-10-03
7666,Priya Kapoor,53,India,Marketing,124357,28,priya.kapoor66@yahoo.com,Active,2021-08-24
7667,Priya Kapoor,36,USA,Finance,153589,13,priya.kapoor67@outlook.com,Inactive,2021-10-12
7668,Aditya Nair,49,Germany,HR,163211,20,aditya.nair68@outlook.com,Active,2018-08-21
7669,Aarav Nair,29,USA,HR,71396,13,aarav.nair69@yahoo.com,Active,2021-04-02
7670,Vihaan Reddy,53,UK,Marketing,85920,14,vihaan.reddy70@company.com,Inactive,2021-08-20
7671,Pooja Nair,49,Canada,Data,82786,29,pooja.nair71@yahoo.com,Active,2020-06-03
7672,Meera Kapoor,33,UK,Sales,165046,11,meera.kapoor72@yahoo.com,Inactive,2025-12-13
7673,Shaurya Nair,41,USA,Marketing,81006,4,shaurya.nair73@outlook.com,Inactive,2020-03-13
7674,Shaurya Verma,41,India,Data,102627,26,shaurya.verma74@company.com,Inactive,2019-12-11
7675,Riya Verma,25,Germany,Marketing,45842,14,riya.verma75@outlook.com,Active,2020-04-28
7676,Muhammad Gupta,30,Germany,IT,110459,25,muhammad.gupta76@yahoo.com,Inactive,2022-06-18
7677,Shaurya Roy,26,India,Data,148272,8,shaurya.roy77@gmail.com,Active,2022-07-09
7678,Sneha Ghosh,33,Germany,Sales,93074,34,sneha.ghosh78@gmail.com,Inactive,2020-12-31
7679,Reyansh Reddy,21,Canada,Marketing,40557,12,reyansh.reddy79@gmail.com,Inactive,2023-02-15
7680,Vivaan Ghosh,40,Canada,Finance,39432,32,vivaan.ghosh80@outlook.com,Inactive,2023-01-04
7681,Aarav Verma,28,Canada,Data,178078,33,aarav.verma81@gmail.com,Active,2024-01-11
7682,Shaurya Kapoor,30,UK,HR,141291,3,shaurya.kapoor82@company.com,Inactive,2024-04-20
7683,Muhammad Chopra,29,India,Data,72788,12,muhammad.chopra83@gmail.com,Inactive,2019-11-23
7684,Pooja Verma,23,Canada,Finance,99167,9,pooja.verma84@gmail.com,Active,2022-01-07
7685,Priya Das,31,USA,Finance,87166,0,priya.das85@yahoo.com,Inactive,2018-01-08
7686,Riya Khan,32,Canada,Finance,61887,10,riya.khan86@company.com,Inactive,2023-09-14
7687,Riya Chopra,30,UK,Sales,151704,8,riya.chopra87@gmail.com,Inactive,2020-03-12
7688,Vivaan Ansari,45,USA,Sales,101513,22,vivaan.ansari88@yahoo.com,Active,2021-03-07
7689,Vihaan Agarwal,45,India,Data,74802,12,vihaan.agarwal89@gmail.com,Inactive,2022-08-31
7690,Reyansh Singh,31,India,Sales,69026,4,reyansh.singh90@gmail.com,Active,2021-02-05
7691,Ananya Gupta,56,Canada,HR,110706,24,ananya.gupta91@yahoo.com,Active,2018-05-20
7692,Muhammad Nair,59,USA,IT,107933,9,muhammad.nair92@yahoo.com,Active,2024-01-12
7693,Muhammad Roy,46,USA,Data,153817,4,muhammad.roy93@outlook.com,Inactive,2019-10-21
7694,Meera Sharma,34,Canada,Marketing,36732,21,meera.sharma94@outlook.com,Inactive,2018-11-09
7695,Vivaan Kapoor,59,Canada,Marketing,149164,24,vivaan.kapoor95@company.com,Active,2021-05-26
7696,Muhammad Mehta,21,Germany,Data,169014,19,muhammad.mehta96@gmail.com,Active,2019-07-20
7697,Shaurya Sharma,24,Germany,IT,94853,27,shaurya.sharma97@company.com,Active,2022-03-31
7698,Krishna Reddy,50,Canada,Marketing,132084,20,krishna.reddy98@outlook.com,Inactive,2021-05-31
7699,Reyansh Kapoor,32,UK,Data,44429,10,reyansh.kapoor99@gmail.com,Inactive,2023-05-11
7700,Krishna Chopra,55,Germany,Data,92676,28,krishna.chopra0@outlook.com,Inactive,2025-07-11
7701,Aditi Verma,33,Canada,Finance,98727,4,aditi.verma1@outlook.com,Active,2019-02-06
7702,Arjun Patel,51,USA,HR,130485,4,arjun.patel2@yahoo.com,Active,2025-08-12
7703,Meera Singh,58,Germany,Marketing,63899,32,meera.singh3@company.com,Active,2024-08-28
7704,Meera Malik,43,UK,HR,50068,7,meera.malik4@outlook.com,Inactive,2020-05-01
7705,Priya Roy,24,India,Data,100701,5,priya.roy5@company.com,Inactive,2025-06-01
7706,Shaurya Ansari,36,USA,IT,113408,14,shaurya.ansari6@outlook.com,Inactive,2020-02-22
7707,Ishaan Bansal,27,UK,Data,130742,14,ishaan.bansal7@gmail.com,Active,2018-12-09
7708,Aarav Bansal,42,UK,Marketing,64269,8,aarav.bansal8@gmail.com,Inactive,2022-11-22
7709,Priya Kapoor,49,UK,HR,129800,4,priya.kapoor9@gmail.com,Inactive,2025-12-13
7710,Ishaan Ansari,31,USA,Finance,178291,25,ishaan.ansari10@gmail.com,Active,2019-07-30
7711,Neha Malik,53,UK,Finance,119694,22,neha.malik11@gmail.com,Inactive,2020-02-21
7712,Meera Sharma,49,India,Data,94043,15,meera.sharma12@gmail.com,Inactive,2024-12-25
7713,Aditi Verma,59,Germany,IT,100263,34,aditi.verma13@outlook.com,Inactive,2025-02-26
7714,Kavya Patel,32,USA,Sales,138324,9,kavya.patel14@gmail.com,Inactive,2021-08-31
7715,Krishna Gupta,27,UK,Marketing,154432,26,krishna.gupta15@company.com,Active,2025-05-11
7716,Vihaan Mehta,59,Canada,Data,159567,15,vihaan.mehta16@gmail.com,Active,2021-04-25
7717,Reyansh Nair,46,Germany,Finance,51830,20,reyansh.nair17@gmail.com,Active,2025-11-10
7718,Aditya Khan,29,USA,Finance,135730,11,aditya.khan18@yahoo.com,Active,2021-12-21
7719,Pooja Reddy,54,Canada,IT,54641,8,pooja.reddy19@gmail.com,Inactive,2019-11-23
7720,Reyansh Malik,33,Canada,Finance,130911,15,reyansh.malik20@outlook.com,Active,2019-10-21
7721,Aditi Iyer,56,UK,Marketing,179627,8,aditi.iyer21@outlook.com,Active,2018-07-03
7722,Pooja Iyer,45,USA,IT,141998,28,pooja.iyer22@yahoo.com,Active,2024-11-26
7723,Shaurya Roy,44,UK,HR,140044,22,shaurya.roy23@yahoo.com,Active,2022-08-27
7724,Ishaan Mehta,37,India,IT,123634,23,ishaan.mehta24@gmail.com,Inactive,2021-04-18
7725,Vihaan Kapoor,22,Canada,Marketing,50309,21,vihaan.kapoor25@yahoo.com,Active,2021-08-16
7726,Muhammad Gupta,33,India,Marketing,84813,30,muhammad.gupta26@outlook.com,Inactive,2023-01-12
7727,Pooja Nair,51,UK,HR,109208,9,pooja.nair27@gmail.com,Inactive,2023-11-15
7728,Muhammad Patel,49,Germany,Data,140183,26,muhammad.patel28@outlook.com,Inactive,2022-08-31
7729,Riya Verma,48,Canada,IT,71029,33,riya.verma29@gmail.com,Active,2018-12-02
7730,Neha Nair,47,Germany,Marketing,166477,23,neha.nair30@yahoo.com,Inactive,2022-01-04
7731,Vihaan Mehta,35,USA,Marketing,89012,20,vihaan.mehta31@outlook.com,Active,2019-02-07
7732,Krishna Verma,51,Canada,HR,169632,14,krishna.verma32@company.com,Active,2018-08-24
7733,Aditi Khan,35,India,Sales,46575,16,aditi.khan33@company.com,Inactive,2019-08-29
7734,Aditya Gupta,53,Germany,IT,131148,18,aditya.gupta34@company.com,Inactive,2018-08-11
7735,Krishna Bansal,40,USA,Marketing,48153,24,krishna.bansal35@gmail.com,Inactive,2020-07-04
7736,Meera Chopra,32,Canada,Finance,141160,21,meera.chopra36@outlook.com,Inactive,2019-09-15
7737,Kavya Patel,57,USA,HR,77077,13,kavya.patel37@company.com,Inactive,2023-01-08
7738,Kavya Mukherjee,29,India,Sales,62013,27,kavya.mukherjee38@company.com,Inactive,2023-10-11
7739,Vivaan Das,43,Canada,Sales,172762,11,vivaan.das39@outlook.com,Active,2021-06-06
7740,Muhammad Ansari,28,USA,HR,153128,26,muhammad.ansari40@gmail.com,Active,2018-08-27
7741,Ananya Verma,52,UK,Sales,101277,23,ananya.verma41@gmail.com,Inactive,2022-10-16
7742,Sneha Sharma,34,Canada,Marketing,111967,21,sneha.sharma42@outlook.com,Active,2022-06-01
7743,Arjun Reddy,47,Canada,Sales,173253,22,arjun.reddy43@outlook.com,Active,2025-02-18
7744,Ishaan Khan,45,Canada,IT,42731,7,ishaan.khan44@company.com,Active,2025-09-04
7745,Diya Agarwal,33,Canada,Finance,136225,27,diya.agarwal45@gmail.com,Active,2022-04-23
7746,Muhammad Verma,41,UK,Marketing,140678,28,muhammad.verma46@yahoo.com,Active,2019-08-30
7747,Aditi Kapoor,51,India,HR,138938,14,aditi.kapoor47@yahoo.com,Inactive,2024-08-29
7748,Arjun Iyer,57,UK,Finance,35910,7,arjun.iyer48@company.com,Inactive,2020-07-31
7749,Riya Gupta,25,UK,Data,82341,27,riya.gupta49@yahoo.com,Active,2024-08-07
7750,Krishna Khan,33,USA,Marketing,122718,32,krishna.khan50@company.com,Active,2021-03-10
7751,Muhammad Reddy,48,Germany,Finance,91850,10,muhammad.reddy51@gmail.com,Inactive,2019-07-26
7752,Kavya Sharma,45,Germany,Sales,99229,24,kavya.sharma52@yahoo.com,Inactive,2020-09-03
7753,Kavya Gupta,55,USA,Data,98891,33,kavya.gupta53@outlook.com,Active,2020-08-17
7754,Krishna Mukherjee,59,UK,HR,145805,21,krishna.mukherjee54@gmail.com,Inactive,2022-01-15
7755,Riya Iyer,27,USA,HR,170110,1,riya.iyer55@gmail.com,Inactive,2024-05-23
7756,Pooja Khan,58,Canada,IT,132101,15,pooja.khan56@gmail.com,Active,2023-04-18
7757,Arjun Ghosh,52,USA,Sales,53862,10,arjun.ghosh57@yahoo.com,Active,2020-06-05
7758,Ananya Verma,23,USA,IT,117224,13,ananya.verma58@outlook.com,Inactive,2019-11-25
7759,Vihaan Gupta,59,Canada,IT,116818,31,vihaan.gupta59@outlook.com,Active,2018-06-30
7760,Priya Das,57,Germany,Sales,164307,21,priya.das60@gmail.com,Active,2021-04-03
7761,Pooja Sharma,42,Canada,Marketing,168591,4,pooja.sharma61@company.com,Active,2022-02-21
7762,Meera Khan,28,India,Data,41112,22,meera.khan62@company.com,Active,2024-09-08
7763,Ananya Chopra,37,USA,IT,167064,18,ananya.chopra63@outlook.com,Inactive,2018-10-25
7764,Vivaan Patel,47,USA,Finance,40647,28,vivaan.patel64@company.com,Active,2025-07-05
7765,Vihaan Singh,53,Germany,Data,129550,22,vihaan.singh65@yahoo.com,Inactive,2021-04-04
7766,Aarav Kapoor,37,UK,Marketing,173669,8,aarav.kapoor66@outlook.com,Active,2020-06-27
7767,Aarav Roy,32,Canada,Sales,158594,17,aarav.roy67@gmail.com,Active,2021-09-27
7768,Vivaan Kapoor,47,UK,HR,151397,30,vivaan.kapoor68@gmail.com,Active,2022-12-07
7769,Sneha Mehta,28,India,Marketing,92170,16,sneha.mehta69@yahoo.com,Active,2023-12-28
7770,Krishna Verma,43,Canada,IT,153153,17,krishna.verma70@outlook.com,Active,2021-06-21
7771,Sneha Ghosh,49,India,Finance,158620,26,sneha.ghosh71@company.com,Active,2023-07-07
7772,Aditya Sharma,40,India,Data,144889,20,aditya.sharma72@outlook.com,Active,2025-08-29
7773,Neha Roy,36,India,Sales,154922,0,neha.roy73@company.com,Active,2021-05-19
7774,Aditi Iyer,37,Canada,HR,112565,31,aditi.iyer74@company.com,Inactive,2022-07-11
7775,Meera Kapoor,36,Canada,Data,143688,13,meera.kapoor75@yahoo.com,Inactive,2018-01-10
7776,Kavya Singh,39,Germany,Finance,113615,13,kavya.singh76@gmail.com,Inactive,2020-08-10
7777,Neha Mukherjee,28,USA,HR,115636,32,neha.mukherjee77@gmail.com,Inactive,2018-03-12
7778,Ishaan Chopra,58,UK,Sales,54015,11,ishaan.chopra78@company.com,Inactive,2023-12-15
7779,Kavya Nair,58,UK,Data,36757,24,kavya.nair79@company.com,Active,2024-04-26
7780,Arjun Agarwal,49,India,Marketing,56863,14,arjun.agarwal80@company.com,Active,2018-08-16
7781,Pooja Chopra,56,Canada,IT,61098,19,pooja.chopra81@company.com,Active,2024-10-28
7782,Krishna Patel,46,Canada,Sales,60821,33,krishna.patel82@gmail.com,Active,2023-06-28
7783,Shaurya Khan,51,India,Finance,77372,13,shaurya.khan83@company.com,Inactive,2020-02-17
7784,Aditi Malik,32,USA,Marketing,56833,29,aditi.malik84@company.com,Inactive,2021-05-23
7785,Reyansh Chopra,37,UK,Data,88990,12,reyansh.chopra85@company.com,Inactive,2021-11-13
7786,Aarav Bansal,35,Germany,HR,126528,13,aarav.bansal86@outlook.com,Inactive,2023-06-04
7787,Shaurya Patel,29,USA,Marketing,174621,28,shaurya.patel87@outlook.com,Active,2024-04-06
7788,Vivaan Agarwal,59,Canada,Marketing,122968,25,vivaan.agarwal88@company.com,Active,2019-01-15
7789,Priya Ghosh,32,India,Finance,74498,2,priya.ghosh89@outlook.com,Active,2024-07-07
7790,Krishna Kapoor,52,UK,IT,160829,24,krishna.kapoor90@company.com,Inactive,2020-07-14
7791,Arjun Chopra,45,India,Marketing,82376,26,arjun.chopra91@yahoo.com,Inactive,2024-09-30
7792,Muhammad Kapoor,59,Canada,Marketing,83547,15,muhammad.kapoor92@gmail.com,Active,2018-06-14
7793,Priya Bansal,38,India,IT,169213,10,priya.bansal93@gmail.com,Active,2025-12-07
7794,Kavya Agarwal,35,UK,IT,177140,28,kavya.agarwal94@company.com,Active,2023-07-04
7795,Kavya Kapoor,52,India,HR,131878,23,kavya.kapoor95@outlook.com,Inactive,2018-08-27
7796,Kavya Chopra,26,UK,Data,88705,28,kavya.chopra96@company.com,Inactive,2024-05-15
7797,Ananya Reddy,55,India,HR,151562,33,ananya.reddy97@company.com,Active,2023-10-19
7798,Aditi Patel,54,India,IT,40830,10,aditi.patel98@outlook.com,Inactive,2022-12-04
7799,Riya Ansari,58,UK,Sales,50868,19,riya.ansari99@outlook.com,Active,2018-01-19
7800,Krishna Ansari,25,India,IT,172751,19,krishna.ansari0@outlook.com,Active,2024-04-04
7801,Muhammad Roy,38,USA,HR,177794,8,muhammad.roy1@company.com,Active,2020-06-29
7802,Muhammad Mukherjee,36,Germany,Finance,48989,22,muhammad.mukherjee2@company.com,Inactive,2023-10-19
7803,Diya Agarwal,28,USA,Finance,157850,26,diya.agarwal3@company.com,Inactive,2018-07-17
7804,Pooja Bansal,45,Germany,Data,90701,23,pooja.bansal4@company.com,Inactive,2025-12-01
7805,Diya Iyer,52,USA,Marketing,146736,24,diya.iyer5@gmail.com,Inactive,2018-07-13
7806,Muhammad Kapoor,46,Germany,Finance,49919,24,muhammad.kapoor6@outlook.com,Inactive,2018-05-12
7807,Arjun Nair,42,India,HR,148916,32,arjun.nair7@company.com,Active,2024-08-19
7808,Vihaan Ghosh,51,UK,Finance,177108,30,vihaan.ghosh8@company.com,Active,2020-12-29
7809,Kavya Iyer,30,UK,Sales,141614,9,kavya.iyer9@gmail.com,Inactive,2020-02-06
7810,Meera Bansal,32,Canada,IT,55999,14,meera.bansal10@company.com,Inactive,2025-08-25
7811,Vivaan Ansari,48,Germany,IT,152154,0,vivaan.ansari11@yahoo.com,Active,2022-01-08
7812,Muhammad Reddy,26,Canada,HR,76543,15,muhammad.reddy12@outlook.com,Inactive,2024-08-15
7813,Pooja Khan,40,Canada,Marketing,89560,20,pooja.khan13@outlook.com,Inactive,2022-01-03
7814,Aditi Das,25,Germany,IT,114805,1,aditi.das14@gmail.com,Inactive,2023-03-08
7815,Priya Khan,43,UK,Finance,156764,2,priya.khan15@company.com,Inactive,2018-08-18
7816,Kavya Sharma,29,Germany,Sales,95048,14,kavya.sharma16@yahoo.com,Active,2021-01-11
7817,Muhammad Kapoor,49,India,Marketing,94115,31,muhammad.kapoor17@outlook.com,Inactive,2020-01-25
7818,Sneha Khan,36,Canada,Marketing,143573,26,sneha.khan18@yahoo.com,Active,2022-03-23
7819,Ishaan Roy,42,Canada,Marketing,152173,34,ishaan.roy19@gmail.com,Inactive,2022-01-01
7820,Arjun Kapoor,28,Germany,IT,143192,23,arjun.kapoor20@outlook.com,Inactive,2022-01-29
7821,Sneha Ansari,40,Canada,Data,59324,7,sneha.ansari21@yahoo.com,Active,2024-02-09
7822,Arjun Bansal,34,UK,Marketing,85605,6,arjun.bansal22@yahoo.com,Active,2024-07-30
7823,Ananya Agarwal,59,Canada,HR,129364,3,ananya.agarwal23@company.com,Inactive,2022-11-10
7824,Krishna Patel,57,Germany,Finance,129984,29,krishna.patel24@company.com,Active,2019-07-19
7825,Neha Reddy,54,UK,Data,78261,9,neha.reddy25@company.com,Active,2022-06-07
7826,Meera Mukherjee,31,UK,Sales,111986,24,meera.mukherjee26@outlook.com,Active,2022-09-04
7827,Riya Verma,53,Canada,Finance,131111,31,riya.verma27@company.com,Inactive,2023-09-07
7828,Vihaan Gupta,51,Germany,HR,91698,31,vihaan.gupta28@yahoo.com,Inactive,2020-03-24
7829,Aditya Sharma,54,Canada,HR,85502,31,aditya.sharma29@company.com,Inactive,2019-03-27
7830,Aarav Verma,27,India,Data,73202,9,aarav.verma30@company.com,Inactive,2019-05-02
7831,Ananya Gupta,43,India,Finance,96445,8,ananya.gupta31@yahoo.com,Active,2022-08-18
7832,Ananya Chopra,27,UK,IT,120869,24,ananya.chopra32@gmail.com,Inactive,2023-06-24
7833,Muhammad Patel,45,Canada,HR,175607,24,muhammad.patel33@outlook.com,Inactive,2018-07-26
7834,Muhammad Iyer,23,India,Marketing,53679,15,muhammad.iyer34@yahoo.com,Inactive,2021-06-21
7835,Aditya Chopra,58,USA,Sales,149691,15,aditya.chopra35@gmail.com,Active,2019-11-10
7836,Meera Reddy,40,India,Sales,123901,29,meera.reddy36@yahoo.com,Active,2024-03-11
7837,Sneha Agarwal,54,Canada,HR,166102,4,sneha.agarwal37@gmail.com,Inactive,2021-01-12
7838,Neha Reddy,50,Canada,Marketing,155640,6,neha.reddy38@gmail.com,Active,2023-09-06
7839,Reyansh Iyer,37,India,Finance,93996,12,reyansh.iyer39@yahoo.com,Active,2022-03-06
7840,Shaurya Mehta,30,Canada,Sales,174204,7,shaurya.mehta40@gmail.com,Inactive,2025-11-02
7841,Pooja Khan,55,Canada,Marketing,117805,32,pooja.khan41@company.com,Active,2025-11-07
7842,Arjun Khan,40,USA,Marketing,91644,9,arjun.khan42@gmail.com,Active,2018-03-10
7843,Priya Mehta,38,UK,IT,159080,19,priya.mehta43@company.com,Inactive,2024-02-20
7844,Pooja Mukherjee,47,Canada,HR,161238,31,pooja.mukherjee44@yahoo.com,Inactive,2024-06-02
7845,Priya Khan,56,Germany,Marketing,127091,28,priya.khan45@company.com,Active,2022-05-05
7846,Pooja Ghosh,43,UK,Finance,56227,0,pooja.ghosh46@outlook.com,Inactive,2019-07-11
7847,Neha Malik,52,UK,Sales,137342,26,neha.malik47@gmail.com,Active,2022-07-14
7848,Krishna Mehta,30,Germany,IT,127238,19,krishna.mehta48@outlook.com,Active,2020-08-24
7849,Arjun Agarwal,31,India,Finance,39596,13,arjun.agarwal49@yahoo.com,Inactive,2018-10-19
7850,Vihaan Verma,58,USA,Sales,51588,14,vihaan.verma50@company.com,Active,2022-10-02
7851,Arjun Kapoor,26,Canada,HR,89654,5,arjun.kapoor51@yahoo.com,Active,2019-08-26
7852,Neha Kapoor,54,India,Finance,129540,1,neha.kapoor52@gmail.com,Active,2018-11-22
7853,Neha Khan,56,Germany,Sales,47453,28,neha.khan53@company.com,Inactive,2021-03-21
7854,Aarav Roy,57,USA,IT,94552,31,aarav.roy54@gmail.com,Active,2019-11-07
7855,Diya Agarwal,37,USA,Sales,125117,4,diya.agarwal55@gmail.com,Active,2021-03-02
7856,Sneha Roy,32,USA,Marketing,141124,21,sneha.roy56@yahoo.com,Active,2020-10-11
7857,Reyansh Agarwal,41,Germany,IT,59524,27,reyansh.agarwal57@company.com,Inactive,2023-04-24
7858,Aarav Nair,39,India,Finance,150219,31,aarav.nair58@gmail.com,Inactive,2018-06-30
7859,Sneha Chopra,23,Canada,Data,66843,28,sneha.chopra59@gmail.com,Inactive,2025-09-16
7860,Ananya Gupta,38,USA,HR,98140,2,ananya.gupta60@yahoo.com,Active,2018-12-27
7861,Diya Gupta,39,USA,IT,47744,30,diya.gupta61@gmail.com,Inactive,2024-10-07
7862,Reyansh Patel,26,India,IT,141320,12,reyansh.patel62@gmail.com,Inactive,2019-09-02
7863,Meera Iyer,36,USA,IT,73910,5,meera.iyer63@outlook.com,Active,2023-03-10
7864,Aditi Patel,28,USA,Sales,173554,20,aditi.patel64@yahoo.com,Inactive,2023-12-12
7865,Vihaan Ansari,38,Germany,Marketing,110048,13,vihaan.ansari65@yahoo.com,Active,2024-02-04
7866,Ananya Iyer,59,UK,Data,62135,24,ananya.iyer66@outlook.com,Active,2018-11-26
7867,Aditya Chopra,32,India,HR,99273,6,aditya.chopra67@company.com,Active,2022-11-12
7868,Meera Nair,30,India,HR,134968,21,meera.nair68@company.com,Active,2021-06-03
7869,Aarav Mukherjee,27,India,Marketing,156445,31,aarav.mukherjee69@yahoo.com,Active,2018-06-12
7870,Sneha Bansal,21,Germany,Sales,136958,31,sneha.bansal70@company.com,Inactive,2023-01-30
7871,Reyansh Chopra,56,Germany,Sales,48733,29,reyansh.chopra71@gmail.com,Active,2023-05-11
7872,Ishaan Ansari,41,Canada,Marketing,98832,16,ishaan.ansari72@outlook.com,Active,2020-03-23
7873,Riya Malik,57,Germany,Marketing,169170,20,riya.malik73@gmail.com,Active,2019-05-08
7874,Riya Sharma,44,India,Finance,120160,25,riya.sharma74@outlook.com,Active,2023-01-04
7875,Neha Reddy,45,Canada,Sales,144318,2,neha.reddy75@outlook.com,Active,2019-04-16
7876,Reyansh Verma,27,UK,IT,92119,16,reyansh.verma76@gmail.com,Active,2021-10-12
7877,Krishna Iyer,37,USA,HR,78887,5,krishna.iyer77@gmail.com,Active,2018-12-07
7878,Ishaan Agarwal,49,USA,Sales,71382,20,ishaan.agarwal78@gmail.com,Inactive,2024-01-12
7879,Priya Reddy,50,Canada,Marketing,84999,12,priya.reddy79@outlook.com,Inactive,2020-01-30
7880,Vivaan Malik,27,UK,IT,82022,8,vivaan.malik80@yahoo.com,Inactive,2025-03-17
7881,Kavya Gupta,53,USA,Finance,38893,4,kavya.gupta81@gmail.com,Active,2023-11-18
7882,Ananya Ghosh,27,Canada,Data,136298,6,ananya.ghosh82@gmail.com,Inactive,2018-08-14
7883,Vivaan Patel,44,Germany,Finance,86594,30,vivaan.patel83@company.com,Inactive,2020-11-19
7884,Meera Sharma,31,India,IT,164617,3,meera.sharma84@gmail.com,Active,2025-08-14
7885,Sneha Sharma,29,UK,IT,147696,12,sneha.sharma85@company.com,Inactive,2020-11-05
7886,Shaurya Kapoor,32,USA,Marketing,75109,14,shaurya.kapoor86@yahoo.com,Active,2023-06-13
7887,Muhammad Nair,55,India,Data,94087,12,muhammad.nair87@outlook.com,Active,2025-07-28
7888,Aditi Kapoor,24,Canada,Marketing,168738,25,aditi.kapoor88@gmail.com,Active,2024-11-10
7889,Vivaan Malik,56,USA,HR,142705,18,vivaan.malik89@company.com,Active,2024-03-13
7890,Aditi Reddy,48,India,Data,88513,0,aditi.reddy90@yahoo.com,Inactive,2019-09-04
7891,Diya Das,33,Germany,Data,149307,12,diya.das91@outlook.com,Active,2025-01-27
7892,Priya Bansal,43,UK,HR,129013,24,priya.bansal92@outlook.com,Inactive,2022-12-04
7893,Ananya Patel,39,Canada,Finance,144932,19,ananya.patel93@outlook.com,Inactive,2019-03-09
7894,Diya Malik,57,USA,IT,51169,22,diya.malik94@outlook.com,Active,2025-02-18
7895,Pooja Ansari,59,Germany,Finance,52668,23,pooja.ansari95@outlook.com,Inactive,2018-08-28
7896,Neha Iyer,44,UK,Marketing,86810,29,neha.iyer96@company.com,Active,2020-03-26
7897,Ishaan Gupta,36,UK,Sales,90159,33,ishaan.gupta97@outlook.com,Active,2018-04-12
7898,Kavya Gupta,53,Germany,Marketing,176151,9,kavya.gupta98@gmail.com,Active,2019-10-27
7899,Ananya Das,32,USA,Sales,153700,0,ananya.das99@gmail.com,Inactive,2022-05-10
7900,Vihaan Sharma,54,UK,IT,53362,11,vihaan.sharma0@company.com,Active,2024-06-26
7901,Arjun Mehta,27,Canada,IT,178991,28,arjun.mehta1@outlook.com,Inactive,2022-08-19
7902,Krishna Gupta,31,India,Data,89648,10,krishna.gupta2@gmail.com,Inactive,2025-10-27
7903,Reyansh Chopra,51,Canada,IT,129410,16,reyansh.chopra3@gmail.com,Active,2019-02-17
7904,Aditya Patel,49,UK,HR,92026,19,aditya.patel4@company.com,Active,2020-07-16
7905,Sneha Singh,33,India,HR,86376,5,sneha.singh5@outlook.com,Inactive,2018-02-03
7906,Aditya Gupta,51,Germany,Sales,129834,19,aditya.gupta6@gmail.com,Inactive,2023-01-25
7907,Aarav Sharma,22,India,Finance,49156,9,aarav.sharma7@outlook.com,Active,2025-08-29
7908,Ananya Mukherjee,59,India,Data,78039,9,ananya.mukherjee8@yahoo.com,Active,2019-03-21
7909,Aditya Patel,35,India,Finance,51239,30,aditya.patel9@outlook.com,Active,2018-06-29
7910,Sneha Agarwal,31,UK,Sales,173161,25,sneha.agarwal10@company.com,Active,2023-01-29
7911,Ananya Mehta,54,USA,HR,48014,16,ananya.mehta11@company.com,Active,2022-08-17
7912,Meera Mehta,59,UK,Marketing,85105,13,meera.mehta12@outlook.com,Inactive,2019-12-18
7913,Vivaan Patel,24,USA,Data,40917,4,vivaan.patel13@yahoo.com,Inactive,2021-07-15
7914,Muhammad Gupta,31,Germany,Sales,50350,2,muhammad.gupta14@company.com,Inactive,2020-08-26
7915,Reyansh Gupta,49,Germany,Finance,171814,19,reyansh.gupta15@yahoo.com,Active,2018-11-08
7916,Aditya Sharma,22,Germany,Sales,150236,14,aditya.sharma16@outlook.com,Active,2018-01-06
7917,Priya Singh,36,Germany,Sales,115197,2,priya.singh17@company.com,Active,2025-02-08
7918,Muhammad Verma,59,Germany,IT,142554,2,muhammad.verma18@yahoo.com,Active,2019-09-30
7919,Aditya Kapoor,33,Canada,HR,177815,22,aditya.kapoor19@gmail.com,Inactive,2019-04-03
7920,Ananya Das,57,UK,Data,53891,8,ananya.das20@yahoo.com,Inactive,2022-10-31
7921,Muhammad Nair,37,USA,IT,63483,10,muhammad.nair21@company.com,Inactive,2022-09-19
7922,Muhammad Nair,41,Germany,HR,66135,12,muhammad.nair22@gmail.com,Inactive,2025-03-03
7923,Meera Khan,39,Canada,Sales,130093,7,meera.khan23@yahoo.com,Active,2023-10-17
7924,Neha Iyer,27,Canada,HR,177754,21,neha.iyer24@yahoo.com,Inactive,2018-04-30
7925,Sneha Verma,58,Canada,Finance,47798,26,sneha.verma25@company.com,Active,2020-08-21
7926,Kavya Khan,28,UK,Data,129575,25,kavya.khan26@yahoo.com,Inactive,2021-09-18
7927,Riya Sharma,33,Germany,IT,49198,22,riya.sharma27@company.com,Inactive,2020-04-27
7928,Aditya Khan,57,Canada,Data,142378,30,aditya.khan28@company.com,Active,2020-05-24
7929,Muhammad Malik,22,Canada,Sales,67104,28,muhammad.malik29@yahoo.com,Active,2024-07-21
7930,Arjun Ghosh,31,Germany,Finance,42603,0,arjun.ghosh30@gmail.com,Active,2023-03-04
7931,Sneha Ansari,44,UK,HR,73661,9,sneha.ansari31@company.com,Active,2022-08-17
7932,Vihaan Gupta,26,Canada,HR,64340,3,vihaan.gupta32@company.com,Inactive,2023-02-08
7933,Muhammad Khan,46,USA,Finance,105297,30,muhammad.khan33@outlook.com,Active,2021-08-13
7934,Ananya Singh,27,India,HR,84411,3,ananya.singh34@yahoo.com,Inactive,2022-10-05
7935,Reyansh Kapoor,59,India,IT,143004,28,reyansh.kapoor35@yahoo.com,Inactive,2022-07-27
7936,Sneha Iyer,39,India,Marketing,135148,8,sneha.iyer36@yahoo.com,Inactive,2020-07-22
7937,Meera Bansal,26,UK,HR,140573,14,meera.bansal37@yahoo.com,Inactive,2025-04-29
7938,Riya Iyer,49,Canada,Sales,47206,2,riya.iyer38@outlook.com,Active,2025-04-15
7939,Muhammad Bansal,59,India,HR,79211,14,muhammad.bansal39@yahoo.com,Active,2021-10-15
7940,Ishaan Chopra,22,India,Data,36533,10,ishaan.chopra40@yahoo.com,Inactive,2021-10-03
7941,Krishna Das,39,Germany,Sales,106132,5,krishna.das41@gmail.com,Inactive,2021-12-31
7942,Aarav Malik,24,Canada,HR,41358,6,aarav.malik42@yahoo.com,Active,2023-05-30
7943,Shaurya Khan,26,Canada,HR,155190,3,shaurya.khan43@company.com,Active,2018-10-02
7944,Aditya Verma,57,Germany,Sales,89395,20,aditya.verma44@company.com,Inactive,2025-05-01
7945,Aditya Nair,48,Canada,IT,160774,0,aditya.nair45@company.com,Inactive,2018-03-10
7946,Diya Verma,50,USA,Marketing,127459,22,diya.verma46@yahoo.com,Inactive,2025-08-06
7947,Meera Bansal,27,UK,Marketing,73941,12,meera.bansal47@outlook.com,Active,2018-11-05
7948,Aditya Agarwal,29,Germany,IT,108588,27,aditya.agarwal48@yahoo.com,Active,2024-01-04
7949,Aarav Gupta,45,India,HR,121938,28,aarav.gupta49@outlook.com,Inactive,2019-08-01
7950,Ananya Roy,53,Canada,Marketing,106240,17,ananya.roy50@yahoo.com,Inactive,2024-12-30
7951,Diya Mukherjee,21,USA,IT,129846,22,diya.mukherjee51@outlook.com,Inactive,2018-06-25
7952,Aditya Roy,26,USA,IT,92428,27,aditya.roy52@yahoo.com,Inactive,2025-03-10
7953,Ishaan Reddy,38,UK,Marketing,78671,8,ishaan.reddy53@company.com,Inactive,2024-02-27
7954,Kavya Chopra,30,USA,Sales,81903,5,kavya.chopra54@outlook.com,Inactive,2023-01-05
7955,Neha Chopra,48,Canada,Finance,46715,15,neha.chopra55@company.com,Active,2025-07-23
7956,Neha Iyer,31,Canada,Sales,75583,0,neha.iyer56@company.com,Active,2022-07-21
7957,Neha Reddy,53,USA,HR,128497,21,neha.reddy57@outlook.com,Active,2021-03-20
7958,Pooja Ansari,21,Canada,Sales,55706,22,pooja.ansari58@company.com,Active,2021-03-30
7959,Krishna Roy,33,Canada,Data,56316,20,krishna.roy59@company.com,Active,2024-02-14
7960,Reyansh Verma,57,India,Finance,94655,30,reyansh.verma60@yahoo.com,Inactive,2018-08-18
7961,Diya Bansal,40,Germany,Finance,37497,27,diya.bansal61@yahoo.com,Active,2022-06-22
7962,Kavya Agarwal,21,Canada,IT,48562,26,kavya.agarwal62@outlook.com,Inactive,2023-04-30
7963,Ananya Kapoor,23,Canada,Data,136783,12,ananya.kapoor63@outlook.com,Active,2021-04-19
7964,Kavya Agarwal,38,UK,HR,129377,31,kavya.agarwal64@gmail.com,Inactive,2020-04-25
7965,Kavya Patel,34,Germany,IT,174829,6,kavya.patel65@company.com,Inactive,2022-02-02
7966,Arjun Kapoor,51,Germany,Sales,44018,32,arjun.kapoor66@company.com,Inactive,2019-03-03
7967,Priya Sharma,47,Germany,Sales,77020,12,priya.sharma67@yahoo.com,Inactive,2023-01-14
7968,Arjun Reddy,37,USA,Marketing,145005,31,arjun.reddy68@company.com,Active,2021-11-28
7969,Aditi Patel,49,India,IT,92264,6,aditi.patel69@gmail.com,Active,2019-04-23
7970,Aditi Chopra,56,India,Data,160936,11,aditi.chopra70@yahoo.com,Active,2023-05-09
7971,Aarav Bansal,57,UK,IT,170242,14,aarav.bansal71@outlook.com,Inactive,2020-11-22
7972,Reyansh Patel,46,Germany,IT,128202,20,reyansh.patel72@outlook.com,Inactive,2020-01-20
7973,Sneha Khan,37,Germany,IT,79944,11,sneha.khan73@company.com,Active,2025-03-25
7974,Muhammad Mehta,42,Canada,Finance,59714,12,muhammad.mehta74@outlook.com,Inactive,2025-12-24
7975,Aarav Kapoor,45,USA,Marketing,84294,1,aarav.kapoor75@yahoo.com,Active,2019-05-29
7976,Neha Patel,22,USA,HR,35220,28,neha.patel76@yahoo.com,Inactive,2018-11-28
7977,Ishaan Reddy,42,UK,HR,74769,28,ishaan.reddy77@outlook.com,Inactive,2021-12-10
7978,Muhammad Sharma,25,India,HR,96949,6,muhammad.sharma78@company.com,Inactive,2019-06-17
7979,Neha Kapoor,24,Germany,Finance,160303,29,neha.kapoor79@yahoo.com,Inactive,2023-08-15
7980,Reyansh Iyer,56,UK,Marketing,112828,22,reyansh.iyer80@gmail.com,Active,2024-05-20
7981,Pooja Malik,26,USA,Data,51771,27,pooja.malik81@yahoo.com,Inactive,2018-10-31
7982,Krishna Ansari,41,USA,Marketing,96182,22,krishna.ansari82@gmail.com,Active,2025-12-21
7983,Neha Mukherjee,33,USA,Finance,65429,28,neha.mukherjee83@yahoo.com,Inactive,2021-07-01
7984,Neha Bansal,57,Germany,Data,73759,3,neha.bansal84@yahoo.com,Active,2020-05-16
7985,Priya Khan,45,Germany,IT,36839,19,priya.khan85@gmail.com,Active,2025-11-25
7986,Neha Verma,46,Germany,Sales,163759,4,neha.verma86@yahoo.com,Active,2022-06-07
7987,Diya Mehta,59,Canada,IT,59940,10,diya.mehta87@gmail.com,Inactive,2024-01-25
7988,Aditya Reddy,40,India,HR,125528,1,aditya.reddy88@outlook.com,Active,2023-08-16
7989,Neha Mukherjee,53,USA,IT,42676,23,neha.mukherjee89@yahoo.com,Active,2018-05-22
7990,Shaurya Patel,34,USA,Finance,143131,32,shaurya.patel90@company.com,Inactive,2019-01-10
7991,Krishna Das,56,Canada,HR,118988,21,krishna.das91@company.com,Active,2021-02-22
7992,Neha Ansari,37,USA,Sales,101196,5,neha.ansari92@outlook.com,Inactive,2024-09-08
7993,Priya Nair,41,USA,Data,153104,23,priya.nair93@gmail.com,Active,2021-04-05
7994,Aarav Iyer,36,Germany,Data,125441,28,aarav.iyer94@gmail.com,Active,2022-09-01
7995,Reyansh Reddy,36,Germany,HR,100913,31,reyansh.reddy95@company.com,Active,2020-11-13
7996,Shaurya Mukherjee,40,India,IT,177546,29,shaurya.mukherjee96@outlook.com,Inactive,2022-09-03
7997,Priya Mukherjee,49,USA,Marketing,166231,2,priya.mukherjee97@yahoo.com,Active,2023-11-27
7998,Vihaan Mukherjee,48,UK,Marketing,168271,24,vihaan.mukherjee98@outlook.com,Active,2024-03-07
7999,Arjun Das,28,USA,Data,47980,27,arjun.das99@outlook.com,Inactive,2025-04-08
8000,Shaurya Reddy,44,USA,Marketing,126336,14,shaurya.reddy0@gmail.com,Inactive,2021-05-10
8001,Diya Patel,23,India,HR,172348,16,diya.patel1@company.com,Inactive,2021-12-04
8002,Diya Roy,45,UK,Marketing,53372,1,diya.roy2@company.com,Inactive,2025-10-15
8003,Neha Gupta,39,USA,Finance,156000,26,neha.gupta3@outlook.com,Inactive,2023-08-12
8004,Aarav Agarwal,53,UK,Data,43168,13,aarav.agarwal4@company.com,Inactive,2022-12-27
8005,Diya Bansal,22,Germany,Sales,59966,31,diya.bansal5@outlook.com,Inactive,2025-08-22
8006,Krishna Ansari,35,Germany,Marketing,142904,11,krishna.ansari6@yahoo.com,Active,2025-09-14
8007,Ananya Singh,42,UK,Finance,170987,22,ananya.singh7@yahoo.com,Active,2021-02-08
8008,Ananya Nair,30,USA,Finance,83921,15,ananya.nair8@yahoo.com,Active,2023-10-25
8009,Ishaan Ghosh,38,UK,HR,140439,1,ishaan.ghosh9@gmail.com,Inactive,2024-03-09
8010,Ananya Roy,42,UK,Data,118474,6,ananya.roy10@outlook.com,Active,2023-05-31
8011,Ananya Ansari,47,Germany,HR,39047,20,ananya.ansari11@gmail.com,Inactive,2021-06-10
8012,Arjun Reddy,33,UK,Sales,51515,30,arjun.reddy12@gmail.com,Active,2024-02-13
8013,Sneha Singh,53,Canada,Sales,178999,22,sneha.singh13@company.com,Active,2021-07-22
8014,Sneha Mukherjee,25,Canada,IT,99565,24,sneha.mukherjee14@outlook.com,Inactive,2024-06-15
8015,Krishna Singh,46,Germany,Sales,84592,34,krishna.singh15@yahoo.com,Active,2020-06-06
8016,Neha Roy,33,USA,Data,110469,34,neha.roy16@yahoo.com,Inactive,2018-07-30
8017,Neha Sharma,47,USA,Data,158120,6,neha.sharma17@gmail.com,Active,2024-07-26
8018,Ananya Das,34,Germany,HR,131017,4,ananya.das18@yahoo.com,Inactive,2022-12-30
8019,Vihaan Kapoor,44,USA,Finance,120311,31,vihaan.kapoor19@gmail.com,Inactive,2024-06-27
8020,Arjun Mukherjee,23,India,IT,49836,4,arjun.mukherjee20@outlook.com,Inactive,2018-07-26
8021,Ananya Gupta,50,Canada,Sales,120641,24,ananya.gupta21@gmail.com,Inactive,2021-01-18
8022,Riya Nair,55,India,Finance,165674,30,riya.nair22@yahoo.com,Active,2025-05-29
8023,Kavya Mukherjee,34,India,HR,124080,19,kavya.mukherjee23@yahoo.com,Inactive,2018-03-06
8024,Ishaan Gupta,32,India,Marketing,157393,21,ishaan.gupta24@gmail.com,Active,2024-09-29
8025,Kavya Kapoor,48,Germany,IT,137498,12,kavya.kapoor25@outlook.com,Active,2020-10-19
8026,Muhammad Malik,49,India,Data,84604,1,muhammad.malik26@gmail.com,Active,2023-04-08
8027,Arjun Chopra,37,UK,Finance,38262,21,arjun.chopra27@yahoo.com,Inactive,2021-08-08
8028,Vivaan Nair,41,USA,HR,46213,8,vivaan.nair28@outlook.com,Inactive,2024-11-29
8029,Krishna Singh,43,Germany,HR,59129,1,krishna.singh29@yahoo.com,Inactive,2023-08-05
8030,Aarav Reddy,40,UK,IT,95606,31,aarav.reddy30@outlook.com,Inactive,2022-01-04
8031,Diya Mukherjee,31,UK,IT,51524,7,diya.mukherjee31@gmail.com,Active,2019-01-05
8032,Neha Ghosh,54,Canada,Sales,53098,15,neha.ghosh32@outlook.com,Inactive,2025-06-13
8033,Arjun Malik,30,Canada,Sales,111548,32,arjun.malik33@company.com,Inactive,2025-08-22
8034,Ananya Nair,30,UK,Data,97903,10,ananya.nair34@yahoo.com,Active,2025-05-25
8035,Ananya Mukherjee,26,Canada,Data,104138,31,ananya.mukherjee35@outlook.com,Active,2019-03-08
8036,Pooja Ansari,56,USA,IT,58059,7,pooja.ansari36@outlook.com,Inactive,2024-04-05
8037,Muhammad Mukherjee,44,USA,IT,176867,31,muhammad.mukherjee37@company.com,Active,2018-10-20
8038,Meera Mehta,32,Canada,Finance,121723,20,meera.mehta38@yahoo.com,Inactive,2024-04-03
8039,Shaurya Verma,43,India,Sales,118650,24,shaurya.verma39@outlook.com,Inactive,2025-05-16
8040,Muhammad Das,47,UK,HR,112156,19,muhammad.das40@gmail.com,Active,2023-01-16
8041,Riya Iyer,57,USA,Sales,106512,0,riya.iyer41@gmail.com,Inactive,2019-12-02
8042,Krishna Kapoor,26,Canada,Sales,64232,20,krishna.kapoor42@gmail.com,Active,2022-10-16
8043,Priya Sharma,21,Canada,IT,179356,6,priya.sharma43@outlook.com,Active,2018-11-21
8044,Shaurya Malik,26,USA,IT,157499,24,shaurya.malik44@outlook.com,Active,2024-10-05
8045,Muhammad Patel,42,USA,Sales,140332,8,muhammad.patel45@yahoo.com,Inactive,2019-03-06
8046,Shaurya Sharma,44,India,Marketing,97630,21,shaurya.sharma46@gmail.com,Inactive,2018-12-20
8047,Aarav Bansal,45,Canada,Marketing,137022,1,aarav.bansal47@yahoo.com,Inactive,2022-08-06
8048,Aditya Chopra,35,Canada,Data,146558,18,aditya.chopra48@outlook.com,Active,2022-02-28
8049,Kavya Patel,46,Germany,Sales,98683,5,kavya.patel49@company.com,Inactive,2018-10-20
8050,Kavya Kapoor,28,India,Marketing,109081,4,kavya.kapoor50@yahoo.com,Inactive,2025-10-13
8051,Pooja Khan,44,USA,Data,173859,9,pooja.khan51@outlook.com,Active,2025-04-25
8052,Meera Agarwal,58,USA,Data,123978,0,meera.agarwal52@company.com,Active,2021-07-04
8053,Ananya Mehta,26,UK,Sales,163308,25,ananya.mehta53@yahoo.com,Active,2021-12-07
8054,Ishaan Agarwal,55,USA,Data,174493,25,ishaan.agarwal54@outlook.com,Inactive,2019-01-16
8055,Ishaan Ansari,21,Canada,IT,97540,17,ishaan.ansari55@company.com,Active,2021-05-08
8056,Meera Agarwal,56,USA,IT,47365,20,meera.agarwal56@company.com,Active,2018-08-13
8057,Shaurya Khan,32,Canada,IT,152469,11,shaurya.khan57@outlook.com,Active,2020-06-21
8058,Sneha Patel,58,Canada,HR,144591,13,sneha.patel58@yahoo.com,Inactive,2022-12-26
8059,Ananya Sharma,31,India,IT,73022,31,ananya.sharma59@gmail.com,Inactive,2019-11-02
8060,Vihaan Verma,32,USA,IT,101448,34,vihaan.verma60@gmail.com,Active,2021-08-10
8061,Ananya Ghosh,59,India,Sales,72213,16,ananya.ghosh61@yahoo.com,Active,2025-01-11
8062,Neha Chopra,27,Canada,Marketing,93648,9,neha.chopra62@company.com,Inactive,2019-08-30
8063,Arjun Reddy,31,USA,Marketing,45715,34,arjun.reddy63@outlook.com,Inactive,2025-06-17
8064,Aditi Ghosh,56,USA,IT,68059,15,aditi.ghosh64@outlook.com,Inactive,2019-03-19
8065,Aarav Bansal,51,India,IT,50223,5,aarav.bansal65@yahoo.com,Active,2025-07-29
8066,Ananya Kapoor,53,India,IT,89455,3,ananya.kapoor66@yahoo.com,Inactive,2018-07-01
8067,Reyansh Reddy,33,Canada,Data,46391,8,reyansh.reddy67@yahoo.com,Active,2019-03-18
8068,Meera Verma,38,Canada,Sales,123512,28,meera.verma68@yahoo.com,Inactive,2025-04-09
8069,Shaurya Reddy,44,USA,Sales,55709,6,shaurya.reddy69@gmail.com,Inactive,2021-07-29
8070,Sneha Roy,29,USA,Sales,46655,15,sneha.roy70@yahoo.com,Active,2020-08-01
8071,Vivaan Das,51,Germany,Marketing,48111,5,vivaan.das71@company.com,Inactive,2018-09-24
8072,Vivaan Patel,30,Germany,HR,97275,2,vivaan.patel72@gmail.com,Active,2020-03-11
8073,Neha Gupta,22,UK,Marketing,99532,13,neha.gupta73@gmail.com,Inactive,2024-11-17
8074,Aditya Patel,58,Canada,Sales,143553,13,aditya.patel74@outlook.com,Active,2020-09-19
8075,Arjun Mehta,35,UK,Finance,127704,8,arjun.mehta75@yahoo.com,Inactive,2021-11-10
8076,Riya Khan,23,UK,HR,152608,22,riya.khan76@gmail.com,Active,2024-12-30
8077,Krishna Gupta,51,India,IT,81418,14,krishna.gupta77@gmail.com,Active,2023-12-01
8078,Diya Chopra,26,India,Data,73708,6,diya.chopra78@company.com,Active,2023-12-20
8079,Ananya Gupta,23,Germany,Marketing,141352,19,ananya.gupta79@yahoo.com,Active,2020-07-13
8080,Priya Reddy,31,UK,Data,144444,18,priya.reddy80@yahoo.com,Active,2023-07-19
8081,Aditya Nair,35,Germany,HR,145353,5,aditya.nair81@yahoo.com,Active,2022-11-10
8082,Aditi Ghosh,48,Canada,Finance,109858,0,aditi.ghosh82@yahoo.com,Inactive,2020-05-24
8083,Vivaan Das,30,USA,HR,60977,6,vivaan.das83@outlook.com,Inactive,2023-11-21
8084,Priya Kapoor,58,India,Marketing,165247,34,priya.kapoor84@company.com,Active,2019-11-13
8085,Arjun Ghosh,27,Canada,Sales,94319,24,arjun.ghosh85@gmail.com,Active,2023-05-24
8086,Aditya Ansari,35,Canada,IT,114702,22,aditya.ansari86@company.com,Inactive,2023-10-15
8087,Kavya Khan,38,India,Sales,118670,24,kavya.khan87@outlook.com,Active,2023-12-23
8088,Vihaan Malik,38,India,Sales,133305,10,vihaan.malik88@company.com,Inactive,2018-02-26
8089,Krishna Singh,44,UK,Marketing,76108,33,krishna.singh89@outlook.com,Inactive,2021-08-18
8090,Vivaan Ghosh,22,Germany,Sales,55631,30,vivaan.ghosh90@gmail.com,Active,2020-02-29
8091,Aarav Verma,40,Canada,Sales,124652,11,aarav.verma91@company.com,Active,2020-06-25
8092,Krishna Nair,54,UK,Marketing,67421,8,krishna.nair92@company.com,Active,2023-05-07
8093,Vivaan Verma,46,UK,Marketing,57419,12,vivaan.verma93@outlook.com,Active,2019-11-25
8094,Krishna Singh,27,Canada,Finance,102579,19,krishna.singh94@outlook.com,Inactive,2022-08-11
8095,Arjun Patel,58,Canada,Sales,167774,20,arjun.patel95@company.com,Inactive,2025-04-27
8096,Riya Reddy,50,USA,HR,78889,21,riya.reddy96@yahoo.com,Active,2019-04-11
8097,Ananya Kapoor,25,Germany,IT,178834,0,ananya.kapoor97@company.com,Active,2020-10-20
8098,Aditi Sharma,31,Canada,Data,69155,16,aditi.sharma98@gmail.com,Inactive,2022-01-05
8099,Riya Iyer,21,India,IT,162782,3,riya.iyer99@outlook.com,Active,2018-01-27
8100,Neha Sharma,54,USA,Marketing,179454,5,neha.sharma0@gmail.com,Inactive,2020-02-11
8101,Priya Ghosh,21,Germany,Data,127192,18,priya.ghosh1@yahoo.com,Active,2021-11-08
8102,Aditya Verma,39,India,Marketing,64852,29,aditya.verma2@company.com,Inactive,2024-06-25
8103,Muhammad Roy,22,India,Finance,163329,22,muhammad.roy3@yahoo.com,Inactive,2018-08-07
8104,Vivaan Ansari,41,Germany,Sales,148417,31,vivaan.ansari4@company.com,Inactive,2023-02-21
8105,Krishna Roy,40,USA,Marketing,83843,28,krishna.roy5@outlook.com,Inactive,2021-04-08
8106,Neha Sharma,43,India,Marketing,89978,7,neha.sharma6@company.com,Active,2021-12-07
8107,Diya Gupta,41,UK,IT,67130,20,diya.gupta7@yahoo.com,Active,2022-06-04
8108,Sneha Chopra,44,Germany,Sales,176260,16,sneha.chopra8@gmail.com,Inactive,2024-10-02
8109,Riya Khan,24,Germany,Finance,63268,16,riya.khan9@outlook.com,Inactive,2025-04-07
8110,Aditi Ansari,32,Canada,Marketing,128342,20,aditi.ansari10@company.com,Inactive,2023-06-22
8111,Arjun Ghosh,42,USA,Marketing,149629,14,arjun.ghosh11@gmail.com,Active,2023-10-18
8112,Aarav Mukherjee,40,UK,Marketing,60826,26,aarav.mukherjee12@yahoo.com,Active,2021-08-03
8113,Shaurya Malik,38,UK,IT,66995,24,shaurya.malik13@gmail.com,Active,2025-06-23
8114,Pooja Chopra,21,Canada,Marketing,170534,32,pooja.chopra14@company.com,Active,2024-11-13
8115,Riya Kapoor,50,India,Marketing,69804,1,riya.kapoor15@company.com,Active,2020-09-29
8116,Reyansh Ansari,53,India,IT,84689,15,reyansh.ansari16@outlook.com,Inactive,2018-05-29
8117,Meera Malik,44,UK,Marketing,165090,7,meera.malik17@gmail.com,Active,2023-03-17
8118,Ananya Ansari,34,USA,Sales,94496,15,ananya.ansari18@gmail.com,Active,2022-10-25
8119,Ananya Malik,56,India,Sales,175054,6,ananya.malik19@company.com,Active,2024-02-19
8120,Aditi Mehta,25,Germany,IT,130434,4,aditi.mehta20@outlook.com,Active,2022-10-07
8121,Shaurya Agarwal,31,Canada,Sales,107399,22,shaurya.agarwal21@gmail.com,Inactive,2018-06-11
8122,Aarav Agarwal,44,USA,Data,53332,7,aarav.agarwal22@company.com,Inactive,2023-06-04
8123,Meera Das,51,India,Data,114525,2,meera.das23@outlook.com,Inactive,2022-04-21
8124,Aditi Ansari,33,UK,Data,138482,34,aditi.ansari24@gmail.com,Active,2022-01-21
8125,Reyansh Mehta,36,Canada,Finance,121063,14,reyansh.mehta25@outlook.com,Inactive,2025-08-21
8126,Vivaan Kapoor,44,India,Marketing,113483,29,vivaan.kapoor26@yahoo.com,Inactive,2019-07-07
8127,Vihaan Ansari,33,UK,Finance,165324,14,vihaan.ansari27@gmail.com,Active,2024-01-19
8128,Muhammad Roy,44,India,Sales,79209,28,muhammad.roy28@company.com,Inactive,2024-01-10
8129,Shaurya Ansari,46,Canada,IT,54232,3,shaurya.ansari29@company.com,Active,2018-11-17
8130,Sneha Iyer,22,Germany,Data,157993,33,sneha.iyer30@gmail.com,Inactive,2019-01-15
8131,Diya Agarwal,36,Germany,IT,152031,22,diya.agarwal31@yahoo.com,Active,2025-09-11
8132,Vivaan Singh,58,UK,Finance,88685,34,vivaan.singh32@yahoo.com,Inactive,2025-10-08
8133,Sneha Malik,21,Germany,Sales,131521,27,sneha.malik33@gmail.com,Inactive,2022-09-20
8134,Muhammad Das,31,Canada,Marketing,51545,30,muhammad.das34@yahoo.com,Active,2022-12-19
8135,Aarav Iyer,55,UK,Sales,92847,32,aarav.iyer35@outlook.com,Inactive,2019-12-02
8136,Aarav Ansari,49,India,Data,48347,17,aarav.ansari36@outlook.com,Active,2021-02-23
8137,Reyansh Reddy,57,USA,Sales,168706,4,reyansh.reddy37@company.com,Inactive,2025-08-31
8138,Muhammad Nair,37,India,IT,171173,8,muhammad.nair38@company.com,Active,2021-05-08
8139,Aditi Reddy,59,Canada,HR,122686,19,aditi.reddy39@outlook.com,Inactive,2021-06-02
8140,Kavya Kapoor,48,UK,Data,52893,8,kavya.kapoor40@gmail.com,Inactive,2019-08-04
8141,Meera Khan,49,India,Marketing,53703,17,meera.khan41@outlook.com,Inactive,2022-03-26
8142,Neha Nair,23,UK,Data,128362,14,neha.nair42@outlook.com,Active,2022-12-08
8143,Pooja Mukherjee,30,Germany,Data,57489,14,pooja.mukherjee43@yahoo.com,Active,2021-06-23
8144,Shaurya Singh,34,USA,Marketing,141975,13,shaurya.singh44@outlook.com,Active,2023-07-07
8145,Aditya Mukherjee,32,Canada,Data,145750,34,aditya.mukherjee45@gmail.com,Inactive,2019-02-16
8146,Vihaan Sharma,50,India,IT,54733,19,vihaan.sharma46@yahoo.com,Active,2022-12-02
8147,Aarav Mukherjee,52,USA,Sales,111942,10,aarav.mukherjee47@yahoo.com,Active,2022-03-28
8148,Vivaan Sharma,52,Canada,IT,174023,16,vivaan.sharma48@gmail.com,Inactive,2025-02-16
8149,Ishaan Sharma,52,Canada,Sales,156519,24,ishaan.sharma49@yahoo.com,Active,2025-04-22
8150,Shaurya Agarwal,46,Germany,HR,99417,28,shaurya.agarwal50@outlook.com,Active,2018-12-15
8151,Aditi Roy,21,UK,Data,35740,22,aditi.roy51@gmail.com,Active,2020-09-15
8152,Reyansh Mehta,22,UK,HR,128995,8,reyansh.mehta52@outlook.com,Inactive,2022-12-26
8153,Vivaan Chopra,37,USA,Finance,144339,24,vivaan.chopra53@yahoo.com,Active,2022-01-25
8154,Muhammad Ansari,50,Germany,Sales,44727,22,muhammad.ansari54@outlook.com,Active,2021-08-08
8155,Priya Chopra,59,Canada,IT,157179,1,priya.chopra55@company.com,Active,2019-01-04
8156,Aditya Malik,27,Germany,IT,143767,0,aditya.malik56@yahoo.com,Inactive,2021-07-11
8157,Priya Sharma,47,Germany,Data,138523,5,priya.sharma57@yahoo.com,Active,2021-07-19
8158,Shaurya Verma,29,USA,IT,100305,14,shaurya.verma58@gmail.com,Inactive,2023-10-18
8159,Vihaan Iyer,42,UK,Finance,142594,6,vihaan.iyer59@outlook.com,Active,2024-01-01
8160,Arjun Malik,54,Germany,Marketing,142887,1,arjun.malik60@outlook.com,Inactive,2023-10-05
8161,Kavya Ansari,21,Germany,IT,110759,29,kavya.ansari61@outlook.com,Active,2022-04-26
8162,Vihaan Sharma,29,Germany,Data,84061,28,vihaan.sharma62@gmail.com,Active,2019-06-04
8163,Neha Khan,40,India,HR,54208,11,neha.khan63@outlook.com,Inactive,2021-08-26
8164,Aarav Mehta,39,Germany,IT,95640,33,aarav.mehta64@yahoo.com,Inactive,2023-11-08
8165,Aditya Singh,56,Germany,IT,121090,29,aditya.singh65@outlook.com,Active,2024-08-20
8166,Kavya Roy,24,Canada,IT,55165,34,kavya.roy66@company.com,Active,2025-09-25
8167,Pooja Malik,29,India,Data,128476,1,pooja.malik67@yahoo.com,Active,2022-05-26
8168,Ishaan Sharma,42,Germany,Marketing,168051,2,ishaan.sharma68@yahoo.com,Active,2022-12-27
8169,Sneha Nair,38,Germany,IT,128809,11,sneha.nair69@company.com,Active,2024-07-12
8170,Aditya Patel,32,USA,Marketing,172684,3,aditya.patel70@company.com,Active,2024-12-28
8171,Muhammad Gupta,59,USA,Marketing,61763,6,muhammad.gupta71@company.com,Inactive,2023-11-26
8172,Aditi Kapoor,29,India,Finance,172094,19,aditi.kapoor72@outlook.com,Inactive,2025-04-08
8173,Aarav Verma,26,Canada,HR,94750,18,aarav.verma73@gmail.com,Inactive,2019-05-26
8174,Neha Bansal,39,India,IT,108368,7,neha.bansal74@gmail.com,Inactive,2024-06-26
8175,Kavya Bansal,27,India,IT,159349,2,kavya.bansal75@yahoo.com,Active,2022-02-08
8176,Reyansh Sharma,36,USA,IT,158859,26,reyansh.sharma76@yahoo.com,Inactive,2024-05-22
8177,Sneha Verma,25,USA,Marketing,35299,14,sneha.verma77@gmail.com,Inactive,2025-11-02
8178,Aditya Malik,36,Canada,Sales,154209,7,aditya.malik78@yahoo.com,Inactive,2020-05-05
8179,Shaurya Nair,21,Germany,HR,163377,17,shaurya.nair79@yahoo.com,Inactive,2023-05-05
8180,Muhammad Malik,57,Canada,Data,131190,28,muhammad.malik80@outlook.com,Active,2019-08-10
8181,Aarav Malik,59,Germany,IT,147533,2,aarav.malik81@gmail.com,Inactive,2018-12-28
8182,Muhammad Singh,39,UK,Sales,118200,8,muhammad.singh82@outlook.com,Inactive,2021-09-21
8183,Kavya Sharma,57,USA,Sales,179100,9,kavya.sharma83@yahoo.com,Active,2022-07-31
8184,Vivaan Roy,37,UK,Sales,60437,19,vivaan.roy84@outlook.com,Active,2024-03-19
8185,Priya Ghosh,46,UK,HR,39589,1,priya.ghosh85@company.com,Inactive,2019-12-17
8186,Neha Singh,42,USA,Sales,108669,0,neha.singh86@yahoo.com,Inactive,2024-10-21
8187,Vivaan Iyer,28,UK,Data,115995,26,vivaan.iyer87@outlook.com,Inactive,2020-10-03
8188,Diya Gupta,53,India,IT,98845,3,diya.gupta88@gmail.com,Active,2019-07-27
8189,Meera Chopra,22,Germany,Data,107934,31,meera.chopra89@gmail.com,Inactive,2024-10-31
8190,Kavya Nair,50,Canada,IT,58092,17,kavya.nair90@outlook.com,Active,2023-03-04
8191,Pooja Khan,40,USA,Finance,178449,13,pooja.khan91@company.com,Active,2018-10-28
8192,Diya Chopra,38,India,Marketing,153847,14,diya.chopra92@company.com,Inactive,2020-08-30
8193,Pooja Ghosh,30,Canada,Sales,126168,3,pooja.ghosh93@gmail.com,Inactive,2025-02-09
8194,Arjun Reddy,44,Canada,Data,81635,18,arjun.reddy94@gmail.com,Active,2020-09-21
8195,Diya Bansal,24,Canada,Marketing,135604,23,diya.bansal95@yahoo.com,Active,2020-09-30
8196,Reyansh Roy,57,UK,Marketing,90402,29,reyansh.roy96@gmail.com,Active,2023-02-25
8197,Aditi Chopra,24,UK,Marketing,115801,12,aditi.chopra97@company.com,Active,2019-09-06
8198,Kavya Chopra,33,UK,Marketing,137295,10,kavya.chopra98@outlook.com,Active,2021-02-07
8199,Shaurya Patel,45,UK,Marketing,117433,27,shaurya.patel99@gmail.com,Active,2025-02-22
8200,Neha Ghosh,33,India,IT,137535,10,neha.ghosh0@company.com,Inactive,2019-05-23
8201,Priya Chopra,38,UK,HR,43312,0,priya.chopra1@outlook.com,Inactive,2020-06-09
8202,Priya Gupta,44,USA,Sales,119767,3,priya.gupta2@company.com,Inactive,2025-11-26
8203,Meera Malik,22,Canada,Sales,97263,33,meera.malik3@yahoo.com,Inactive,2023-07-18
8204,Arjun Reddy,53,India,IT,78951,11,arjun.reddy4@gmail.com,Active,2025-10-17
8205,Diya Agarwal,39,UK,Data,143119,23,diya.agarwal5@company.com,Active,2022-08-23
8206,Kavya Ghosh,29,Canada,IT,139904,31,kavya.ghosh6@outlook.com,Inactive,2020-06-01
8207,Reyansh Verma,48,India,Marketing,58393,18,reyansh.verma7@outlook.com,Inactive,2020-03-26
8208,Ananya Das,55,Canada,HR,173238,28,ananya.das8@gmail.com,Inactive,2019-05-14
8209,Arjun Mukherjee,59,India,Sales,137677,28,arjun.mukherjee9@company.com,Inactive,2022-08-08
8210,Ananya Ghosh,30,Germany,Data,141450,18,ananya.ghosh10@outlook.com,Inactive,2021-08-29
8211,Reyansh Roy,21,India,Finance,102007,19,reyansh.roy11@gmail.com,Active,2019-03-30
8212,Arjun Ansari,41,UK,IT,109554,2,arjun.ansari12@gmail.com,Active,2020-09-11
8213,Aditi Gupta,29,Canada,Finance,64616,4,aditi.gupta13@company.com,Inactive,2018-09-06
8214,Priya Mehta,35,Canada,Sales,160323,22,priya.mehta14@outlook.com,Inactive,2022-08-24
8215,Riya Ghosh,55,Canada,IT,89026,4,riya.ghosh15@outlook.com,Inactive,2019-10-21
8216,Vivaan Das,25,USA,Sales,104842,29,vivaan.das16@outlook.com,Inactive,2025-10-01
8217,Vihaan Roy,42,USA,IT,48177,31,vihaan.roy17@gmail.com,Inactive,2019-11-06
8218,Aarav Malik,43,UK,Data,41688,23,aarav.malik18@outlook.com,Inactive,2019-11-20
8219,Pooja Khan,27,Germany,Sales,125956,34,pooja.khan19@company.com,Inactive,2024-03-27
8220,Krishna Reddy,43,USA,Finance,72879,31,krishna.reddy20@gmail.com,Inactive,2022-08-27
8221,Neha Mehta,45,India,HR,124369,21,neha.mehta21@yahoo.com,Active,2018-08-12
8222,Ananya Chopra,47,UK,Data,67492,20,ananya.chopra22@company.com,Inactive,2022-10-26
8223,Pooja Kapoor,26,Germany,Data,161383,27,pooja.kapoor23@outlook.com,Inactive,2018-02-23
8224,Riya Kapoor,54,India,IT,155128,33,riya.kapoor24@company.com,Inactive,2020-11-25
8225,Krishna Roy,29,Canada,Finance,136165,15,krishna.roy25@company.com,Active,2022-05-08
8226,Diya Bansal,53,USA,Sales,84790,10,diya.bansal26@company.com,Inactive,2019-12-01
8227,Vihaan Singh,26,India,Finance,109220,32,vihaan.singh27@gmail.com,Active,2024-12-04
8228,Kavya Patel,57,Germany,Data,62574,18,kavya.patel28@gmail.com,Inactive,2019-08-09
8229,Muhammad Sharma,51,UK,IT,106261,27,muhammad.sharma29@yahoo.com,Active,2018-10-16
8230,Riya Mehta,54,India,Finance,177921,28,riya.mehta30@outlook.com,Active,2021-12-22
8231,Neha Patel,49,UK,Sales,155283,2,neha.patel31@company.com,Inactive,2018-11-07
8232,Aditya Iyer,34,Canada,Marketing,134789,17,aditya.iyer32@company.com,Inactive,2024-11-10
8233,Krishna Kapoor,56,Germany,Data,172653,17,krishna.kapoor33@gmail.com,Inactive,2022-04-29
8234,Shaurya Ansari,56,Germany,HR,171293,11,shaurya.ansari34@company.com,Active,2023-09-30
8235,Pooja Mehta,35,USA,HR,158438,17,pooja.mehta35@yahoo.com,Active,2022-03-13
8236,Muhammad Sharma,28,Germany,Data,87900,31,muhammad.sharma36@yahoo.com,Inactive,2021-01-27
8237,Aarav Sharma,46,India,Marketing,126081,18,aarav.sharma37@gmail.com,Active,2018-12-08
8238,Shaurya Mehta,56,India,IT,171104,3,shaurya.mehta38@yahoo.com,Inactive,2019-07-17
8239,Muhammad Khan,41,India,Finance,71777,10,muhammad.khan39@outlook.com,Active,2020-09-09
8240,Aditya Gupta,48,Canada,Finance,157965,2,aditya.gupta40@gmail.com,Inactive,2021-11-09
8241,Ishaan Agarwal,24,Germany,Marketing,162852,26,ishaan.agarwal41@yahoo.com,Inactive,2019-04-02
8242,Vihaan Bansal,36,Germany,Marketing,72069,15,vihaan.bansal42@yahoo.com,Active,2021-08-20
8243,Diya Kapoor,42,India,Sales,162766,17,diya.kapoor43@yahoo.com,Active,2023-04-03
8244,Aarav Mukherjee,32,USA,Sales,166005,29,aarav.mukherjee44@gmail.com,Active,2022-07-08
8245,Shaurya Reddy,36,USA,HR,145549,23,shaurya.reddy45@gmail.com,Active,2025-08-30
8246,Aditi Chopra,58,Germany,IT,155097,5,aditi.chopra46@outlook.com,Active,2025-12-09
8247,Muhammad Iyer,57,Germany,IT,117866,33,muhammad.iyer47@gmail.com,Inactive,2022-09-07
8248,Priya Mukherjee,49,UK,Marketing,94337,11,priya.mukherjee48@outlook.com,Inactive,2022-05-02
8249,Sneha Nair,38,Germany,HR,103976,22,sneha.nair49@company.com,Active,2024-05-02
8250,Meera Roy,30,India,HR,36545,14,meera.roy50@outlook.com,Active,2023-09-05
8251,Vivaan Nair,59,Canada,Sales,165867,15,vivaan.nair51@company.com,Active,2020-12-09
8252,Vivaan Nair,38,Germany,Finance,87659,13,vivaan.nair52@gmail.com,Inactive,2020-07-31
8253,Ananya Chopra,21,Germany,IT,67797,14,ananya.chopra53@outlook.com,Inactive,2025-05-12
8254,Aarav Malik,59,India,HR,131480,11,aarav.malik54@yahoo.com,Inactive,2018-12-31
8255,Neha Kapoor,41,UK,Sales,136983,34,neha.kapoor55@yahoo.com,Inactive,2023-01-29
8256,Pooja Mehta,21,Germany,Sales,92872,24,pooja.mehta56@gmail.com,Inactive,2021-03-14
8257,Priya Roy,35,USA,Sales,100661,13,priya.roy57@outlook.com,Inactive,2018-05-25
8258,Meera Chopra,24,USA,Finance,72676,1,meera.chopra58@yahoo.com,Inactive,2024-01-24
8259,Neha Sharma,40,USA,HR,172714,17,neha.sharma59@company.com,Active,2020-12-02
8260,Aditi Verma,30,Canada,Marketing,132651,34,aditi.verma60@company.com,Inactive,2020-08-29
8261,Neha Gupta,43,Canada,Marketing,162113,8,neha.gupta61@company.com,Inactive,2022-04-26
8262,Neha Malik,54,Germany,Sales,125061,10,neha.malik62@gmail.com,Inactive,2018-05-09
8263,Pooja Gupta,53,Germany,Sales,142236,25,pooja.gupta63@outlook.com,Inactive,2018-02-27
8264,Aditya Singh,54,Germany,Finance,111719,2,aditya.singh64@gmail.com,Active,2018-02-23
8265,Vihaan Agarwal,59,Canada,Sales,111305,4,vihaan.agarwal65@yahoo.com,Active,2021-06-01
8266,Aditi Reddy,30,Germany,Data,177003,31,aditi.reddy66@gmail.com,Active,2018-05-13
8267,Krishna Mukherjee,40,India,HR,60895,9,krishna.mukherjee67@outlook.com,Active,2021-06-20
8268,Neha Verma,21,UK,Sales,87814,5,neha.verma68@yahoo.com,Inactive,2018-07-29
8269,Ananya Iyer,33,USA,Sales,132272,10,ananya.iyer69@company.com,Active,2018-08-30
8270,Pooja Agarwal,21,USA,HR,115290,16,pooja.agarwal70@company.com,Inactive,2024-08-27
8271,Muhammad Mukherjee,25,India,IT,83793,1,muhammad.mukherjee71@yahoo.com,Active,2024-03-12
8272,Priya Mehta,36,Germany,Data,116754,23,priya.mehta72@yahoo.com,Active,2020-12-30
8273,Aarav Patel,35,Canada,Data,79189,4,aarav.patel73@gmail.com,Active,2020-03-24
8274,Sneha Sharma,48,Germany,Marketing,89346,20,sneha.sharma74@outlook.com,Inactive,2023-11-02
8275,Riya Agarwal,51,Germany,Sales,36395,5,riya.agarwal75@outlook.com,Active,2021-12-19
8276,Aditya Das,43,USA,HR,38961,3,aditya.das76@company.com,Active,2023-07-25
8277,Reyansh Agarwal,37,USA,Marketing,70382,8,reyansh.agarwal77@gmail.com,Active,2025-06-03
8278,Ishaan Roy,54,Canada,Finance,123790,4,ishaan.roy78@gmail.com,Inactive,2022-08-23
8279,Aditi Ghosh,33,USA,IT,52928,3,aditi.ghosh79@gmail.com,Inactive,2022-02-18
8280,Vivaan Malik,34,Germany,Sales,47093,8,vivaan.malik80@outlook.com,Inactive,2023-05-13
8281,Sneha Mehta,31,India,IT,126892,17,sneha.mehta81@outlook.com,Inactive,2023-10-31
8282,Riya Nair,48,Canada,Sales,174058,15,riya.nair82@company.com,Inactive,2025-10-19
8283,Reyansh Agarwal,52,India,Sales,61726,1,reyansh.agarwal83@outlook.com,Active,2023-11-07
8284,Shaurya Khan,55,Germany,Sales,113196,28,shaurya.khan84@gmail.com,Inactive,2024-01-17
8285,Vivaan Iyer,51,Canada,IT,107570,11,vivaan.iyer85@gmail.com,Active,2024-08-14
8286,Meera Reddy,37,India,Data,99619,33,meera.reddy86@yahoo.com,Inactive,2025-02-22
8287,Priya Mehta,29,Canada,Finance,179652,34,priya.mehta87@gmail.com,Active,2018-06-28
8288,Arjun Gupta,30,Germany,Data,143464,5,arjun.gupta88@outlook.com,Inactive,2025-08-11
8289,Muhammad Nair,28,Canada,HR,167276,19,muhammad.nair89@outlook.com,Active,2021-05-13
8290,Neha Singh,41,Germany,HR,59331,15,neha.singh90@yahoo.com,Inactive,2022-04-04
8291,Aarav Kapoor,33,Canada,Data,169655,7,aarav.kapoor91@company.com,Inactive,2025-01-06
8292,Reyansh Kapoor,25,Canada,Finance,79099,21,reyansh.kapoor92@gmail.com,Inactive,2018-04-26
8293,Vivaan Iyer,26,USA,Finance,161854,4,vivaan.iyer93@gmail.com,Active,2024-09-14
8294,Reyansh Singh,50,Germany,Sales,42539,4,reyansh.singh94@yahoo.com,Inactive,2018-10-26
8295,Ananya Roy,51,UK,Sales,79379,10,ananya.roy95@outlook.com,Active,2019-10-31
8296,Neha Singh,37,Canada,HR,91292,18,neha.singh96@outlook.com,Active,2022-11-12
8297,Kavya Mehta,31,India,Sales,159612,16,kavya.mehta97@gmail.com,Inactive,2019-05-25
8298,Vihaan Khan,40,USA,Sales,174295,17,vihaan.khan98@gmail.com,Active,2023-10-01
8299,Arjun Patel,29,USA,Finance,110696,8,arjun.patel99@outlook.com,Inactive,2020-10-04
8300,Meera Roy,22,Canada,IT,99590,16,meera.roy0@outlook.com,Active,2021-10-08
8301,Aarav Agarwal,57,UK,Data,46522,32,aarav.agarwal1@yahoo.com,Inactive,2019-06-24
8302,Neha Chopra,21,USA,Marketing,136872,19,neha.chopra2@outlook.com,Active,2018-07-31
8303,Priya Sharma,24,Germany,Marketing,63014,17,priya.sharma3@outlook.com,Active,2021-02-06
8304,Riya Chopra,56,Canada,Sales,157894,23,riya.chopra4@gmail.com,Inactive,2023-06-23
8305,Pooja Mehta,45,Canada,Sales,79082,12,pooja.mehta5@outlook.com,Inactive,2025-09-18
8306,Priya Nair,23,UK,Data,87945,27,priya.nair6@gmail.com,Active,2021-10-25
8307,Vivaan Malik,29,Germany,Marketing,162444,2,vivaan.malik7@company.com,Active,2025-08-11
8308,Priya Ghosh,42,Germany,Finance,108492,10,priya.ghosh8@gmail.com,Inactive,2025-01-20
8309,Priya Gupta,43,UK,Marketing,173457,20,priya.gupta9@company.com,Active,2021-06-17
8310,Aditya Gupta,32,India,Marketing,99552,1,aditya.gupta10@outlook.com,Active,2025-08-03
8311,Ishaan Chopra,30,Germany,Marketing,101944,5,ishaan.chopra11@company.com,Active,2020-10-09
8312,Neha Kapoor,54,India,Sales,166988,4,neha.kapoor12@gmail.com,Active,2022-12-25
8313,Riya Singh,30,India,Sales,100226,31,riya.singh13@outlook.com,Active,2020-03-06
8314,Arjun Mehta,50,Canada,Data,88583,10,arjun.mehta14@gmail.com,Inactive,2021-04-18
8315,Aarav Khan,42,Canada,Marketing,143180,16,aarav.khan15@company.com,Active,2020-07-17
8316,Aditya Roy,26,USA,Sales,106882,13,aditya.roy16@outlook.com,Inactive,2018-03-26
8317,Reyansh Ansari,22,Canada,Data,149173,1,reyansh.ansari17@company.com,Active,2022-12-02
8318,Kavya Ghosh,50,Germany,Marketing,51448,17,kavya.ghosh18@gmail.com,Inactive,2019-02-25
8319,Diya Ghosh,22,Germany,Finance,49715,32,diya.ghosh19@company.com,Inactive,2024-03-07
8320,Ishaan Nair,52,India,Sales,60897,29,ishaan.nair20@yahoo.com,Inactive,2023-06-07
8321,Aditya Khan,36,Germany,IT,137328,14,aditya.khan21@company.com,Active,2018-03-03
8322,Sneha Bansal,32,Canada,Data,76572,28,sneha.bansal22@company.com,Active,2018-01-05
8323,Vihaan Ghosh,21,Canada,Sales,174915,25,vihaan.ghosh23@company.com,Inactive,2019-05-11
8324,Vivaan Singh,28,Canada,Finance,66551,0,vivaan.singh24@outlook.com,Active,2022-03-27
8325,Muhammad Patel,33,UK,Finance,134691,16,muhammad.patel25@gmail.com,Inactive,2023-02-21
8326,Shaurya Patel,35,Germany,Sales,62442,1,shaurya.patel26@gmail.com,Inactive,2022-10-17
8327,Aditi Sharma,28,USA,HR,122099,14,aditi.sharma27@gmail.com,Active,2020-01-01
8328,Diya Verma,30,Germany,Data,123399,21,diya.verma28@yahoo.com,Active,2018-06-28
8329,Riya Sharma,25,Germany,Marketing,39763,19,riya.sharma29@outlook.com,Active,2022-02-22
8330,Vihaan Das,39,UK,Marketing,62771,28,vihaan.das30@gmail.com,Active,2023-01-26
8331,Ishaan Roy,58,Germany,Finance,132734,24,ishaan.roy31@yahoo.com,Inactive,2022-09-17
8332,Riya Sharma,31,India,Sales,121029,23,riya.sharma32@gmail.com,Inactive,2019-06-13
8333,Shaurya Patel,40,Canada,HR,171607,33,shaurya.patel33@gmail.com,Active,2021-11-11
8334,Ananya Singh,40,Canada,Data,67519,20,ananya.singh34@company.com,Inactive,2024-08-31
8335,Neha Ansari,41,UK,IT,164050,1,neha.ansari35@gmail.com,Active,2025-02-12
8336,Muhammad Nair,38,Canada,Marketing,178092,15,muhammad.nair36@company.com,Inactive,2018-12-02
8337,Neha Nair,30,India,Data,65906,20,neha.nair37@gmail.com,Active,2025-03-20
8338,Muhammad Mehta,54,UK,Data,121786,7,muhammad.mehta38@company.com,Active,2020-01-28
8339,Reyansh Kapoor,46,USA,HR,46297,13,reyansh.kapoor39@outlook.com,Inactive,2020-12-10
8340,Pooja Ghosh,50,Canada,Data,163996,21,pooja.ghosh40@yahoo.com,Active,2019-10-03
8341,Aditya Patel,29,Germany,Marketing,89183,17,aditya.patel41@yahoo.com,Inactive,2024-06-12
8342,Arjun Das,51,India,Sales,81791,4,arjun.das42@gmail.com,Inactive,2019-12-22
8343,Arjun Gupta,24,India,Marketing,65086,29,arjun.gupta43@yahoo.com,Inactive,2018-07-30
8344,Neha Das,26,Canada,IT,143818,30,neha.das44@gmail.com,Active,2022-07-26
8345,Aditya Roy,34,USA,Sales,130520,8,aditya.roy45@outlook.com,Inactive,2021-12-25
8346,Reyansh Singh,24,Germany,Finance,118957,30,reyansh.singh46@outlook.com,Inactive,2020-07-23
8347,Priya Chopra,46,USA,HR,162233,30,priya.chopra47@company.com,Active,2018-02-18
8348,Krishna Malik,59,USA,Marketing,76922,8,krishna.malik48@gmail.com,Active,2019-03-17
8349,Priya Verma,37,Canada,Sales,36243,5,priya.verma49@yahoo.com,Active,2024-04-12
8350,Priya Verma,39,Germany,Data,158412,25,priya.verma50@gmail.com,Inactive,2023-07-18
8351,Ananya Kapoor,26,Canada,Sales,77829,9,ananya.kapoor51@gmail.com,Inactive,2019-07-05
8352,Aarav Ansari,49,Canada,Marketing,87282,5,aarav.ansari52@gmail.com,Inactive,2019-03-28
8353,Diya Kapoor,31,India,Finance,67337,32,diya.kapoor53@yahoo.com,Active,2019-10-17
8354,Kavya Mukherjee,36,Canada,Marketing,134957,29,kavya.mukherjee54@yahoo.com,Active,2018-09-04
8355,Krishna Patel,50,UK,Finance,42974,23,krishna.patel55@yahoo.com,Inactive,2024-08-05
8356,Neha Mukherjee,45,Germany,Data,175563,27,neha.mukherjee56@yahoo.com,Active,2019-10-30
8357,Riya Bansal,31,India,Marketing,37304,28,riya.bansal57@yahoo.com,Inactive,2023-08-26
8358,Reyansh Singh,27,Germany,Sales,123840,14,reyansh.singh58@company.com,Active,2024-09-03
8359,Meera Das,46,India,IT,46498,7,meera.das59@company.com,Active,2024-07-23
8360,Shaurya Nair,42,UK,IT,112874,22,shaurya.nair60@outlook.com,Active,2023-06-24
8361,Aditya Bansal,45,Canada,Data,159581,8,aditya.bansal61@company.com,Active,2018-10-08
8362,Meera Sharma,39,India,Sales,169886,10,meera.sharma62@yahoo.com,Inactive,2018-05-25
8363,Priya Gupta,51,India,IT,160710,5,priya.gupta63@yahoo.com,Inactive,2023-09-25
8364,Pooja Gupta,46,India,Data,127755,11,pooja.gupta64@company.com,Inactive,2024-11-15
8365,Arjun Verma,56,UK,Finance,64925,33,arjun.verma65@gmail.com,Inactive,2020-03-31
8366,Diya Malik,43,Germany,Sales,113045,20,diya.malik66@outlook.com,Inactive,2021-10-25
8367,Aditi Malik,33,UK,Finance,48365,31,aditi.malik67@company.com,Active,2024-12-16
8368,Kavya Reddy,45,India,Sales,69726,24,kavya.reddy68@company.com,Active,2022-04-05
8369,Shaurya Ghosh,22,India,Finance,85448,34,shaurya.ghosh69@company.com,Active,2023-12-21
8370,Meera Reddy,22,Canada,Finance,98615,33,meera.reddy70@gmail.com,Active,2023-03-10
8371,Shaurya Nair,36,UK,IT,155411,18,shaurya.nair71@outlook.com,Inactive,2018-09-25
8372,Riya Nair,29,UK,Sales,44224,16,riya.nair72@company.com,Inactive,2025-03-25
8373,Aditi Roy,48,USA,Marketing,105618,15,aditi.roy73@company.com,Active,2025-06-10
8374,Pooja Mukherjee,33,Germany,IT,121242,15,pooja.mukherjee74@gmail.com,Inactive,2024-03-21
8375,Meera Roy,55,USA,Finance,64526,3,meera.roy75@company.com,Inactive,2020-06-30
8376,Arjun Nair,33,USA,Finance,54612,29,arjun.nair76@outlook.com,Inactive,2018-01-02
8377,Ananya Gupta,51,Germany,Marketing,118395,33,ananya.gupta77@company.com,Active,2020-08-29
8378,Neha Reddy,41,Canada,Marketing,160245,4,neha.reddy78@outlook.com,Inactive,2025-05-08
8379,Pooja Das,52,Canada,Finance,150623,32,pooja.das79@yahoo.com,Active,2018-04-27
8380,Meera Gupta,54,Germany,Marketing,78927,8,meera.gupta80@company.com,Inactive,2023-04-07
8381,Ishaan Malik,28,Germany,HR,138719,16,ishaan.malik81@gmail.com,Active,2019-03-13
8382,Ishaan Iyer,22,UK,IT,57073,11,ishaan.iyer82@outlook.com,Active,2024-06-16
8383,Meera Das,58,UK,Sales,160517,23,meera.das83@company.com,Active,2022-05-04
8384,Krishna Reddy,52,UK,Marketing,121257,11,krishna.reddy84@company.com,Active,2018-08-05
8385,Ananya Singh,48,UK,Marketing,172644,14,ananya.singh85@company.com,Active,2019-07-25
8386,Sneha Ansari,57,India,HR,170022,15,sneha.ansari86@outlook.com,Inactive,2022-05-15
8387,Diya Iyer,21,India,Sales,119578,22,diya.iyer87@gmail.com,Active,2024-07-20
8388,Muhammad Reddy,30,Canada,HR,45006,17,muhammad.reddy88@yahoo.com,Inactive,2023-10-27
8389,Riya Bansal,24,India,Sales,82813,21,riya.bansal89@yahoo.com,Inactive,2021-09-04
8390,Ishaan Malik,55,India,IT,161491,30,ishaan.malik90@company.com,Active,2022-07-21
8391,Meera Bansal,30,UK,Marketing,57013,14,meera.bansal91@outlook.com,Inactive,2021-09-07
8392,Muhammad Mukherjee,31,UK,IT,38244,20,muhammad.mukherjee92@company.com,Inactive,2025-03-29
8393,Arjun Iyer,34,Germany,Sales,112428,7,arjun.iyer93@gmail.com,Inactive,2019-10-31
8394,Muhammad Chopra,58,UK,Marketing,76462,5,muhammad.chopra94@outlook.com,Active,2022-12-20
8395,Pooja Ghosh,32,Germany,HR,55588,16,pooja.ghosh95@company.com,Inactive,2024-06-15
8396,Ananya Ansari,37,Germany,Finance,97182,27,ananya.ansari96@yahoo.com,Inactive,2022-11-23
8397,Kavya Roy,36,India,HR,153500,22,kavya.roy97@gmail.com,Active,2023-04-25
8398,Riya Khan,55,UK,Finance,35785,30,riya.khan98@outlook.com,Active,2018-02-13
8399,Vihaan Iyer,22,India,HR,166299,10,vihaan.iyer99@outlook.com,Inactive,2023-05-31
8400,Krishna Ansari,31,UK,Sales,105483,19,krishna.ansari0@outlook.com,Inactive,2019-03-29
8401,Meera Reddy,23,India,IT,173549,31,meera.reddy1@yahoo.com,Inactive,2020-10-04
8402,Reyansh Nair,49,India,Finance,52211,16,reyansh.nair2@company.com,Inactive,2019-12-31
8403,Diya Singh,38,India,Sales,114430,5,diya.singh3@gmail.com,Inactive,2021-05-07
8404,Aditi Nair,40,Canada,IT,45217,0,aditi.nair4@yahoo.com,Active,2022-09-12
8405,Ishaan Roy,34,India,IT,46556,3,ishaan.roy5@yahoo.com,Active,2018-07-13
8406,Kavya Ghosh,54,USA,Marketing,112104,30,kavya.ghosh6@company.com,Inactive,2020-11-01
8407,Ananya Patel,51,USA,Marketing,61914,10,ananya.patel7@company.com,Inactive,2025-07-27
8408,Ishaan Mukherjee,38,USA,Marketing,73199,16,ishaan.mukherjee8@outlook.com,Inactive,2021-02-23
8409,Aditya Malik,50,Germany,Finance,38339,6,aditya.malik9@company.com,Inactive,2024-07-23
8410,Vihaan Kapoor,45,India,Finance,119709,34,vihaan.kapoor10@company.com,Active,2019-03-16
8411,Pooja Kapoor,39,USA,IT,133118,1,pooja.kapoor11@outlook.com,Active,2020-01-02
8412,Aarav Gupta,28,Germany,Finance,95534,9,aarav.gupta12@outlook.com,Inactive,2018-10-29
8413,Muhammad Malik,48,USA,IT,127604,11,muhammad.malik13@gmail.com,Inactive,2024-07-24
8414,Neha Agarwal,28,UK,Sales,73316,16,neha.agarwal14@yahoo.com,Active,2018-05-01
8415,Pooja Roy,51,Canada,HR,122022,25,pooja.roy15@gmail.com,Active,2020-02-25
8416,Ishaan Das,23,India,IT,91670,4,ishaan.das16@gmail.com,Active,2023-07-29
8417,Sneha Bansal,23,Canada,IT,96745,4,sneha.bansal17@company.com,Inactive,2021-08-16
8418,Muhammad Malik,42,Canada,Sales,54046,26,muhammad.malik18@company.com,Inactive,2025-02-15
8419,Vivaan Bansal,37,UK,Marketing,42087,4,vivaan.bansal19@gmail.com,Inactive,2018-07-27
8420,Neha Mukherjee,56,UK,Data,146638,7,neha.mukherjee20@yahoo.com,Active,2024-11-26
8421,Vihaan Nair,37,UK,Marketing,161041,30,vihaan.nair21@outlook.com,Inactive,2018-08-02
8422,Priya Kapoor,34,Germany,Marketing,76430,32,priya.kapoor22@gmail.com,Active,2021-09-20
8423,Ananya Mehta,29,USA,IT,75711,20,ananya.mehta23@yahoo.com,Active,2023-10-26
8424,Arjun Khan,50,India,IT,136660,34,arjun.khan24@outlook.com,Inactive,2021-03-19
8425,Vihaan Chopra,41,UK,Finance,78543,20,vihaan.chopra25@yahoo.com,Active,2024-04-18
8426,Vivaan Verma,32,India,Finance,170543,14,vivaan.verma26@outlook.com,Active,2025-03-04
8427,Aditya Malik,57,India,HR,62122,1,aditya.malik27@gmail.com,Inactive,2018-08-01
8428,Vihaan Ghosh,52,India,HR,103659,29,vihaan.ghosh28@company.com,Inactive,2019-05-13
8429,Pooja Malik,31,UK,Data,111869,27,pooja.malik29@company.com,Active,2022-12-21
8430,Arjun Mehta,40,UK,Finance,86459,16,arjun.mehta30@outlook.com,Inactive,2019-12-06
8431,Priya Ansari,55,USA,IT,73771,19,priya.ansari31@company.com,Active,2018-01-29
8432,Vivaan Roy,31,UK,Sales,104326,28,vivaan.roy32@yahoo.com,Active,2023-10-22
8433,Vivaan Sharma,28,UK,Finance,67036,4,vivaan.sharma33@company.com,Inactive,2020-02-28
8434,Vihaan Reddy,24,India,IT,90087,24,vihaan.reddy34@gmail.com,Active,2024-03-03
8435,Meera Malik,47,USA,Finance,167673,9,meera.malik35@yahoo.com,Active,2023-08-05
8436,Shaurya Bansal,58,Canada,Marketing,177860,18,shaurya.bansal36@company.com,Active,2023-10-01
8437,Krishna Singh,50,UK,Finance,178784,0,krishna.singh37@yahoo.com,Active,2020-09-29
8438,Krishna Mukherjee,47,UK,Data,57303,33,krishna.mukherjee38@company.com,Inactive,2024-06-27
8439,Meera Roy,41,Canada,Marketing,81515,13,meera.roy39@company.com,Active,2025-04-28
8440,Ishaan Ghosh,40,India,IT,120698,24,ishaan.ghosh40@company.com,Inactive,2021-06-03
8441,Diya Singh,24,USA,Marketing,128773,25,diya.singh41@gmail.com,Active,2022-06-12
8442,Arjun Sharma,31,India,Finance,111025,20,arjun.sharma42@outlook.com,Inactive,2023-08-29
8443,Pooja Roy,33,Germany,Marketing,155551,15,pooja.roy43@company.com,Inactive,2022-11-29
8444,Ananya Singh,29,UK,Data,117099,9,ananya.singh44@outlook.com,Active,2018-11-07
8445,Reyansh Kapoor,24,Germany,Sales,55349,31,reyansh.kapoor45@gmail.com,Active,2025-03-23
8446,Muhammad Ghosh,32,UK,Marketing,81059,19,muhammad.ghosh46@gmail.com,Inactive,2025-01-14
8447,Meera Sharma,29,Germany,Data,137023,8,meera.sharma47@yahoo.com,Active,2025-05-27
8448,Reyansh Gupta,33,Canada,Marketing,156018,33,reyansh.gupta48@outlook.com,Active,2018-03-26
8449,Sneha Mukherjee,46,UK,HR,149742,30,sneha.mukherjee49@company.com,Inactive,2022-04-12
8450,Ishaan Nair,58,UK,Sales,61009,18,ishaan.nair50@outlook.com,Active,2023-08-13
8451,Vihaan Mehta,33,Germany,IT,157686,30,vihaan.mehta51@company.com,Inactive,2020-02-10
8452,Krishna Bansal,59,USA,Data,145138,29,krishna.bansal52@outlook.com,Inactive,2021-06-20
8453,Krishna Singh,48,Germany,Marketing,153871,23,krishna.singh53@gmail.com,Active,2019-02-09
8454,Kavya Mukherjee,39,UK,Sales,54678,32,kavya.mukherjee54@yahoo.com,Active,2018-08-21
8455,Reyansh Khan,44,UK,IT,71623,17,reyansh.khan55@outlook.com,Active,2019-05-23
8456,Krishna Malik,39,USA,Sales,48369,20,krishna.malik56@outlook.com,Inactive,2023-01-03
8457,Vihaan Sharma,33,India,Data,134028,30,vihaan.sharma57@gmail.com,Active,2021-10-05
8458,Krishna Iyer,33,USA,HR,142749,3,krishna.iyer58@outlook.com,Inactive,2022-01-03
8459,Priya Roy,48,India,Data,77256,25,priya.roy59@company.com,Active,2022-04-24
8460,Meera Kapoor,22,UK,Data,113893,32,meera.kapoor60@gmail.com,Inactive,2020-07-04
8461,Kavya Ansari,30,Canada,IT,126006,32,kavya.ansari61@company.com,Active,2023-01-31
8462,Krishna Mehta,42,Canada,IT,119419,19,krishna.mehta62@yahoo.com,Active,2021-08-15
8463,Aditya Bansal,33,Germany,Marketing,167401,7,aditya.bansal63@outlook.com,Inactive,2018-01-21
8464,Kavya Agarwal,29,USA,Finance,127586,7,kavya.agarwal64@yahoo.com,Active,2020-10-30
8465,Arjun Kapoor,53,USA,Data,164141,30,arjun.kapoor65@gmail.com,Inactive,2023-09-24
8466,Meera Kapoor,34,Canada,IT,66407,21,meera.kapoor66@gmail.com,Active,2025-04-06
8467,Aarav Ghosh,40,India,Data,154805,18,aarav.ghosh67@yahoo.com,Active,2023-09-22
8468,Ishaan Ansari,35,USA,Data,113074,19,ishaan.ansari68@gmail.com,Active,2018-10-24
8469,Neha Bansal,52,India,IT,82303,22,neha.bansal69@company.com,Inactive,2024-08-21
8470,Riya Reddy,53,India,HR,142665,23,riya.reddy70@outlook.com,Active,2021-02-04
8471,Ananya Sharma,37,India,HR,74825,23,ananya.sharma71@gmail.com,Active,2019-12-18
8472,Neha Das,44,India,Data,112167,8,neha.das72@gmail.com,Active,2019-09-28
8473,Meera Kapoor,50,Germany,HR,78327,15,meera.kapoor73@company.com,Active,2024-08-21
8474,Kavya Mukherjee,33,Germany,Data,104830,26,kavya.mukherjee74@outlook.com,Inactive,2018-02-16
8475,Muhammad Chopra,36,Canada,Marketing,77424,12,muhammad.chopra75@outlook.com,Active,2021-07-31
8476,Arjun Gupta,22,Germany,IT,146674,1,arjun.gupta76@outlook.com,Inactive,2018-11-27
8477,Meera Kapoor,37,USA,Data,118650,11,meera.kapoor77@yahoo.com,Active,2018-08-24
8478,Reyansh Kapoor,52,Germany,HR,95638,32,reyansh.kapoor78@company.com,Inactive,2020-05-11
8479,Muhammad Ansari,28,USA,HR,154309,22,muhammad.ansari79@gmail.com,Inactive,2024-05-21
8480,Ananya Chopra,23,USA,Sales,149952,13,ananya.chopra80@outlook.com,Active,2025-09-02
8481,Aditi Malik,32,India,Sales,148670,29,aditi.malik81@gmail.com,Inactive,2019-12-17
8482,Krishna Iyer,40,Canada,HR,118949,33,krishna.iyer82@gmail.com,Active,2025-07-22
8483,Krishna Kapoor,36,India,Marketing,93587,8,krishna.kapoor83@gmail.com,Active,2020-12-16
8484,Meera Nair,34,India,Finance,169838,14,meera.nair84@company.com,Inactive,2024-10-20
8485,Aarav Roy,36,Germany,Data,74824,23,aarav.roy85@company.com,Inactive,2021-01-02
8486,Krishna Gupta,53,Germany,Sales,61056,24,krishna.gupta86@gmail.com,Inactive,2023-08-06
8487,Kavya Sharma,50,USA,Data,43299,31,kavya.sharma87@company.com,Active,2023-12-07
8488,Aditi Roy,32,Germany,Sales,71331,20,aditi.roy88@yahoo.com,Inactive,2019-07-25
8489,Diya Chopra,35,Germany,IT,162611,5,diya.chopra89@company.com,Inactive,2021-08-07
8490,Aditi Sharma,38,UK,IT,173921,24,aditi.sharma90@yahoo.com,Active,2020-08-05
8491,Neha Bansal,48,USA,HR,179843,1,neha.bansal91@company.com,Active,2021-09-18
8492,Kavya Bansal,43,USA,IT,64604,30,kavya.bansal92@yahoo.com,Inactive,2018-02-27
8493,Aditya Bansal,34,UK,IT,172107,29,aditya.bansal93@company.com,Active,2019-05-15
8494,Ishaan Chopra,50,USA,Finance,108495,14,ishaan.chopra94@gmail.com,Inactive,2020-01-01
8495,Krishna Malik,53,Canada,Marketing,38196,17,krishna.malik95@yahoo.com,Active,2021-07-05
8496,Diya Malik,35,Canada,HR,85337,31,diya.malik96@outlook.com,Inactive,2025-10-14
8497,Neha Khan,27,UK,Finance,71899,13,neha.khan97@outlook.com,Inactive,2019-04-27
8498,Reyansh Singh,35,Germany,HR,128270,17,reyansh.singh98@gmail.com,Inactive,2022-02-01
8499,Sneha Das,58,Canada,Marketing,111687,34,sneha.das99@company.com,Inactive,2018-11-22
8500,Meera Das,31,UK,HR,174866,21,meera.das0@gmail.com,Inactive,2023-01-26
8501,Muhammad Verma,49,Canada,Data,59358,13,muhammad.verma1@gmail.com,Active,2018-08-19
8502,Aditi Chopra,51,India,Data,68849,13,aditi.chopra2@yahoo.com,Inactive,2021-10-15
8503,Vivaan Singh,45,UK,Data,97603,33,vivaan.singh3@company.com,Inactive,2019-07-09
8504,Aditya Khan,44,USA,IT,154043,21,aditya.khan4@yahoo.com,Inactive,2024-10-06
8505,Aditya Mukherjee,39,Canada,Marketing,124582,15,aditya.mukherjee5@company.com,Inactive,2025-08-09
8506,Pooja Verma,22,USA,Finance,43389,15,pooja.verma6@yahoo.com,Active,2018-07-22
8507,Ishaan Gupta,42,UK,Finance,118061,15,ishaan.gupta7@gmail.com,Inactive,2019-11-21
8508,Riya Malik,40,Canada,Sales,91087,17,riya.malik8@gmail.com,Inactive,2020-02-23
8509,Kavya Patel,53,USA,Finance,166028,22,kavya.patel9@gmail.com,Active,2022-05-07
8510,Shaurya Patel,28,Germany,Data,110781,17,shaurya.patel10@company.com,Active,2019-03-29
8511,Priya Malik,45,Germany,Data,112895,21,priya.malik11@gmail.com,Inactive,2022-05-26
8512,Reyansh Singh,29,India,Sales,132184,29,reyansh.singh12@company.com,Inactive,2021-01-17
8513,Priya Iyer,54,UK,IT,170599,17,priya.iyer13@outlook.com,Active,2020-12-10
8514,Reyansh Das,43,USA,Finance,145971,17,reyansh.das14@yahoo.com,Inactive,2019-11-03
8515,Aditya Singh,25,India,Marketing,41693,0,aditya.singh15@company.com,Inactive,2019-04-25
8516,Aditya Mukherjee,45,UK,Sales,72671,14,aditya.mukherjee16@outlook.com,Inactive,2024-09-09
8517,Vivaan Roy,28,Germany,Finance,67823,4,vivaan.roy17@gmail.com,Active,2018-06-08
8518,Reyansh Iyer,36,USA,IT,113950,26,reyansh.iyer18@company.com,Active,2024-11-17
8519,Pooja Nair,35,Canada,Marketing,141786,16,pooja.nair19@outlook.com,Inactive,2021-03-19
8520,Priya Khan,21,Germany,Marketing,115586,31,priya.khan20@gmail.com,Active,2025-03-03
8521,Krishna Sharma,42,Canada,IT,53378,25,krishna.sharma21@outlook.com,Active,2019-07-13
8522,Muhammad Mukherjee,23,Canada,Finance,52218,1,muhammad.mukherjee22@company.com,Active,2022-03-02
8523,Aditya Gupta,58,USA,HR,115278,27,aditya.gupta23@yahoo.com,Inactive,2023-03-12
8524,Vihaan Malik,34,USA,Finance,153997,22,vihaan.malik24@yahoo.com,Active,2021-08-28
8525,Reyansh Ghosh,56,Canada,Sales,144097,19,reyansh.ghosh25@company.com,Active,2023-07-03
8526,Vihaan Agarwal,38,India,Sales,134805,21,vihaan.agarwal26@outlook.com,Active,2025-02-03
8527,Pooja Chopra,38,Canada,Finance,115831,10,pooja.chopra27@company.com,Inactive,2024-04-13
8528,Reyansh Patel,23,Canada,Data,116089,27,reyansh.patel28@gmail.com,Active,2025-07-09
8529,Pooja Khan,30,USA,Sales,79281,21,pooja.khan29@company.com,Inactive,2023-02-05
8530,Krishna Sharma,59,UK,HR,121608,16,krishna.sharma30@yahoo.com,Active,2021-09-17
8531,Ananya Khan,21,Germany,Data,52416,30,ananya.khan31@company.com,Inactive,2021-04-09
8532,Ishaan Das,47,USA,HR,76784,10,ishaan.das32@outlook.com,Active,2022-02-07
8533,Aarav Das,47,India,Marketing,147251,13,aarav.das33@company.com,Active,2025-03-25
8534,Riya Verma,31,Germany,Sales,98376,34,riya.verma34@gmail.com,Inactive,2025-11-29
8535,Aditi Patel,25,USA,Data,46853,22,aditi.patel35@gmail.com,Inactive,2021-10-20
8536,Reyansh Verma,27,USA,Finance,63369,28,reyansh.verma36@outlook.com,Active,2020-10-25
8537,Neha Patel,39,UK,Data,35747,22,neha.patel37@gmail.com,Inactive,2019-05-31
8538,Arjun Singh,49,India,Marketing,149375,15,arjun.singh38@company.com,Active,2019-05-02
8539,Meera Chopra,35,India,HR,117887,19,meera.chopra39@outlook.com,Inactive,2025-05-26
8540,Sneha Malik,55,USA,Marketing,162227,24,sneha.malik40@gmail.com,Active,2020-06-16
8541,Kavya Singh,57,UK,IT,119718,18,kavya.singh41@gmail.com,Inactive,2021-12-27
8542,Kavya Khan,32,USA,Sales,85956,25,kavya.khan42@outlook.com,Active,2018-11-08
8543,Vihaan Singh,50,Canada,Finance,102559,31,vihaan.singh43@gmail.com,Active,2022-07-30
8544,Reyansh Mukherjee,40,Canada,HR,109128,20,reyansh.mukherjee44@company.com,Inactive,2023-06-07
8545,Vivaan Gupta,57,UK,Marketing,98769,8,vivaan.gupta45@gmail.com,Inactive,2025-08-03
8546,Aditi Patel,23,USA,Finance,66109,18,aditi.patel46@company.com,Active,2021-07-27
8547,Aarav Iyer,29,UK,Sales,121352,20,aarav.iyer47@company.com,Active,2020-02-02
8548,Kavya Das,59,USA,Finance,61499,17,kavya.das48@yahoo.com,Active,2019-11-25
8549,Neha Kapoor,46,USA,Sales,132798,5,neha.kapoor49@outlook.com,Inactive,2024-03-06
8550,Pooja Ghosh,22,Canada,Sales,136628,34,pooja.ghosh50@outlook.com,Active,2021-09-10
8551,Aditi Das,43,Germany,Sales,156851,13,aditi.das51@gmail.com,Inactive,2023-06-21
8552,Kavya Das,43,India,Marketing,93741,8,kavya.das52@company.com,Inactive,2025-07-28
8553,Diya Mukherjee,41,India,Sales,58345,34,diya.mukherjee53@outlook.com,Inactive,2020-01-20
8554,Sneha Kapoor,36,UK,Finance,176183,1,sneha.kapoor54@outlook.com,Inactive,2018-06-08
8555,Ishaan Das,29,India,IT,138837,5,ishaan.das55@company.com,Inactive,2024-11-13
8556,Priya Khan,33,Canada,Finance,175785,34,priya.khan56@gmail.com,Inactive,2023-10-03
8557,Riya Nair,48,Germany,Marketing,175085,24,riya.nair57@outlook.com,Inactive,2019-01-28
8558,Arjun Verma,47,USA,Sales,154021,8,arjun.verma58@gmail.com,Inactive,2018-09-01
8559,Muhammad Gupta,37,USA,IT,156321,30,muhammad.gupta59@company.com,Active,2022-10-06
8560,Meera Chopra,58,Canada,Marketing,38093,6,meera.chopra60@yahoo.com,Active,2020-01-14
8561,Shaurya Mehta,56,India,HR,133057,27,shaurya.mehta61@yahoo.com,Inactive,2021-09-21
8562,Meera Bansal,21,USA,HR,135854,1,meera.bansal62@gmail.com,Active,2021-05-01
8563,Aditi Kapoor,38,India,HR,94530,0,aditi.kapoor63@gmail.com,Inactive,2025-11-25
8564,Shaurya Chopra,29,Canada,IT,68993,23,shaurya.chopra64@yahoo.com,Inactive,2021-05-20
8565,Aarav Reddy,33,USA,Finance,62132,34,aarav.reddy65@gmail.com,Inactive,2018-10-18
8566,Neha Ansari,35,UK,IT,91552,6,neha.ansari66@outlook.com,Inactive,2022-06-29
8567,Aarav Ansari,24,Germany,IT,105092,28,aarav.ansari67@company.com,Inactive,2022-03-03
8568,Priya Patel,53,India,IT,168789,0,priya.patel68@outlook.com,Inactive,2018-05-11
8569,Kavya Roy,44,India,HR,136696,29,kavya.roy69@yahoo.com,Inactive,2021-07-24
8570,Arjun Iyer,56,India,Data,73890,31,arjun.iyer70@yahoo.com,Inactive,2021-11-15
8571,Aditi Singh,30,India,Finance,74407,9,aditi.singh71@yahoo.com,Inactive,2018-10-05
8572,Arjun Sharma,56,Canada,Data,58402,33,arjun.sharma72@yahoo.com,Active,2023-12-30
8573,Krishna Agarwal,40,Canada,Data,146749,10,krishna.agarwal73@outlook.com,Active,2023-05-29
8574,Ishaan Nair,31,Canada,IT,105286,26,ishaan.nair74@yahoo.com,Active,2023-10-16
8575,Aditi Agarwal,32,Canada,Finance,48820,9,aditi.agarwal75@company.com,Active,2021-11-13
8576,Kavya Chopra,38,USA,Data,135958,21,kavya.chopra76@outlook.com,Inactive,2022-11-05
8577,Muhammad Agarwal,50,Canada,Sales,70837,23,muhammad.agarwal77@gmail.com,Inactive,2019-01-28
8578,Arjun Bansal,57,USA,IT,179785,7,arjun.bansal78@outlook.com,Inactive,2024-12-31
8579,Vivaan Singh,40,UK,IT,75431,5,vivaan.singh79@company.com,Active,2024-02-02
8580,Arjun Mehta,45,Canada,IT,66207,3,arjun.mehta80@yahoo.com,Active,2023-09-16
8581,Shaurya Chopra,32,UK,Sales,41142,4,shaurya.chopra81@outlook.com,Active,2019-08-20
8582,Vivaan Chopra,41,Canada,Sales,38755,5,vivaan.chopra82@outlook.com,Active,2024-10-17
8583,Kavya Kapoor,45,UK,HR,101366,31,kavya.kapoor83@outlook.com,Active,2024-12-18
8584,Priya Gupta,31,Germany,Marketing,146929,19,priya.gupta84@yahoo.com,Inactive,2022-04-09
8585,Meera Iyer,29,UK,Finance,114229,13,meera.iyer85@yahoo.com,Inactive,2020-06-10
8586,Diya Das,45,USA,Marketing,41121,18,diya.das86@gmail.com,Inactive,2024-06-10
8587,Pooja Nair,55,India,IT,83294,10,pooja.nair87@company.com,Active,2018-09-13
8588,Vivaan Nair,52,UK,Data,122994,0,vivaan.nair88@yahoo.com,Inactive,2021-11-16
8589,Aditya Chopra,34,India,IT,99902,34,aditya.chopra89@gmail.com,Active,2019-08-10
8590,Ananya Ansari,21,Germany,Data,78704,18,ananya.ansari90@outlook.com,Inactive,2025-04-23
8591,Shaurya Das,37,Germany,HR,69612,32,shaurya.das91@yahoo.com,Active,2020-10-26
8592,Reyansh Sharma,45,USA,Marketing,150149,31,reyansh.sharma92@gmail.com,Inactive,2022-04-25
8593,Vihaan Patel,28,USA,IT,131081,23,vihaan.patel93@yahoo.com,Active,2020-04-28
8594,Pooja Malik,25,UK,Marketing,152679,6,pooja.malik94@company.com,Inactive,2021-10-20
8595,Vivaan Sharma,25,Canada,HR,93922,6,vivaan.sharma95@company.com,Active,2025-05-28
8596,Riya Ansari,55,Germany,Marketing,100736,4,riya.ansari96@outlook.com,Inactive,2021-08-23
8597,Riya Chopra,39,India,Data,117435,13,riya.chopra97@gmail.com,Inactive,2020-10-22
8598,Aarav Agarwal,43,Canada,Finance,64546,25,aarav.agarwal98@outlook.com,Inactive,2020-03-28
8599,Aditi Reddy,29,Germany,HR,123410,0,aditi.reddy99@outlook.com,Active,2024-03-25
8600,Meera Agarwal,50,UK,Marketing,38696,12,meera.agarwal0@company.com,Active,2021-05-07
8601,Diya Mukherjee,36,Germany,IT,87445,22,diya.mukherjee1@gmail.com,Inactive,2021-11-24
8602,Ananya Iyer,53,USA,Sales,123921,19,ananya.iyer2@gmail.com,Inactive,2018-03-24
8603,Diya Verma,22,India,Sales,157251,6,diya.verma3@company.com,Inactive,2024-10-24
8604,Riya Roy,34,India,HR,102552,5,riya.roy4@outlook.com,Active,2021-12-30
8605,Vihaan Agarwal,21,USA,Sales,97417,8,vihaan.agarwal5@yahoo.com,Active,2025-07-21
8606,Neha Bansal,46,Canada,Finance,76126,27,neha.bansal6@yahoo.com,Inactive,2018-06-24
8607,Riya Verma,45,USA,HR,68743,9,riya.verma7@yahoo.com,Inactive,2022-04-18
8608,Pooja Roy,36,India,IT,121467,34,pooja.roy8@gmail.com,Active,2019-01-19
8609,Riya Gupta,35,UK,IT,75073,6,riya.gupta9@outlook.com,Active,2019-02-12
8610,Arjun Kapoor,46,Canada,HR,52243,24,arjun.kapoor10@yahoo.com,Active,2024-02-18
8611,Ananya Agarwal,36,Germany,Sales,55328,29,ananya.agarwal11@yahoo.com,Inactive,2021-01-13
8612,Ishaan Patel,34,UK,Sales,35209,25,ishaan.patel12@outlook.com,Active,2025-12-13
8613,Arjun Ansari,49,Canada,IT,44800,11,arjun.ansari13@gmail.com,Active,2024-11-16
8614,Aditya Mukherjee,44,India,Finance,100749,12,aditya.mukherjee14@yahoo.com,Inactive,2019-12-22
8615,Aditi Malik,35,India,Data,122817,3,aditi.malik15@company.com,Active,2023-09-08
8616,Aditi Singh,39,UK,Sales,63007,0,aditi.singh16@outlook.com,Active,2020-12-07
8617,Vivaan Verma,28,Canada,Finance,73550,5,vivaan.verma17@gmail.com,Inactive,2018-09-24
8618,Shaurya Sharma,54,Germany,Sales,163396,1,shaurya.sharma18@outlook.com,Active,2024-08-31
8619,Arjun Ansari,22,Germany,Data,100839,26,arjun.ansari19@gmail.com,Inactive,2025-06-22
8620,Priya Roy,47,USA,HR,156964,17,priya.roy20@company.com,Inactive,2020-11-05
8621,Muhammad Bansal,30,UK,Marketing,125094,28,muhammad.bansal21@company.com,Inactive,2024-11-01
8622,Arjun Bansal,55,Canada,IT,85012,32,arjun.bansal22@yahoo.com,Inactive,2018-12-13
8623,Pooja Roy,43,UK,HR,106495,2,pooja.roy23@gmail.com,Active,2024-05-23
8624,Ishaan Ansari,28,Germany,Sales,132489,19,ishaan.ansari24@company.com,Inactive,2022-04-12
8625,Aarav Gupta,48,Canada,Data,135681,3,aarav.gupta25@yahoo.com,Active,2019-01-12
8626,Reyansh Verma,43,India,IT,61326,17,reyansh.verma26@yahoo.com,Active,2024-10-05
8627,Ishaan Nair,24,India,Marketing,165194,7,ishaan.nair27@company.com,Active,2020-07-20
8628,Aditya Singh,34,Canada,Marketing,120331,21,aditya.singh28@outlook.com,Active,2023-01-26
8629,Kavya Khan,49,UK,Data,88811,21,kavya.khan29@yahoo.com,Inactive,2020-02-03
8630,Neha Mehta,21,UK,Data,88537,18,neha.mehta30@gmail.com,Active,2020-01-15
8631,Aditya Agarwal,24,India,Sales,92829,27,aditya.agarwal31@outlook.com,Active,2024-03-16
8632,Ananya Mukherjee,52,India,IT,44552,1,ananya.mukherjee32@gmail.com,Active,2018-02-26
8633,Diya Nair,53,Germany,Sales,50485,8,diya.nair33@company.com,Inactive,2019-11-18
8634,Ishaan Roy,46,Canada,Marketing,112505,34,ishaan.roy34@company.com,Active,2018-04-24
8635,Pooja Ghosh,37,UK,HR,85984,21,pooja.ghosh35@outlook.com,Active,2022-10-20
8636,Ananya Reddy,59,Germany,HR,173677,25,ananya.reddy36@yahoo.com,Active,2024-11-27
8637,Riya Patel,43,UK,Finance,134603,33,riya.patel37@gmail.com,Active,2023-01-17
8638,Sneha Das,52,India,Marketing,116389,6,sneha.das38@company.com,Inactive,2023-10-07
8639,Ishaan Mukherjee,35,Canada,Marketing,159142,29,ishaan.mukherjee39@company.com,Inactive,2024-06-09
8640,Krishna Singh,33,USA,Sales,79865,24,krishna.singh40@gmail.com,Inactive,2021-01-04
8641,Aarav Bansal,22,Canada,Finance,97811,8,aarav.bansal41@gmail.com,Inactive,2024-06-08
8642,Neha Malik,39,USA,Data,43337,26,neha.malik42@outlook.com,Inactive,2022-07-05
8643,Ananya Das,44,Germany,Finance,112670,0,ananya.das43@outlook.com,Active,2022-07-06
8644,Shaurya Nair,44,USA,IT,167911,32,shaurya.nair44@company.com,Inactive,2025-08-13
8645,Aditi Verma,31,USA,Sales,88102,7,aditi.verma45@outlook.com,Inactive,2025-07-28
8646,Sneha Iyer,42,Germany,Data,52702,31,sneha.iyer46@company.com,Active,2022-02-08
8647,Ishaan Mehta,35,Canada,Data,51359,18,ishaan.mehta47@company.com,Inactive,2023-08-03
8648,Arjun Ghosh,30,Germany,HR,123038,21,arjun.ghosh48@gmail.com,Active,2025-12-20
8649,Krishna Singh,47,India,IT,67514,25,krishna.singh49@company.com,Inactive,2018-01-02
8650,Krishna Agarwal,29,India,Finance,169012,2,krishna.agarwal50@outlook.com,Active,2020-11-29
8651,Arjun Mehta,48,USA,HR,58953,8,arjun.mehta51@gmail.com,Active,2020-12-07
8652,Pooja Das,21,Germany,Marketing,73226,34,pooja.das52@company.com,Inactive,2025-07-22
8653,Diya Bansal,37,Germany,Sales,37052,6,diya.bansal53@outlook.com,Active,2023-06-12
8654,Aditi Bansal,51,Germany,Finance,172377,14,aditi.bansal54@yahoo.com,Inactive,2023-07-29
8655,Sneha Reddy,30,Canada,Marketing,174479,3,sneha.reddy55@gmail.com,Inactive,2023-10-06
8656,Shaurya Gupta,57,UK,Data,35785,27,shaurya.gupta56@outlook.com,Inactive,2022-09-28
8657,Krishna Khan,49,UK,Finance,157026,8,krishna.khan57@yahoo.com,Inactive,2023-08-22
8658,Meera Nair,38,UK,HR,45491,34,meera.nair58@outlook.com,Active,2019-04-03
8659,Aditya Reddy,58,Canada,IT,112480,24,aditya.reddy59@outlook.com,Active,2019-11-22
8660,Vivaan Bansal,59,Germany,HR,169181,8,vivaan.bansal60@outlook.com,Active,2019-06-25
8661,Aditi Bansal,26,UK,Sales,178587,32,aditi.bansal61@yahoo.com,Active,2022-12-26
8662,Arjun Bansal,32,Germany,Sales,155741,16,arjun.bansal62@gmail.com,Active,2024-07-14
8663,Neha Sharma,34,USA,Finance,107981,11,neha.sharma63@outlook.com,Inactive,2025-09-07
8664,Ananya Chopra,30,UK,HR,68052,8,ananya.chopra64@gmail.com,Active,2018-09-13
8665,Vihaan Iyer,40,USA,IT,79541,4,vihaan.iyer65@company.com,Active,2020-12-05
8666,Krishna Nair,35,Canada,Data,164672,25,krishna.nair66@outlook.com,Active,2020-11-09
8667,Neha Kapoor,51,India,Sales,168485,18,neha.kapoor67@outlook.com,Active,2020-12-18
8668,Sneha Ansari,27,Canada,IT,175391,34,sneha.ansari68@outlook.com,Active,2024-04-06
8669,Aditi Bansal,30,Canada,Marketing,106871,1,aditi.bansal69@company.com,Inactive,2019-01-11
8670,Krishna Iyer,30,Canada,Finance,84795,6,krishna.iyer70@yahoo.com,Active,2020-11-25
8671,Krishna Mukherjee,59,UK,IT,156999,8,krishna.mukherjee71@yahoo.com,Inactive,2022-03-17
8672,Reyansh Reddy,48,USA,Finance,99394,21,reyansh.reddy72@gmail.com,Inactive,2025-12-15
8673,Reyansh Mukherjee,50,UK,Marketing,127890,32,reyansh.mukherjee73@gmail.com,Active,2019-01-22
8674,Ananya Roy,57,India,IT,143541,15,ananya.roy74@gmail.com,Inactive,2020-03-22
8675,Aditi Gupta,23,Canada,IT,137241,23,aditi.gupta75@yahoo.com,Active,2018-07-02
8676,Vihaan Gupta,35,Germany,Data,105343,7,vihaan.gupta76@yahoo.com,Active,2024-06-21
8677,Aditya Sharma,41,India,Marketing,106872,29,aditya.sharma77@yahoo.com,Active,2021-11-11
8678,Arjun Ghosh,57,USA,HR,172596,25,arjun.ghosh78@outlook.com,Active,2023-11-03
8679,Priya Nair,32,India,IT,73490,34,priya.nair79@yahoo.com,Active,2022-01-10
8680,Aditya Patel,24,UK,Data,85220,16,aditya.patel80@yahoo.com,Active,2022-11-19
8681,Vivaan Sharma,29,Germany,IT,50265,9,vivaan.sharma81@outlook.com,Inactive,2025-11-16
8682,Neha Khan,59,UK,Data,128759,16,neha.khan82@gmail.com,Active,2025-10-30
8683,Vivaan Patel,48,Canada,Sales,64830,6,vivaan.patel83@outlook.com,Inactive,2020-08-05
8684,Shaurya Chopra,43,Canada,HR,114138,1,shaurya.chopra84@yahoo.com,Inactive,2022-12-28
8685,Diya Roy,42,India,IT,176589,10,diya.roy85@outlook.com,Active,2025-11-27
8686,Aditya Verma,44,Canada,Marketing,174167,2,aditya.verma86@yahoo.com,Inactive,2025-12-14
8687,Reyansh Iyer,46,Canada,Finance,82385,19,reyansh.iyer87@gmail.com,Inactive,2018-10-29
8688,Ananya Mehta,50,USA,Marketing,85295,12,ananya.mehta88@yahoo.com,Inactive,2020-08-07
8689,Vivaan Roy,53,USA,HR,57277,22,vivaan.roy89@company.com,Inactive,2019-12-25
8690,Aditya Verma,36,UK,Sales,124261,16,aditya.verma90@company.com,Active,2025-05-22
8691,Meera Sharma,42,UK,Sales,131714,28,meera.sharma91@yahoo.com,Active,2025-04-17
8692,Muhammad Khan,38,USA,Sales,136048,31,muhammad.khan92@gmail.com,Inactive,2020-12-24
8693,Aditi Nair,27,India,Data,88822,34,aditi.nair93@gmail.com,Active,2022-02-01
8694,Vihaan Malik,46,USA,Marketing,36920,34,vihaan.malik94@company.com,Active,2024-08-16
8695,Sneha Iyer,28,UK,Finance,175948,33,sneha.iyer95@gmail.com,Inactive,2025-01-31
8696,Meera Das,26,Germany,Finance,172491,20,meera.das96@yahoo.com,Inactive,2022-06-06
8697,Aditya Mukherjee,50,Canada,Data,44160,15,aditya.mukherjee97@company.com,Active,2022-02-09
8698,Shaurya Patel,59,Germany,IT,66706,22,shaurya.patel98@yahoo.com,Active,2021-09-15
8699,Aditya Agarwal,43,Germany,Data,73698,10,aditya.agarwal99@gmail.com,Inactive,2023-08-19
8700,Meera Malik,52,Canada,Finance,57879,13,meera.malik0@yahoo.com,Active,2024-01-19
8701,Reyansh Das,42,USA,Finance,113570,2,reyansh.das1@gmail.com,Inactive,2021-11-28
8702,Vihaan Nair,29,India,IT,38884,6,vihaan.nair2@yahoo.com,Active,2025-08-14
8703,Meera Singh,51,Germany,Marketing,134036,10,meera.singh3@company.com,Inactive,2019-10-05
8704,Shaurya Verma,27,India,Marketing,66803,32,shaurya.verma4@yahoo.com,Inactive,2025-05-12
8705,Aditi Reddy,29,UK,HR,55236,18,aditi.reddy5@outlook.com,Inactive,2020-04-07
8706,Reyansh Nair,33,Germany,Marketing,137003,22,reyansh.nair6@gmail.com,Active,2020-05-14
8707,Kavya Chopra,23,UK,Sales,105717,22,kavya.chopra7@outlook.com,Active,2019-10-10
8708,Riya Iyer,55,USA,Sales,157001,28,riya.iyer8@company.com,Inactive,2020-07-02
8709,Shaurya Kapoor,53,Germany,HR,53484,5,shaurya.kapoor9@gmail.com,Inactive,2023-11-15
8710,Priya Singh,41,UK,Finance,143388,4,priya.singh10@yahoo.com,Active,2023-04-26
8711,Shaurya Reddy,51,UK,HR,48280,31,shaurya.reddy11@yahoo.com,Active,2024-12-12
8712,Muhammad Singh,54,USA,IT,37754,25,muhammad.singh12@outlook.com,Inactive,2019-06-05
8713,Kavya Patel,52,India,HR,85258,13,kavya.patel13@yahoo.com,Active,2024-05-14
8714,Arjun Verma,55,India,HR,78386,17,arjun.verma14@yahoo.com,Inactive,2020-06-24
8715,Aditya Verma,35,Germany,Data,66365,20,aditya.verma15@gmail.com,Inactive,2024-12-24
8716,Sneha Mehta,52,USA,Sales,116353,24,sneha.mehta16@gmail.com,Inactive,2020-09-19
8717,Arjun Mehta,26,Germany,IT,36803,19,arjun.mehta17@outlook.com,Active,2019-05-11
8718,Kavya Patel,41,India,Data,159907,23,kavya.patel18@company.com,Active,2024-06-28
8719,Arjun Gupta,53,USA,IT,174344,2,arjun.gupta19@gmail.com,Inactive,2021-05-17
8720,Shaurya Reddy,52,Canada,HR,156345,21,shaurya.reddy20@gmail.com,Active,2023-08-19
8721,Ananya Roy,39,USA,Data,140210,7,ananya.roy21@gmail.com,Active,2021-08-19
8722,Krishna Nair,53,USA,Data,62117,28,krishna.nair22@outlook.com,Inactive,2023-01-06
8723,Priya Bansal,48,Canada,IT,42204,6,priya.bansal23@yahoo.com,Active,2021-10-09
8724,Vihaan Ghosh,51,UK,IT,97519,5,vihaan.ghosh24@company.com,Inactive,2020-10-22
8725,Sneha Iyer,41,UK,Marketing,85386,5,sneha.iyer25@yahoo.com,Inactive,2022-02-07
8726,Muhammad Nair,54,UK,IT,51486,11,muhammad.nair26@yahoo.com,Inactive,2025-06-13
8727,Vivaan Chopra,35,India,Data,138216,21,vivaan.chopra27@outlook.com,Inactive,2023-10-13
8728,Reyansh Kapoor,34,USA,Finance,38691,25,reyansh.kapoor28@outlook.com,Active,2022-11-26
8729,Muhammad Chopra,39,Canada,IT,79445,24,muhammad.chopra29@gmail.com,Active,2019-02-14
8730,Aditya Verma,35,India,Sales,136368,18,aditya.verma30@outlook.com,Inactive,2022-07-13
8731,Vivaan Malik,26,Canada,Marketing,89564,34,vivaan.malik31@outlook.com,Active,2021-12-12
8732,Aditi Khan,29,India,Sales,122071,12,aditi.khan32@company.com,Active,2022-09-23
8733,Neha Agarwal,57,India,Sales,172098,24,neha.agarwal33@company.com,Inactive,2023-05-02
8734,Aditi Reddy,40,India,Finance,49073,31,aditi.reddy34@company.com,Inactive,2022-10-16
8735,Kavya Patel,54,Canada,Marketing,173256,29,kavya.patel35@company.com,Active,2018-04-02
8736,Ananya Bansal,58,Germany,HR,36789,20,ananya.bansal36@company.com,Active,2021-01-06
8737,Ananya Roy,46,India,Data,65353,7,ananya.roy37@outlook.com,Inactive,2020-12-05
8738,Reyansh Sharma,38,UK,Data,61340,6,reyansh.sharma38@outlook.com,Inactive,2022-12-17
8739,Reyansh Malik,48,USA,IT,82343,2,reyansh.malik39@yahoo.com,Inactive,2023-05-10
8740,Priya Gupta,29,Germany,Data,179758,2,priya.gupta40@outlook.com,Active,2025-04-26
8741,Neha Reddy,52,Germany,Finance,160877,17,neha.reddy41@outlook.com,Active,2024-04-17
8742,Arjun Verma,26,Canada,Data,68027,8,arjun.verma42@company.com,Inactive,2022-01-17
8743,Arjun Singh,34,Germany,Finance,156192,23,arjun.singh43@gmail.com,Active,2019-04-01
8744,Riya Mukherjee,48,Canada,HR,125095,6,riya.mukherjee44@yahoo.com,Active,2020-07-29
8745,Neha Malik,44,Canada,Finance,165563,32,neha.malik45@gmail.com,Active,2021-06-27
8746,Muhammad Khan,33,UK,HR,148570,24,muhammad.khan46@gmail.com,Active,2023-07-13
8747,Priya Verma,32,India,HR,61362,33,priya.verma47@outlook.com,Inactive,2025-09-20
8748,Aarav Chopra,39,Germany,HR,42252,20,aarav.chopra48@gmail.com,Active,2025-04-11
8749,Ananya Mukherjee,41,India,Finance,156918,17,ananya.mukherjee49@outlook.com,Active,2023-06-27
8750,Diya Reddy,47,India,HR,50090,32,diya.reddy50@yahoo.com,Inactive,2020-05-26
8751,Aarav Mehta,39,India,Finance,70110,27,aarav.mehta51@outlook.com,Inactive,2025-07-17
8752,Neha Das,44,Canada,Marketing,108627,24,neha.das52@yahoo.com,Inactive,2024-05-21
8753,Muhammad Ansari,46,India,HR,87385,13,muhammad.ansari53@outlook.com,Inactive,2019-10-23
8754,Arjun Reddy,48,Germany,Finance,40024,19,arjun.reddy54@yahoo.com,Inactive,2023-01-08
8755,Riya Malik,38,Canada,Finance,46441,19,riya.malik55@gmail.com,Active,2024-11-27
8756,Riya Kapoor,56,Germany,Finance,102825,6,riya.kapoor56@company.com,Active,2018-11-02
8757,Riya Roy,49,Canada,IT,151053,3,riya.roy57@company.com,Active,2020-05-06
8758,Meera Mukherjee,37,USA,IT,111890,30,meera.mukherjee58@outlook.com,Inactive,2025-01-06
8759,Muhammad Bansal,24,USA,HR,177363,29,muhammad.bansal59@outlook.com,Inactive,2019-03-25
8760,Vivaan Agarwal,49,USA,Data,162434,20,vivaan.agarwal60@yahoo.com,Active,2025-10-09
8761,Sneha Ghosh,24,USA,Marketing,151096,0,sneha.ghosh61@company.com,Inactive,2020-02-12
8762,Shaurya Ghosh,30,Canada,Data,44702,2,shaurya.ghosh62@outlook.com,Inactive,2024-03-20
8763,Kavya Verma,45,India,HR,133523,12,kavya.verma63@outlook.com,Active,2025-10-21
8764,Shaurya Reddy,51,UK,Sales,139711,6,shaurya.reddy64@yahoo.com,Active,2025-08-26
8765,Aarav Bansal,23,UK,Sales,146895,5,aarav.bansal65@outlook.com,Active,2025-03-09
8766,Sneha Gupta,22,USA,Marketing,62762,5,sneha.gupta66@outlook.com,Inactive,2021-05-15
8767,Neha Bansal,45,India,Marketing,169311,33,neha.bansal67@yahoo.com,Active,2025-08-07
8768,Kavya Mukherjee,26,Germany,Marketing,47567,31,kavya.mukherjee68@outlook.com,Inactive,2021-11-03
8769,Sneha Singh,46,India,IT,120737,15,sneha.singh69@company.com,Active,2019-04-27
8770,Ananya Roy,28,Germany,IT,41857,7,ananya.roy70@yahoo.com,Active,2024-05-10
8771,Krishna Agarwal,55,UK,Sales,100603,20,krishna.agarwal71@gmail.com,Active,2024-05-17
8772,Ishaan Iyer,47,India,Marketing,110399,10,ishaan.iyer72@company.com,Active,2020-08-15
8773,Vivaan Singh,45,India,Finance,93086,22,vivaan.singh73@company.com,Active,2021-03-06
8774,Sneha Malik,38,UK,Data,124145,5,sneha.malik74@yahoo.com,Active,2021-04-07
8775,Aditi Malik,21,India,Sales,67270,14,aditi.malik75@gmail.com,Inactive,2018-08-18
8776,Aarav Das,59,Germany,Marketing,155071,10,aarav.das76@company.com,Inactive,2022-02-26
8777,Krishna Verma,23,India,Finance,37012,26,krishna.verma77@yahoo.com,Inactive,2023-07-18
8778,Krishna Agarwal,24,Germany,Marketing,94049,14,krishna.agarwal78@yahoo.com,Inactive,2024-02-20
8779,Krishna Kapoor,57,USA,HR,119989,3,krishna.kapoor79@outlook.com,Inactive,2019-05-04
8780,Aarav Bansal,35,India,Finance,124586,13,aarav.bansal80@yahoo.com,Inactive,2022-09-05
8781,Vivaan Gupta,28,Germany,Data,74080,9,vivaan.gupta81@outlook.com,Inactive,2023-05-26
8782,Ishaan Ghosh,58,UK,HR,91879,28,ishaan.ghosh82@outlook.com,Active,2021-07-23
8783,Pooja Bansal,39,USA,IT,100888,11,pooja.bansal83@company.com,Active,2021-05-23
8784,Aarav Das,46,India,Sales,150951,19,aarav.das84@outlook.com,Inactive,2024-02-28
8785,Shaurya Mukherjee,59,Germany,Marketing,72146,1,shaurya.mukherjee85@yahoo.com,Inactive,2020-06-10
8786,Vivaan Nair,30,India,Sales,151293,19,vivaan.nair86@yahoo.com,Active,2025-03-08
8787,Sneha Ansari,58,Germany,Data,128948,11,sneha.ansari87@gmail.com,Inactive,2025-06-12
8788,Pooja Ghosh,34,India,Marketing,71166,29,pooja.ghosh88@company.com,Inactive,2020-12-21
8789,Shaurya Mehta,39,USA,HR,154239,17,shaurya.mehta89@yahoo.com,Active,2023-12-08
8790,Krishna Kapoor,50,USA,Finance,169078,9,krishna.kapoor90@outlook.com,Active,2025-10-30
8791,Pooja Reddy,25,India,Finance,167076,6,pooja.reddy91@yahoo.com,Inactive,2021-03-26
8792,Reyansh Ghosh,51,India,Marketing,172039,4,reyansh.ghosh92@gmail.com,Inactive,2021-08-05
8793,Muhammad Sharma,27,Canada,HR,53879,28,muhammad.sharma93@yahoo.com,Active,2021-10-11
8794,Priya Gupta,39,India,Marketing,37261,34,priya.gupta94@outlook.com,Active,2020-11-02
8795,Ananya Singh,51,India,Marketing,67323,11,ananya.singh95@yahoo.com,Inactive,2025-11-05
8796,Neha Sharma,59,USA,Marketing,70864,9,neha.sharma96@yahoo.com,Active,2023-04-06
8797,Vihaan Patel,44,India,Finance,42927,1,vihaan.patel97@company.com,Inactive,2024-09-25
8798,Ishaan Khan,54,UK,Data,117256,2,ishaan.khan98@gmail.com,Inactive,2022-03-06
8799,Shaurya Malik,43,India,Marketing,119903,13,shaurya.malik99@outlook.com,Active,2022-10-30
8800,Priya Khan,26,Canada,Finance,156686,19,priya.khan0@company.com,Active,2018-08-19
8801,Priya Ansari,58,Germany,IT,89150,3,priya.ansari1@company.com,Inactive,2020-08-26
8802,Reyansh Chopra,56,USA,HR,142167,25,reyansh.chopra2@yahoo.com,Active,2022-05-21
8803,Vihaan Iyer,47,UK,IT,48056,14,vihaan.iyer3@yahoo.com,Inactive,2024-03-25
8804,Shaurya Ghosh,31,Germany,Marketing,176934,8,shaurya.ghosh4@outlook.com,Active,2019-03-06
8805,Pooja Gupta,25,UK,Finance,45798,2,pooja.gupta5@yahoo.com,Active,2018-05-25
8806,Aditya Patel,37,USA,HR,141491,1,aditya.patel6@gmail.com,Inactive,2024-01-18
8807,Vihaan Sharma,27,Canada,Sales,86747,29,vihaan.sharma7@company.com,Inactive,2025-12-24
8808,Krishna Gupta,47,USA,HR,70738,16,krishna.gupta8@company.com,Inactive,2018-10-16
8809,Ishaan Khan,35,UK,HR,52227,2,ishaan.khan9@yahoo.com,Inactive,2021-10-07
8810,Vihaan Agarwal,33,UK,Marketing,118800,8,vihaan.agarwal10@gmail.com,Active,2018-03-25
8811,Ananya Mehta,31,USA,IT,161531,7,ananya.mehta11@yahoo.com,Inactive,2019-06-18
8812,Riya Ghosh,46,India,IT,94461,8,riya.ghosh12@company.com,Active,2023-12-13
8813,Kavya Das,42,USA,Sales,92848,16,kavya.das13@gmail.com,Inactive,2018-06-30
8814,Vihaan Nair,48,Canada,Marketing,59685,23,vihaan.nair14@outlook.com,Active,2024-10-13
8815,Meera Malik,44,USA,HR,126517,7,meera.malik15@gmail.com,Active,2020-12-03
8816,Aditya Chopra,49,Germany,Data,154180,13,aditya.chopra16@gmail.com,Active,2025-11-30
8817,Aditya Chopra,29,India,IT,38480,15,aditya.chopra17@yahoo.com,Inactive,2019-01-05
8818,Reyansh Kapoor,24,Germany,IT,50860,17,reyansh.kapoor18@yahoo.com,Active,2020-07-18
8819,Muhammad Ghosh,38,USA,Finance,103578,23,muhammad.ghosh19@outlook.com,Inactive,2019-02-23
8820,Ishaan Sharma,36,India,HR,92230,26,ishaan.sharma20@company.com,Inactive,2020-08-21
8821,Meera Gupta,53,Germany,Marketing,92026,27,meera.gupta21@outlook.com,Active,2025-09-25
8822,Aditya Khan,49,Germany,IT,41564,6,aditya.khan22@yahoo.com,Inactive,2021-10-18
8823,Arjun Reddy,59,India,Marketing,55012,33,arjun.reddy23@yahoo.com,Active,2025-10-11
8824,Reyansh Das,30,India,HR,89169,26,reyansh.das24@company.com,Active,2023-10-28
8825,Pooja Ansari,29,UK,HR,61341,33,pooja.ansari25@company.com,Inactive,2022-03-23
8826,Neha Chopra,51,India,IT,81841,18,neha.chopra26@company.com,Inactive,2022-10-26
8827,Aarav Reddy,48,USA,Sales,127584,5,aarav.reddy27@company.com,Inactive,2022-01-19
8828,Aditi Bansal,23,Canada,Marketing,78335,29,aditi.bansal28@company.com,Active,2019-12-08
8829,Vihaan Das,34,UK,Marketing,90155,27,vihaan.das29@yahoo.com,Active,2024-05-25
8830,Aditi Ansari,45,India,Finance,133314,11,aditi.ansari30@company.com,Inactive,2020-09-03
8831,Reyansh Ansari,35,Canada,HR,64527,14,reyansh.ansari31@gmail.com,Inactive,2020-08-18
8832,Meera Nair,22,UK,HR,130466,14,meera.nair32@company.com,Active,2020-05-21
8833,Sneha Gupta,44,USA,IT,85653,2,sneha.gupta33@gmail.com,Inactive,2018-03-22
8834,Krishna Nair,34,Canada,IT,136907,0,krishna.nair34@company.com,Inactive,2019-07-24
8835,Pooja Agarwal,27,India,IT,68057,6,pooja.agarwal35@gmail.com,Active,2025-10-30
8836,Aditi Reddy,56,India,Finance,138992,8,aditi.reddy36@company.com,Inactive,2022-07-15
8837,Diya Ansari,44,USA,Sales,42393,0,diya.ansari37@gmail.com,Active,2024-12-24
8838,Vivaan Verma,47,UK,IT,110404,4,vivaan.verma38@gmail.com,Active,2020-12-07
8839,Kavya Ansari,57,Canada,IT,126956,9,kavya.ansari39@yahoo.com,Inactive,2022-07-19
8840,Aarav Roy,58,USA,Data,119613,1,aarav.roy40@company.com,Active,2025-06-05
8841,Diya Sharma,50,UK,IT,94171,22,diya.sharma41@gmail.com,Inactive,2024-09-22
8842,Diya Reddy,47,Germany,Finance,64336,28,diya.reddy42@gmail.com,Active,2020-04-04
8843,Priya Sharma,59,Germany,Marketing,179057,18,priya.sharma43@gmail.com,Active,2023-02-12
8844,Ananya Agarwal,35,UK,Sales,47014,19,ananya.agarwal44@outlook.com,Inactive,2024-03-21
8845,Aditya Patel,46,India,Marketing,174446,11,aditya.patel45@yahoo.com,Active,2018-08-15
8846,Vihaan Mukherjee,21,India,Data,126513,10,vihaan.mukherjee46@company.com,Inactive,2020-09-14
8847,Riya Ghosh,24,Germany,HR,171656,34,riya.ghosh47@gmail.com,Active,2021-10-19
8848,Vihaan Roy,49,India,HR,179037,6,vihaan.roy48@yahoo.com,Inactive,2018-07-10
8849,Arjun Nair,21,India,IT,119769,22,arjun.nair49@company.com,Inactive,2025-09-10
8850,Neha Ghosh,42,UK,Data,161092,16,neha.ghosh50@company.com,Active,2025-07-12
8851,Pooja Reddy,31,UK,Marketing,63782,1,pooja.reddy51@yahoo.com,Active,2020-10-20
8852,Vihaan Mukherjee,30,India,Finance,145463,4,vihaan.mukherjee52@company.com,Inactive,2019-04-13
8853,Vivaan Reddy,37,UK,Sales,120847,20,vivaan.reddy53@company.com,Active,2018-01-28
8854,Krishna Iyer,56,Canada,Marketing,123434,12,krishna.iyer54@yahoo.com,Inactive,2022-10-05
8855,Pooja Bansal,46,Germany,Data,95773,10,pooja.bansal55@gmail.com,Inactive,2023-09-17
8856,Shaurya Verma,41,Canada,Data,49110,23,shaurya.verma56@yahoo.com,Active,2021-02-06
8857,Vihaan Verma,33,Canada,Marketing,123512,32,vihaan.verma57@gmail.com,Inactive,2022-07-08
8858,Shaurya Patel,29,India,Sales,40825,26,shaurya.patel58@company.com,Inactive,2021-03-02
8859,Ishaan Kapoor,31,India,Marketing,169560,34,ishaan.kapoor59@gmail.com,Active,2021-09-25
8860,Arjun Malik,31,Canada,Marketing,102431,17,arjun.malik60@gmail.com,Inactive,2022-09-08
8861,Ananya Bansal,26,Canada,Sales,103444,20,ananya.bansal61@company.com,Inactive,2019-05-25
8862,Aditya Das,21,USA,Finance,101947,3,aditya.das62@company.com,Inactive,2018-06-12
8863,Diya Gupta,26,USA,Data,171529,31,diya.gupta63@yahoo.com,Active,2018-10-31
8864,Neha Iyer,33,Germany,Sales,73216,10,neha.iyer64@yahoo.com,Active,2025-08-26
8865,Shaurya Bansal,42,Canada,IT,128230,2,shaurya.bansal65@outlook.com,Active,2020-02-21
8866,Aarav Sharma,51,UK,IT,43847,20,aarav.sharma66@outlook.com,Active,2018-02-23
8867,Shaurya Reddy,42,USA,IT,49658,13,shaurya.reddy67@yahoo.com,Inactive,2021-03-23
8868,Reyansh Gupta,57,India,IT,161878,5,reyansh.gupta68@outlook.com,Inactive,2019-01-09
8869,Arjun Das,47,Canada,HR,64676,28,arjun.das69@yahoo.com,Inactive,2020-05-26
8870,Meera Mukherjee,34,UK,Finance,35645,30,meera.mukherjee70@company.com,Inactive,2021-12-21
8871,Vihaan Chopra,25,UK,HR,132476,27,vihaan.chopra71@yahoo.com,Active,2025-08-29
8872,Vihaan Mehta,56,UK,Marketing,113236,27,vihaan.mehta72@gmail.com,Inactive,2020-12-01
8873,Ishaan Reddy,52,India,Marketing,53618,18,ishaan.reddy73@yahoo.com,Inactive,2025-08-07
8874,Ananya Mehta,54,USA,Sales,96859,2,ananya.mehta74@yahoo.com,Active,2025-04-08
8875,Reyansh Roy,27,UK,IT,93827,11,reyansh.roy75@gmail.com,Active,2025-11-05
8876,Muhammad Roy,30,USA,Sales,132389,23,muhammad.roy76@yahoo.com,Inactive,2025-05-08
8877,Aditya Singh,37,Germany,Marketing,160114,11,aditya.singh77@company.com,Inactive,2024-07-17
8878,Vivaan Malik,50,India,IT,131726,23,vivaan.malik78@company.com,Inactive,2025-06-01
8879,Shaurya Ghosh,41,USA,Data,163077,0,shaurya.ghosh79@outlook.com,Inactive,2024-01-19
8880,Pooja Gupta,33,USA,Finance,168034,27,pooja.gupta80@company.com,Active,2018-02-09
8881,Pooja Roy,21,UK,Marketing,163373,15,pooja.roy81@yahoo.com,Active,2022-07-13
8882,Pooja Iyer,21,UK,Data,161076,20,pooja.iyer82@yahoo.com,Inactive,2022-07-05
8883,Pooja Iyer,53,India,Sales,97397,29,pooja.iyer83@gmail.com,Active,2020-03-08
8884,Vihaan Kapoor,58,USA,Data,104951,33,vihaan.kapoor84@outlook.com,Inactive,2019-12-11
8885,Vivaan Iyer,45,Canada,Sales,90770,25,vivaan.iyer85@yahoo.com,Inactive,2019-09-21
8886,Priya Gupta,46,UK,Marketing,66545,34,priya.gupta86@outlook.com,Inactive,2022-02-25
8887,Ananya Malik,33,UK,HR,43705,30,ananya.malik87@company.com,Inactive,2018-01-25
8888,Vivaan Patel,48,Germany,Finance,45704,15,vivaan.patel88@gmail.com,Active,2020-08-22
8889,Aditya Mehta,53,India,Data,63671,28,aditya.mehta89@company.com,Inactive,2023-10-16
8890,Sneha Sharma,57,USA,Data,56203,28,sneha.sharma90@outlook.com,Active,2025-07-07
8891,Vihaan Nair,50,USA,Marketing,116927,8,vihaan.nair91@yahoo.com,Inactive,2024-06-08
8892,Vivaan Nair,28,USA,Marketing,155503,13,vivaan.nair92@company.com,Active,2020-10-15
8893,Diya Kapoor,21,UK,Sales,127115,7,diya.kapoor93@gmail.com,Inactive,2019-04-23
8894,Pooja Mehta,32,India,IT,47451,1,pooja.mehta94@yahoo.com,Active,2018-04-15
8895,Ishaan Khan,25,USA,IT,146372,10,ishaan.khan95@gmail.com,Inactive,2025-05-28
8896,Sneha Ghosh,44,Canada,IT,155102,1,sneha.ghosh96@outlook.com,Inactive,2021-12-27
8897,Krishna Gupta,26,Germany,Sales,131613,17,krishna.gupta97@yahoo.com,Inactive,2022-07-03
8898,Ananya Khan,45,Germany,IT,110856,4,ananya.khan98@gmail.com,Active,2020-12-09
8899,Reyansh Roy,21,USA,Marketing,93642,6,reyansh.roy99@outlook.com,Active,2021-05-20
8900,Vihaan Sharma,45,UK,HR,122656,22,vihaan.sharma0@yahoo.com,Active,2019-08-25
8901,Neha Ansari,21,Germany,HR,69612,18,neha.ansari1@company.com,Inactive,2019-01-24
8902,Arjun Khan,52,Germany,HR,153299,18,arjun.khan2@company.com,Inactive,2021-04-29
8903,Riya Singh,23,Germany,IT,164848,18,riya.singh3@outlook.com,Active,2020-08-21
8904,Priya Sharma,39,Germany,HR,122606,27,priya.sharma4@company.com,Inactive,2019-03-05
8905,Riya Malik,49,USA,Data,133983,10,riya.malik5@yahoo.com,Inactive,2023-08-27
8906,Sneha Ansari,22,India,IT,42190,10,sneha.ansari6@gmail.com,Active,2019-03-19
8907,Neha Ghosh,29,India,Data,177633,8,neha.ghosh7@company.com,Active,2020-10-13
8908,Krishna Verma,37,UK,Marketing,64617,13,krishna.verma8@outlook.com,Inactive,2023-07-08
8909,Priya Ansari,56,Canada,Data,179643,33,priya.ansari9@yahoo.com,Active,2022-06-04
8910,Meera Kapoor,37,India,Marketing,144319,28,meera.kapoor10@outlook.com,Inactive,2023-07-11
8911,Muhammad Das,32,Canada,Sales,131931,20,muhammad.das11@company.com,Inactive,2022-05-14
8912,Shaurya Chopra,40,India,Sales,35009,4,shaurya.chopra12@gmail.com,Inactive,2024-08-22
8913,Arjun Kapoor,23,India,Data,149291,32,arjun.kapoor13@company.com,Active,2019-01-27
8914,Sneha Bansal,24,UK,Finance,115739,8,sneha.bansal14@outlook.com,Inactive,2018-01-30
8915,Sneha Iyer,37,Germany,Marketing,88368,2,sneha.iyer15@yahoo.com,Active,2018-05-11
8916,Ishaan Singh,57,UK,IT,110914,13,ishaan.singh16@yahoo.com,Active,2019-02-05
8917,Meera Mehta,35,India,Finance,83847,17,meera.mehta17@outlook.com,Active,2018-05-03
8918,Priya Malik,53,Germany,Marketing,110755,11,priya.malik18@gmail.com,Inactive,2023-09-30
8919,Meera Nair,36,Germany,IT,130491,22,meera.nair19@gmail.com,Active,2020-07-08
8920,Aarav Mehta,31,Germany,Marketing,133347,13,aarav.mehta20@gmail.com,Inactive,2022-06-04
8921,Aditi Roy,40,Canada,Marketing,75094,15,aditi.roy21@gmail.com,Inactive,2018-03-15
8922,Muhammad Malik,58,India,IT,162791,19,muhammad.malik22@outlook.com,Active,2022-03-07
8923,Arjun Roy,44,USA,Marketing,161489,19,arjun.roy23@company.com,Active,2018-04-21
8924,Reyansh Roy,36,UK,Marketing,176158,14,reyansh.roy24@company.com,Active,2024-02-03
8925,Vihaan Singh,50,Canada,Marketing,128893,24,vihaan.singh25@yahoo.com,Inactive,2024-03-02
8926,Arjun Verma,54,UK,Sales,75544,16,arjun.verma26@gmail.com,Inactive,2025-02-01
8927,Krishna Singh,21,USA,HR,127398,11,krishna.singh27@outlook.com,Active,2023-06-14
8928,Vivaan Gupta,44,Germany,Marketing,82660,6,vivaan.gupta28@gmail.com,Inactive,2020-11-22
8929,Aditi Patel,44,USA,IT,108736,7,aditi.patel29@yahoo.com,Active,2024-01-09
8930,Muhammad Malik,29,UK,Data,106168,23,muhammad.malik30@yahoo.com,Inactive,2023-10-29
8931,Vihaan Roy,42,USA,Marketing,69630,24,vihaan.roy31@outlook.com,Inactive,2022-04-17
8932,Aarav Ansari,32,India,Sales,39711,20,aarav.ansari32@company.com,Active,2025-12-03
8933,Vihaan Sharma,37,USA,Sales,37457,32,vihaan.sharma33@company.com,Active,2023-12-14
8934,Priya Mehta,45,India,Data,111732,9,priya.mehta34@yahoo.com,Inactive,2019-05-23
8935,Ananya Ansari,48,USA,Marketing,113375,21,ananya.ansari35@company.com,Inactive,2024-08-19
8936,Kavya Patel,35,India,Finance,74467,18,kavya.patel36@company.com,Active,2019-06-18
8937,Arjun Mehta,50,India,Data,179239,28,arjun.mehta37@gmail.com,Inactive,2018-05-31
8938,Diya Reddy,47,USA,HR,42157,2,diya.reddy38@outlook.com,Active,2018-08-06
8939,Priya Kapoor,42,Canada,IT,145357,3,priya.kapoor39@company.com,Active,2018-10-09
8940,Riya Malik,30,Germany,IT,37714,30,riya.malik40@yahoo.com,Inactive,2018-11-01
8941,Kavya Ansari,51,Germany,IT,62217,5,kavya.ansari41@company.com,Active,2022-11-10
8942,Arjun Ansari,47,Germany,IT,75132,27,arjun.ansari42@outlook.com,Active,2019-10-24
8943,Aditi Chopra,32,India,Sales,131653,9,aditi.chopra43@gmail.com,Active,2021-05-03
8944,Muhammad Singh,51,Germany,HR,115792,11,muhammad.singh44@outlook.com,Active,2021-12-20
8945,Neha Nair,52,India,Marketing,91371,1,neha.nair45@company.com,Active,2022-05-07
8946,Ishaan Bansal,52,Canada,Marketing,91788,2,ishaan.bansal46@outlook.com,Active,2019-10-16
8947,Vivaan Malik,55,USA,Finance,44583,0,vivaan.malik47@yahoo.com,Inactive,2024-01-30
8948,Aarav Bansal,41,USA,Marketing,77042,34,aarav.bansal48@yahoo.com,Active,2025-07-14
8949,Kavya Khan,30,India,HR,125405,23,kavya.khan49@yahoo.com,Active,2019-02-01
8950,Vivaan Verma,36,India,Marketing,112807,33,vivaan.verma50@outlook.com,Active,2020-01-14
8951,Kavya Das,27,Canada,Sales,103371,19,kavya.das51@yahoo.com,Inactive,2021-03-29
8952,Shaurya Ansari,24,Germany,Data,174085,15,shaurya.ansari52@company.com,Active,2021-12-24
8953,Priya Mehta,47,Canada,Marketing,113775,29,priya.mehta53@company.com,Inactive,2023-07-11
8954,Shaurya Patel,45,USA,IT,71973,24,shaurya.patel54@outlook.com,Active,2018-02-20
8955,Shaurya Malik,51,USA,IT,102690,4,shaurya.malik55@outlook.com,Active,2022-12-31
8956,Reyansh Bansal,31,Germany,Data,104459,28,reyansh.bansal56@gmail.com,Inactive,2025-04-21
8957,Aarav Nair,40,USA,IT,66558,27,aarav.nair57@gmail.com,Active,2020-06-02
8958,Riya Gupta,56,India,IT,143350,22,riya.gupta58@outlook.com,Active,2022-10-06
8959,Sneha Agarwal,37,USA,Sales,75030,31,sneha.agarwal59@outlook.com,Inactive,2022-10-17
8960,Diya Iyer,31,UK,Sales,71636,17,diya.iyer60@outlook.com,Active,2024-05-11
8961,Krishna Agarwal,50,Germany,Sales,144528,34,krishna.agarwal61@yahoo.com,Active,2019-11-19
8962,Muhammad Malik,55,Germany,Marketing,98566,23,muhammad.malik62@company.com,Active,2025-12-23
8963,Neha Kapoor,58,Germany,Data,86159,27,neha.kapoor63@company.com,Active,2025-03-16
8964,Ishaan Khan,42,UK,IT,91025,20,ishaan.khan64@gmail.com,Inactive,2023-05-08
8965,Neha Singh,47,Canada,Finance,144463,4,neha.singh65@company.com,Active,2018-12-28
8966,Kavya Patel,57,India,Data,47434,25,kavya.patel66@gmail.com,Active,2019-02-04
8967,Aarav Singh,55,Germany,Finance,81096,22,aarav.singh67@company.com,Active,2020-03-05
8968,Neha Kapoor,24,USA,IT,82471,32,neha.kapoor68@outlook.com,Inactive,2019-07-17
8969,Krishna Ghosh,36,India,HR,91004,25,krishna.ghosh69@gmail.com,Inactive,2024-03-24
8970,Riya Patel,36,USA,Data,45487,21,riya.patel70@company.com,Active,2023-08-27
8971,Vihaan Malik,41,India,Marketing,110925,19,vihaan.malik71@yahoo.com,Active,2018-08-08
8972,Diya Das,46,India,Finance,131925,1,diya.das72@yahoo.com,Inactive,2025-03-16
8973,Ishaan Mehta,56,USA,Data,148500,17,ishaan.mehta73@yahoo.com,Active,2024-11-04
8974,Ishaan Das,39,USA,Data,44610,4,ishaan.das74@company.com,Active,2023-07-10
8975,Shaurya Kapoor,37,India,Sales,88551,31,shaurya.kapoor75@company.com,Active,2019-09-18
8976,Aarav Gupta,46,Germany,HR,48869,10,aarav.gupta76@company.com,Active,2024-11-22
8977,Sneha Mehta,42,USA,Sales,123466,20,sneha.mehta77@outlook.com,Inactive,2024-07-26
8978,Krishna Iyer,48,UK,HR,57979,21,krishna.iyer78@company.com,Inactive,2022-07-23
8979,Ishaan Singh,21,UK,HR,46492,2,ishaan.singh79@outlook.com,Inactive,2020-06-21
8980,Pooja Mukherjee,56,India,Marketing,150381,8,pooja.mukherjee80@company.com,Inactive,2018-03-05
8981,Sneha Das,57,Canada,Data,95920,1,sneha.das81@outlook.com,Active,2023-06-15
8982,Reyansh Nair,22,India,Sales,147784,27,reyansh.nair82@company.com,Active,2023-04-12
8983,Riya Sharma,37,India,Sales,129257,33,riya.sharma83@company.com,Inactive,2020-08-07
8984,Arjun Sharma,58,Germany,Finance,58409,9,arjun.sharma84@yahoo.com,Inactive,2019-03-15
8985,Ananya Ghosh,41,Germany,Data,151443,18,ananya.ghosh85@gmail.com,Active,2020-06-15
8986,Priya Roy,29,Canada,IT,95428,28,priya.roy86@company.com,Active,2022-10-29
8987,Ananya Sharma,33,Canada,IT,61455,1,ananya.sharma87@company.com,Active,2019-08-04
8988,Neha Ansari,31,Canada,Finance,166919,5,neha.ansari88@yahoo.com,Active,2023-09-11
8989,Reyansh Mehta,36,Canada,HR,111699,6,reyansh.mehta89@company.com,Active,2018-01-01
8990,Shaurya Bansal,36,Canada,Finance,88213,7,shaurya.bansal90@yahoo.com,Inactive,2019-12-07
8991,Ishaan Malik,22,India,Finance,150883,18,ishaan.malik91@yahoo.com,Active,2023-04-13
8992,Sneha Ansari,28,India,Sales,175776,9,sneha.ansari92@yahoo.com,Active,2025-07-26
8993,Aditi Mukherjee,33,UK,Finance,66849,32,aditi.mukherjee93@outlook.com,Inactive,2025-03-18
8994,Sneha Roy,37,UK,HR,106868,26,sneha.roy94@yahoo.com,Active,2018-06-01
8995,Diya Mehta,59,USA,IT,157842,28,diya.mehta95@yahoo.com,Active,2024-08-14
8996,Aditi Nair,44,India,Marketing,171720,18,aditi.nair96@outlook.com,Active,2022-08-10
8997,Meera Ansari,23,Canada,Data,66793,17,meera.ansari97@yahoo.com,Inactive,2019-07-17
8998,Krishna Reddy,50,USA,Finance,120240,22,krishna.reddy98@outlook.com,Active,2025-12-06
8999,Vivaan Reddy,33,Germany,Data,119377,0,vivaan.reddy99@company.com,Active,2018-09-15
9000,Diya Nair,39,India,Finance,38450,2,diya.nair0@company.com,Active,2025-01-13
9001,Krishna Ghosh,27,UK,Data,43418,9,krishna.ghosh1@yahoo.com,Active,2020-08-22
9002,Ananya Nair,29,India,Sales,69575,6,ananya.nair2@gmail.com,Inactive,2019-10-08
9003,Krishna Bansal,39,India,Sales,165576,25,krishna.bansal3@outlook.com,Active,2018-07-09
9004,Pooja Sharma,42,India,Data,132260,15,pooja.sharma4@company.com,Active,2019-08-01
9005,Aditya Mehta,38,India,Finance,149009,31,aditya.mehta5@company.com,Active,2021-07-11
9006,Sneha Patel,43,Germany,Finance,68186,11,sneha.patel6@company.com,Active,2020-04-15
9007,Krishna Bansal,22,UK,HR,61451,7,krishna.bansal7@company.com,Inactive,2023-01-16
9008,Vivaan Ansari,31,India,IT,38155,7,vivaan.ansari8@company.com,Inactive,2025-12-20
9009,Kavya Bansal,51,Germany,IT,175182,10,kavya.bansal9@yahoo.com,Active,2025-05-19
9010,Pooja Gupta,53,USA,Marketing,64448,32,pooja.gupta10@gmail.com,Active,2025-04-08
9011,Vihaan Ghosh,34,India,IT,161934,24,vihaan.ghosh11@yahoo.com,Inactive,2019-05-20
9012,Kavya Patel,36,Germany,Marketing,163529,16,kavya.patel12@outlook.com,Inactive,2023-07-23
9013,Krishna Ansari,31,Canada,Sales,164244,30,krishna.ansari13@gmail.com,Active,2023-02-13
9014,Muhammad Chopra,53,USA,Marketing,80231,18,muhammad.chopra14@company.com,Inactive,2023-04-12
9015,Vihaan Verma,27,UK,Marketing,70399,14,vihaan.verma15@company.com,Active,2019-01-13
9016,Ishaan Sharma,51,India,IT,107404,34,ishaan.sharma16@company.com,Inactive,2024-07-20
9017,Sneha Bansal,34,India,Finance,83698,1,sneha.bansal17@yahoo.com,Active,2021-05-14
9018,Vihaan Malik,48,Germany,Sales,80379,33,vihaan.malik18@gmail.com,Inactive,2025-10-29
9019,Sneha Agarwal,36,UK,HR,132275,24,sneha.agarwal19@yahoo.com,Active,2023-10-12
9020,Muhammad Gupta,39,Canada,Marketing,169884,3,muhammad.gupta20@company.com,Active,2020-04-28
9021,Ananya Singh,37,USA,Marketing,58978,15,ananya.singh21@yahoo.com,Inactive,2021-10-24
9022,Meera Mehta,46,UK,Data,46531,31,meera.mehta22@outlook.com,Inactive,2020-02-19
9023,Aditya Malik,26,India,Marketing,63783,14,aditya.malik23@yahoo.com,Inactive,2020-05-15
9024,Meera Ghosh,29,Germany,Finance,48236,13,meera.ghosh24@gmail.com,Active,2023-04-15
9025,Krishna Verma,37,Canada,HR,152485,14,krishna.verma25@gmail.com,Inactive,2019-06-23
9026,Neha Malik,51,Germany,Data,104683,6,neha.malik26@yahoo.com,Inactive,2021-01-10
9027,Pooja Khan,32,USA,IT,128806,6,pooja.khan27@company.com,Active,2022-11-01
9028,Aarav Nair,43,UK,Sales,168831,7,aarav.nair28@outlook.com,Active,2025-02-08
9029,Muhammad Bansal,25,Germany,Finance,48332,18,muhammad.bansal29@outlook.com,Inactive,2023-05-20
9030,Ananya Mehta,56,Germany,HR,88902,17,ananya.mehta30@gmail.com,Active,2022-10-22
9031,Aditya Das,56,India,Sales,44198,16,aditya.das31@gmail.com,Inactive,2024-11-20
9032,Sneha Singh,23,Germany,IT,138307,17,sneha.singh32@gmail.com,Active,2018-08-22
9033,Sneha Malik,44,Canada,Sales,141209,18,sneha.malik33@gmail.com,Active,2021-03-26
9034,Aarav Bansal,37,UK,Data,121023,12,aarav.bansal34@yahoo.com,Inactive,2023-06-11
9035,Diya Chopra,59,USA,Marketing,167853,10,diya.chopra35@gmail.com,Inactive,2023-10-28
9036,Kavya Ghosh,46,Germany,Marketing,113948,6,kavya.ghosh36@company.com,Active,2021-08-13
9037,Reyansh Sharma,24,Canada,Finance,85141,26,reyansh.sharma37@yahoo.com,Inactive,2020-02-29
9038,Vihaan Roy,32,USA,Sales,144660,4,vihaan.roy38@company.com,Inactive,2019-06-13
9039,Aarav Malik,21,Canada,Marketing,66485,7,aarav.malik39@yahoo.com,Inactive,2020-06-15
9040,Muhammad Khan,41,Germany,Finance,89351,9,muhammad.khan40@outlook.com,Inactive,2024-07-20
9041,Reyansh Singh,39,Germany,Finance,61654,25,reyansh.singh41@outlook.com,Inactive,2018-10-03
9042,Vivaan Khan,41,UK,Data,86529,14,vivaan.khan42@yahoo.com,Inactive,2019-02-07
9043,Muhammad Ansari,38,India,Finance,139349,15,muhammad.ansari43@yahoo.com,Active,2024-04-20
9044,Muhammad Patel,23,Canada,IT,51665,28,muhammad.patel44@yahoo.com,Inactive,2020-11-04
9045,Shaurya Agarwal,52,India,Marketing,97475,27,shaurya.agarwal45@outlook.com,Inactive,2025-01-28
9046,Vivaan Agarwal,30,India,Marketing,82802,9,vivaan.agarwal46@yahoo.com,Inactive,2018-06-12
9047,Krishna Mukherjee,35,USA,HR,112892,3,krishna.mukherjee47@company.com,Inactive,2021-02-05
9048,Arjun Verma,25,USA,IT,71362,13,arjun.verma48@yahoo.com,Active,2023-10-12
9049,Vihaan Ansari,24,Canada,Marketing,74338,32,vihaan.ansari49@outlook.com,Active,2018-08-31
9050,Diya Iyer,48,India,Data,128004,17,diya.iyer50@yahoo.com,Inactive,2024-06-08
9051,Priya Patel,24,UK,Marketing,131464,11,priya.patel51@outlook.com,Inactive,2020-08-20
9052,Aditya Khan,35,India,HR,37120,9,aditya.khan52@outlook.com,Active,2021-02-13
9053,Neha Kapoor,37,USA,Sales,145289,20,neha.kapoor53@outlook.com,Inactive,2023-06-25
9054,Aarav Khan,23,India,Sales,35785,32,aarav.khan54@company.com,Inactive,2024-06-25
9055,Diya Verma,30,Germany,IT,91925,13,diya.verma55@company.com,Active,2020-11-11
9056,Pooja Khan,43,Germany,Finance,101473,8,pooja.khan56@gmail.com,Inactive,2022-01-27
9057,Priya Mehta,38,UK,HR,143185,25,priya.mehta57@gmail.com,Inactive,2022-01-26
9058,Aditya Khan,21,Canada,HR,64969,14,aditya.khan58@gmail.com,Active,2020-08-22
9059,Muhammad Gupta,55,India,Marketing,100236,20,muhammad.gupta59@yahoo.com,Inactive,2024-12-12
9060,Arjun Bansal,51,Germany,Data,136416,21,arjun.bansal60@company.com,Inactive,2025-04-19
9061,Vihaan Bansal,21,Canada,Marketing,51297,4,vihaan.bansal61@gmail.com,Active,2023-07-27
9062,Krishna Khan,23,Germany,Data,140741,15,krishna.khan62@gmail.com,Active,2023-07-05
9063,Ishaan Das,23,Canada,HR,175601,34,ishaan.das63@gmail.com,Active,2020-04-21
9064,Pooja Das,57,Canada,Finance,65089,4,pooja.das64@gmail.com,Inactive,2024-08-27
9065,Sneha Roy,39,Germany,Sales,41171,25,sneha.roy65@outlook.com,Active,2021-02-23
9066,Ananya Agarwal,49,USA,IT,52874,25,ananya.agarwal66@yahoo.com,Inactive,2019-01-05
9067,Reyansh Mukherjee,45,Canada,Data,94024,4,reyansh.mukherjee67@yahoo.com,Inactive,2025-08-19
9068,Pooja Roy,53,India,Sales,56153,23,pooja.roy68@company.com,Active,2021-10-26
9069,Muhammad Agarwal,56,Germany,IT,139693,14,muhammad.agarwal69@gmail.com,Inactive,2024-09-22
9070,Priya Khan,49,USA,Finance,92753,29,priya.khan70@gmail.com,Inactive,2020-04-08
9071,Meera Agarwal,46,Germany,HR,172713,4,meera.agarwal71@company.com,Active,2024-04-27
9072,Ishaan Reddy,24,UK,Finance,124075,21,ishaan.reddy72@yahoo.com,Active,2023-09-07
9073,Ishaan Mukherjee,34,India,Data,39677,32,ishaan.mukherjee73@gmail.com,Inactive,2025-12-06
9074,Muhammad Sharma,47,UK,HR,40139,4,muhammad.sharma74@gmail.com,Inactive,2019-03-26
9075,Muhammad Kapoor,53,Canada,Marketing,92766,31,muhammad.kapoor75@gmail.com,Inactive,2019-06-11
9076,Shaurya Kapoor,42,Canada,IT,121049,22,shaurya.kapoor76@yahoo.com,Inactive,2018-07-02
9077,Pooja Agarwal,23,UK,Marketing,111693,9,pooja.agarwal77@outlook.com,Active,2019-01-11
9078,Aditya Roy,43,UK,HR,92414,16,aditya.roy78@company.com,Inactive,2023-01-04
9079,Vihaan Patel,41,Canada,IT,178904,26,vihaan.patel79@yahoo.com,Inactive,2023-07-06
9080,Vivaan Singh,43,USA,IT,164807,7,vivaan.singh80@company.com,Inactive,2018-07-29
9081,Pooja Mehta,24,India,Marketing,108741,5,pooja.mehta81@company.com,Active,2025-01-17
9082,Pooja Nair,41,Germany,IT,171497,6,pooja.nair82@gmail.com,Active,2018-02-01
9083,Aditi Roy,57,UK,HR,38900,25,aditi.roy83@yahoo.com,Active,2023-09-23
9084,Arjun Verma,51,India,Data,112347,16,arjun.verma84@yahoo.com,Inactive,2021-10-03
9085,Riya Khan,41,Germany,Data,161004,22,riya.khan85@company.com,Inactive,2020-06-04
9086,Pooja Singh,46,Germany,HR,159463,26,pooja.singh86@company.com,Inactive,2023-12-04
9087,Arjun Singh,55,UK,Marketing,64134,18,arjun.singh87@company.com,Inactive,2019-01-07
9088,Vivaan Das,58,USA,Finance,37817,26,vivaan.das88@gmail.com,Inactive,2020-09-21
9089,Meera Ghosh,44,USA,HR,105486,24,meera.ghosh89@company.com,Inactive,2024-10-25
9090,Aditya Singh,31,India,Data,173763,24,aditya.singh90@company.com,Inactive,2025-04-15
9091,Pooja Ghosh,49,India,HR,100978,20,pooja.ghosh91@gmail.com,Inactive,2021-10-26
9092,Aditya Reddy,23,Canada,IT,92154,24,aditya.reddy92@yahoo.com,Active,2022-09-22
9093,Riya Ghosh,21,USA,IT,127195,6,riya.ghosh93@company.com,Active,2022-10-05
9094,Aditya Malik,39,India,HR,83788,34,aditya.malik94@company.com,Active,2018-08-26
9095,Ishaan Reddy,42,Canada,Marketing,128039,5,ishaan.reddy95@company.com,Inactive,2023-10-08
9096,Pooja Patel,34,Germany,Finance,44413,14,pooja.patel96@company.com,Active,2021-09-16
9097,Reyansh Verma,34,India,IT,149113,23,reyansh.verma97@outlook.com,Active,2020-07-03
9098,Priya Nair,36,Canada,Data,78400,3,priya.nair98@gmail.com,Active,2022-03-20
9099,Muhammad Patel,53,USA,IT,64899,6,muhammad.patel99@yahoo.com,Inactive,2023-05-18
9100,Krishna Gupta,33,Germany,Data,147683,29,krishna.gupta0@outlook.com,Inactive,2025-09-20
9101,Riya Patel,58,India,Finance,80463,16,riya.patel1@yahoo.com,Inactive,2021-11-20
9102,Meera Agarwal,32,USA,IT,35894,29,meera.agarwal2@company.com,Active,2018-10-30
9103,Aditya Bansal,58,Germany,Marketing,145398,8,aditya.bansal3@yahoo.com,Active,2023-04-11
9104,Pooja Gupta,59,UK,Data,164611,18,pooja.gupta4@yahoo.com,Active,2020-09-07
9105,Ananya Agarwal,53,USA,IT,123777,12,ananya.agarwal5@gmail.com,Active,2024-12-03
9106,Reyansh Malik,53,UK,IT,81442,18,reyansh.malik6@gmail.com,Inactive,2018-08-17
9107,Ananya Sharma,49,India,HR,154681,5,ananya.sharma7@yahoo.com,Inactive,2018-02-23
9108,Vivaan Sharma,25,Canada,Marketing,78520,11,vivaan.sharma8@outlook.com,Active,2024-10-25
9109,Aarav Sharma,26,India,Marketing,138137,14,aarav.sharma9@outlook.com,Inactive,2025-03-07
9110,Aarav Gupta,51,USA,HR,64899,2,aarav.gupta10@outlook.com,Inactive,2023-05-11
9111,Ananya Khan,36,UK,Data,113107,3,ananya.khan11@gmail.com,Active,2022-05-11
9112,Sneha Gupta,51,UK,Sales,166443,5,sneha.gupta12@outlook.com,Active,2025-03-17
9113,Aditya Ansari,45,Germany,Finance,65193,27,aditya.ansari13@outlook.com,Inactive,2021-01-25
9114,Neha Mehta,53,India,Marketing,140302,7,neha.mehta14@company.com,Inactive,2025-03-24
9115,Kavya Ghosh,33,India,Sales,49464,30,kavya.ghosh15@company.com,Active,2021-07-18
9116,Diya Verma,30,USA,Data,118323,20,diya.verma16@yahoo.com,Inactive,2018-05-10
9117,Meera Sharma,44,UK,Finance,84025,28,meera.sharma17@gmail.com,Active,2022-03-29
9118,Arjun Chopra,30,USA,Marketing,129187,14,arjun.chopra18@yahoo.com,Inactive,2022-11-19
9119,Ananya Kapoor,51,USA,IT,146710,23,ananya.kapoor19@yahoo.com,Active,2019-06-01
9120,Vihaan Das,33,UK,Marketing,111248,20,vihaan.das20@company.com,Inactive,2020-08-01
9121,Shaurya Iyer,23,USA,Finance,117927,22,shaurya.iyer21@outlook.com,Inactive,2024-02-07
9122,Ishaan Khan,54,UK,Sales,35667,30,ishaan.khan22@company.com,Active,2025-04-19
9123,Aditya Ghosh,48,USA,IT,50890,33,aditya.ghosh23@outlook.com,Active,2024-04-03
9124,Arjun Mukherjee,39,Canada,Finance,136333,27,arjun.mukherjee24@outlook.com,Inactive,2019-05-27
9125,Sneha Ghosh,43,USA,Data,76000,31,sneha.ghosh25@gmail.com,Inactive,2025-01-24
9126,Neha Iyer,52,USA,Finance,179097,21,neha.iyer26@yahoo.com,Inactive,2023-06-04
9127,Neha Das,33,Canada,Marketing,155580,2,neha.das27@gmail.com,Active,2022-01-01
9128,Aditya Patel,53,India,Data,64940,8,aditya.patel28@yahoo.com,Active,2018-08-13
9129,Reyansh Iyer,54,UK,HR,156878,5,reyansh.iyer29@gmail.com,Active,2024-02-29
9130,Riya Mukherjee,53,Germany,HR,154492,0,riya.mukherjee30@outlook.com,Active,2025-12-12
9131,Vivaan Reddy,25,Canada,IT,59701,21,vivaan.reddy31@gmail.com,Inactive,2018-05-16
9132,Aditi Nair,23,India,Finance,117697,3,aditi.nair32@company.com,Active,2022-02-16
9133,Vivaan Das,27,USA,Sales,76795,7,vivaan.das33@company.com,Active,2020-11-22
9134,Priya Agarwal,44,India,IT,125990,18,priya.agarwal34@gmail.com,Inactive,2020-11-18
9135,Aarav Verma,42,Canada,Data,48115,0,aarav.verma35@yahoo.com,Inactive,2021-10-06
9136,Meera Verma,43,USA,IT,165845,23,meera.verma36@company.com,Inactive,2021-09-13
9137,Aarav Malik,50,India,Marketing,91433,16,aarav.malik37@yahoo.com,Active,2024-10-28
9138,Krishna Kapoor,38,Germany,Data,81999,31,krishna.kapoor38@company.com,Inactive,2022-02-03
9139,Diya Reddy,52,UK,Sales,109564,13,diya.reddy39@outlook.com,Active,2021-10-25
9140,Aditya Chopra,27,UK,Finance,142747,16,aditya.chopra40@outlook.com,Inactive,2019-01-06
9141,Riya Malik,53,Canada,Data,173760,31,riya.malik41@gmail.com,Active,2019-09-30
9142,Riya Patel,25,USA,Finance,58255,32,riya.patel42@yahoo.com,Inactive,2022-07-18
9143,Aditi Kapoor,48,USA,Finance,114747,29,aditi.kapoor43@company.com,Active,2020-07-10
9144,Sneha Mehta,28,UK,IT,112049,33,sneha.mehta44@yahoo.com,Active,2021-06-30
9145,Krishna Bansal,35,India,Marketing,101057,27,krishna.bansal45@outlook.com,Inactive,2024-12-08
9146,Arjun Malik,24,USA,IT,61293,23,arjun.malik46@yahoo.com,Active,2024-04-24
9147,Riya Singh,54,Germany,HR,65607,13,riya.singh47@company.com,Active,2024-10-22
9148,Ananya Chopra,25,Germany,HR,178865,33,ananya.chopra48@yahoo.com,Active,2019-08-25
9149,Vivaan Chopra,53,USA,Finance,125413,0,vivaan.chopra49@yahoo.com,Inactive,2023-08-28
9150,Shaurya Khan,25,USA,Marketing,142148,21,shaurya.khan50@outlook.com,Inactive,2018-08-07
9151,Sneha Kapoor,58,UK,Data,71069,32,sneha.kapoor51@gmail.com,Inactive,2019-05-27
9152,Vivaan Ghosh,54,Canada,Finance,121079,17,vivaan.ghosh52@outlook.com,Inactive,2021-04-16
9153,Vivaan Nair,46,UK,Data,77582,11,vivaan.nair53@yahoo.com,Active,2018-07-28
9154,Vivaan Bansal,21,Canada,Finance,129526,9,vivaan.bansal54@yahoo.com,Inactive,2023-01-11
9155,Muhammad Singh,24,Germany,IT,48116,1,muhammad.singh55@yahoo.com,Active,2025-01-18
9156,Priya Mukherjee,59,Canada,Finance,133395,1,priya.mukherjee56@gmail.com,Inactive,2024-04-01
9157,Meera Ghosh,46,UK,Finance,38706,5,meera.ghosh57@gmail.com,Active,2021-05-17
9158,Kavya Mukherjee,53,USA,Marketing,51147,19,kavya.mukherjee58@outlook.com,Inactive,2018-07-30
9159,Diya Sharma,53,Canada,Marketing,134147,27,diya.sharma59@outlook.com,Active,2018-09-30
9160,Meera Das,28,UK,Data,43895,2,meera.das60@company.com,Inactive,2024-01-01
9161,Reyansh Patel,40,Germany,Marketing,97058,24,reyansh.patel61@outlook.com,Inactive,2022-09-23
9162,Aditya Verma,36,Canada,Finance,48251,22,aditya.verma62@yahoo.com,Active,2025-08-13
9163,Ishaan Verma,41,Germany,Marketing,145533,12,ishaan.verma63@gmail.com,Inactive,2019-05-17
9164,Vihaan Kapoor,46,Germany,Marketing,40109,23,vihaan.kapoor64@company.com,Active,2024-10-27
9165,Ishaan Das,43,India,Sales,59632,2,ishaan.das65@company.com,Active,2023-02-17
9166,Vihaan Ghosh,38,Canada,Sales,178223,27,vihaan.ghosh66@yahoo.com,Inactive,2021-01-14
9167,Riya Sharma,51,UK,HR,90276,25,riya.sharma67@company.com,Inactive,2024-02-06
9168,Ishaan Malik,32,Canada,IT,41325,19,ishaan.malik68@company.com,Active,2023-01-15
9169,Reyansh Ghosh,21,Canada,IT,129964,26,reyansh.ghosh69@yahoo.com,Inactive,2022-05-04
9170,Neha Nair,29,Germany,Marketing,36912,0,neha.nair70@gmail.com,Active,2021-03-23
9171,Krishna Das,23,Germany,HR,42374,9,krishna.das71@outlook.com,Inactive,2024-02-05
9172,Muhammad Kapoor,46,Germany,HR,68034,9,muhammad.kapoor72@gmail.com,Inactive,2024-06-04
9173,Muhammad Das,29,Germany,Data,120402,0,muhammad.das73@outlook.com,Active,2021-09-11
9174,Aditya Kapoor,36,UK,Sales,126792,31,aditya.kapoor74@yahoo.com,Active,2020-01-25
9175,Ishaan Singh,44,USA,HR,128305,31,ishaan.singh75@gmail.com,Inactive,2018-01-09
9176,Arjun Gupta,34,India,Finance,85683,26,arjun.gupta76@outlook.com,Inactive,2018-07-11
9177,Arjun Kapoor,23,Germany,Data,176270,12,arjun.kapoor77@gmail.com,Inactive,2021-01-18
9178,Meera Iyer,54,Germany,Marketing,129817,16,meera.iyer78@outlook.com,Inactive,2020-10-23
9179,Reyansh Das,53,India,Finance,162776,27,reyansh.das79@yahoo.com,Active,2019-05-07
9180,Sneha Iyer,44,Germany,IT,173227,24,sneha.iyer80@yahoo.com,Active,2021-07-12
9181,Priya Iyer,29,USA,Sales,82952,1,priya.iyer81@outlook.com,Inactive,2025-09-28
9182,Reyansh Sharma,33,Canada,Finance,158899,31,reyansh.sharma82@yahoo.com,Active,2019-11-08
9183,Krishna Bansal,22,India,Marketing,46388,31,krishna.bansal83@company.com,Inactive,2025-08-04
9184,Arjun Chopra,27,UK,Finance,109178,5,arjun.chopra84@yahoo.com,Inactive,2023-05-11
9185,Riya Bansal,41,India,Finance,61457,30,riya.bansal85@gmail.com,Inactive,2021-10-15
9186,Muhammad Mehta,39,USA,HR,46752,8,muhammad.mehta86@yahoo.com,Active,2024-02-21
9187,Shaurya Malik,45,UK,Sales,86832,15,shaurya.malik87@outlook.com,Active,2019-05-14
9188,Aditya Agarwal,42,Canada,IT,39237,24,aditya.agarwal88@yahoo.com,Active,2025-02-28
9189,Vivaan Kapoor,31,Germany,Marketing,169123,27,vivaan.kapoor89@outlook.com,Active,2022-06-29
9190,Shaurya Kapoor,53,India,Data,78311,16,shaurya.kapoor90@gmail.com,Inactive,2023-01-29
9191,Reyansh Chopra,52,UK,Data,54088,30,reyansh.chopra91@company.com,Inactive,2018-06-03
9192,Diya Iyer,41,India,Marketing,40675,22,diya.iyer92@yahoo.com,Active,2020-12-05
9193,Vivaan Khan,59,Canada,IT,37640,30,vivaan.khan93@yahoo.com,Inactive,2018-06-30
9194,Aditi Singh,40,India,Marketing,98328,25,aditi.singh94@gmail.com,Active,2022-05-15
9195,Diya Reddy,28,UK,HR,47317,3,diya.reddy95@yahoo.com,Active,2018-08-14
9196,Pooja Khan,57,USA,Data,141442,14,pooja.khan96@gmail.com,Active,2018-12-13
9197,Shaurya Ansari,29,UK,Data,138666,22,shaurya.ansari97@outlook.com,Active,2024-10-29
9198,Aarav Gupta,45,India,Finance,68462,4,aarav.gupta98@company.com,Inactive,2024-02-01
9199,Neha Kapoor,45,Canada,HR,110921,24,neha.kapoor99@yahoo.com,Inactive,2020-04-08
9200,Shaurya Bansal,53,Germany,Data,50201,29,shaurya.bansal0@yahoo.com,Inactive,2022-06-18
9201,Ishaan Iyer,22,Germany,HR,69536,25,ishaan.iyer1@gmail.com,Active,2023-04-08
9202,Riya Roy,39,Canada,HR,70517,2,riya.roy2@company.com,Active,2022-08-14
9203,Riya Das,40,India,IT,150308,3,riya.das3@company.com,Inactive,2023-01-21
9204,Aarav Singh,49,Canada,Data,147911,17,aarav.singh4@yahoo.com,Inactive,2018-09-09
9205,Vihaan Chopra,26,India,Sales,72982,10,vihaan.chopra5@outlook.com,Active,2022-01-15
9206,Krishna Ghosh,37,UK,IT,67844,10,krishna.ghosh6@outlook.com,Inactive,2021-12-15
9207,Riya Das,45,USA,IT,119118,15,riya.das7@outlook.com,Active,2025-05-22
9208,Reyansh Malik,58,India,HR,170309,24,reyansh.malik8@gmail.com,Active,2023-05-10
9209,Ananya Patel,24,Germany,Sales,158110,0,ananya.patel9@outlook.com,Inactive,2024-12-06
9210,Kavya Mukherjee,50,Germany,IT,41027,25,kavya.mukherjee10@yahoo.com,Inactive,2022-12-12
9211,Vivaan Reddy,40,USA,Sales,176439,29,vivaan.reddy11@gmail.com,Active,2019-09-16
9212,Vivaan Iyer,23,India,Data,115567,5,vivaan.iyer12@gmail.com,Inactive,2018-06-07
9213,Vivaan Iyer,43,USA,HR,135848,26,vivaan.iyer13@gmail.com,Active,2019-07-23
9214,Krishna Ansari,38,UK,IT,128724,18,krishna.ansari14@outlook.com,Inactive,2022-09-22
9215,Muhammad Ansari,46,USA,Sales,149675,18,muhammad.ansari15@gmail.com,Active,2022-07-25
9216,Diya Ansari,56,UK,Marketing,106810,31,diya.ansari16@yahoo.com,Active,2018-01-09
9217,Riya Malik,28,Germany,IT,160545,0,riya.malik17@company.com,Active,2019-05-24
9218,Sneha Reddy,37,UK,IT,87892,24,sneha.reddy18@outlook.com,Inactive,2019-06-28
9219,Vihaan Kapoor,51,India,IT,142457,12,vihaan.kapoor19@yahoo.com,Inactive,2025-03-21
9220,Krishna Patel,57,India,Sales,112059,9,krishna.patel20@outlook.com,Inactive,2023-08-02
9221,Vihaan Gupta,53,India,Finance,36074,17,vihaan.gupta21@outlook.com,Inactive,2025-10-31
9222,Vihaan Mukherjee,47,India,Data,117567,21,vihaan.mukherjee22@yahoo.com,Inactive,2018-04-05
9223,Kavya Das,24,Canada,IT,80793,5,kavya.das23@outlook.com,Inactive,2025-07-07
9224,Kavya Mehta,42,UK,Marketing,73071,26,kavya.mehta24@gmail.com,Active,2021-07-24
9225,Pooja Verma,46,India,Marketing,54546,7,pooja.verma25@yahoo.com,Active,2022-04-08
9226,Meera Ansari,52,USA,HR,81515,23,meera.ansari26@company.com,Inactive,2020-08-30
9227,Krishna Roy,44,USA,Finance,164212,19,krishna.roy27@outlook.com,Inactive,2018-04-27
9228,Aditya Ansari,55,Canada,Finance,175767,21,aditya.ansari28@gmail.com,Active,2022-01-19
9229,Neha Ansari,57,UK,Sales,46054,8,neha.ansari29@gmail.com,Inactive,2018-12-26
9230,Arjun Kapoor,52,UK,HR,37897,18,arjun.kapoor30@outlook.com,Inactive,2020-11-19
9231,Ananya Singh,27,UK,Sales,44537,0,ananya.singh31@gmail.com,Inactive,2024-06-30
9232,Vivaan Bansal,53,Canada,HR,92325,10,vivaan.bansal32@yahoo.com,Active,2023-04-28
9233,Vivaan Gupta,51,UK,Data,174753,9,vivaan.gupta33@outlook.com,Inactive,2018-03-15
9234,Aditya Mukherjee,32,UK,Finance,154940,0,aditya.mukherjee34@company.com,Active,2020-09-05
9235,Riya Nair,31,India,Data,108387,26,riya.nair35@outlook.com,Inactive,2021-12-13
9236,Ananya Kapoor,44,UK,Sales,125537,16,ananya.kapoor36@yahoo.com,Active,2020-03-17
9237,Vihaan Agarwal,28,India,HR,115121,16,vihaan.agarwal37@gmail.com,Inactive,2021-07-10
9238,Riya Bansal,52,India,Finance,140532,1,riya.bansal38@gmail.com,Inactive,2019-07-05
9239,Pooja Das,58,UK,Finance,82038,22,pooja.das39@yahoo.com,Active,2024-09-17
9240,Aarav Sharma,42,USA,IT,89833,9,aarav.sharma40@company.com,Active,2023-11-22
9241,Reyansh Ansari,54,Germany,Sales,83123,29,reyansh.ansari41@gmail.com,Active,2023-03-03
9242,Aarav Sharma,39,USA,IT,65117,34,aarav.sharma42@outlook.com,Inactive,2025-07-16
9243,Sneha Mehta,40,UK,Finance,106131,24,sneha.mehta43@outlook.com,Inactive,2023-12-31
9244,Ananya Bansal,34,UK,Sales,78691,16,ananya.bansal44@gmail.com,Active,2025-07-24
9245,Vihaan Ghosh,53,USA,Sales,179379,18,vihaan.ghosh45@yahoo.com,Active,2020-07-05
9246,Arjun Mukherjee,30,UK,Data,62531,17,arjun.mukherjee46@yahoo.com,Inactive,2018-07-26
9247,Riya Sharma,36,India,Marketing,77174,17,riya.sharma47@yahoo.com,Active,2025-02-06
9248,Krishna Kapoor,24,Canada,HR,163755,34,krishna.kapoor48@outlook.com,Active,2023-03-22
9249,Ananya Nair,47,UK,Marketing,49414,9,ananya.nair49@gmail.com,Inactive,2021-07-08
9250,Neha Malik,48,UK,Marketing,129572,22,neha.malik50@gmail.com,Active,2020-04-03
9251,Shaurya Mukherjee,36,USA,Finance,45261,21,shaurya.mukherjee51@yahoo.com,Inactive,2021-01-11
9252,Vihaan Bansal,53,India,Data,102913,8,vihaan.bansal52@outlook.com,Active,2024-04-29
9253,Aarav Mukherjee,39,USA,HR,36271,31,aarav.mukherjee53@gmail.com,Active,2024-01-29
9254,Muhammad Kapoor,41,USA,Marketing,138324,25,muhammad.kapoor54@outlook.com,Active,2018-12-28
9255,Diya Mukherjee,42,UK,Marketing,68202,28,diya.mukherjee55@gmail.com,Active,2018-02-11
9256,Diya Patel,29,India,Sales,104307,18,diya.patel56@yahoo.com,Inactive,2022-10-30
9257,Vivaan Gupta,29,UK,Finance,142030,28,vivaan.gupta57@yahoo.com,Active,2024-05-10
9258,Shaurya Mukherjee,29,UK,Marketing,119070,34,shaurya.mukherjee58@gmail.com,Active,2022-12-03
9259,Aditya Mehta,47,UK,HR,71892,11,aditya.mehta59@company.com,Active,2019-05-15
9260,Riya Roy,37,UK,IT,171674,7,riya.roy60@company.com,Active,2018-05-12
9261,Shaurya Mehta,28,Canada,IT,161008,24,shaurya.mehta61@gmail.com,Active,2024-10-08
9262,Pooja Iyer,36,Germany,Finance,115957,26,pooja.iyer62@gmail.com,Inactive,2025-04-10
9263,Krishna Singh,38,India,IT,132210,5,krishna.singh63@gmail.com,Inactive,2020-12-12
9264,Aditi Das,53,Canada,Sales,171239,12,aditi.das64@company.com,Inactive,2025-10-07
9265,Neha Reddy,21,Germany,Sales,88201,10,neha.reddy65@yahoo.com,Active,2021-11-21
9266,Aarav Roy,32,Germany,HR,84698,5,aarav.roy66@yahoo.com,Inactive,2024-02-20
9267,Arjun Bansal,26,Germany,Data,98753,4,arjun.bansal67@yahoo.com,Active,2020-10-03
9268,Muhammad Khan,25,Canada,Finance,110479,6,muhammad.khan68@yahoo.com,Inactive,2019-04-09
9269,Reyansh Ansari,36,India,Finance,99687,18,reyansh.ansari69@company.com,Inactive,2021-10-10
9270,Meera Mukherjee,38,USA,IT,166290,5,meera.mukherjee70@company.com,Active,2021-04-11
9271,Riya Patel,38,Germany,Marketing,67893,24,riya.patel71@company.com,Inactive,2024-02-19
9272,Aditya Singh,21,USA,Marketing,48169,8,aditya.singh72@outlook.com,Active,2021-12-24
9273,Kavya Malik,39,USA,Data,81458,19,kavya.malik73@yahoo.com,Inactive,2024-08-31
9274,Ananya Reddy,28,UK,Marketing,109951,24,ananya.reddy74@yahoo.com,Active,2019-10-19
9275,Priya Gupta,23,USA,Data,39180,7,priya.gupta75@yahoo.com,Active,2020-09-27
9276,Aditya Malik,45,UK,HR,44766,1,aditya.malik76@gmail.com,Active,2022-12-17
9277,Vivaan Iyer,25,India,Finance,36942,21,vivaan.iyer77@outlook.com,Active,2022-12-01
9278,Arjun Das,39,India,IT,177604,3,arjun.das78@gmail.com,Active,2021-09-16
9279,Pooja Bansal,38,UK,HR,78374,0,pooja.bansal79@outlook.com,Active,2020-03-05
9280,Vivaan Chopra,51,India,Sales,101790,32,vivaan.chopra80@company.com,Inactive,2021-07-23
9281,Aarav Reddy,53,Germany,Sales,68755,23,aarav.reddy81@yahoo.com,Active,2018-04-18
9282,Krishna Nair,38,India,Sales,156925,4,krishna.nair82@yahoo.com,Inactive,2018-09-13
9283,Aditi Bansal,59,UK,Data,94192,34,aditi.bansal83@outlook.com,Inactive,2021-01-07
9284,Priya Verma,36,Germany,Data,115459,25,priya.verma84@gmail.com,Active,2024-09-03
9285,Riya Mehta,36,USA,Finance,132218,25,riya.mehta85@company.com,Active,2019-12-26
9286,Vihaan Patel,58,USA,Sales,82592,4,vihaan.patel86@yahoo.com,Inactive,2023-04-28
9287,Priya Sharma,27,USA,Data,155041,17,priya.sharma87@gmail.com,Inactive,2021-05-17
9288,Vivaan Ansari,34,UK,Data,145397,24,vivaan.ansari88@gmail.com,Active,2022-05-10
9289,Vivaan Das,45,USA,Marketing,48118,20,vivaan.das89@gmail.com,Active,2019-06-24
9290,Muhammad Chopra,52,India,Data,148305,23,muhammad.chopra90@company.com,Inactive,2025-12-13
9291,Aditi Kapoor,58,USA,Sales,99610,27,aditi.kapoor91@gmail.com,Inactive,2018-04-19
9292,Meera Gupta,42,Canada,HR,113699,3,meera.gupta92@company.com,Inactive,2023-09-03
9293,Aarav Kapoor,36,Canada,Sales,43104,7,aarav.kapoor93@company.com,Active,2022-08-24
9294,Arjun Agarwal,49,USA,Marketing,114722,32,arjun.agarwal94@gmail.com,Active,2019-05-14
9295,Aditya Reddy,36,USA,Sales,43549,2,aditya.reddy95@gmail.com,Inactive,2024-08-16
9296,Muhammad Mehta,32,Canada,IT,161081,19,muhammad.mehta96@gmail.com,Inactive,2021-04-03
9297,Reyansh Ansari,37,USA,Marketing,130614,34,reyansh.ansari97@outlook.com,Active,2024-09-10
9298,Ishaan Reddy,57,Germany,Finance,92240,6,ishaan.reddy98@outlook.com,Inactive,2024-05-08
9299,Diya Verma,47,Canada,Sales,67831,26,diya.verma99@yahoo.com,Active,2018-02-19
9300,Priya Das,45,UK,Data,132462,4,priya.das0@outlook.com,Active,2018-03-12
9301,Pooja Khan,33,Canada,HR,104474,0,pooja.khan1@gmail.com,Active,2023-05-09
9302,Priya Roy,28,India,Sales,123233,21,priya.roy2@company.com,Inactive,2019-05-07
9303,Vihaan Nair,25,Germany,HR,178681,6,vihaan.nair3@outlook.com,Active,2019-04-19
9304,Neha Bansal,32,UK,IT,176595,7,neha.bansal4@company.com,Active,2021-05-09
9305,Pooja Patel,23,USA,Finance,139700,29,pooja.patel5@outlook.com,Active,2018-01-24
9306,Meera Ansari,55,India,Data,106772,27,meera.ansari6@outlook.com,Inactive,2019-04-14
9307,Riya Malik,53,India,Marketing,75577,25,riya.malik7@gmail.com,Inactive,2021-12-31
9308,Shaurya Verma,42,Germany,Marketing,169177,33,shaurya.verma8@company.com,Active,2018-08-02
9309,Vihaan Singh,29,UK,Finance,136856,31,vihaan.singh9@yahoo.com,Active,2021-08-11
9310,Shaurya Ghosh,38,India,IT,120395,21,shaurya.ghosh10@company.com,Inactive,2018-05-27
9311,Aarav Das,49,UK,IT,167910,19,aarav.das11@outlook.com,Active,2024-08-26
9312,Kavya Ansari,59,UK,Sales,59437,13,kavya.ansari12@company.com,Inactive,2022-09-06
9313,Ananya Iyer,47,India,IT,106449,22,ananya.iyer13@company.com,Inactive,2021-12-10
9314,Krishna Nair,56,UK,Sales,153099,2,krishna.nair14@outlook.com,Inactive,2020-10-25
9315,Pooja Das,37,Germany,HR,149176,18,pooja.das15@gmail.com,Inactive,2020-04-23
9316,Arjun Bansal,54,India,Finance,78003,13,arjun.bansal16@outlook.com,Active,2020-05-21
9317,Vivaan Ansari,23,Germany,HR,49646,34,vivaan.ansari17@yahoo.com,Inactive,2024-09-03
9318,Krishna Chopra,25,Germany,HR,85560,0,krishna.chopra18@company.com,Active,2025-12-07
9319,Meera Mehta,34,UK,HR,153560,18,meera.mehta19@gmail.com,Active,2020-10-27
9320,Vivaan Mehta,23,UK,HR,121597,14,vivaan.mehta20@gmail.com,Inactive,2019-12-24
9321,Diya Agarwal,43,India,Marketing,93679,24,diya.agarwal21@gmail.com,Inactive,2025-10-01
9322,Aarav Mukherjee,59,USA,IT,57873,0,aarav.mukherjee22@yahoo.com,Inactive,2021-07-23
9323,Vivaan Das,50,India,Finance,169530,30,vivaan.das23@outlook.com,Inactive,2025-11-14
9324,Diya Roy,43,Germany,Finance,72165,21,diya.roy24@outlook.com,Inactive,2023-06-27
9325,Sneha Gupta,47,UK,Data,122803,19,sneha.gupta25@yahoo.com,Active,2023-08-14
9326,Shaurya Iyer,30,Germany,HR,98994,4,shaurya.iyer26@company.com,Inactive,2022-10-04
9327,Sneha Khan,45,Canada,Finance,132925,14,sneha.khan27@outlook.com,Inactive,2023-11-24
9328,Aarav Agarwal,33,Canada,Sales,49823,1,aarav.agarwal28@outlook.com,Active,2018-02-09
9329,Ishaan Roy,36,Germany,Finance,165803,11,ishaan.roy29@company.com,Inactive,2025-03-09
9330,Reyansh Kapoor,54,USA,HR,75856,6,reyansh.kapoor30@gmail.com,Active,2025-02-07
9331,Meera Roy,57,USA,Finance,42406,1,meera.roy31@outlook.com,Inactive,2025-02-16
9332,Meera Bansal,42,India,IT,65619,7,meera.bansal32@outlook.com,Active,2021-07-10
9333,Meera Roy,37,India,HR,173143,8,meera.roy33@outlook.com,Active,2025-06-02
9334,Aditi Iyer,43,India,Marketing,142871,26,aditi.iyer34@gmail.com,Inactive,2019-07-31
9335,Pooja Mukherjee,56,UK,IT,143029,27,pooja.mukherjee35@gmail.com,Inactive,2024-07-19
9336,Meera Agarwal,29,USA,Finance,176216,14,meera.agarwal36@company.com,Active,2020-02-27
9337,Aditya Das,22,Germany,Marketing,177255,18,aditya.das37@yahoo.com,Inactive,2022-04-17
9338,Shaurya Patel,52,Canada,Data,56074,29,shaurya.patel38@yahoo.com,Active,2023-03-04
9339,Pooja Chopra,42,USA,IT,47349,12,pooja.chopra39@company.com,Active,2018-06-13
9340,Sneha Kapoor,33,USA,Data,153160,5,sneha.kapoor40@outlook.com,Active,2019-02-06
9341,Sneha Singh,28,USA,Sales,62493,29,sneha.singh41@yahoo.com,Active,2024-12-07
9342,Arjun Reddy,21,India,IT,124146,0,arjun.reddy42@outlook.com,Active,2018-12-19
9343,Sneha Mehta,37,UK,Marketing,175429,24,sneha.mehta43@company.com,Inactive,2019-11-04
9344,Shaurya Sharma,32,Germany,Data,39561,34,shaurya.sharma44@gmail.com,Active,2025-11-24
9345,Riya Iyer,24,India,Sales,108150,25,riya.iyer45@outlook.com,Inactive,2018-09-22
9346,Sneha Mukherjee,33,UK,Data,99685,12,sneha.mukherjee46@yahoo.com,Inactive,2020-12-01
9347,Muhammad Khan,51,USA,Finance,37358,18,muhammad.khan47@gmail.com,Active,2021-05-07
9348,Muhammad Mehta,27,UK,HR,177502,9,muhammad.mehta48@yahoo.com,Inactive,2018-07-26
9349,Reyansh Singh,43,India,Data,51041,6,reyansh.singh49@yahoo.com,Active,2018-04-20
9350,Shaurya Patel,44,USA,Finance,146407,14,shaurya.patel50@outlook.com,Inactive,2022-07-26
9351,Priya Kapoor,25,India,HR,127262,22,priya.kapoor51@gmail.com,Inactive,2022-11-02
9352,Sneha Ghosh,25,Germany,HR,45267,30,sneha.ghosh52@yahoo.com,Active,2023-10-21
9353,Vivaan Bansal,37,USA,Marketing,112395,7,vivaan.bansal53@gmail.com,Active,2019-02-12
9354,Meera Sharma,50,UK,Sales,125170,29,meera.sharma54@outlook.com,Inactive,2020-04-19
9355,Pooja Nair,29,India,Sales,143454,33,pooja.nair55@company.com,Inactive,2022-07-18
9356,Arjun Kapoor,26,Canada,IT,141680,32,arjun.kapoor56@gmail.com,Inactive,2025-07-19
9357,Vihaan Agarwal,45,UK,Finance,54003,0,vihaan.agarwal57@company.com,Active,2018-10-06
9358,Priya Sharma,39,UK,Marketing,65169,15,priya.sharma58@gmail.com,Active,2023-03-05
9359,Kavya Khan,36,USA,Data,82271,10,kavya.khan59@yahoo.com,Inactive,2018-02-20
9360,Muhammad Iyer,41,UK,Finance,51961,26,muhammad.iyer60@gmail.com,Active,2021-02-20
9361,Pooja Singh,22,India,Data,178218,21,pooja.singh61@outlook.com,Active,2019-03-07
9362,Riya Mukherjee,30,Canada,Data,97676,18,riya.mukherjee62@outlook.com,Inactive,2023-02-18
9363,Krishna Reddy,36,Germany,Data,76030,5,krishna.reddy63@yahoo.com,Active,2025-02-11
9364,Meera Chopra,57,Canada,IT,101091,19,meera.chopra64@gmail.com,Inactive,2018-11-20
9365,Krishna Das,35,India,IT,77178,2,krishna.das65@company.com,Inactive,2023-02-07
9366,Arjun Ghosh,33,USA,Marketing,38640,0,arjun.ghosh66@yahoo.com,Active,2024-08-19
9367,Aarav Iyer,33,India,IT,163291,22,aarav.iyer67@yahoo.com,Active,2020-05-23
9368,Aarav Chopra,52,UK,Marketing,102448,2,aarav.chopra68@company.com,Inactive,2022-12-10
9369,Priya Mehta,28,USA,IT,119650,33,priya.mehta69@yahoo.com,Inactive,2019-07-02
9370,Arjun Roy,38,Germany,Sales,58922,16,arjun.roy70@company.com,Active,2021-12-15
9371,Meera Bansal,56,Germany,Marketing,148746,26,meera.bansal71@company.com,Inactive,2019-01-11
9372,Ananya Sharma,46,India,Sales,149954,22,ananya.sharma72@yahoo.com,Inactive,2023-11-27
9373,Pooja Patel,30,UK,Sales,179759,10,pooja.patel73@gmail.com,Active,2022-11-14
9374,Aditi Roy,51,Germany,Marketing,124248,14,aditi.roy74@gmail.com,Active,2024-12-13
9375,Diya Ghosh,53,Canada,Finance,162589,25,diya.ghosh75@yahoo.com,Inactive,2020-11-08
9376,Arjun Bansal,49,USA,HR,49837,10,arjun.bansal76@gmail.com,Inactive,2025-02-09
9377,Ishaan Gupta,25,Canada,IT,178937,6,ishaan.gupta77@yahoo.com,Inactive,2021-05-25
9378,Pooja Kapoor,33,Germany,Data,79653,7,pooja.kapoor78@company.com,Inactive,2022-09-25
9379,Sneha Kapoor,21,Germany,IT,70569,4,sneha.kapoor79@company.com,Inactive,2024-03-30
9380,Diya Bansal,43,India,Data,83787,16,diya.bansal80@yahoo.com,Active,2022-04-24
9381,Aditya Ansari,23,India,Finance,86186,22,aditya.ansari81@outlook.com,Inactive,2023-07-18
9382,Aarav Ghosh,23,USA,HR,146837,1,aarav.ghosh82@gmail.com,Inactive,2021-12-04
9383,Neha Bansal,27,India,Finance,50297,26,neha.bansal83@gmail.com,Inactive,2025-02-14
9384,Vihaan Patel,56,UK,HR,91605,20,vihaan.patel84@company.com,Inactive,2022-03-16
9385,Muhammad Das,55,USA,Marketing,117904,6,muhammad.das85@yahoo.com,Active,2023-01-19
9386,Ananya Roy,35,UK,Marketing,121019,25,ananya.roy86@yahoo.com,Inactive,2020-08-20
9387,Ananya Mehta,23,India,Data,41463,29,ananya.mehta87@company.com,Inactive,2021-08-22
9388,Ishaan Ansari,49,USA,Sales,179704,11,ishaan.ansari88@outlook.com,Inactive,2025-12-30
9389,Ishaan Kapoor,50,Germany,Sales,150763,10,ishaan.kapoor89@outlook.com,Inactive,2018-04-17
9390,Pooja Patel,59,Canada,Data,117943,16,pooja.patel90@company.com,Active,2022-08-20
9391,Krishna Roy,38,Germany,Marketing,81221,9,krishna.roy91@company.com,Active,2021-06-02
9392,Shaurya Das,31,UK,Data,153585,15,shaurya.das92@company.com,Inactive,2021-11-10
9393,Ishaan Verma,58,Germany,Sales,146370,14,ishaan.verma93@yahoo.com,Active,2022-04-03
9394,Aarav Khan,21,Germany,Data,141775,14,aarav.khan94@company.com,Inactive,2018-03-01
9395,Neha Singh,49,Canada,Marketing,60759,19,neha.singh95@outlook.com,Active,2024-08-16
9396,Aarav Sharma,30,Canada,Finance,122000,3,aarav.sharma96@gmail.com,Active,2018-04-28
9397,Riya Bansal,48,Germany,IT,95943,31,riya.bansal97@outlook.com,Active,2025-06-20
9398,Meera Kapoor,51,Canada,Marketing,120862,21,meera.kapoor98@company.com,Active,2018-10-13
9399,Aditi Gupta,39,Germany,Data,145475,34,aditi.gupta99@gmail.com,Inactive,2022-04-14
9400,Vivaan Mehta,23,USA,Marketing,111069,13,vivaan.mehta0@company.com,Active,2022-08-20
9401,Aditi Das,56,Germany,Marketing,178230,29,aditi.das1@outlook.com,Active,2018-01-19
9402,Muhammad Gupta,35,India,Sales,163979,30,muhammad.gupta2@outlook.com,Active,2020-10-02
9403,Aditya Ansari,53,Canada,Data,141446,9,aditya.ansari3@gmail.com,Active,2025-04-03
9404,Meera Reddy,46,Canada,Sales,72711,5,meera.reddy4@gmail.com,Inactive,2022-05-13
9405,Aarav Verma,36,UK,Data,117688,26,aarav.verma5@gmail.com,Inactive,2020-10-10
9406,Aditya Kapoor,56,UK,Sales,65772,10,aditya.kapoor6@outlook.com,Inactive,2018-04-26
9407,Riya Verma,53,India,Sales,62307,9,riya.verma7@company.com,Inactive,2018-05-01
9408,Meera Malik,40,Canada,Finance,171238,15,meera.malik8@gmail.com,Inactive,2025-04-23
9409,Aditya Iyer,33,Canada,Marketing,158890,23,aditya.iyer9@yahoo.com,Active,2024-08-08
9410,Meera Gupta,53,UK,Finance,42589,20,meera.gupta10@company.com,Inactive,2024-03-02
9411,Ananya Verma,25,UK,Sales,166536,22,ananya.verma11@yahoo.com,Active,2024-12-08
9412,Kavya Bansal,57,Germany,Finance,37600,20,kavya.bansal12@company.com,Active,2019-11-02
9413,Reyansh Das,34,Canada,Marketing,166988,31,reyansh.das13@gmail.com,Active,2025-12-03
9414,Muhammad Roy,47,Canada,Marketing,172198,16,muhammad.roy14@gmail.com,Inactive,2018-04-05
9415,Kavya Bansal,43,Germany,Sales,173223,16,kavya.bansal15@outlook.com,Active,2025-02-06
9416,Arjun Verma,34,Canada,Marketing,112196,20,arjun.verma16@gmail.com,Active,2025-09-02
9417,Diya Singh,24,India,Finance,166137,3,diya.singh17@outlook.com,Active,2023-01-28
9418,Ishaan Malik,59,UK,HR,126837,22,ishaan.malik18@yahoo.com,Active,2024-07-05
9419,Aarav Nair,39,UK,Marketing,113424,24,aarav.nair19@gmail.com,Inactive,2020-04-04
9420,Kavya Agarwal,24,UK,Finance,173265,31,kavya.agarwal20@yahoo.com,Active,2025-06-01
9421,Meera Iyer,50,USA,Finance,154259,5,meera.iyer21@yahoo.com,Active,2019-09-07
9422,Aditi Khan,39,India,Finance,111537,13,aditi.khan22@outlook.com,Inactive,2018-11-06
9423,Vivaan Agarwal,51,India,Marketing,96434,15,vivaan.agarwal23@outlook.com,Inactive,2021-05-25
9424,Arjun Kapoor,51,Germany,HR,175150,31,arjun.kapoor24@yahoo.com,Inactive,2019-11-08
9425,Priya Patel,29,USA,Sales,91125,15,priya.patel25@yahoo.com,Active,2018-06-17
9426,Meera Patel,33,Canada,Sales,87960,18,meera.patel26@gmail.com,Active,2025-01-23
9427,Diya Sharma,34,India,Marketing,96521,20,diya.sharma27@gmail.com,Active,2021-02-06
9428,Pooja Gupta,30,USA,Marketing,124485,14,pooja.gupta28@yahoo.com,Inactive,2018-07-18
9429,Neha Nair,51,USA,IT,59245,25,neha.nair29@company.com,Inactive,2019-02-06
9430,Aditi Verma,57,India,Data,67811,29,aditi.verma30@gmail.com,Active,2025-08-24
9431,Reyansh Roy,43,Germany,HR,170777,14,reyansh.roy31@yahoo.com,Inactive,2024-01-29
9432,Meera Gupta,47,USA,Finance,66834,12,meera.gupta32@outlook.com,Inactive,2018-07-03
9433,Ishaan Sharma,26,UK,Data,116548,26,ishaan.sharma33@yahoo.com,Inactive,2018-01-17
9434,Aditi Das,46,USA,Finance,96236,22,aditi.das34@company.com,Inactive,2019-07-08
9435,Pooja Malik,22,Canada,Data,83937,33,pooja.malik35@outlook.com,Active,2024-01-13
9436,Aditya Ansari,33,India,Sales,41842,33,aditya.ansari36@outlook.com,Active,2020-11-10
9437,Muhammad Ansari,39,Canada,Data,174373,22,muhammad.ansari37@yahoo.com,Active,2021-12-15
9438,Kavya Singh,21,Germany,Marketing,137862,19,kavya.singh38@gmail.com,Active,2021-03-20
9439,Aditya Patel,52,UK,HR,60090,8,aditya.patel39@company.com,Active,2021-02-08
9440,Ananya Chopra,42,India,Sales,157408,19,ananya.chopra40@company.com,Inactive,2023-01-14
9441,Reyansh Ansari,49,USA,Data,43828,13,reyansh.ansari41@outlook.com,Active,2021-08-31
9442,Diya Kapoor,22,UK,HR,87480,25,diya.kapoor42@gmail.com,Active,2019-10-02
9443,Vihaan Agarwal,58,USA,Marketing,138616,26,vihaan.agarwal43@yahoo.com,Inactive,2019-04-03
9444,Pooja Gupta,31,Germany,Finance,133373,33,pooja.gupta44@outlook.com,Inactive,2020-10-02
9445,Kavya Sharma,37,India,IT,128911,28,kavya.sharma45@outlook.com,Inactive,2020-12-11
9446,Muhammad Khan,28,Germany,HR,45042,31,muhammad.khan46@company.com,Inactive,2020-03-16
9447,Vihaan Gupta,42,Germany,Finance,46070,4,vihaan.gupta47@company.com,Inactive,2019-01-20
9448,Meera Khan,24,Germany,HR,112080,3,meera.khan48@gmail.com,Inactive,2019-08-10
9449,Aarav Kapoor,31,Germany,HR,153665,22,aarav.kapoor49@yahoo.com,Inactive,2020-05-12
9450,Vihaan Singh,28,USA,HR,157188,20,vihaan.singh50@company.com,Inactive,2021-12-25
9451,Priya Singh,29,Canada,Marketing,108595,32,priya.singh51@company.com,Active,2025-03-13
9452,Riya Reddy,46,USA,Sales,53018,23,riya.reddy52@yahoo.com,Inactive,2021-04-08
9453,Arjun Agarwal,22,UK,HR,49093,15,arjun.agarwal53@company.com,Inactive,2019-10-28
9454,Neha Ghosh,36,Germany,Marketing,144972,31,neha.ghosh54@outlook.com,Active,2025-11-04
9455,Sneha Chopra,51,UK,IT,103079,18,sneha.chopra55@outlook.com,Active,2023-11-24
9456,Aditi Mehta,26,USA,Sales,51118,25,aditi.mehta56@yahoo.com,Active,2018-11-23
9457,Muhammad Ansari,41,Germany,Marketing,107889,2,muhammad.ansari57@outlook.com,Inactive,2025-10-04
9458,Kavya Gupta,46,USA,IT,48349,34,kavya.gupta58@outlook.com,Active,2023-03-09
9459,Pooja Iyer,39,Germany,Sales,101304,17,pooja.iyer59@outlook.com,Active,2022-06-19
9460,Shaurya Malik,48,USA,Marketing,49163,6,shaurya.malik60@gmail.com,Inactive,2018-09-22
9461,Sneha Verma,28,India,IT,50095,31,sneha.verma61@gmail.com,Active,2018-11-18
9462,Reyansh Roy,34,Canada,Marketing,155452,23,reyansh.roy62@outlook.com,Active,2024-06-21
9463,Ananya Verma,44,Canada,IT,101527,15,ananya.verma63@outlook.com,Inactive,2018-04-18
9464,Arjun Kapoor,57,Germany,HR,77988,23,arjun.kapoor64@outlook.com,Active,2023-01-03
9465,Shaurya Das,46,India,HR,93873,3,shaurya.das65@yahoo.com,Inactive,2023-05-21
9466,Vivaan Mehta,51,UK,Sales,170224,31,vivaan.mehta66@outlook.com,Active,2022-11-08
9467,Priya Malik,52,India,IT,84663,33,priya.malik67@gmail.com,Active,2025-02-01
9468,Shaurya Verma,22,Germany,HR,128431,18,shaurya.verma68@company.com,Active,2025-03-07
9469,Krishna Agarwal,45,India,Sales,127263,13,krishna.agarwal69@yahoo.com,Inactive,2022-03-31
9470,Muhammad Malik,22,UK,Finance,101270,12,muhammad.malik70@company.com,Active,2018-08-26
9471,Vihaan Kapoor,21,Germany,HR,106214,21,vihaan.kapoor71@yahoo.com,Active,2020-10-29
9472,Neha Ghosh,56,Canada,HR,129317,30,neha.ghosh72@company.com,Active,2024-07-11
9473,Vihaan Patel,32,India,Data,48060,29,vihaan.patel73@company.com,Active,2023-08-11
9474,Kavya Nair,29,Canada,Marketing,110558,22,kavya.nair74@company.com,Active,2018-05-01
9475,Riya Khan,56,Canada,Finance,118779,11,riya.khan75@company.com,Active,2018-11-09
9476,Reyansh Gupta,48,USA,IT,35916,13,reyansh.gupta76@gmail.com,Inactive,2018-07-03
9477,Aarav Khan,58,UK,Sales,144130,7,aarav.khan77@company.com,Inactive,2021-06-15
9478,Aditya Nair,53,India,Finance,93581,23,aditya.nair78@yahoo.com,Inactive,2020-06-07
9479,Sneha Ghosh,42,Canada,IT,127272,2,sneha.ghosh79@yahoo.com,Inactive,2022-11-29
9480,Reyansh Mehta,45,Canada,HR,36335,13,reyansh.mehta80@outlook.com,Inactive,2020-02-08
9481,Muhammad Malik,38,UK,Data,127728,10,muhammad.malik81@company.com,Active,2018-11-26
9482,Riya Bansal,26,Canada,Sales,160823,27,riya.bansal82@yahoo.com,Inactive,2024-11-23
9483,Reyansh Roy,38,Canada,Sales,97564,22,reyansh.roy83@yahoo.com,Active,2020-04-01
9484,Pooja Reddy,36,Canada,Finance,45892,17,pooja.reddy84@yahoo.com,Inactive,2020-11-08
9485,Neha Mukherjee,35,Canada,Marketing,60524,19,neha.mukherjee85@company.com,Active,2020-11-07
9486,Kavya Singh,28,USA,IT,100837,32,kavya.singh86@yahoo.com,Inactive,2021-07-27
9487,Priya Singh,33,USA,Data,127700,1,priya.singh87@outlook.com,Active,2018-05-07
9488,Pooja Singh,27,Germany,Data,136005,25,pooja.singh88@gmail.com,Active,2020-10-17
9489,Vihaan Das,37,India,Finance,155902,1,vihaan.das89@outlook.com,Inactive,2021-09-14
9490,Reyansh Ghosh,52,UK,Marketing,106180,2,reyansh.ghosh90@yahoo.com,Inactive,2022-10-09
9491,Ananya Bansal,42,Germany,Marketing,40520,19,ananya.bansal91@outlook.com,Active,2025-07-10
9492,Aarav Reddy,33,USA,Marketing,68436,9,aarav.reddy92@gmail.com,Inactive,2018-01-16
9493,Krishna Roy,43,USA,Sales,37128,20,krishna.roy93@company.com,Inactive,2025-05-24
9494,Kavya Sharma,49,USA,IT,117137,8,kavya.sharma94@yahoo.com,Active,2024-10-20
9495,Neha Roy,42,Germany,IT,95275,1,neha.roy95@yahoo.com,Active,2018-01-06
9496,Pooja Bansal,21,USA,Finance,175012,27,pooja.bansal96@yahoo.com,Active,2024-05-17
9497,Aditi Mehta,49,Germany,HR,137524,2,aditi.mehta97@outlook.com,Inactive,2023-08-25
9498,Kavya Nair,25,USA,Finance,119541,15,kavya.nair98@company.com,Active,2024-11-18
9499,Vivaan Kapoor,55,Canada,IT,132238,3,vivaan.kapoor99@yahoo.com,Active,2021-12-21
9500,Neha Singh,30,Canada,Sales,142447,22,neha.singh0@company.com,Inactive,2022-07-22
9501,Aditi Das,39,India,Finance,135185,29,aditi.das1@yahoo.com,Active,2022-11-20
9502,Arjun Sharma,57,USA,HR,151120,12,arjun.sharma2@gmail.com,Active,2022-04-19
9503,Diya Sharma,27,India,Data,44968,5,diya.sharma3@gmail.com,Inactive,2019-01-21
9504,Aditi Ghosh,55,Germany,Finance,115634,9,aditi.ghosh4@yahoo.com,Active,2022-04-05
9505,Arjun Gupta,33,India,Marketing,156865,16,arjun.gupta5@company.com,Inactive,2020-02-01
9506,Reyansh Khan,30,USA,HR,109426,7,reyansh.khan6@outlook.com,Inactive,2025-12-31
9507,Krishna Chopra,22,Germany,Marketing,160848,8,krishna.chopra7@company.com,Active,2024-04-04
9508,Ananya Khan,26,Germany,Sales,126196,33,ananya.khan8@company.com,Active,2024-11-23
9509,Aditya Kapoor,28,Canada,IT,59875,16,aditya.kapoor9@yahoo.com,Inactive,2021-06-20
9510,Diya Sharma,56,Germany,Finance,94888,21,diya.sharma10@gmail.com,Inactive,2018-08-03
9511,Ananya Ghosh,45,Germany,Finance,59525,2,ananya.ghosh11@gmail.com,Inactive,2023-10-26
9512,Kavya Mehta,27,India,Marketing,138679,28,kavya.mehta12@company.com,Inactive,2024-08-28
9513,Ishaan Kapoor,43,Germany,Marketing,87604,26,ishaan.kapoor13@company.com,Inactive,2023-12-09
9514,Sneha Patel,39,UK,IT,171997,2,sneha.patel14@yahoo.com,Inactive,2023-01-12
9515,Aditya Das,42,Canada,Finance,59789,18,aditya.das15@yahoo.com,Inactive,2022-04-14
9516,Reyansh Gupta,33,Canada,IT,37917,33,reyansh.gupta16@outlook.com,Active,2023-04-27
9517,Sneha Patel,41,Germany,Marketing,163575,13,sneha.patel17@yahoo.com,Inactive,2025-08-23
9518,Ananya Roy,21,India,Data,136923,20,ananya.roy18@company.com,Active,2018-05-25
9519,Aditi Agarwal,39,Canada,Marketing,94328,1,aditi.agarwal19@yahoo.com,Inactive,2023-06-28
9520,Meera Verma,53,Canada,HR,94602,9,meera.verma20@yahoo.com,Active,2021-01-21
9521,Pooja Roy,24,UK,Marketing,45410,16,pooja.roy21@gmail.com,Active,2024-12-07
9522,Pooja Malik,23,Germany,Marketing,48574,1,pooja.malik22@yahoo.com,Inactive,2020-04-16
9523,Krishna Bansal,47,Canada,Data,132057,26,krishna.bansal23@company.com,Inactive,2019-05-20
9524,Meera Mukherjee,55,Canada,IT,94453,0,meera.mukherjee24@yahoo.com,Active,2021-09-07
9525,Pooja Iyer,48,Canada,HR,136364,32,pooja.iyer25@gmail.com,Active,2022-11-17
9526,Pooja Sharma,26,Canada,HR,159488,21,pooja.sharma26@company.com,Active,2021-01-03
9527,Reyansh Patel,26,India,Finance,148535,34,reyansh.patel27@company.com,Inactive,2019-04-08
9528,Vivaan Reddy,43,USA,Data,65779,33,vivaan.reddy28@company.com,Inactive,2024-01-08
9529,Vivaan Mukherjee,53,UK,Sales,47607,17,vivaan.mukherjee29@outlook.com,Inactive,2021-04-28
9530,Krishna Ghosh,36,India,Finance,80883,2,krishna.ghosh30@gmail.com,Active,2019-01-04
9531,Priya Mukherjee,44,UK,Finance,36100,15,priya.mukherjee31@gmail.com,Inactive,2018-06-21
9532,Ishaan Das,25,Canada,Finance,43310,10,ishaan.das32@outlook.com,Inactive,2019-12-21
9533,Shaurya Patel,33,UK,HR,73069,9,shaurya.patel33@yahoo.com,Inactive,2024-10-22
9534,Shaurya Mukherjee,32,Germany,IT,82740,20,shaurya.mukherjee34@outlook.com,Active,2025-03-02
9535,Ananya Mukherjee,25,Germany,Marketing,151888,24,ananya.mukherjee35@gmail.com,Active,2021-02-17
9536,Riya Ghosh,57,USA,HR,44233,34,riya.ghosh36@gmail.com,Active,2019-11-14
9537,Aditya Gupta,51,USA,Marketing,166568,5,aditya.gupta37@company.com,Inactive,2018-04-21
9538,Shaurya Chopra,48,UK,Marketing,130979,7,shaurya.chopra38@outlook.com,Active,2022-05-16
9539,Kavya Ghosh,48,India,Sales,170246,33,kavya.ghosh39@gmail.com,Active,2021-12-16
9540,Riya Agarwal,50,India,Finance,91121,0,riya.agarwal40@gmail.com,Active,2018-06-05
9541,Vivaan Agarwal,38,Canada,Sales,144628,2,vivaan.agarwal41@yahoo.com,Active,2025-02-13
9542,Aditya Chopra,47,India,Finance,69421,26,aditya.chopra42@company.com,Inactive,2019-12-14
9543,Reyansh Singh,55,USA,HR,159586,12,reyansh.singh43@outlook.com,Active,2023-02-25
9544,Pooja Kapoor,46,India,Marketing,81567,18,pooja.kapoor44@outlook.com,Inactive,2022-03-07
9545,Kavya Kapoor,59,Canada,Sales,117163,18,kavya.kapoor45@yahoo.com,Active,2025-12-06
9546,Neha Ansari,38,Germany,Data,107535,5,neha.ansari46@outlook.com,Inactive,2022-12-23
9547,Pooja Khan,53,India,HR,41073,13,pooja.khan47@outlook.com,Active,2019-05-18
9548,Aarav Mukherjee,45,India,HR,141534,4,aarav.mukherjee48@yahoo.com,Active,2022-08-17
9549,Kavya Malik,51,USA,Data,123541,8,kavya.malik49@outlook.com,Inactive,2023-03-14
9550,Aditi Gupta,57,UK,Finance,118535,22,aditi.gupta50@yahoo.com,Active,2019-04-02
9551,Meera Gupta,22,Germany,Marketing,35019,31,meera.gupta51@outlook.com,Active,2024-09-20
9552,Kavya Nair,53,UK,Finance,49160,28,kavya.nair52@company.com,Inactive,2019-11-23
9553,Meera Ghosh,59,Canada,Finance,67398,27,meera.ghosh53@company.com,Inactive,2020-10-15
9554,Neha Kapoor,52,Canada,HR,96651,10,neha.kapoor54@company.com,Active,2021-02-02
9555,Pooja Patel,38,UK,Finance,163171,18,pooja.patel55@gmail.com,Active,2022-05-28
9556,Meera Roy,37,USA,IT,150194,0,meera.roy56@yahoo.com,Active,2020-08-23
9557,Priya Das,54,USA,Data,125980,8,priya.das57@company.com,Active,2023-04-08
9558,Neha Patel,59,USA,Data,148866,1,neha.patel58@gmail.com,Active,2018-09-14
9559,Arjun Reddy,27,Germany,Marketing,63566,3,arjun.reddy59@gmail.com,Inactive,2021-03-03
9560,Riya Roy,55,Canada,Data,77129,28,riya.roy60@gmail.com,Active,2020-08-09
9561,Muhammad Nair,50,Canada,Finance,138661,3,muhammad.nair61@yahoo.com,Active,2022-11-07
9562,Vivaan Ghosh,32,Canada,Finance,84891,0,vivaan.ghosh62@gmail.com,Active,2019-01-22
9563,Ananya Das,55,Germany,Sales,44982,27,ananya.das63@outlook.com,Active,2019-09-13
9564,Aarav Kapoor,31,Canada,Marketing,136359,17,aarav.kapoor64@outlook.com,Active,2024-07-19
9565,Reyansh Singh,24,UK,Marketing,154075,12,reyansh.singh65@yahoo.com,Inactive,2019-03-02
9566,Diya Verma,45,India,Data,88074,5,diya.verma66@gmail.com,Active,2020-04-28
9567,Ishaan Sharma,52,Germany,Finance,160277,21,ishaan.sharma67@gmail.com,Active,2025-08-26
9568,Diya Kapoor,40,India,IT,67185,29,diya.kapoor68@yahoo.com,Inactive,2018-10-21
9569,Aditi Mukherjee,51,UK,Sales,102325,26,aditi.mukherjee69@outlook.com,Active,2022-11-19
9570,Ananya Agarwal,24,USA,IT,156089,7,ananya.agarwal70@company.com,Active,2020-12-09
9571,Sneha Verma,58,USA,Finance,35584,27,sneha.verma71@outlook.com,Active,2020-02-21
9572,Aarav Mehta,21,USA,Marketing,152888,1,aarav.mehta72@yahoo.com,Inactive,2023-03-07
9573,Reyansh Malik,23,Germany,Marketing,165747,19,reyansh.malik73@company.com,Inactive,2021-04-11
9574,Pooja Khan,57,USA,IT,82323,10,pooja.khan74@company.com,Inactive,2018-10-16
9575,Ananya Chopra,42,Germany,HR,162276,13,ananya.chopra75@company.com,Active,2023-04-24
9576,Ishaan Malik,37,Germany,Finance,148700,23,ishaan.malik76@gmail.com,Active,2021-03-31
9577,Reyansh Das,34,India,Marketing,144318,12,reyansh.das77@yahoo.com,Active,2025-03-11
9578,Aditi Agarwal,55,USA,Data,177957,7,aditi.agarwal78@yahoo.com,Active,2018-11-19
9579,Sneha Kapoor,33,Canada,HR,49469,20,sneha.kapoor79@yahoo.com,Inactive,2024-07-01
9580,Muhammad Patel,55,USA,Marketing,116340,21,muhammad.patel80@yahoo.com,Inactive,2025-08-12
9581,Diya Mukherjee,22,USA,Data,138060,8,diya.mukherjee81@company.com,Active,2025-08-14
9582,Shaurya Khan,33,USA,Marketing,173527,10,shaurya.khan82@gmail.com,Inactive,2018-06-16
9583,Krishna Patel,36,Canada,HR,176569,15,krishna.patel83@yahoo.com,Active,2018-03-26
9584,Pooja Roy,38,Canada,IT,101598,8,pooja.roy84@outlook.com,Active,2018-04-25
9585,Ishaan Kapoor,27,Germany,Finance,95698,2,ishaan.kapoor85@outlook.com,Inactive,2023-04-05
9586,Krishna Ansari,56,Canada,HR,154190,12,krishna.ansari86@company.com,Inactive,2020-05-14
9587,Pooja Roy,50,Germany,HR,106602,0,pooja.roy87@gmail.com,Inactive,2019-04-03
9588,Vihaan Reddy,27,India,Marketing,138988,10,vihaan.reddy88@company.com,Active,2019-01-07
9589,Aditi Khan,35,Germany,Data,166031,23,aditi.khan89@company.com,Active,2021-05-26
9590,Ishaan Gupta,39,USA,HR,45914,4,ishaan.gupta90@yahoo.com,Inactive,2018-09-16
9591,Ananya Khan,57,UK,Finance,74606,1,ananya.khan91@company.com,Inactive,2023-06-21
9592,Pooja Reddy,22,UK,IT,165596,16,pooja.reddy92@outlook.com,Inactive,2025-11-03
9593,Neha Khan,33,USA,Data,104603,16,neha.khan93@company.com,Inactive,2022-02-07
9594,Ananya Kapoor,51,Germany,IT,154756,19,ananya.kapoor94@outlook.com,Inactive,2023-01-23
9595,Reyansh Roy,36,USA,IT,178387,14,reyansh.roy95@gmail.com,Active,2018-08-13
9596,Reyansh Kapoor,26,Canada,Finance,148462,3,reyansh.kapoor96@yahoo.com,Active,2021-09-26
9597,Sneha Singh,48,Germany,Marketing,174949,10,sneha.singh97@outlook.com,Inactive,2023-02-13
9598,Krishna Reddy,52,USA,Data,157494,22,krishna.reddy98@company.com,Inactive,2024-12-06
9599,Riya Mukherjee,30,Canada,Data,58038,0,riya.mukherjee99@yahoo.com,Active,2018-12-14
9600,Diya Mehta,38,Canada,Finance,160429,3,diya.mehta0@gmail.com,Active,2024-07-16
9601,Krishna Das,24,Germany,Data,47869,1,krishna.das1@gmail.com,Inactive,2023-03-19
9602,Vihaan Ghosh,29,India,HR,47058,26,vihaan.ghosh2@outlook.com,Active,2019-11-30
9603,Aditi Chopra,27,India,Sales,177089,33,aditi.chopra3@yahoo.com,Inactive,2023-07-18
9604,Diya Sharma,28,Canada,Sales,123724,12,diya.sharma4@company.com,Active,2021-10-29
9605,Neha Das,27,India,Sales,38500,17,neha.das5@company.com,Active,2019-02-17
9606,Ishaan Kapoor,23,Canada,IT,159541,10,ishaan.kapoor6@outlook.com,Inactive,2020-10-02
9607,Pooja Reddy,37,India,Data,127162,4,pooja.reddy7@yahoo.com,Inactive,2021-12-12
9608,Aarav Mukherjee,22,Canada,Finance,164798,28,aarav.mukherjee8@gmail.com,Active,2025-11-20
9609,Ananya Nair,35,Canada,Data,103797,24,ananya.nair9@outlook.com,Inactive,2018-10-09
9610,Shaurya Malik,49,Canada,Finance,145633,13,shaurya.malik10@gmail.com,Inactive,2021-06-20
9611,Krishna Sharma,42,Canada,Data,87995,10,krishna.sharma11@yahoo.com,Inactive,2025-01-30
9612,Muhammad Iyer,24,UK,IT,168053,31,muhammad.iyer12@yahoo.com,Inactive,2019-10-25
9613,Meera Mehta,26,India,HR,117567,5,meera.mehta13@outlook.com,Active,2018-07-18
9614,Riya Roy,58,Canada,Sales,88075,5,riya.roy14@outlook.com,Active,2025-10-08
9615,Aditya Mehta,46,USA,Sales,50876,21,aditya.mehta15@gmail.com,Active,2021-12-25
9616,Neha Mukherjee,31,Germany,Data,168054,2,neha.mukherjee16@company.com,Active,2018-08-15
9617,Neha Khan,46,USA,IT,105791,18,neha.khan17@company.com,Active,2020-10-03
9618,Vivaan Ansari,37,USA,Sales,111285,33,vivaan.ansari18@yahoo.com,Active,2021-05-04
9619,Riya Reddy,44,UK,Data,65214,6,riya.reddy19@yahoo.com,Inactive,2020-01-03
9620,Sneha Singh,48,India,Marketing,129244,15,sneha.singh20@outlook.com,Active,2025-12-26
9621,Ishaan Verma,55,UK,Data,37019,8,ishaan.verma21@gmail.com,Inactive,2018-08-16
9622,Aditya Chopra,51,India,Finance,137978,12,aditya.chopra22@outlook.com,Inactive,2023-10-16
9623,Muhammad Kapoor,33,Canada,Sales,107516,33,muhammad.kapoor23@company.com,Inactive,2021-09-10
9624,Shaurya Gupta,55,UK,Sales,78524,5,shaurya.gupta24@outlook.com,Active,2024-07-13
9625,Ananya Iyer,36,Germany,Marketing,175284,3,ananya.iyer25@company.com,Active,2019-09-02
9626,Kavya Mehta,35,India,HR,148518,4,kavya.mehta26@yahoo.com,Inactive,2022-03-31
9627,Ananya Reddy,38,UK,Data,124022,5,ananya.reddy27@outlook.com,Active,2023-04-02
9628,Muhammad Mehta,57,Germany,HR,143518,12,muhammad.mehta28@yahoo.com,Active,2018-04-24
9629,Muhammad Khan,47,USA,Data,55592,23,muhammad.khan29@company.com,Inactive,2023-11-22
9630,Diya Mukherjee,55,Canada,Marketing,126931,27,diya.mukherjee30@company.com,Inactive,2019-03-04
9631,Muhammad Bansal,55,Canada,HR,88848,12,muhammad.bansal31@yahoo.com,Active,2019-05-18
9632,Neha Das,48,USA,IT,137841,17,neha.das32@yahoo.com,Active,2023-07-18
9633,Vihaan Singh,59,UK,Marketing,79610,6,vihaan.singh33@company.com,Active,2021-05-01
9634,Priya Agarwal,58,USA,Data,64817,3,priya.agarwal34@gmail.com,Active,2024-03-11
9635,Ananya Verma,29,Germany,Finance,120348,30,ananya.verma35@company.com,Inactive,2023-04-29
9636,Aarav Mukherjee,32,India,Finance,122524,23,aarav.mukherjee36@gmail.com,Active,2020-08-14
9637,Ishaan Patel,35,UK,Finance,177180,21,ishaan.patel37@company.com,Inactive,2018-05-25
9638,Vihaan Iyer,41,India,Data,175291,20,vihaan.iyer38@yahoo.com,Inactive,2019-09-01
9639,Aditya Verma,55,USA,Sales,153237,25,aditya.verma39@gmail.com,Inactive,2022-05-07
9640,Diya Khan,53,Canada,Marketing,38881,29,diya.khan40@gmail.com,Inactive,2023-10-07
9641,Kavya Kapoor,39,India,Marketing,77202,34,kavya.kapoor41@gmail.com,Active,2022-09-17
9642,Meera Das,43,India,HR,91623,22,meera.das42@company.com,Inactive,2019-11-09
9643,Vihaan Roy,33,Canada,Marketing,94434,29,vihaan.roy43@company.com,Active,2025-03-13
9644,Riya Nair,21,India,Marketing,177181,18,riya.nair44@yahoo.com,Active,2018-05-03
9645,Pooja Verma,49,India,HR,123979,31,pooja.verma45@yahoo.com,Inactive,2025-02-09
9646,Meera Patel,44,Canada,Marketing,106185,18,meera.patel46@gmail.com,Inactive,2024-04-01
9647,Neha Sharma,36,Canada,Marketing,94056,21,neha.sharma47@outlook.com,Active,2024-12-13
9648,Ishaan Chopra,45,USA,IT,92937,3,ishaan.chopra48@yahoo.com,Inactive,2023-10-24
9649,Arjun Singh,43,USA,Data,111567,11,arjun.singh49@yahoo.com,Inactive,2023-06-19
9650,Riya Das,48,India,HR,40508,14,riya.das50@gmail.com,Active,2022-07-02
9651,Pooja Chopra,36,UK,IT,96155,14,pooja.chopra51@yahoo.com,Inactive,2023-05-08
9652,Aditi Khan,58,USA,Sales,108658,9,aditi.khan52@outlook.com,Inactive,2023-01-01
9653,Arjun Reddy,31,USA,HR,59509,18,arjun.reddy53@yahoo.com,Inactive,2024-05-31
9654,Pooja Bansal,23,UK,Data,60497,7,pooja.bansal54@outlook.com,Active,2019-05-15
9655,Priya Verma,35,UK,Marketing,94383,30,priya.verma55@gmail.com,Inactive,2025-06-26
9656,Ananya Roy,21,Canada,Marketing,165053,8,ananya.roy56@company.com,Active,2021-02-15
9657,Riya Bansal,27,USA,IT,78159,28,riya.bansal57@yahoo.com,Active,2025-05-27
9658,Kavya Ghosh,21,Germany,IT,81814,6,kavya.ghosh58@outlook.com,Inactive,2018-12-10
9659,Kavya Malik,52,Germany,Sales,141246,7,kavya.malik59@outlook.com,Active,2024-01-16
9660,Shaurya Khan,29,India,Sales,42945,16,shaurya.khan60@yahoo.com,Inactive,2020-02-21
9661,Arjun Nair,49,USA,Data,152926,14,arjun.nair61@company.com,Inactive,2022-11-12
9662,Ananya Das,46,Germany,Marketing,167565,15,ananya.das62@yahoo.com,Active,2018-02-16
9663,Ananya Malik,43,USA,Finance,151265,6,ananya.malik63@company.com,Active,2023-05-06
9664,Pooja Reddy,49,USA,Sales,46187,18,pooja.reddy64@company.com,Inactive,2024-08-07
9665,Sneha Bansal,58,Germany,Marketing,51696,24,sneha.bansal65@company.com,Active,2019-09-06
9666,Diya Reddy,53,USA,Sales,74454,11,diya.reddy66@yahoo.com,Active,2020-02-24
9667,Meera Iyer,27,UK,HR,153763,31,meera.iyer67@company.com,Active,2021-11-04
9668,Reyansh Das,32,India,IT,178452,9,reyansh.das68@yahoo.com,Inactive,2021-02-21
9669,Arjun Iyer,51,Canada,Marketing,56602,23,arjun.iyer69@gmail.com,Inactive,2021-04-02
9670,Meera Mehta,52,Germany,Sales,52619,3,meera.mehta70@company.com,Inactive,2018-06-19
9671,Aditya Bansal,40,Canada,IT,108298,3,aditya.bansal71@gmail.com,Inactive,2019-08-17
9672,Ananya Sharma,37,India,Finance,177297,24,ananya.sharma72@yahoo.com,Inactive,2022-07-29
9673,Arjun Sharma,56,UK,Sales,166027,29,arjun.sharma73@yahoo.com,Active,2025-11-10
9674,Vivaan Verma,23,UK,Marketing,80628,0,vivaan.verma74@yahoo.com,Active,2019-05-27
9675,Arjun Iyer,21,UK,HR,70171,28,arjun.iyer75@yahoo.com,Inactive,2021-03-27
9676,Diya Singh,47,UK,IT,73789,15,diya.singh76@outlook.com,Inactive,2021-09-17
9677,Sneha Singh,53,Germany,IT,91572,6,sneha.singh77@yahoo.com,Active,2021-05-11
9678,Aditya Singh,40,Germany,HR,113019,32,aditya.singh78@outlook.com,Inactive,2021-02-17
9679,Arjun Mehta,34,USA,Marketing,125373,21,arjun.mehta79@company.com,Inactive,2023-09-08
9680,Ananya Reddy,56,USA,Data,102905,26,ananya.reddy80@company.com,Active,2024-01-19
9681,Aditya Ansari,25,India,Finance,168539,28,aditya.ansari81@company.com,Inactive,2019-07-13
9682,Aarav Reddy,43,USA,Data,67241,15,aarav.reddy82@gmail.com,Inactive,2023-11-18
9683,Ananya Nair,35,India,HR,154115,20,ananya.nair83@yahoo.com,Inactive,2022-10-26
9684,Vivaan Das,26,India,Finance,114143,10,vivaan.das84@company.com,Inactive,2023-10-06
9685,Muhammad Bansal,53,India,Marketing,69822,20,muhammad.bansal85@outlook.com,Active,2024-12-05
9686,Pooja Khan,39,UK,Sales,52907,8,pooja.khan86@outlook.com,Inactive,2021-03-14
9687,Vihaan Iyer,33,Canada,Sales,74512,26,vihaan.iyer87@gmail.com,Inactive,2025-12-23
9688,Shaurya Iyer,49,Canada,Data,120656,21,shaurya.iyer88@yahoo.com,Active,2021-11-05
9689,Riya Das,26,Germany,Marketing,40357,14,riya.das89@gmail.com,Active,2025-05-21
9690,Meera Kapoor,35,India,Finance,161292,22,meera.kapoor90@company.com,Inactive,2023-09-18
9691,Aditi Roy,36,UK,Data,176050,28,aditi.roy91@company.com,Inactive,2022-12-22
9692,Meera Nair,44,USA,HR,48616,15,meera.nair92@outlook.com,Active,2021-03-17
9693,Arjun Nair,43,USA,Data,109759,2,arjun.nair93@yahoo.com,Active,2022-03-31
9694,Krishna Bansal,30,Germany,Marketing,133273,15,krishna.bansal94@gmail.com,Active,2023-12-01
9695,Kavya Agarwal,37,Germany,Marketing,151694,7,kavya.agarwal95@yahoo.com,Active,2019-10-13
9696,Shaurya Bansal,50,India,Sales,44422,25,shaurya.bansal96@outlook.com,Active,2022-08-07
9697,Arjun Sharma,30,India,HR,174674,8,arjun.sharma97@yahoo.com,Active,2022-02-10
9698,Arjun Chopra,39,USA,Sales,45497,34,arjun.chopra98@company.com,Active,2021-11-30
9699,Riya Khan,49,USA,Finance,156482,6,riya.khan99@company.com,Active,2021-06-19
9700,Diya Iyer,22,USA,Finance,82229,7,diya.iyer0@gmail.com,Inactive,2022-02-04
9701,Muhammad Gupta,56,USA,IT,103628,34,muhammad.gupta1@gmail.com,Inactive,2023-05-10
9702,Riya Ansari,39,Canada,Marketing,103127,5,riya.ansari2@gmail.com,Inactive,2019-02-06
9703,Reyansh Ghosh,27,India,HR,135806,6,reyansh.ghosh3@gmail.com,Inactive,2022-08-11
9704,Vihaan Patel,46,India,HR,54476,11,vihaan.patel4@gmail.com,Inactive,2022-06-01
9705,Muhammad Gupta,35,USA,Sales,107597,0,muhammad.gupta5@yahoo.com,Inactive,2019-01-16
9706,Arjun Ansari,58,UK,Data,116697,24,arjun.ansari6@yahoo.com,Active,2023-10-27
9707,Meera Patel,23,USA,Data,102209,11,meera.patel7@company.com,Inactive,2023-07-24
9708,Aarav Iyer,58,Germany,Sales,126200,26,aarav.iyer8@company.com,Active,2019-09-23
9709,Meera Gupta,36,UK,Data,98575,22,meera.gupta9@outlook.com,Inactive,2024-03-26
9710,Vivaan Kapoor,22,Germany,HR,42308,18,vivaan.kapoor10@yahoo.com,Inactive,2021-03-21
9711,Aarav Gupta,51,UK,Sales,144941,20,aarav.gupta11@yahoo.com,Inactive,2022-04-03
9712,Riya Singh,48,Germany,Data,68267,20,riya.singh12@outlook.com,Inactive,2022-01-31
9713,Priya Malik,27,USA,IT,133629,23,priya.malik13@gmail.com,Inactive,2021-01-24
9714,Neha Khan,50,USA,Marketing,64224,12,neha.khan14@yahoo.com,Inactive,2024-12-07
9715,Muhammad Ghosh,27,UK,IT,155721,14,muhammad.ghosh15@company.com,Inactive,2019-11-08
9716,Kavya Chopra,56,Germany,Data,101423,0,kavya.chopra16@outlook.com,Inactive,2021-06-17
9717,Aarav Ghosh,49,Canada,Finance,142491,33,aarav.ghosh17@outlook.com,Active,2025-12-17
9718,Reyansh Nair,44,UK,HR,111768,30,reyansh.nair18@yahoo.com,Inactive,2025-03-23
9719,Aditi Das,59,UK,IT,68696,31,aditi.das19@yahoo.com,Inactive,2024-07-26
9720,Aditya Agarwal,24,India,IT,95312,28,aditya.agarwal20@company.com,Inactive,2019-11-05
9721,Reyansh Khan,49,UK,Sales,104939,9,reyansh.khan21@yahoo.com,Active,2024-04-25
9722,Diya Nair,25,Canada,Sales,49992,20,diya.nair22@company.com,Active,2023-10-05
9723,Kavya Reddy,49,USA,Sales,174062,23,kavya.reddy23@yahoo.com,Active,2023-01-26
9724,Ishaan Chopra,50,Germany,Data,79215,26,ishaan.chopra24@gmail.com,Active,2020-12-17
9725,Pooja Malik,49,India,Finance,117544,20,pooja.malik25@outlook.com,Active,2024-04-30
9726,Neha Patel,46,Germany,IT,39344,17,neha.patel26@yahoo.com,Active,2022-11-22
9727,Aditi Patel,39,USA,Marketing,86523,3,aditi.patel27@yahoo.com,Inactive,2021-05-12
9728,Sneha Verma,46,UK,Sales,171188,17,sneha.verma28@company.com,Inactive,2022-01-20
9729,Ananya Patel,57,Canada,Finance,94660,8,ananya.patel29@yahoo.com,Inactive,2025-01-29
9730,Meera Gupta,47,India,Data,142773,29,meera.gupta30@gmail.com,Inactive,2023-03-17
9731,Riya Agarwal,50,Canada,Finance,76646,34,riya.agarwal31@company.com,Active,2019-02-26
9732,Aditi Ghosh,50,Canada,Sales,39610,29,aditi.ghosh32@yahoo.com,Active,2023-01-09
9733,Krishna Mehta,23,Canada,HR,95519,5,krishna.mehta33@yahoo.com,Inactive,2024-10-26
9734,Aditi Verma,27,Canada,IT,72265,13,aditi.verma34@company.com,Inactive,2021-05-19
9735,Pooja Khan,29,USA,Sales,169924,28,pooja.khan35@outlook.com,Active,2018-01-21
9736,Kavya Mehta,33,Canada,Marketing,132222,31,kavya.mehta36@yahoo.com,Active,2019-02-01
9737,Neha Khan,35,Canada,IT,54788,13,neha.khan37@outlook.com,Active,2024-07-30
9738,Aditya Agarwal,25,USA,Finance,42724,19,aditya.agarwal38@outlook.com,Inactive,2024-08-31
9739,Muhammad Ansari,49,Germany,Marketing,84725,8,muhammad.ansari39@outlook.com,Active,2021-01-17
9740,Kavya Ansari,55,USA,IT,81026,11,kavya.ansari40@yahoo.com,Active,2022-12-18
9741,Sneha Roy,47,UK,Marketing,176069,13,sneha.roy41@yahoo.com,Inactive,2024-12-01
9742,Reyansh Sharma,47,USA,Finance,84588,22,reyansh.sharma42@yahoo.com,Inactive,2018-01-07
9743,Ananya Khan,28,Germany,Sales,45695,33,ananya.khan43@gmail.com,Inactive,2020-01-10
9744,Reyansh Patel,52,UK,Marketing,78422,15,reyansh.patel44@yahoo.com,Inactive,2018-04-09
9745,Sneha Roy,40,UK,Sales,98442,17,sneha.roy45@company.com,Active,2022-01-30
9746,Meera Ansari,30,India,Finance,167470,32,meera.ansari46@yahoo.com,Active,2025-07-09
9747,Priya Khan,33,Canada,Finance,143050,4,priya.khan47@company.com,Inactive,2018-05-10
9748,Vihaan Bansal,49,UK,Marketing,108227,9,vihaan.bansal48@yahoo.com,Active,2021-09-10
9749,Ananya Roy,55,UK,Marketing,111479,21,ananya.roy49@gmail.com,Active,2025-06-24
9750,Aditya Iyer,28,Germany,Finance,114462,32,aditya.iyer50@company.com,Inactive,2020-12-25
9751,Krishna Ghosh,49,UK,Marketing,95273,30,krishna.ghosh51@company.com,Inactive,2018-01-18
9752,Pooja Patel,51,Germany,Marketing,80817,5,pooja.patel52@gmail.com,Active,2019-12-20
9753,Krishna Khan,50,Canada,Marketing,96171,2,krishna.khan53@outlook.com,Inactive,2024-05-04
9754,Ananya Chopra,42,India,Data,178185,3,ananya.chopra54@yahoo.com,Inactive,2024-08-08
9755,Krishna Roy,41,India,Marketing,169338,26,krishna.roy55@gmail.com,Active,2024-06-21
9756,Pooja Ansari,32,Canada,IT,172480,24,pooja.ansari56@outlook.com,Inactive,2024-12-06
9757,Ananya Ghosh,31,Canada,Finance,49842,26,ananya.ghosh57@company.com,Active,2022-02-02
9758,Shaurya Malik,22,USA,Finance,177208,6,shaurya.malik58@outlook.com,Inactive,2020-09-14
9759,Priya Mehta,22,UK,HR,169569,29,priya.mehta59@outlook.com,Active,2024-06-15
9760,Neha Agarwal,54,UK,Sales,96415,28,neha.agarwal60@outlook.com,Inactive,2020-11-29
9761,Neha Singh,23,UK,HR,56340,4,neha.singh61@yahoo.com,Inactive,2025-06-23
9762,Reyansh Kapoor,36,Germany,Marketing,142362,5,reyansh.kapoor62@company.com,Active,2019-05-17
9763,Shaurya Singh,24,USA,Marketing,130330,6,shaurya.singh63@gmail.com,Active,2023-08-14
9764,Aarav Roy,43,UK,IT,103070,31,aarav.roy64@yahoo.com,Inactive,2019-04-05
9765,Ananya Malik,40,Germany,IT,91725,14,ananya.malik65@gmail.com,Active,2024-09-20
9766,Ishaan Roy,45,Germany,IT,82018,12,ishaan.roy66@company.com,Active,2024-01-27
9767,Neha Mukherjee,50,India,IT,157907,17,neha.mukherjee67@gmail.com,Inactive,2025-12-16
9768,Vihaan Khan,38,Germany,IT,70985,9,vihaan.khan68@yahoo.com,Inactive,2025-10-27
9769,Kavya Mukherjee,31,Canada,IT,95341,10,kavya.mukherjee69@company.com,Active,2019-08-31
9770,Sneha Agarwal,49,Germany,IT,124249,1,sneha.agarwal70@company.com,Inactive,2025-02-08
9771,Aarav Khan,37,Canada,IT,114712,26,aarav.khan71@gmail.com,Inactive,2022-07-16
9772,Sneha Khan,46,Canada,Data,54075,7,sneha.khan72@yahoo.com,Inactive,2021-07-20
9773,Kavya Gupta,43,India,IT,156229,15,kavya.gupta73@company.com,Active,2024-02-08
9774,Reyansh Verma,40,India,Finance,36555,23,reyansh.verma74@company.com,Active,2024-11-18
9775,Ananya Singh,22,Germany,IT,161562,22,ananya.singh75@outlook.com,Inactive,2024-07-22
9776,Meera Agarwal,44,India,Sales,103625,13,meera.agarwal76@yahoo.com,Active,2023-03-25
9777,Riya Nair,51,India,IT,108114,26,riya.nair77@gmail.com,Inactive,2024-10-08
9778,Vihaan Ansari,47,UK,Data,157656,9,vihaan.ansari78@yahoo.com,Active,2020-05-19
9779,Neha Reddy,22,Germany,Marketing,151292,27,neha.reddy79@yahoo.com,Inactive,2025-05-01
9780,Arjun Roy,34,Germany,Data,58185,24,arjun.roy80@yahoo.com,Active,2024-07-15
9781,Pooja Das,24,Germany,Data,163877,1,pooja.das81@gmail.com,Active,2018-09-09
9782,Krishna Patel,33,India,Marketing,69594,32,krishna.patel82@outlook.com,Active,2018-04-09
9783,Arjun Sharma,56,India,IT,158126,34,arjun.sharma83@company.com,Inactive,2024-12-17
9784,Vihaan Patel,55,Canada,IT,52754,12,vihaan.patel84@yahoo.com,Active,2021-08-05
9785,Diya Kapoor,28,USA,Marketing,79507,4,diya.kapoor85@yahoo.com,Inactive,2020-02-02
9786,Vivaan Ghosh,22,USA,Sales,56512,4,vivaan.ghosh86@company.com,Inactive,2022-04-11
9787,Muhammad Khan,26,USA,HR,171883,21,muhammad.khan87@gmail.com,Active,2019-08-23
9788,Vivaan Verma,51,UK,Finance,69459,33,vivaan.verma88@gmail.com,Inactive,2025-10-13
9789,Ishaan Ghosh,30,India,Marketing,99757,0,ishaan.ghosh89@company.com,Active,2020-12-08
9790,Neha Mukherjee,41,Canada,IT,136694,16,neha.mukherjee90@gmail.com,Active,2019-08-08
9791,Kavya Das,30,Canada,Finance,44862,8,kavya.das91@outlook.com,Inactive,2021-05-02
9792,Riya Das,43,USA,IT,133340,9,riya.das92@company.com,Inactive,2025-07-20
9793,Sneha Agarwal,23,UK,HR,144912,14,sneha.agarwal93@gmail.com,Inactive,2024-09-28
9794,Diya Ansari,52,UK,HR,70107,28,diya.ansari94@gmail.com,Inactive,2025-06-05
9795,Diya Das,40,USA,Marketing,123080,24,diya.das95@gmail.com,Inactive,2020-11-05
9796,Diya Khan,30,USA,Finance,69139,20,diya.khan96@company.com,Active,2018-04-19
9797,Krishna Ghosh,49,India,Data,68444,16,krishna.ghosh97@yahoo.com,Inactive,2021-11-14
9798,Aditi Verma,54,UK,Finance,163443,26,aditi.verma98@gmail.com,Inactive,2018-03-28
9799,Vivaan Ansari,57,Canada,Data,166324,27,vivaan.ansari99@gmail.com,Inactive,2024-08-11
9800,Aarav Malik,40,USA,HR,136168,22,aarav.malik0@gmail.com,Inactive,2022-09-29
9801,Shaurya Singh,28,India,IT,151304,2,shaurya.singh1@company.com,Active,2019-10-19
9802,Aditi Gupta,27,Canada,Data,45208,32,aditi.gupta2@gmail.com,Inactive,2023-08-19
9803,Sneha Roy,26,UK,Data,119151,6,sneha.roy3@company.com,Inactive,2021-10-01
9804,Ananya Mehta,31,USA,Marketing,90585,4,ananya.mehta4@company.com,Inactive,2020-06-21
9805,Kavya Gupta,38,USA,Sales,117680,25,kavya.gupta5@yahoo.com,Inactive,2025-01-21
9806,Diya Khan,49,India,HR,120206,16,diya.khan6@gmail.com,Active,2019-02-12
9807,Muhammad Roy,45,India,Data,74069,16,muhammad.roy7@company.com,Inactive,2023-05-29
9808,Aditya Sharma,41,UK,HR,91218,2,aditya.sharma8@company.com,Active,2021-08-04
9809,Arjun Roy,23,USA,Marketing,60006,2,arjun.roy9@outlook.com,Inactive,2018-10-03
9810,Reyansh Roy,38,India,IT,161610,33,reyansh.roy10@yahoo.com,Active,2025-08-28
9811,Diya Sharma,44,USA,Finance,74916,7,diya.sharma11@yahoo.com,Active,2024-09-16
9812,Aditya Iyer,58,UK,HR,60667,5,aditya.iyer12@gmail.com,Active,2019-01-01
9813,Muhammad Nair,30,USA,Marketing,111427,21,muhammad.nair13@company.com,Inactive,2025-07-12
9814,Ishaan Das,47,Canada,Marketing,82688,32,ishaan.das14@outlook.com,Inactive,2020-11-03
9815,Muhammad Verma,32,USA,Marketing,49414,6,muhammad.verma15@gmail.com,Active,2020-07-16
9816,Meera Ansari,27,Germany,Finance,159668,18,meera.ansari16@yahoo.com,Active,2022-12-06
9817,Aarav Roy,37,Germany,HR,53564,9,aarav.roy17@outlook.com,Active,2025-12-25
9818,Priya Nair,21,UK,Data,40316,22,priya.nair18@company.com,Active,2019-11-20
9819,Aditya Ansari,46,UK,Marketing,79056,1,aditya.ansari19@company.com,Active,2019-08-25
9820,Sneha Nair,35,UK,Finance,123353,20,sneha.nair20@company.com,Inactive,2022-06-17
9821,Aditya Mukherjee,53,Canada,IT,77239,23,aditya.mukherjee21@outlook.com,Inactive,2020-01-05
9822,Vihaan Patel,57,Canada,Sales,107909,12,vihaan.patel22@yahoo.com,Active,2018-05-16
9823,Aditi Verma,51,USA,HR,97938,4,aditi.verma23@outlook.com,Inactive,2022-10-20
9824,Arjun Patel,55,India,Finance,71054,17,arjun.patel24@company.com,Inactive,2022-11-21
9825,Vihaan Ansari,21,Germany,Sales,137821,10,vihaan.ansari25@company.com,Inactive,2023-12-26
9826,Reyansh Mehta,28,Germany,Sales,164581,31,reyansh.mehta26@outlook.com,Inactive,2019-02-24
9827,Kavya Bansal,32,Germany,Finance,54012,27,kavya.bansal27@yahoo.com,Inactive,2022-02-19
9828,Kavya Patel,39,USA,Data,117458,21,kavya.patel28@yahoo.com,Active,2018-01-24
9829,Vivaan Mehta,45,USA,Data,53164,27,vivaan.mehta29@company.com,Inactive,2021-06-18
9830,Meera Gupta,52,UK,Finance,41605,0,meera.gupta30@gmail.com,Inactive,2025-01-04
9831,Vihaan Mehta,32,India,Finance,112254,5,vihaan.mehta31@company.com,Inactive,2020-10-10
9832,Aditi Kapoor,33,UK,Marketing,51120,10,aditi.kapoor32@gmail.com,Inactive,2022-11-16
9833,Vihaan Patel,48,USA,IT,151648,32,vihaan.patel33@company.com,Inactive,2024-07-05
9834,Reyansh Verma,21,Canada,Data,149140,15,reyansh.verma34@outlook.com,Inactive,2021-10-13
9835,Vihaan Mukherjee,26,UK,Marketing,74865,12,vihaan.mukherjee35@outlook.com,Inactive,2019-04-03
9836,Vivaan Agarwal,28,USA,Sales,120482,20,vivaan.agarwal36@outlook.com,Inactive,2023-08-08
9837,Arjun Reddy,24,USA,Sales,105437,23,arjun.reddy37@yahoo.com,Inactive,2024-09-30
9838,Riya Agarwal,25,Canada,Sales,143996,26,riya.agarwal38@gmail.com,Active,2022-04-16
9839,Krishna Ansari,45,Canada,Finance,168557,2,krishna.ansari39@outlook.com,Active,2025-08-21
9840,Meera Ansari,42,Canada,HR,94789,11,meera.ansari40@outlook.com,Inactive,2018-03-18
9841,Vivaan Iyer,48,India,Marketing,157863,6,vivaan.iyer41@yahoo.com,Inactive,2025-06-24
9842,Sneha Ansari,59,USA,HR,133952,19,sneha.ansari42@gmail.com,Active,2024-02-01
9843,Priya Kapoor,43,Canada,IT,45461,14,priya.kapoor43@outlook.com,Inactive,2023-05-06
9844,Ananya Ansari,24,India,IT,92042,0,ananya.ansari44@gmail.com,Active,2024-10-30
9845,Pooja Sharma,24,Germany,Marketing,114548,9,pooja.sharma45@gmail.com,Active,2023-09-01
9846,Reyansh Agarwal,41,Germany,Sales,87967,13,reyansh.agarwal46@yahoo.com,Active,2022-07-29
9847,Shaurya Das,57,Germany,Data,139583,14,shaurya.das47@outlook.com,Active,2021-03-03
9848,Vihaan Patel,22,USA,IT,175815,33,vihaan.patel48@gmail.com,Inactive,2019-06-08
9849,Shaurya Khan,27,India,HR,159182,24,shaurya.khan49@company.com,Active,2020-08-26
9850,Vihaan Gupta,36,India,HR,37632,30,vihaan.gupta50@yahoo.com,Inactive,2023-06-01
9851,Shaurya Sharma,37,Germany,Data,62108,9,shaurya.sharma51@outlook.com,Inactive,2020-06-17
9852,Pooja Kapoor,40,UK,Finance,134572,5,pooja.kapoor52@company.com,Inactive,2018-04-10
9853,Riya Patel,43,Germany,Sales,79049,5,riya.patel53@yahoo.com,Active,2025-11-29
9854,Ananya Sharma,54,USA,Finance,107556,27,ananya.sharma54@outlook.com,Active,2025-09-24
9855,Sneha Reddy,31,Germany,Marketing,71395,13,sneha.reddy55@company.com,Active,2022-08-04
9856,Arjun Patel,54,Germany,IT,73270,12,arjun.patel56@company.com,Inactive,2018-07-03
9857,Meera Iyer,53,India,Data,74190,12,meera.iyer57@outlook.com,Inactive,2021-03-16
9858,Aditi Patel,46,Germany,Data,40846,9,aditi.patel58@yahoo.com,Active,2018-10-06
9859,Aarav Roy,22,Canada,Data,120440,15,aarav.roy59@company.com,Inactive,2024-06-04
9860,Muhammad Chopra,43,Canada,Finance,145150,34,muhammad.chopra60@company.com,Active,2024-05-16
9861,Diya Kapoor,42,UK,Finance,174884,14,diya.kapoor61@company.com,Active,2019-01-22
9862,Aditya Sharma,54,USA,Marketing,105943,22,aditya.sharma62@gmail.com,Inactive,2018-08-13
9863,Muhammad Roy,35,USA,HR,152211,7,muhammad.roy63@yahoo.com,Inactive,2019-02-02
9864,Meera Chopra,30,India,HR,170839,25,meera.chopra64@gmail.com,Active,2021-12-11
9865,Arjun Roy,35,USA,Marketing,45971,21,arjun.roy65@outlook.com,Active,2020-05-04
9866,Neha Sharma,49,UK,Data,134242,4,neha.sharma66@gmail.com,Inactive,2018-06-04
9867,Vihaan Singh,43,Canada,HR,121850,33,vihaan.singh67@gmail.com,Inactive,2019-10-14
9868,Kavya Mehta,37,India,Marketing,99481,26,kavya.mehta68@company.com,Inactive,2020-12-05
9869,Arjun Malik,29,Canada,HR,98486,18,arjun.malik69@outlook.com,Inactive,2019-12-12
9870,Muhammad Bansal,56,UK,Marketing,99840,34,muhammad.bansal70@yahoo.com,Active,2018-08-16
9871,Diya Ghosh,29,India,HR,114208,19,diya.ghosh71@company.com,Active,2018-10-29
9872,Ananya Ghosh,36,Germany,Data,77991,12,ananya.ghosh72@yahoo.com,Active,2021-01-10
9873,Diya Kapoor,56,USA,Finance,66088,17,diya.kapoor73@outlook.com,Active,2025-03-02
9874,Shaurya Patel,53,UK,Finance,38177,17,shaurya.patel74@company.com,Active,2023-12-30
9875,Muhammad Sharma,51,India,Data,56735,0,muhammad.sharma75@gmail.com,Active,2021-09-26
9876,Ishaan Gupta,26,Canada,HR,40100,31,ishaan.gupta76@outlook.com,Active,2019-03-03
9877,Arjun Sharma,30,India,Data,77691,24,arjun.sharma77@yahoo.com,Active,2019-04-20
9878,Arjun Nair,36,Germany,Marketing,114164,20,arjun.nair78@outlook.com,Inactive,2025-01-28
9879,Vivaan Bansal,24,UK,Finance,172479,26,vivaan.bansal79@company.com,Inactive,2022-06-26
9880,Vihaan Chopra,42,India,IT,59054,10,vihaan.chopra80@outlook.com,Active,2021-03-12
9881,Meera Khan,33,UK,HR,130120,0,meera.khan81@company.com,Inactive,2022-05-29
9882,Neha Singh,36,UK,IT,118611,18,neha.singh82@yahoo.com,Active,2021-12-08
9883,Pooja Nair,49,Canada,IT,175521,31,pooja.nair83@gmail.com,Active,2020-12-03
9884,Ishaan Verma,26,USA,Sales,158311,7,ishaan.verma84@outlook.com,Inactive,2020-06-23
9885,Reyansh Mukherjee,46,Germany,IT,169977,18,reyansh.mukherjee85@company.com,Active,2025-12-17
9886,Meera Verma,31,India,IT,156502,15,meera.verma86@company.com,Inactive,2024-04-07
9887,Kavya Gupta,44,USA,Data,107220,34,kavya.gupta87@gmail.com,Active,2021-01-10
9888,Priya Bansal,49,Canada,Sales,175448,1,priya.bansal88@gmail.com,Active,2024-09-08
9889,Sneha Sharma,23,USA,Sales,82881,11,sneha.sharma89@outlook.com,Inactive,2018-10-05
9890,Priya Singh,30,UK,Sales,121245,28,priya.singh90@outlook.com,Inactive,2025-03-31
9891,Arjun Patel,21,UK,Marketing,179190,9,arjun.patel91@outlook.com,Active,2023-04-24
9892,Shaurya Das,46,Germany,Sales,64888,21,shaurya.das92@outlook.com,Inactive,2020-05-07
9893,Vihaan Reddy,32,India,Data,129827,33,vihaan.reddy93@gmail.com,Inactive,2025-02-13
9894,Ananya Malik,34,India,Marketing,82460,20,ananya.malik94@yahoo.com,Inactive,2021-10-04
9895,Reyansh Sharma,45,Canada,HR,146873,4,reyansh.sharma95@outlook.com,Inactive,2023-02-18
9896,Krishna Iyer,28,Germany,Marketing,76594,5,krishna.iyer96@yahoo.com,Inactive,2020-01-08
9897,Vivaan Singh,24,India,HR,62588,31,vivaan.singh97@outlook.com,Active,2023-09-27
9898,Vivaan Mehta,48,UK,Sales,90013,2,vivaan.mehta98@company.com,Active,2024-05-19
9899,Aarav Mukherjee,27,Germany,Sales,93172,9,aarav.mukherjee99@gmail.com,Inactive,2021-10-05
9900,Diya Kapoor,30,USA,HR,91615,4,diya.kapoor0@gmail.com,Inactive,2020-01-11
9901,Neha Roy,56,Germany,Finance,106358,23,neha.roy1@company.com,Active,2023-05-05
9902,Kavya Chopra,22,Germany,Data,60112,19,kavya.chopra2@outlook.com,Inactive,2023-02-27
9903,Priya Iyer,46,India,Marketing,126514,30,priya.iyer3@yahoo.com,Inactive,2020-08-02
9904,Meera Gupta,34,Canada,Data,51037,16,meera.gupta4@yahoo.com,Inactive,2022-09-24
9905,Diya Agarwal,36,Canada,Data,43996,23,diya.agarwal5@company.com,Active,2021-08-28
9906,Sneha Chopra,37,India,IT,58066,17,sneha.chopra6@yahoo.com,Active,2025-03-14
9907,Diya Iyer,42,India,Sales,125963,25,diya.iyer7@company.com,Active,2020-09-11
9908,Priya Khan,24,India,Marketing,160105,6,priya.khan8@yahoo.com,Inactive,2022-04-06
9909,Krishna Malik,39,Canada,Data,75865,13,krishna.malik9@yahoo.com,Inactive,2023-01-26
9910,Neha Mehta,22,India,Marketing,161023,1,neha.mehta10@company.com,Active,2023-04-21
9911,Arjun Malik,59,USA,Data,174139,29,arjun.malik11@yahoo.com,Inactive,2018-08-21
9912,Kavya Bansal,29,USA,Sales,165555,16,kavya.bansal12@outlook.com,Inactive,2020-01-15
9913,Aarav Mehta,39,UK,Data,171413,19,aarav.mehta13@outlook.com,Inactive,2020-02-24
9914,Vivaan Ghosh,36,USA,HR,61440,9,vivaan.ghosh14@yahoo.com,Active,2020-02-04
9915,Vivaan Mehta,45,Germany,Sales,116163,23,vivaan.mehta15@yahoo.com,Inactive,2019-12-12
9916,Riya Mehta,38,UK,Marketing,123738,11,riya.mehta16@yahoo.com,Active,2022-08-16
9917,Vivaan Ansari,43,USA,Finance,114877,26,vivaan.ansari17@yahoo.com,Inactive,2022-08-25
9918,Aarav Bansal,41,Germany,Data,54314,14,aarav.bansal18@gmail.com,Inactive,2022-12-23
9919,Pooja Singh,31,USA,HR,125365,8,pooja.singh19@gmail.com,Inactive,2023-08-16
9920,Vihaan Agarwal,59,Germany,Sales,169592,17,vihaan.agarwal20@gmail.com,Active,2020-10-30
9921,Aditi Malik,24,India,IT,40110,6,aditi.malik21@yahoo.com,Inactive,2021-09-22
9922,Aditya Nair,45,Germany,Sales,135011,27,aditya.nair22@gmail.com,Inactive,2025-05-14
9923,Reyansh Bansal,52,India,Marketing,119213,2,reyansh.bansal23@outlook.com,Active,2023-11-30
9924,Riya Verma,50,Germany,Marketing,70252,15,riya.verma24@company.com,Inactive,2023-10-29
9925,Pooja Sharma,46,Germany,IT,86887,3,pooja.sharma25@company.com,Inactive,2024-11-05
9926,Riya Mehta,56,USA,HR,111251,34,riya.mehta26@outlook.com,Inactive,2023-09-27
9927,Diya Agarwal,54,Germany,Marketing,120375,8,diya.agarwal27@gmail.com,Active,2018-04-01
9928,Vihaan Patel,29,USA,HR,150625,11,vihaan.patel28@yahoo.com,Active,2022-07-27
9929,Sneha Sharma,32,Germany,HR,68645,9,sneha.sharma29@outlook.com,Active,2019-11-27
9930,Vihaan Reddy,22,Canada,Sales,78664,1,vihaan.reddy30@gmail.com,Inactive,2023-10-25
9931,Vivaan Agarwal,58,UK,HR,109274,18,vivaan.agarwal31@outlook.com,Inactive,2018-09-20
9932,Aditya Ansari,25,USA,Data,161083,12,aditya.ansari32@gmail.com,Active,2019-02-05
9933,Riya Verma,25,USA,Marketing,72261,32,riya.verma33@outlook.com,Active,2021-06-11
9934,Priya Agarwal,42,India,Marketing,132432,0,priya.agarwal34@company.com,Active,2020-09-27
9935,Vihaan Singh,25,Canada,Finance,59365,27,vihaan.singh35@company.com,Active,2018-08-04
9936,Vivaan Agarwal,24,India,HR,145127,5,vivaan.agarwal36@yahoo.com,Active,2023-06-18
9937,Krishna Reddy,29,Canada,Finance,83817,2,krishna.reddy37@gmail.com,Active,2021-09-30
9938,Aditya Verma,49,Canada,Sales,139591,24,aditya.verma38@yahoo.com,Active,2021-04-12
9939,Shaurya Chopra,42,Germany,Finance,81610,15,shaurya.chopra39@company.com,Inactive,2023-09-16
9940,Riya Malik,47,India,HR,178233,3,riya.malik40@gmail.com,Inactive,2020-06-21
9941,Neha Iyer,30,UK,Marketing,151833,7,neha.iyer41@yahoo.com,Active,2022-04-02
9942,Muhammad Kapoor,36,Canada,Sales,107494,15,muhammad.kapoor42@company.com,Inactive,2023-01-07
9943,Reyansh Mehta,30,Canada,HR,60805,22,reyansh.mehta43@outlook.com,Active,2024-06-25
9944,Muhammad Sharma,26,USA,Sales,129506,5,muhammad.sharma44@outlook.com,Inactive,2023-02-18
9945,Aarav Roy,25,Germany,IT,45468,15,aarav.roy45@gmail.com,Inactive,2024-11-21
9946,Priya Khan,26,UK,HR,46135,15,priya.khan46@gmail.com,Active,2023-09-24
9947,Diya Ghosh,45,Canada,IT,162056,22,diya.ghosh47@yahoo.com,Inactive,2020-05-27
9948,Riya Chopra,24,USA,Finance,98135,15,riya.chopra48@outlook.com,Inactive,2020-06-22
9949,Kavya Bansal,52,India,HR,99699,11,kavya.bansal49@outlook.com,Inactive,2023-03-17
9950,Priya Mukherjee,55,Canada,IT,101036,8,priya.mukherjee50@outlook.com,Inactive,2021-02-06
9951,Ishaan Nair,30,USA,Data,164729,17,ishaan.nair51@yahoo.com,Active,2018-12-13
9952,Aarav Ansari,54,India,Marketing,56990,8,aarav.ansari52@yahoo.com,Active,2025-12-12
9953,Vihaan Ghosh,56,Germany,Finance,54134,20,vihaan.ghosh53@gmail.com,Inactive,2021-03-07
9954,Aarav Reddy,26,India,HR,85464,0,aarav.reddy54@gmail.com,Inactive,2020-08-19
9955,Muhammad Ansari,36,Canada,HR,119073,22,muhammad.ansari55@gmail.com,Active,2025-10-30
9956,Meera Kapoor,39,UK,Marketing,166680,4,meera.kapoor56@outlook.com,Inactive,2024-07-02
9957,Reyansh Agarwal,54,India,Marketing,169366,18,reyansh.agarwal57@company.com,Active,2025-01-05
9958,Ishaan Bansal,45,UK,IT,151685,34,ishaan.bansal58@outlook.com,Inactive,2023-10-29
9959,Aditi Bansal,51,UK,IT,127541,32,aditi.bansal59@outlook.com,Inactive,2021-02-15
9960,Arjun Gupta,37,India,IT,115709,17,arjun.gupta60@company.com,Inactive,2024-04-28
9961,Diya Roy,50,Germany,Sales,120105,13,diya.roy61@gmail.com,Active,2021-01-08
9962,Aditya Das,59,India,Finance,82043,19,aditya.das62@outlook.com,Inactive,2019-08-24
9963,Krishna Patel,51,USA,HR,91536,12,krishna.patel63@gmail.com,Active,2019-07-11
9964,Neha Sharma,39,UK,Finance,38706,15,neha.sharma64@company.com,Active,2024-05-02
9965,Vivaan Verma,55,Canada,Marketing,177338,30,vivaan.verma65@company.com,Active,2020-01-26
9966,Ishaan Kapoor,49,UK,Data,121422,34,ishaan.kapoor66@yahoo.com,Active,2019-01-28
9967,Priya Bansal,21,Canada,Finance,158555,19,priya.bansal67@company.com,Inactive,2023-08-12
9968,Vihaan Iyer,24,USA,Finance,110382,0,vihaan.iyer68@company.com,Active,2022-12-18
9969,Ananya Roy,48,USA,IT,113255,12,ananya.roy69@gmail.com,Active,2024-12-18
9970,Aarav Gupta,38,USA,Marketing,121924,6,aarav.gupta70@gmail.com,Active,2025-08-17
9971,Vihaan Verma,46,India,Finance,80116,21,vihaan.verma71@company.com,Active,2025-08-25
9972,Kavya Roy,39,UK,HR,120464,6,kavya.roy72@company.com,Inactive,2019-09-25
9973,Neha Agarwal,26,Canada,IT,104354,19,neha.agarwal73@company.com,Active,2020-09-06
9974,Vihaan Malik,21,USA,Finance,43087,3,vihaan.malik74@gmail.com,Active,2019-06-19
9975,Vivaan Sharma,28,USA,Marketing,156770,5,vivaan.sharma75@outlook.com,Active,2024-10-04
9976,Ishaan Roy,53,Canada,Data,136747,2,ishaan.roy76@company.com,Active,2022-11-07
9977,Krishna Ghosh,41,UK,HR,122629,2,krishna.ghosh77@company.com,Inactive,2022-04-21
9978,Pooja Gupta,44,UK,Data,101583,2,pooja.gupta78@outlook.com,Active,2019-06-10
9979,Sneha Malik,45,Canada,Marketing,78413,8,sneha.malik79@yahoo.com,Inactive,2024-11-23
9980,Sneha Sharma,39,Germany,Marketing,119580,15,sneha.sharma80@gmail.com,Active,2022-03-31
9981,Ananya Singh,49,UK,Marketing,116530,15,ananya.singh81@company.com,Inactive,2020-01-27
9982,Aditya Reddy,30,Canada,Data,165393,11,aditya.reddy82@company.com,Active,2018-10-18
9983,Reyansh Verma,32,Canada,Sales,74034,19,reyansh.verma83@company.com,Active,2022-09-07
9984,Ishaan Mukherjee,53,USA,HR,125875,30,ishaan.mukherjee84@gmail.com,Active,2021-08-08
9985,Meera Das,27,Canada,Marketing,176631,29,meera.das85@company.com,Active,2022-12-12
9986,Vivaan Roy,37,India,Sales,169480,20,vivaan.roy86@outlook.com,Inactive,2025-05-04
9987,Shaurya Mukherjee,30,USA,IT,58878,2,shaurya.mukherjee87@gmail.com,Active,2023-06-25
9988,Neha Kapoor,51,USA,Sales,126025,20,neha.kapoor88@company.com,Inactive,2022-09-18
9989,Meera Das,26,UK,IT,128243,27,meera.das89@outlook.com,Active,2019-05-08
9990,Neha Singh,37,Germany,Data,123647,27,neha.singh90@gmail.com,Active,2021-12-09
9991,Aditya Ansari,57,UK,Sales,117462,4,aditya.ansari91@yahoo.com,Inactive,2020-05-17
9992,Kavya Roy,38,India,Data,119855,6,kavya.roy92@company.com,Active,2025-12-14
9993,Kavya Mehta,46,USA,Marketing,158300,4,kavya.mehta93@gmail.com,Inactive,2022-11-08
9994,Priya Kapoor,36,USA,Sales,160250,8,priya.kapoor94@yahoo.com,Active,2023-02-09
9995,Meera Ghosh,28,Canada,Sales,107812,20,meera.ghosh95@gmail.com,Active,2019-04-07
9996,Shaurya Mehta,44,Germany,Marketing,89851,19,shaurya.mehta96@company.com,Inactive,2019-05-11
9997,Priya Kapoor,33,Germany,IT,84698,16,priya.kapoor97@outlook.com,Active,2018-01-26
9998,Vihaan Patel,49,Canada,Marketing,56345,27,vihaan.patel98@gmail.com,Inactive,2020-02-05
9999,Muhammad Nair,52,India,HR,92797,30,muhammad.nair99@outlook.com,Active,2023-09-09
10000,Shaurya Verma,44,Germany,Sales,86843,32,shaurya.verma0@outlook.com,Active,2024-09-09
