order_id,customer,product,quantity,price,order_date
ORD100000,Rebecca Mcbride,Camera,3,2738.18,25-09-2025
ORD100001,David Smith,Keyboard,2,684.47,16-06-2024
ORD100002,Randall Mendoza,Smartwatch,4,4420.85,18-01-2025
ORD100003,Michael Campbell,Mouse,2,1183.19,24-07-2025
ORD100004,Theresa Burch,Mobile,3,713.25,04-03-2025
ORD100005,Michael Mcdaniel,Printer,3,1426.08,06-12-2025
ORD100006,Laura James,Keyboard,2,853.77,12-02-2025
ORD100007,Thomas Simmons,Mobile,1,3457.11,30-10-2025
ORD100008,Bradley Sellers,Keyboard,2,4484.54,26-07-2025
ORD100009,Mark Keller,Laptop,2,1667,13-02-2024
ORD100010,Debra Jackson,Tablet,3,864.45,01-09-2025
ORD100011,William Baxter,Keyboard,5,3395.74,22-04-2024
ORD100012,Lynn Parker,Printer,5,2507.51,05-08-2024
ORD100013,Michael Barnes,Mobile,4,3242.87,12-04-2025
ORD100014,Donald Kelly,Monitor,5,2478.73,12-11-2024
ORD100015,Sherry Stanton,Camera,3,213.26,24-12-2024
ORD100016,David Gates,Smartwatch,3,2393.24,16-03-2024
ORD100017,Tammy Trujillo,Tablet,3,2588.73,15-09-2024
ORD100018,Kelly Hart,Smartwatch,3,660.73,08-04-2024
ORD100019,Mr. Jeffery Sharp,Keyboard,1,2216.72,16-09-2024
ORD100020,Michael Stewart,Laptop,4,2446.48,18-12-2025
ORD100021,Colleen Shepard,Mouse,1,2035.3,25-11-2024
ORD100022,William Weber,Monitor,3,185.68,07-11-2025
ORD100023,Jonathan Jennings,Printer,3,4421.5,05-02-2026
ORD100024,Zachary Mullins,Keyboard,2,1894.32,25-02-2025
ORD100025,Christopher Dorsey,Headphones,3,1833.27,08-10-2025
ORD100026,Jason Contreras,Monitor,5,3682.47,01-01-2026
ORD100027,Victoria Johnson,Printer,1,1130.29,29-04-2025
ORD100028,Michelle Mcgee,Keyboard,5,2997.64,20-03-2024
ORD100029,Katie Humphrey,Laptop,1,3834.2,10-03-2025
ORD100030,Joshua Bailey,Monitor,1,1176.68,07-03-2025
ORD100031,Amy Nichols,Camera,4,3729.38,07-12-2025
ORD100032,Adrian Stewart,Mouse,2,1619.16,29-08-2024
ORD100033,Debra Huynh,Smartwatch,1,216.65,19-03-2024
ORD100034,Dominique Cook,Keyboard,5,1484.65,07-08-2025
ORD100035,Justin Miles,Monitor,1,534.48,26-02-2025
ORD100036,Earl Wilson,Headphones,3,2085.53,23-05-2025
ORD100037,Kimberly Wilson,Mobile,5,4325.24,12-04-2024
ORD100038,Tanya Hernandez,Camera,4,2291.82,24-06-2025
ORD100039,Leslie Robinson,Tablet,1,4329.44,04-06-2025
ORD100040,Kristy Smith,Smartwatch,5,3351.74,16-02-2024
ORD100041,Timothy Monroe,Smartwatch,5,4742.12,24-06-2024
ORD100042,Shawn Garrison,Mobile,1,3169.54,06-09-2025
ORD100043,Melissa Lee,Monitor,3,300.8,30-01-2026
ORD100044,Brian Williamson,Camera,4,3676.8,27-09-2024
ORD100045,Danielle Rose,Keyboard,3,4130.23,04-06-2024
ORD100046,Chelsea Parsons,Tablet,1,4332.05,25-02-2025
ORD100047,Amy Ryan,Mobile,2,3887.31,18-01-2025
ORD100048,Wendy Lindsey,Camera,5,1234.24,24-06-2024
ORD100049,William Rowe,Monitor,1,2559.71,13-09-2024
ORD100050,Shawn Wagner,Smartwatch,5,4195.49,06-01-2025
ORD100051,John Cook,Printer,5,4469.45,28-12-2024
ORD100052,Anthony Carlson,Tablet,2,554.32,03-09-2025
ORD100053,Julie Boyd,Laptop,4,1025.07,26-06-2025
ORD100054,Robin Simmons,Printer,2,3310.56,06-10-2025
ORD100055,Robert Frederick,Tablet,4,4292.34,31-01-2026
ORD100056,Brandon Valenzuela,Smartwatch,3,1809.76,29-12-2025
ORD100057,Wayne Butler,Tablet,1,2791.79,13-06-2025
ORD100058,Susan Gaines,Monitor,1,4894.74,02-08-2024
ORD100059,Vanessa Hampton,Smartwatch,2,2369.99,27-01-2025
ORD100060,Emma Smith,Smartwatch,4,4181.38,21-09-2025
ORD100061,Joshua Malone,Mouse,5,1779.73,03-01-2025
ORD100062,Melissa Warren,Mobile,4,2174.76,12-01-2025
ORD100063,Dana Wyatt,Laptop,3,918.95,22-02-2025
ORD100064,Latoya Cooper,Monitor,1,917.7,07-06-2024
ORD100065,Timothy Barrera,Printer,1,3341,23-10-2025
ORD100066,Glenn French,Smartwatch,1,3614.73,12-06-2025
ORD100067,Roberto Humphrey,Headphones,5,4322.67,20-04-2024
ORD100068,Whitney Morris,Laptop,4,2155.32,03-08-2025
ORD100069,Jennifer Boyer MD,Tablet,2,2608.56,28-07-2024
ORD100070,Ronnie Morris,Keyboard,2,1106.91,30-08-2024
ORD100071,Kendra Smith,Smartwatch,2,262,06-03-2025
ORD100072,Hannah Huang,Headphones,3,1111.06,16-01-2026
ORD100073,Jessica Romero,Smartwatch,4,1273.17,11-10-2025
ORD100074,Brooke Payne,Monitor,2,1763.76,20-04-2025
ORD100075,Christine Rodriguez,Printer,3,4387.91,19-11-2024
ORD100076,Sheila Gutierrez,Mouse,2,670.99,25-07-2024
ORD100077,William Acosta,Keyboard,5,4372.51,05-06-2024
ORD100078,Janet Byrd,Keyboard,1,500.02,01-08-2024
ORD100079,Brianna Moses,Laptop,3,3674.73,20-06-2025
ORD100080,Jennifer Parsons,Laptop,3,4335.97,01-10-2024
ORD100081,Mary Reed,Smartwatch,3,3461.81,04-12-2024
ORD100082,Henry White,Tablet,1,2186.81,14-01-2026
ORD100083,Debra Estes,Printer,3,1404.18,26-03-2025
ORD100084,David Cox,Printer,4,448.17,03-04-2024
ORD100085,Matthew Chavez,Tablet,2,3407.4,11-02-2024
ORD100086,Kimberly Pena,Keyboard,3,4556.38,07-09-2025
ORD100087,Gabriel Sanchez,Camera,1,2238.87,11-06-2025
ORD100088,Pamela Diaz,Mobile,3,202.15,25-02-2025
ORD100089,Brian Lowe,Tablet,4,944.95,07-10-2024
ORD100090,Barbara Hunt,Monitor,5,115.34,02-11-2024
ORD100091,Timothy Lloyd,Laptop,1,3248.16,09-05-2025
ORD100092,Keith Cook,Printer,1,3815.34,24-05-2025
ORD100093,Nicolas Cunningham,Monitor,3,3097.78,04-01-2026
ORD100094,Rhonda Butler,Camera,3,2875.62,27-06-2024
ORD100095,Lisa Brennan,Headphones,3,3837.13,19-02-2024
ORD100096,Amanda Miller,Tablet,2,2876.23,07-12-2025
ORD100097,Joseph Nicholson,Printer,5,1107.49,18-10-2025
ORD100098,Angela Nguyen,Tablet,1,402.95,13-08-2025
ORD100099,Misty Lewis,Printer,4,2414.01,12-10-2025
ORD100100,Lisa Rivera,Laptop,2,191.54,20-07-2025
ORD100101,Susan Taylor,Headphones,4,744.85,27-11-2025
ORD100102,Mary Simpson,Tablet,2,3445.64,18-09-2025
ORD100103,Linda Moss,Tablet,4,2044.2,30-08-2025
ORD100104,Denise Cortez,Headphones,4,4482.52,25-05-2024
ORD100105,Laura Nelson,Mouse,5,2330.59,04-09-2025
ORD100106,Douglas Thompson,Smartwatch,1,3357.68,25-06-2025
ORD100107,Dr. Michael Case,Headphones,5,1307.13,21-11-2025
ORD100108,Dr. Joanna Martin DDS,Keyboard,3,4065.05,29-12-2025
ORD100109,Kathy Thompson,Headphones,2,538.04,10-03-2024
ORD100110,Brad Marks,Monitor,1,753.69,09-09-2025
ORD100111,Aaron Saunders,Keyboard,2,3474.29,26-06-2025
ORD100112,Andrew Wise,Laptop,3,4209.4,14-06-2024
ORD100113,Eric Torres,Laptop,4,3717.27,07-06-2024
ORD100114,Allison Bullock,Keyboard,3,2054.57,14-10-2024
ORD100115,John House II,Camera,4,826.77,27-07-2024
ORD100116,Douglas Hunter,Tablet,2,1332.89,25-11-2025
ORD100117,Michael Walls,Camera,1,4783.36,04-05-2024
ORD100118,Steven Morgan,Printer,2,1962.48,11-10-2025
ORD100119,Wendy Arias,Printer,3,1741.54,26-06-2024
ORD100120,Hannah Peterson,Mobile,5,2384.7,21-06-2025
ORD100121,Austin Gross,Smartwatch,5,876.22,24-07-2024
ORD100122,Michael Pierce,Printer,3,1600.97,02-06-2024
ORD100123,Rita Parker,Smartwatch,4,2809.97,29-05-2024
ORD100124,Albert Shelton,Monitor,1,1606.87,09-08-2025
ORD100125,Kevin Taylor,Mouse,4,3686.67,27-03-2024
ORD100126,James Pacheco,Mouse,1,1843.04,07-07-2025
ORD100127,Michael Baird,Printer,2,2844.63,22-11-2024
ORD100128,Louis Frank,Mouse,3,2246.95,20-02-2025
ORD100129,Stephanie Lang,Camera,3,2171.05,15-03-2025
ORD100130,Sharon Clark,Keyboard,5,1672.36,05-03-2025
ORD100131,Amy Thomas PhD,Printer,5,2304.73,28-05-2025
ORD100132,Rachel Gonzalez,Mobile,3,1538.27,24-09-2025
ORD100133,Mr. Daniel Lyons,Mobile,3,2733.4,27-01-2026
ORD100134,Andrew Sheppard,Laptop,1,921.17,21-09-2024
ORD100135,Christian Baird,Smartwatch,2,3081.97,24-04-2025
ORD100136,Julie Brooks,Tablet,2,1490.18,04-12-2025
ORD100137,Paul Guzman,Mouse,5,1804.07,27-11-2024
ORD100138,Christopher Wood,Headphones,5,328.79,11-02-2024
ORD100139,Ricky Ramos,Mobile,5,680.16,13-05-2024
ORD100140,Diana Dawson,Camera,4,3283.42,04-02-2026
ORD100141,Jared Robinson,Smartwatch,5,1082.8,08-08-2024
ORD100142,Lisa Castaneda,Smartwatch,5,3296.8,26-06-2024
ORD100143,Daniel Lawrence,Tablet,4,3134.16,15-10-2025
ORD100144,Andrew Burgess,Tablet,2,4793.35,21-10-2024
ORD100145,Lisa Williams,Keyboard,4,2712.87,24-05-2025
ORD100146,James Scott,Printer,5,2204.97,26-11-2025
ORD100147,Renee Jensen,Monitor,1,1513.53,15-12-2025
ORD100148,Hannah Fuller,Laptop,2,678.58,11-05-2025
ORD100149,Karen Dunn,Camera,4,3015.26,22-06-2024
ORD100150,Sara Pope,Tablet,2,1014.12,22-04-2025
ORD100151,Jennifer Moreno,Mobile,1,4383.39,05-08-2025
ORD100152,Tina Austin,Tablet,1,3338.63,18-07-2025
ORD100153,Carla Wallace,Mobile,3,3398.9,17-10-2024
ORD100154,Brooke Williams,Laptop,3,1430.58,26-02-2024
ORD100155,Marco Smith,Mobile,3,4300.26,14-09-2024
ORD100156,Jason Moody,Printer,1,4439.89,19-12-2025
ORD100157,Marc Nichols,Keyboard,5,3232.57,03-06-2025
ORD100158,Robert Anderson,Tablet,1,1227.97,21-11-2025
ORD100159,Tiffany Rodriguez,Smartwatch,1,2370.28,12-10-2025
ORD100160,Jason Rose,Headphones,3,2280.45,15-01-2025
ORD100161,James Banks,Tablet,1,712.7,28-02-2025
ORD100162,Audrey Jackson,Camera,1,3363.97,24-08-2024
ORD100163,Katherine Hunter,Keyboard,3,4977.47,08-06-2024
ORD100164,Sophia Hart,Keyboard,4,2909.14,18-08-2024
ORD100165,Jason West,Monitor,4,4148.85,13-01-2026
ORD100166,Amy Moore,Laptop,2,2202.1,16-01-2026
ORD100167,Thomas Robles,Mouse,5,4205.42,16-04-2024
ORD100168,Jamie Medina,Smartwatch,2,2289.85,14-12-2024
ORD100169,Miguel Young,Monitor,3,4830.88,04-04-2025
ORD100170,Jennifer Martinez,Laptop,2,2990.42,20-11-2024
ORD100171,John Sanders,Printer,5,4474.94,11-07-2025
ORD100172,Daisy Shah,Keyboard,5,3199.56,30-12-2024
ORD100173,Taylor Williams,Keyboard,1,1013.72,24-11-2024
ORD100174,Nathaniel Doyle,Headphones,5,3647.97,22-08-2025
ORD100175,Richard Howard,Mouse,1,4232.51,18-03-2024
ORD100176,Garrett Fox,Smartwatch,2,153.56,02-03-2025
ORD100177,April Wilson,Printer,2,2792.39,07-01-2025
ORD100178,Rebecca Gonzalez,Headphones,1,3908.61,20-07-2024
ORD100179,Isabel Martin,Printer,4,3126.86,29-11-2025
ORD100180,Sharon Lee,Camera,2,3332.77,03-07-2024
ORD100181,Sabrina Scott,Camera,3,4192.62,27-04-2025
ORD100182,Katrina Howard,Monitor,5,125.2,06-07-2024
ORD100183,Sarah Martin,Camera,4,3496.77,01-02-2025
ORD100184,David Sims,Mobile,3,2422.71,29-07-2024
ORD100185,Christina Schwartz,Keyboard,4,291.89,17-11-2025
ORD100186,Diane Cook,Headphones,5,3715.93,30-05-2025
ORD100187,Lindsay Walker,Tablet,5,4169.93,19-11-2025
ORD100188,Andrea Black,Keyboard,1,930.85,25-08-2024
ORD100189,Sean Lee,Laptop,1,3929.47,20-09-2024
ORD100190,Andrew Johnson,Smartwatch,5,4002.17,19-10-2024
ORD100191,Scott Baldwin,Mouse,4,1883,02-12-2024
ORD100192,Kristina Ferrell,Monitor,5,552.84,11-09-2024
ORD100193,Abigail Mccall,Laptop,3,516.14,23-08-2024
ORD100194,Shelby Carey,Keyboard,5,2261.7,01-02-2026
ORD100195,Nicolas Jackson,Camera,1,2889.58,14-09-2024
ORD100196,Joseph Cunningham,Monitor,4,2854.14,09-12-2025
ORD100197,Rachel Villanueva,Smartwatch,2,1421.51,24-11-2024
ORD100198,Sarah Young,Headphones,2,629.64,04-04-2025
ORD100199,Justin Bray,Monitor,4,2807.36,02-01-2025
ORD100200,Melissa Hawkins,Mouse,5,2655.21,05-04-2025
ORD100201,Courtney Reed,Tablet,2,2312,12-02-2024
ORD100202,Brittany Kerr,Camera,5,4025.04,28-08-2024
ORD100203,Elizabeth Robinson,Smartwatch,5,2117.77,07-04-2025
ORD100204,Jason Brown,Monitor,5,743.64,31-05-2025
ORD100205,Lisa Warren,Printer,2,852.27,04-05-2024
ORD100206,Heather Miller,Tablet,3,263.07,21-03-2024
ORD100207,Bernard Hale,Camera,1,2622.67,19-09-2024
ORD100208,Jennifer Owens,Keyboard,5,539.05,03-10-2024
ORD100209,David Ewing,Printer,3,1922.54,23-04-2024
ORD100210,Mary Barker,Monitor,1,2721.49,15-12-2025
ORD100211,Jessica Long,Smartwatch,5,2615.41,26-07-2025
ORD100212,Amber Hodge,Smartwatch,3,4177.17,23-02-2025
ORD100213,Anna Lee,Smartwatch,3,4240.95,04-01-2025
ORD100214,Katherine Snyder,Keyboard,1,4209.87,05-02-2026
ORD100215,Anthony Peterson,Tablet,4,4955.14,11-11-2025
ORD100216,Ashley Cobb,Camera,1,2923.13,12-08-2024
ORD100217,Caroline Browning,Mobile,5,3242.68,12-06-2024
ORD100218,John Gomez,Printer,2,1694.18,16-04-2024
ORD100219,John Johnson,Mouse,5,3905.15,21-10-2024
ORD100220,Amanda Brooks,Headphones,5,3797.1,10-02-2026
ORD100221,Brianna James,Mouse,2,762.17,15-05-2025
ORD100222,James Clark,Tablet,5,2550.98,17-03-2025
ORD100223,Kevin Smith,Printer,1,1212.72,27-02-2024
ORD100224,Tanya Smith,Smartwatch,1,496.86,03-05-2025
ORD100225,Erik Morgan,Printer,4,4299.93,14-04-2024
ORD100226,Heidi Marks,Smartwatch,2,501.43,14-03-2024
ORD100227,Scott Roman,Monitor,5,3636.17,27-09-2025
ORD100228,Kimberly Stanley MD,Smartwatch,2,945.22,13-09-2024
ORD100229,Joshua Vasquez,Tablet,3,4293.62,28-04-2025
ORD100230,Randall Harvey,Monitor,3,3133.95,12-09-2025
ORD100231,Sarah Fox,Laptop,5,4107.72,10-12-2025
ORD100232,Mrs. Melissa Rice MD,Printer,3,3101.2,02-06-2024
ORD100233,Aaron Robinson,Mouse,2,1568.67,04-01-2026
ORD100234,Joseph Johnson,Keyboard,5,4198.02,18-12-2025
ORD100235,Timothy Watson,Tablet,3,1828.79,11-04-2025
ORD100236,Michael Mendoza,Headphones,4,2284.55,15-02-2024
ORD100237,Jenna Francis,Headphones,1,3475.69,25-07-2024
ORD100238,Timothy Cruz,Mobile,2,125.72,10-09-2025
ORD100239,Frank Phillips,Tablet,5,4209.32,24-03-2025
ORD100240,James Richardson,Laptop,2,4461.51,22-05-2025
ORD100241,Maxwell Hernandez,Printer,3,297.12,28-04-2025
ORD100242,Gabriel Flores,Laptop,3,271.69,18-10-2024
ORD100243,Theresa Beltran,Smartwatch,1,4280.12,26-02-2025
ORD100244,Michele Spencer,Monitor,1,488.94,27-12-2025
ORD100245,Brenda Smith,Monitor,3,934.13,13-07-2024
ORD100246,Daniel Howard,Monitor,5,3561.19,01-10-2025
ORD100247,Rachel Lawson,Keyboard,5,859.08,22-11-2025
ORD100248,Margaret Harris,Monitor,1,3224.05,18-06-2025
ORD100249,Stanley Cabrera,Laptop,2,2742.83,23-12-2025
ORD100250,Sherry Lopez,Monitor,1,2616.85,16-04-2024
ORD100251,Kelly Miller,Tablet,2,4910.07,15-01-2025
ORD100252,Krystal Mitchell DVM,Camera,1,2453.97,14-02-2025
ORD100253,Angelica Gibson,Mouse,3,970.66,10-11-2024
ORD100254,Robert Hudson,Tablet,1,486.84,23-03-2024
ORD100255,April Patterson MD,Smartwatch,2,2500.33,26-02-2024
ORD100256,Kevin Flynn,Printer,3,1386.07,18-05-2024
ORD100257,Jerry Zimmerman,Smartwatch,1,4195.7,11-04-2024
ORD100258,Debra Miranda,Mobile,2,4917.07,18-09-2025
ORD100259,Randy Delgado,Headphones,4,2783.88,01-05-2025
ORD100260,Kevin Terry,Camera,5,1697.62,21-11-2025
ORD100261,Madison Snyder,Tablet,3,4543.19,03-06-2025
ORD100262,Jane Kennedy,Smartwatch,2,2982.68,20-03-2025
ORD100263,Kenneth Wells,Smartwatch,1,3603.32,12-06-2024
ORD100264,Ryan Ramos,Headphones,2,1401.63,17-10-2025
ORD100265,Tyler Williams,Camera,4,4546.47,29-09-2024
ORD100266,Krista Adams,Mobile,2,3259.57,01-05-2024
ORD100267,Kenneth Thomas,Laptop,2,3528.27,09-10-2024
ORD100268,Audrey Lambert,Laptop,1,947.8,12-01-2025
ORD100269,Joshua Brown,Monitor,2,1037.89,12-08-2024
ORD100270,Derrick Thompson,Keyboard,3,2564.74,29-07-2024
ORD100271,Sean Palmer,Camera,1,1592.9,21-11-2025
ORD100272,Mark Pierce,Monitor,3,3902.16,08-04-2024
ORD100273,Brian Brandt,Camera,2,4362.42,27-06-2024
ORD100274,Tammy Lee,Keyboard,3,4890.64,17-01-2025
ORD100275,Diane Smith,Smartwatch,5,1650.83,25-07-2025
ORD100276,Jesse Hughes,Monitor,2,2446.51,23-03-2025
ORD100277,Matthew Murphy,Printer,2,2355.6,21-04-2024
ORD100278,Carrie Anderson,Mobile,4,3933.14,03-06-2024
ORD100279,Michael Brock,Tablet,1,4752.67,22-05-2025
ORD100280,Jennifer Mccoy,Mobile,3,3188.23,29-07-2025
ORD100281,Laura Perkins,Laptop,3,577.29,15-01-2025
ORD100282,Kevin White,Mouse,3,4317.31,09-03-2024
ORD100283,Krista Henson,Tablet,2,3883.8,21-02-2025
ORD100284,Nicole White,Camera,1,4091.68,26-03-2025
ORD100285,Nicole Harvey,Camera,3,3022.13,25-11-2024
ORD100286,Susan Huber,Mobile,2,4489.52,09-12-2024
ORD100287,John Keller,Keyboard,1,4068.54,14-09-2024
ORD100288,Brandy Hart,Laptop,1,2448.01,19-06-2025
ORD100289,Matthew Nelson,Camera,5,3338.16,13-08-2025
ORD100290,Michael Crawford,Smartwatch,5,918.14,15-02-2025
ORD100291,Alison Patterson DDS,Tablet,4,4823.85,01-04-2024
ORD100292,Andrea Boyer,Mouse,2,3535.61,13-11-2025
ORD100293,Brian Winters,Monitor,4,4721.4,17-10-2024
ORD100294,Alan Jackson,Monitor,3,721.17,22-03-2025
ORD100295,Brittany Cross,Printer,3,223.97,30-01-2026
ORD100296,Gary Riley,Monitor,4,2388.56,08-11-2025
ORD100297,Jade Hernandez,Monitor,2,4089.32,08-07-2024
ORD100298,Thomas Myers,Tablet,1,4407.39,14-10-2025
ORD100299,Dennis Wright,Smartwatch,1,4964.26,19-10-2024
ORD100300,Meghan Sanchez,Headphones,3,3402.69,20-06-2025
ORD100301,John Mcmillan,Mobile,5,3053.89,17-03-2024
ORD100302,Joshua Cox,Mouse,3,124.67,06-12-2024
ORD100303,Juan Flores,Laptop,5,412.54,03-09-2024
ORD100304,John Clark,Mobile,4,1553.97,27-09-2025
ORD100305,Olivia Burgess,Headphones,4,3037.32,09-10-2025
ORD100306,Corey Keller,Mouse,2,540.81,22-08-2025
ORD100307,John Howell,Headphones,3,225.03,04-08-2025
ORD100308,James Watkins,Camera,1,3444.77,29-11-2025
ORD100309,Allison Herrera,Mouse,2,716.53,20-03-2025
ORD100310,Michael Hunt DDS,Printer,2,4418.55,02-10-2024
ORD100311,Wesley Williams,Mobile,1,2237.99,14-07-2025
ORD100312,Deanna Gonzalez,Printer,1,4772.05,10-01-2025
ORD100313,Elizabeth Mcfarland,Camera,2,3899.96,27-08-2024
ORD100314,Julie Shepard,Printer,4,3117.28,04-08-2024
ORD100315,Nathaniel Bates,Smartwatch,5,1078.33,23-01-2025
ORD100316,Erica Williams,Headphones,2,3500.84,26-05-2025
ORD100317,Ryan Cook,Camera,5,3818.23,28-09-2025
ORD100318,Steven Martinez,Monitor,2,814.3,18-11-2025
ORD100319,Amy Morgan,Tablet,4,2357.31,25-11-2024
ORD100320,Richard Walter,Keyboard,2,807.72,20-03-2024
ORD100321,Brad Chavez,Smartwatch,2,3513.37,13-02-2025
ORD100322,Toni Moody,Smartwatch,4,2861.51,17-05-2024
ORD100323,James Allen,Printer,5,4457.84,08-06-2025
ORD100324,Melvin Kim,Headphones,1,4650.62,27-10-2025
ORD100325,Tammy Webb,Camera,5,3214.4,15-05-2025
ORD100326,Joanna Jones,Tablet,4,639.36,08-07-2025
ORD100327,Kevin Ingram,Keyboard,5,3587.25,04-08-2025
ORD100328,Patrick Quinn,Monitor,4,765.31,30-12-2025
ORD100329,Elizabeth Padilla,Laptop,3,3727.16,13-11-2024
ORD100330,Sandra Alexander,Mobile,3,1966.33,17-06-2025
ORD100331,Carmen Murphy,Smartwatch,3,3058.96,13-07-2024
ORD100332,Carolyn Lee,Monitor,5,4975.29,14-10-2025
ORD100333,Christine Potter,Tablet,2,141.96,23-10-2024
ORD100334,Howard Glover,Camera,2,3146.65,17-01-2025
ORD100335,Lance Gardner,Keyboard,1,3192.06,12-01-2026
ORD100336,James Zavala,Smartwatch,3,349.57,26-10-2024
ORD100337,Jeffrey Grant,Monitor,4,1624.4,27-09-2024
ORD100338,Paul Johnson,Smartwatch,3,3596.14,30-01-2025
ORD100339,Nicholas Avery,Camera,2,3068.84,25-10-2025
ORD100340,Sara Simmons,Laptop,1,494.3,07-07-2024
ORD100341,Amanda Walton,Monitor,5,410.29,26-02-2025
ORD100342,Christine Anderson,Laptop,1,4234.69,15-06-2024
ORD100343,Melanie Chavez,Monitor,1,3903.73,15-03-2024
ORD100344,Brittney Olson,Mobile,4,3097.3,04-03-2024
ORD100345,Julia Mcgee,Mobile,1,1089.35,30-07-2024
ORD100346,Judy Russo,Camera,3,4670.75,19-07-2024
ORD100347,Amanda Phillips,Smartwatch,2,388.95,04-10-2024
ORD100348,Amber Patel,Camera,1,4321.64,17-08-2024
ORD100349,Jeremy Romero,Keyboard,1,1170.93,12-04-2025
ORD100350,Stephen Stephens,Tablet,2,4512.21,05-05-2025
ORD100351,Juan Williams,Monitor,1,2738.8,22-11-2024
ORD100352,Andrea Morgan,Laptop,5,691.52,04-01-2026
ORD100353,Ray Acevedo,Tablet,1,4966.58,13-02-2024
ORD100354,Taylor Simmons,Printer,2,1607.73,09-06-2024
ORD100355,Laura Solis,Keyboard,1,422.04,24-11-2024
ORD100356,Mr. Christopher Yang,Mouse,5,4533.5,15-09-2025
ORD100357,Stephen Lopez,Monitor,1,1753.94,06-01-2025
ORD100358,Mary Jimenez,Camera,3,3214.15,23-08-2025
ORD100359,Patrick Smith,Mouse,3,1880.64,15-07-2025
ORD100360,Mrs. Leah Mcneil,Camera,2,3225.94,15-10-2024
ORD100361,Kathleen Ramos,Mobile,5,1110.16,27-06-2025
ORD100362,Scott Davis,Mouse,5,1387.66,27-01-2025
ORD100363,Carl Brown,Mouse,4,3086.95,23-04-2025
ORD100364,William Oconnor,Laptop,1,2309.35,08-02-2026
ORD100365,Gina Wilkerson,Camera,5,4126.83,02-06-2024
ORD100366,Bradley Mullins,Printer,5,140.08,11-05-2025
ORD100367,William Lam,Keyboard,3,3735.56,02-10-2025
ORD100368,James Thompson,Smartwatch,5,2510.36,14-04-2024
ORD100369,Brittany Cummings,Laptop,1,2220.58,03-01-2026
ORD100370,Kristin Clark,Mouse,3,1447.41,19-09-2024
ORD100371,Tyler Gaines,Tablet,3,1796.27,19-02-2025
ORD100372,Joe Cohen,Tablet,5,3493.99,07-04-2025
ORD100373,Courtney Silva,Monitor,5,2178.18,08-07-2024
ORD100374,Mariah Hernandez,Mouse,3,4024.22,08-12-2025
ORD100375,Wesley Freeman,Tablet,4,2637.93,02-08-2024
ORD100376,Jessica Schneider,Monitor,2,1987.74,07-11-2025
ORD100377,Katie Rogers,Smartwatch,2,2920.95,06-08-2024
ORD100378,James Taylor,Printer,3,3886.35,15-10-2025
ORD100379,Benjamin Atkinson,Printer,4,4305.75,27-11-2025
ORD100380,Daniel Evans,Laptop,4,4355.42,25-01-2025
ORD100381,Angel Bray,Mobile,1,4811.88,31-03-2025
ORD100382,Sarah Morris,Laptop,5,4298.08,18-11-2024
ORD100383,Justin Jones,Mobile,1,1251.73,05-09-2024
ORD100384,James Davies,Keyboard,4,2721.27,21-11-2024
ORD100385,John Trevino,Camera,3,1274.61,06-04-2025
ORD100386,Lori Mcintosh,Smartwatch,4,3166.43,27-01-2025
ORD100387,Timothy Johnson,Mouse,1,4043.53,24-02-2024
ORD100388,Antonio Taylor,Printer,5,4617,26-03-2024
ORD100389,Ricardo Cantu,Headphones,3,2506.39,18-01-2025
ORD100390,Sarah Bell,Laptop,1,4189.15,29-03-2024
ORD100391,Natalie Schmidt,Monitor,5,2321.65,15-05-2025
ORD100392,Troy Thomas,Headphones,3,915.53,09-10-2024
ORD100393,Renee Howard,Mouse,4,3261.6,03-09-2024
ORD100394,Sarah Jennings,Camera,2,2243.63,15-04-2025
ORD100395,Jonathan Long,Smartwatch,1,1576.01,04-10-2025
ORD100396,Travis Martin,Headphones,1,4136.91,25-12-2025
ORD100397,Ashley Smith,Keyboard,3,4645.95,16-06-2025
ORD100398,Albert King,Mobile,1,1212.31,14-08-2024
ORD100399,Christopher Brown,Smartwatch,2,281.09,23-11-2025
ORD100400,Christy Jacobs,Mobile,1,3887.78,04-06-2025
ORD100401,Kelly Stone,Monitor,3,2315.94,30-03-2025
ORD100402,Jill Phillips,Mouse,3,4633.89,15-03-2024
ORD100403,Lisa Fernandez,Camera,5,4668.1,15-11-2024
ORD100404,Mr. Raymond Stevenson MD,Printer,3,3171.37,20-07-2024
ORD100405,Michael Smith,Tablet,1,1075.28,05-07-2024
ORD100406,Monica Thompson,Mouse,3,2457.69,30-01-2025
ORD100407,Janet Johnson,Laptop,3,2410.3,26-12-2024
ORD100408,Nathan Carter,Camera,5,2831.01,07-12-2025
ORD100409,Janet Potts PhD,Laptop,1,1041.33,04-12-2024
ORD100410,Stephanie Henson DDS,Camera,5,616.81,09-12-2024
ORD100411,Stephen Salazar,Laptop,2,263.95,07-04-2024
ORD100412,Emily Smith,Headphones,5,4091.32,14-07-2024
ORD100413,Amanda Rangel,Mobile,3,4027,08-05-2024
ORD100414,Mrs. Nicole Thomas,Smartwatch,5,1058.19,25-03-2024
ORD100415,Cynthia Kent,Tablet,5,1086.17,21-11-2025
ORD100416,Emily Ford,Camera,4,4654.48,29-06-2024
ORD100417,Brandy Garcia,Laptop,1,1868.73,25-12-2024
ORD100418,Jennifer Davis,Smartwatch,2,3725.48,20-09-2024
ORD100419,Andrew Mcmahon,Tablet,1,2485.57,10-03-2025
ORD100420,Brett Brown,Monitor,1,2973.03,16-05-2024
ORD100421,Kim Phillips,Mobile,5,324.93,20-12-2024
ORD100422,David Torres,Printer,4,2377.47,12-03-2024
ORD100423,Jennifer Adams,Mobile,5,4924.56,29-06-2024
ORD100424,Megan Mcdonald,Printer,5,3581.23,07-06-2024
ORD100425,Megan Carter,Mobile,4,350.09,18-01-2025
ORD100426,David Davis,Smartwatch,5,1781.32,19-04-2024
ORD100427,Craig Taylor,Mouse,2,618.44,17-12-2025
ORD100428,Amber Medina PhD,Mouse,1,2431.48,09-04-2025
ORD100429,Jessica Aguilar,Smartwatch,1,2792.56,31-12-2025
ORD100430,James Barnett,Mouse,3,4017.92,01-02-2026
ORD100431,Stephanie Blackwell,Printer,3,2499.23,06-03-2025
ORD100432,Elizabeth May,Camera,4,567,10-02-2026
ORD100433,Lori Rodriguez,Smartwatch,2,2767.34,03-06-2025
ORD100434,Teresa Gonzalez,Smartwatch,5,995.87,06-11-2024
ORD100435,Ruben Andrews,Mouse,4,3064.31,11-04-2024
ORD100436,Ryan Briggs,Laptop,2,2685.68,21-01-2025
ORD100437,Nicholas Moreno,Mouse,4,3792.78,22-10-2025
ORD100438,Timothy Williams,Mobile,5,570.43,18-02-2024
ORD100439,Joseph Green,Smartwatch,3,3664.86,14-02-2024
ORD100440,Eric Oliver,Mobile,2,3979.74,06-02-2025
ORD100441,Robert Johnson,Monitor,4,3295.04,03-05-2025
ORD100442,Robert Olsen,Printer,3,4534.54,10-12-2024
ORD100443,Sonya Garcia,Smartwatch,2,1130.26,15-09-2024
ORD100444,Regina Long,Laptop,4,2263.97,18-05-2024
ORD100445,Jared Young,Smartwatch,4,1816.94,14-05-2024
ORD100446,Ryan Nguyen,Monitor,2,4290.71,22-03-2024
ORD100447,Annette Rhodes PhD,Keyboard,2,3586.67,27-06-2025
ORD100448,Julie Ramirez,Printer,5,1551.53,24-02-2024
ORD100449,Joseph Lang,Tablet,4,1435.84,26-09-2025
ORD100450,David Macias,Monitor,3,317.93,02-11-2024
ORD100451,Dana Arellano,Monitor,4,1846.33,07-12-2025
ORD100452,Lisa Jones,Printer,1,1399.17,03-11-2025
ORD100453,Brian Diaz,Mobile,3,3375.19,03-12-2025
ORD100454,Melvin Chapman,Tablet,3,2748.49,30-11-2024
ORD100455,Matthew Hughes,Tablet,4,861.59,13-05-2024
ORD100456,Lisa Jefferson,Mobile,3,2906.81,23-05-2025
ORD100457,John Bradley,Laptop,2,2632.84,12-11-2024
ORD100458,Stephanie Taylor,Headphones,5,3958.69,30-05-2025
ORD100459,Lisa Moore,Mobile,1,2005.47,11-01-2026
ORD100460,Christopher Lee,Laptop,3,929.25,09-03-2024
ORD100461,Alan Baker,Monitor,3,1670.93,06-11-2024
ORD100462,Carrie Craig,Monitor,5,2779.13,17-07-2025
ORD100463,Nicole Scott,Headphones,3,1146.54,13-07-2024
ORD100464,Tara Price,Laptop,4,640.97,18-06-2024
ORD100465,Mitchell Gibson,Smartwatch,4,3954.97,30-05-2025
ORD100466,Stephen Herring,Mouse,5,1778.45,15-12-2025
ORD100467,Jeff Sparks,Mobile,5,3927.2,15-02-2025
ORD100468,Jessica Bennett,Mouse,3,2798.57,28-02-2024
ORD100469,Angela Rodgers,Laptop,1,1345.47,30-01-2025
ORD100470,Jesse Carlson,Keyboard,5,1204.49,29-03-2024
ORD100471,Luis Jackson,Keyboard,3,4100.21,10-09-2024
ORD100472,Thomas Lopez,Headphones,4,216.93,02-10-2025
ORD100473,Richard Peterson,Mobile,5,923.32,04-02-2025
ORD100474,Jorge Johnson,Smartwatch,1,2463.51,01-06-2025
ORD100475,Jonathan Curry,Headphones,4,1863.18,10-04-2025
ORD100476,Rodney Burke,Monitor,4,3880.07,12-02-2025
ORD100477,Shannon Smith,Keyboard,3,1153.73,19-03-2025
ORD100478,Thomas Tate,Keyboard,5,1906.45,12-03-2024
ORD100479,Kelly Foster,Laptop,1,1475.79,29-01-2025
ORD100480,Kimberly Hicks,Mouse,5,2231.81,07-05-2024
ORD100481,Courtney Lopez,Smartwatch,1,1498.68,22-04-2024
ORD100482,Andrea Higgins,Mobile,2,3260.48,04-06-2025
ORD100483,Laura Guerrero,Monitor,2,4828.47,27-03-2025
ORD100484,Christine Thompson,Smartwatch,4,2561.02,19-08-2024
ORD100485,Ethan Gonzalez,Smartwatch,1,1114.58,26-10-2024
ORD100486,Haley Snyder,Smartwatch,4,762.59,09-07-2025
ORD100487,Kevin Warren,Mouse,3,2670.14,06-02-2026
ORD100488,Susan Powell,Monitor,4,648.23,28-07-2025
ORD100489,Kimberly Dennis,Mobile,2,3249.7,09-01-2025
ORD100490,Thomas Smith,Laptop,3,1761.23,07-06-2024
ORD100491,Tina Lopez,Mobile,2,636.99,18-04-2024
ORD100492,Amanda Olsen,Smartwatch,1,2758.5,26-09-2024
ORD100493,Bryce Tucker,Mouse,5,329.18,21-12-2025
ORD100494,James Padilla,Headphones,3,3580.08,18-04-2025
ORD100495,Ms. Michelle Navarro DDS,Mouse,1,4534.8,22-01-2026
ORD100496,Douglas Allen,Printer,5,4053.93,03-11-2025
ORD100497,Donald Payne,Mouse,2,523.29,06-08-2024
ORD100498,Michael Wilson,Keyboard,2,1433.77,10-02-2026
ORD100499,Mr. Scott Schneider,Tablet,5,257,07-01-2026
ORD100500,Tyler Allen Jr.,Keyboard,3,1907.37,08-09-2024
ORD100501,Scott Young,Smartwatch,3,1634.95,14-07-2025
ORD100502,Wendy Dunn,Mobile,5,4210.75,21-05-2025
ORD100503,Cindy Torres,Tablet,2,3369.36,30-06-2024
ORD100504,Joshua Montoya,Laptop,1,4336.91,01-10-2024
ORD100505,Michelle Fox,Smartwatch,1,1641.47,22-04-2025
ORD100506,Yolanda Petersen,Laptop,4,1829.83,31-03-2025
ORD100507,Mrs. Erin Garcia MD,Camera,1,118,07-08-2025
ORD100508,Sarah Harrell,Laptop,5,1785.64,23-09-2024
ORD100509,Peter Rogers,Mobile,4,3539.52,08-05-2025
ORD100510,Morgan Klein,Camera,2,3619.59,03-06-2024
ORD100511,Robert Carter,Laptop,4,4741.96,02-02-2026
ORD100512,Mr. Jonathon Walker,Camera,5,3523.26,01-02-2025
ORD100513,Edward Estrada,Printer,4,2567.66,31-01-2025
ORD100514,Barbara Mahoney,Printer,2,4486.45,22-05-2024
ORD100515,Yvette Bennett,Headphones,5,4308.86,15-09-2025
ORD100516,Pamela Freeman,Monitor,2,4064.43,30-09-2024
ORD100517,Taylor Chapman,Headphones,4,3576.94,07-02-2025
ORD100518,Brittany Shah,Mobile,3,4253.87,16-11-2025
ORD100519,Michael Freeman,Mouse,2,2132.4,29-07-2024
ORD100520,Alex Baker,Mobile,5,270.4,24-09-2025
ORD100521,Lauren Lopez,Printer,2,844.86,31-03-2024
ORD100522,Lisa Maxwell,Smartwatch,4,2544.91,29-03-2025
ORD100523,Rebecca Cunningham,Headphones,2,3850.02,14-03-2024
ORD100524,Dennis Stokes,Printer,1,3976.53,07-02-2025
ORD100525,Timothy Malone,Tablet,1,1314.24,09-03-2025
ORD100526,Melissa Hoffman,Headphones,4,2701.81,11-05-2025
ORD100527,John Nguyen,Keyboard,2,3693.25,25-11-2025
ORD100528,Mark Escobar,Smartwatch,2,2067.07,09-03-2025
ORD100529,Jennifer Anderson,Smartwatch,2,3691.67,16-10-2024
ORD100530,Anne Holland,Tablet,1,1828.26,12-04-2025
ORD100531,John Rogers,Tablet,4,2300.41,13-09-2025
ORD100532,Elizabeth Johnson,Keyboard,2,4750.9,18-06-2025
ORD100533,Jason Stafford,Tablet,2,3868.13,19-09-2025
ORD100534,Michael Gould,Smartwatch,3,4842.72,01-07-2025
ORD100535,Christine Williams,Camera,4,2848.75,14-07-2024
ORD100536,Scott Carter,Headphones,4,4683.86,10-02-2026
ORD100537,Melissa Campbell,Laptop,2,888.65,11-01-2026
ORD100538,Wendy Chambers,Camera,5,2025.29,13-07-2025
ORD100539,Douglas Valencia,Keyboard,3,3785.18,01-07-2025
ORD100540,Patrick Hunt,Laptop,4,2667.64,13-12-2024
ORD100541,Christina Jackson,Smartwatch,4,4204.64,28-12-2025
ORD100542,Sandra Sheppard,Headphones,2,591.32,22-04-2024
ORD100543,Faith Moore,Headphones,4,2918.78,20-05-2025
ORD100544,Joshua Washington,Headphones,5,3744.14,10-06-2024
ORD100545,Anthony Massey,Laptop,4,2426.94,01-05-2025
ORD100546,Jessica Delacruz,Laptop,3,2370.63,04-07-2025
ORD100547,Brad Mason,Laptop,5,1742.26,17-12-2025
ORD100548,Amanda Thomas,Smartwatch,4,873.36,21-02-2024
ORD100549,Tyler Wood,Laptop,5,1584.19,28-02-2024
ORD100550,Gina Knight,Monitor,2,4025.88,08-10-2024
ORD100551,Nancy Smith,Camera,2,3742.52,28-07-2025
ORD100552,Julie Schwartz,Keyboard,2,1685.26,17-11-2025
ORD100553,Andrew Cain,Camera,5,2766.1,25-08-2025
ORD100554,Kaylee Parker,Mobile,1,4201.15,21-07-2024
ORD100555,Kathleen Ellis,Mouse,5,1251.22,27-09-2025
ORD100556,Megan Hill,Tablet,3,1588.11,29-03-2024
ORD100557,Lisa Larson,Camera,2,358.71,29-10-2024
ORD100558,Teresa Carter,Printer,5,2390.27,21-07-2024
ORD100559,Jennifer Taylor,Camera,1,4508.08,03-06-2025
ORD100560,Melanie Hayes,Laptop,4,3072.29,09-06-2025
ORD100561,Mary Lowery,Monitor,5,2752.43,11-11-2025
ORD100562,Kelly Preston,Mobile,3,3374.35,20-05-2024
ORD100563,Anna Hickman,Laptop,1,1081.72,09-01-2026
ORD100564,Cassandra Miller,Monitor,4,1140.2,29-05-2025
ORD100565,Debbie Hartman,Laptop,5,4245.66,30-03-2024
ORD100566,Jeffrey Burnett,Headphones,1,1746.29,25-09-2025
ORD100567,Jessica Williams,Keyboard,3,4543.2,08-03-2024
ORD100568,Nicholas Smith,Smartwatch,5,2677.66,16-08-2025
ORD100569,Scott Nichols,Laptop,2,1583.05,07-10-2025
ORD100570,Brandy Bray,Mobile,3,1705.69,28-12-2024
ORD100571,Adrian Riggs,Mouse,4,1187.57,06-06-2025
ORD100572,Victoria Francis,Mobile,2,1482.43,18-04-2024
ORD100573,Destiny Mccoy,Printer,5,4478.62,04-11-2025
ORD100574,Shawn Short,Keyboard,2,3959.27,19-01-2026
ORD100575,Stacy Johnson,Keyboard,1,3242.22,18-11-2025
ORD100576,Monica Alvarado,Tablet,1,3040.01,12-05-2025
ORD100577,Kristina Hobbs,Headphones,5,1543.68,06-08-2024
ORD100578,Natalie Anderson,Smartwatch,1,1119.61,29-09-2025
ORD100579,Ann Smith,Laptop,2,1782.6,23-07-2024
ORD100580,Vincent White,Monitor,5,811.86,18-06-2025
ORD100581,Rhonda Campbell,Smartwatch,5,631.16,24-03-2024
ORD100582,Alexis Peters,Tablet,1,2643.99,27-10-2025
ORD100583,Christopher Lucas,Smartwatch,3,3333.37,02-01-2025
ORD100584,Christian Woods,Mobile,3,1741.47,24-03-2024
ORD100585,Andrew Martin,Smartwatch,2,458.3,24-05-2024
ORD100586,Donald Miles,Smartwatch,3,2054.65,24-02-2024
ORD100587,Stacy Obrien,Smartwatch,3,2519.09,17-09-2024
ORD100588,Christopher Castillo,Headphones,2,2226.84,05-05-2025
ORD100589,Angela Becker,Mouse,1,4018.52,18-01-2026
ORD100590,Crystal Lee,Monitor,4,1967.91,15-07-2024
ORD100591,Jennifer Nguyen,Smartwatch,4,4063.16,09-07-2024
ORD100592,William Shea,Camera,5,3458.99,24-01-2026
ORD100593,Sarah Cooper,Laptop,3,3129.49,24-01-2026
ORD100594,Robert Keller,Smartwatch,4,2611.95,15-12-2024
ORD100595,Amanda Le,Mouse,1,1210.8,09-07-2024
ORD100596,Kevin Andersen,Keyboard,1,1500.33,17-08-2024
ORD100597,Dylan Burton,Keyboard,3,3466.62,03-01-2026
ORD100598,David Mckenzie,Laptop,3,849.55,05-06-2024
ORD100599,Marcia Villanueva,Camera,2,162.46,04-11-2025
ORD100600,Jerry Payne,Printer,4,1326.49,05-08-2024
ORD100601,Stephen Smith,Tablet,5,644.91,11-02-2024
ORD100602,Robert Moreno,Monitor,5,4882.67,14-04-2024
ORD100603,Stephen Green,Mouse,2,1689.12,08-03-2024
ORD100604,Crystal Atkinson,Tablet,4,3877.32,04-01-2026
ORD100605,Matthew Weeks,Keyboard,3,1637.88,23-11-2024
ORD100606,Lauren Steele,Headphones,1,750.64,05-07-2024
ORD100607,Colleen Ortega,Camera,1,4781.41,24-01-2025
ORD100608,Michael Owen,Monitor,5,2474.72,13-09-2024
ORD100609,Krista Jones,Keyboard,3,1725.54,15-04-2025
ORD100610,Jennifer Bennett,Keyboard,5,4331.29,27-04-2024
ORD100611,Emily Butler,Laptop,2,1121.51,17-12-2024
ORD100612,Dominique Krause,Headphones,1,2142.84,26-03-2025
ORD100613,Joseph Chen,Headphones,5,2581.8,26-01-2025
ORD100614,Andrew Olsen,Headphones,5,1908.85,15-11-2025
ORD100615,Latasha Ritter,Mobile,3,1375.97,24-04-2025
ORD100616,Megan Morris,Printer,3,2815.54,06-12-2024
ORD100617,Rachel Shepherd,Printer,1,249.92,16-05-2024
ORD100618,James Perez,Printer,5,1294.81,05-03-2024
ORD100619,Joseph Reed,Headphones,3,654.54,22-02-2025
ORD100620,Sarah Yoder,Laptop,5,1648.87,20-04-2025
ORD100621,Steve Woodward,Smartwatch,3,4268.94,02-10-2025
ORD100622,Jessica Arnold,Printer,2,4768.99,06-06-2024
ORD100623,John Williams,Camera,5,3182.38,28-09-2024
ORD100624,Lindsey Jones,Headphones,4,4702.56,20-09-2024
ORD100625,Brad Reed,Mouse,2,1902.35,23-09-2025
ORD100626,Richard Castaneda,Printer,3,1823.57,27-10-2025
ORD100627,Tristan Gibson,Camera,5,4432.63,05-11-2024
ORD100628,Yvonne Benson,Tablet,3,2743.54,08-04-2024
ORD100629,Rick Lane,Headphones,1,318.64,21-06-2025
ORD100630,Julie Lopez,Monitor,2,3152.21,08-11-2024
ORD100631,Jordan Sanders,Tablet,5,2542.26,12-01-2026
ORD100632,Craig Ramos,Monitor,3,2391.18,21-11-2024
ORD100633,Charles Shaw,Keyboard,1,2083.68,12-07-2024
ORD100634,Brian Jones,Mobile,5,3992.88,09-04-2025
ORD100635,Amanda Moore,Mobile,4,3598.51,27-02-2025
ORD100636,Julia Schaefer,Mobile,4,3881.83,14-04-2024
ORD100637,Christopher Henderson,Tablet,5,1216.67,17-06-2025
ORD100638,Kimberly Green,Laptop,5,4651.94,18-06-2025
ORD100639,Judy Singleton,Mouse,5,380.72,01-12-2025
ORD100640,Jacqueline Kline,Monitor,4,4226.51,04-11-2025
ORD100641,Brandi Davis,Tablet,5,3401.47,28-04-2024
ORD100642,Michael Garcia,Laptop,1,1574.15,05-04-2025
ORD100643,Randall Jackson,Mouse,3,2044.64,17-04-2025
ORD100644,Bryan Owens,Headphones,2,1606.82,06-06-2024
ORD100645,Amy Thompson,Laptop,2,3024.58,25-12-2025
ORD100646,Richard Garcia,Mobile,4,4091.7,16-05-2024
ORD100647,Patricia Ayers,Headphones,3,1738.52,11-06-2025
ORD100648,Luis Ferguson,Keyboard,1,4043.96,05-12-2024
ORD100649,Jeffrey Miles,Mouse,3,856.55,16-09-2024
ORD100650,Samuel Sullivan,Mobile,5,2279.92,25-03-2025
ORD100651,Linda Baxter,Laptop,4,3783.06,14-08-2025
ORD100652,Kevin Roberts,Keyboard,3,3550.93,02-09-2025
ORD100653,Kimberly Walker,Laptop,4,4013.46,07-08-2025
ORD100654,Kathryn Bennett,Headphones,1,4973.71,30-11-2024
ORD100655,Lydia Harris,Monitor,2,156.71,19-01-2025
ORD100656,Grant Miranda,Monitor,3,3564.23,14-08-2025
ORD100657,Mr. Joseph Klein,Printer,1,302.64,15-06-2025
ORD100658,William Elliott,Headphones,2,4628.44,27-12-2025
ORD100659,Michael Morgan,Tablet,2,1231.15,19-06-2025
ORD100660,James Frazier,Keyboard,1,652.19,25-08-2025
ORD100661,Jacob Nguyen,Keyboard,4,4395.38,26-10-2025
ORD100662,Elizabeth Ramirez,Camera,4,1397.73,19-10-2024
ORD100663,Ashley James,Printer,5,2750.04,18-01-2026
ORD100664,Todd Chang,Headphones,3,2479.25,21-01-2025
ORD100665,Elizabeth Rasmussen,Headphones,3,3409.36,04-12-2025
ORD100666,Jessica Douglas,Tablet,4,2142.96,07-04-2025
ORD100667,Brittany Chandler,Monitor,2,4192.96,24-01-2025
ORD100668,Amanda Smith,Mouse,2,1513.87,31-08-2025
ORD100669,Brendan Bautista,Mouse,1,4293.32,15-07-2025
ORD100670,Marie Lowery,Mouse,3,1256.17,17-12-2025
ORD100671,Michael Tucker,Mouse,3,2810.94,03-05-2024
ORD100672,Alexandra Vargas,Tablet,2,1814.8,02-11-2025
ORD100673,Matthew Cook,Mouse,1,642.72,03-12-2024
ORD100674,Scott Lee,Tablet,3,3417.09,22-07-2024
ORD100675,Lucas Graham,Smartwatch,3,1185.6,12-04-2024
ORD100676,Ronald Watson,Camera,3,2035.05,14-03-2025
ORD100677,Frank Vasquez,Tablet,2,4595.03,11-12-2025
ORD100678,Daniel Ponce,Smartwatch,1,3743.55,11-05-2024
ORD100679,Steven Stevens,Camera,4,953.32,08-01-2025
ORD100680,Ryan Bailey,Smartwatch,5,1611.64,24-08-2024
ORD100681,Paul Morgan,Camera,1,4649.2,01-08-2024
ORD100682,Alexander Reed,Laptop,4,2217.51,18-10-2025
ORD100683,Austin Hernandez,Camera,3,3671.7,15-10-2024
ORD100684,Katie Lopez,Mobile,3,3571.18,14-12-2024
ORD100685,Olivia Robinson,Monitor,2,371.31,02-06-2024
ORD100686,Christian Wright,Smartwatch,5,1778.74,08-12-2024
ORD100687,James Campbell,Headphones,4,840.58,08-05-2025
ORD100688,Mark Howard,Camera,5,3120.81,16-10-2024
ORD100689,Patty Owen,Laptop,2,1308.48,17-03-2025
ORD100690,Christina Winters,Camera,1,4720.53,02-07-2025
ORD100691,Nicole Beard,Tablet,3,604.08,20-07-2025
ORD100692,Michael Jordan,Mobile,4,4169.05,02-05-2024
ORD100693,Daniel Roth,Mouse,2,720.05,14-02-2024
ORD100694,Rebecca Ramirez,Headphones,3,4810.18,02-09-2024
ORD100695,Katherine Harris,Mouse,2,3459.34,18-01-2026
ORD100696,Kayla Baker,Keyboard,2,288.19,20-05-2025
ORD100697,Kaitlin Noble,Mouse,3,2933.64,03-10-2024
ORD100698,Gregory Herrera,Mouse,1,1537.85,13-04-2024
ORD100699,Cassandra Martinez,Keyboard,1,4969.17,11-05-2025
ORD100700,Margaret Hess,Smartwatch,2,1811.38,10-06-2024
ORD100701,Katrina Thompson,Printer,3,835.35,13-02-2025
ORD100702,Rachel Phillips,Mobile,1,2744.16,16-04-2025
ORD100703,Misty Lucas,Printer,3,474.59,03-11-2024
ORD100704,Heather Jackson,Mouse,1,2583.47,24-05-2025
ORD100705,Alexis Mendez,Printer,1,3757.16,09-10-2025
ORD100706,Mrs. Vicki Price,Keyboard,4,2038.39,13-08-2024
ORD100707,Dawn Duke,Smartwatch,1,992.45,02-05-2025
ORD100708,Theresa Carson,Printer,3,4272.92,26-10-2024
ORD100709,Michael Manning,Camera,4,1091.14,07-01-2026
ORD100710,Stacey Chavez,Keyboard,5,1042.51,25-08-2025
ORD100711,Eric Burton,Printer,5,521.06,17-08-2025
ORD100712,Diana Barajas,Monitor,4,1376.64,17-11-2025
ORD100713,Eric Obrien,Camera,3,2005.74,18-10-2024
ORD100714,Angela Reeves,Smartwatch,2,2563.54,28-10-2024
ORD100715,Dana Berger,Mobile,1,4822.73,04-06-2025
ORD100716,Brittany Hodges,Mouse,5,2824.93,03-05-2024
ORD100717,Glen Smith,Keyboard,5,2084.06,12-07-2024
ORD100718,Whitney Estrada,Headphones,1,351.39,20-03-2025
ORD100719,Joseph Gomez,Headphones,5,4143.2,01-03-2025
ORD100720,Yolanda Wright,Laptop,1,1719.5,07-07-2025
ORD100721,Michael Joseph,Smartwatch,2,2478.26,04-05-2024
ORD100722,Penny Hubbard,Mouse,5,1539.32,28-10-2024
ORD100723,Rachel Mills,Headphones,2,2670.03,03-06-2025
ORD100724,Hannah Martinez,Headphones,4,2253.58,20-05-2024
ORD100725,Andrew Jones,Smartwatch,3,3166.69,13-02-2024
ORD100726,Mark King,Tablet,2,2936.97,27-04-2024
ORD100727,Vanessa Hunt,Tablet,5,3128.63,29-07-2024
ORD100728,April Garrett,Tablet,5,963.71,25-04-2025
ORD100729,Jason Colon,Laptop,1,1035.18,28-02-2024
ORD100730,Thomas Miller,Monitor,3,2933.2,07-01-2025
ORD100731,Mary Barnes,Laptop,1,647.21,30-10-2024
ORD100732,Sandra Long,Tablet,5,3851.85,07-03-2024
ORD100733,Donald Hanson,Mouse,3,2257.41,06-05-2025
ORD100734,Jessica Kaiser,Camera,1,1187.54,04-12-2025
ORD100735,Brandon Woodard,Keyboard,3,1048.46,28-08-2024
ORD100736,Linda Perry,Monitor,2,3233.07,17-05-2025
ORD100737,Brian Reyes,Headphones,5,4845.94,08-11-2024
ORD100738,Richard Harvey,Keyboard,1,3715.3,01-01-2025
ORD100739,Matthew Evans,Mouse,5,2049.23,03-05-2024
ORD100740,Denise Simmons,Mobile,3,1669.41,02-04-2025
ORD100741,Angela Hunter,Mobile,5,3563.59,05-09-2024
ORD100742,Mr. Erik Wright Jr.,Camera,1,2326.7,10-08-2025
ORD100743,Thomas Perez,Tablet,4,1198.53,19-06-2024
ORD100744,Julie Terrell,Monitor,5,3502.24,18-10-2025
ORD100745,Adrienne Ponce,Monitor,1,233.48,19-02-2024
ORD100746,Lori Rubio,Laptop,5,3452.7,22-07-2025
ORD100747,Patrick White,Printer,5,4429.55,11-06-2025
ORD100748,Kimberly Evans,Camera,1,2291.39,01-07-2024
ORD100749,Melissa Garcia,Mouse,1,4830.51,30-05-2024
ORD100750,Andre Malone,Mouse,3,1489.14,27-02-2024
ORD100751,Samantha Ward,Keyboard,1,191.18,27-01-2026
ORD100752,John Moses,Keyboard,2,4161.86,07-03-2025
ORD100753,Olivia Singleton,Camera,3,3204.37,10-01-2026
ORD100754,Janice Keller,Mouse,4,845.58,05-08-2025
ORD100755,Jesse Williams,Monitor,4,3514.69,04-03-2025
ORD100756,Katherine Arellano,Mouse,2,3160.34,01-04-2025
ORD100757,Michelle Miller,Monitor,3,3638.61,04-09-2025
ORD100758,Jeremiah Pollard,Smartwatch,5,2722.91,04-03-2024
ORD100759,Mr. Nicholas Hood,Printer,1,4629.87,19-08-2025
ORD100760,Lisa Gross,Headphones,2,2440.5,28-07-2025
ORD100761,Rebecca Becker,Keyboard,4,1886.46,30-12-2024
ORD100762,Bethany Larsen,Laptop,5,4397.44,10-02-2025
ORD100763,James Nguyen,Monitor,2,1191.78,04-07-2025
ORD100764,Joyce Richardson,Mouse,1,1410.31,02-11-2025
ORD100765,Erik Gonzalez,Mobile,5,4016.48,11-08-2025
ORD100766,Lisa Crawford,Headphones,4,2545.02,31-07-2025
ORD100767,Richard Glass,Smartwatch,3,3070.24,12-02-2024
ORD100768,Stacie Wong,Printer,5,4485.37,02-06-2024
ORD100769,Elizabeth Curtis,Laptop,2,4816.27,24-07-2024
ORD100770,Angela Arnold,Mobile,4,3370.42,14-09-2024
ORD100771,Chris Brewer,Laptop,1,137.23,14-12-2025
ORD100772,Krista Taylor,Printer,4,4582.97,27-10-2024
ORD100773,Shirley Mclaughlin,Monitor,3,3226.08,23-08-2025
ORD100774,Mr. George Johnson,Keyboard,1,2996.07,15-06-2025
ORD100775,Dr. Kathryn Bradshaw,Mobile,2,3265.85,05-07-2024
ORD100776,Jason Trujillo,Printer,2,3427.8,12-11-2024
ORD100777,Crystal Scott,Laptop,4,1770.14,14-03-2025
ORD100778,Kelly Wood,Camera,4,959.08,27-03-2025
ORD100779,Michael Edwards,Monitor,4,753.63,14-06-2025
ORD100780,Jessica Wolfe,Camera,3,794.11,04-06-2024
ORD100781,George Johnson,Monitor,4,2585.19,28-01-2026
ORD100782,Michael Ramirez,Camera,1,3135.01,23-08-2024
ORD100783,Seth Griffin,Printer,5,1254.08,12-11-2024
ORD100784,Danny Gallegos,Monitor,5,3889.92,09-05-2025
ORD100785,Justin Ramirez,Tablet,1,3905.53,03-07-2024
ORD100786,Scott Pierce,Monitor,5,424.8,23-11-2024
ORD100787,Steven Sanchez,Laptop,1,3815.5,20-07-2024
ORD100788,Eric Reyes,Headphones,2,2602.97,09-05-2025
ORD100789,Morgan Martinez,Laptop,3,2521.81,16-10-2024
ORD100790,Ronald Fuller,Monitor,4,1248.42,04-10-2024
ORD100791,Kristine Martin,Smartwatch,4,919.78,21-12-2024
ORD100792,Sara Rangel,Tablet,1,2642.56,14-09-2024
ORD100793,Jessica Peters,Laptop,2,354.9,08-05-2025
ORD100794,Tammy Gutierrez,Tablet,4,3391.16,12-12-2024
ORD100795,Brenda Nelson,Smartwatch,3,3676.91,28-02-2024
ORD100796,Matthew Hamilton,Headphones,5,3894.37,20-09-2025
ORD100797,John Zamora,Mouse,2,3793.51,23-09-2024
ORD100798,Michael Yu,Laptop,5,4392.96,25-03-2024
ORD100799,Sandra Taylor,Mouse,1,1277.08,06-01-2025
ORD100800,Brooke Knight,Mouse,2,2173.48,03-03-2025
ORD100801,Yolanda Ho,Keyboard,2,3048.24,26-03-2025
ORD100802,Seth Lewis,Printer,1,2947.21,27-04-2024
ORD100803,Melissa Harrison,Monitor,2,4985.73,29-09-2025
ORD100804,Rachel Meza,Smartwatch,3,3240.32,11-06-2025
ORD100805,Mrs. Laura Castro MD,Mobile,4,3179.31,29-09-2024
ORD100806,Alexander Rose,Camera,4,2908.13,26-07-2024
ORD100807,Michael Foley,Laptop,5,4519.11,08-01-2026
ORD100808,William Wilson,Mouse,5,3455.21,13-10-2024
ORD100809,Gabrielle Murphy,Headphones,5,1545.53,08-07-2024
ORD100810,Stephanie Adams,Mobile,1,4581.98,14-07-2025
ORD100811,Joanne Zimmerman,Laptop,2,4144.7,21-09-2025
ORD100812,Robert Collins,Camera,1,2271.44,02-04-2025
ORD100813,Jamie Jenkins,Printer,5,520.82,27-10-2025
ORD100814,Heather Haynes,Tablet,5,4940.28,21-05-2025
ORD100815,Patrick Whitaker,Laptop,3,1506.63,03-08-2024
ORD100816,David Walter,Tablet,3,4699.64,13-03-2025
ORD100817,Michael Mendez,Laptop,2,2413.32,29-03-2024
ORD100818,Erin Peterson,Headphones,2,4511.76,23-12-2024
ORD100819,Anthony Williams,Smartwatch,2,652.21,23-09-2025
ORD100820,Bridget Vasquez,Smartwatch,1,3827.34,24-11-2025
ORD100821,Lauren Cox,Mouse,1,4240.11,24-04-2025
ORD100822,Dominique Anderson,Keyboard,2,4162.34,16-01-2025
ORD100823,Wendy Johnson,Smartwatch,3,2479.08,23-08-2024
ORD100824,Edward Cook,Tablet,3,1484.36,03-09-2025
ORD100825,Justin Johnson,Keyboard,2,3633.37,16-01-2025
ORD100826,David Shah,Headphones,2,2770.17,22-12-2024
ORD100827,Michael Horne,Tablet,2,2748.23,21-08-2025
ORD100828,Adrienne Nguyen,Keyboard,1,4211.81,24-03-2024
ORD100829,Anna Gilmore,Tablet,5,3650.37,20-09-2024
ORD100830,Melvin Thompson,Laptop,3,598.86,14-08-2025
ORD100831,Renee Evans,Headphones,1,4808.52,17-05-2025
ORD100832,Bruce Jensen,Headphones,3,4695.47,22-06-2025
ORD100833,Brett Luna,Laptop,3,2360.87,28-08-2024
ORD100834,Matthew Evans,Laptop,5,3039.04,21-05-2025
ORD100835,Robert Bell,Camera,2,3455.8,01-01-2026
ORD100836,David Hunt,Smartwatch,5,2505.81,07-02-2025
ORD100837,Lisa Freeman,Mouse,5,2890.01,19-04-2025
ORD100838,Marcus Kim,Headphones,3,1443.39,24-05-2024
ORD100839,Mark Ingram,Printer,1,811.09,10-02-2025
ORD100840,Andrea Wilson,Printer,5,3784.51,15-08-2025
ORD100841,Matthew Douglas,Printer,5,788.59,11-10-2024
ORD100842,Samantha Evans,Printer,3,3011.71,08-03-2025
ORD100843,Angela Mata,Mouse,4,1332.34,07-02-2025
ORD100844,Timothy Hawkins,Headphones,2,3425.51,20-09-2025
ORD100845,Alexis Gibson,Smartwatch,3,277.62,12-08-2025
ORD100846,Alicia Dodson,Smartwatch,5,272.62,04-10-2025
ORD100847,Brandon Johnson,Mobile,1,2848.04,08-10-2025
ORD100848,Nicole Martin MD,Smartwatch,2,2825.72,25-02-2024
ORD100849,Jeffrey Powell,Smartwatch,4,3375.3,18-07-2024
ORD100850,Jasmin King,Camera,3,4996.09,07-11-2025
ORD100851,Megan Reynolds,Keyboard,3,376.57,28-03-2025
ORD100852,Wayne Bowen,Smartwatch,1,4509.05,02-01-2026
ORD100853,Tabitha Keller,Laptop,1,282.08,20-09-2024
ORD100854,Regina Hopkins,Printer,4,4224.6,18-09-2025
ORD100855,Michele Murray,Printer,5,4167.4,31-10-2025
ORD100856,Mackenzie Moore,Smartwatch,5,3680.11,26-06-2025
ORD100857,Traci Burton,Monitor,1,4442.79,14-02-2024
ORD100858,Kayla Burton,Mouse,5,4457.61,12-07-2025
ORD100859,Ryan Pittman,Printer,1,1768.81,15-06-2024
ORD100860,Matthew Johnson,Headphones,2,4200.62,08-06-2025
ORD100861,Antonio Drake,Keyboard,3,2568.23,10-01-2026
ORD100862,Louis Page,Mobile,4,244.36,16-09-2024
ORD100863,Kaylee Murphy,Mouse,2,1029.2,31-12-2025
ORD100864,Jason Berg,Mouse,3,4912.72,20-04-2024
ORD100865,Sophia Bowers,Headphones,5,3434.62,21-02-2024
ORD100866,Michael Romero,Keyboard,1,971.2,24-12-2025
ORD100867,Michelle Johnson,Camera,3,337.18,17-05-2024
ORD100868,Stephen Turner,Mouse,5,2175.16,24-06-2024
ORD100869,Annette Anderson,Camera,5,1369.08,01-07-2024
ORD100870,Paula Joseph,Printer,5,4343.96,18-11-2025
ORD100871,Kristen Zimmerman,Mobile,3,3072,08-05-2025
ORD100872,Annette Graves,Tablet,4,185.94,14-01-2026
ORD100873,Vanessa Harding,Laptop,5,3876.11,23-09-2025
ORD100874,Parker Lewis,Headphones,1,3075.66,16-05-2025
ORD100875,Kara Dominguez,Mobile,4,4607.08,15-07-2025
ORD100876,Donald Howard,Mouse,2,2948.83,07-02-2025
ORD100877,Candice Hall,Tablet,5,1588.16,17-02-2025
ORD100878,Melissa Hamilton,Keyboard,5,2740.2,06-05-2025
ORD100879,Andrew Fernandez,Smartwatch,1,4132.33,08-03-2024
ORD100880,Kristina Weeks,Mouse,2,3389.34,22-10-2025
ORD100881,Dana Garcia,Camera,2,1319.35,05-06-2024
ORD100882,Mr. David King,Laptop,3,4016.95,16-09-2024
ORD100883,Justin Tucker,Laptop,4,1066.37,27-04-2025
ORD100884,Charles Craig,Camera,3,2681.16,15-04-2025
ORD100885,Rebecca Miles,Mouse,1,1188.46,10-07-2025
ORD100886,Nicholas Johnson,Keyboard,2,3062.9,09-02-2025
ORD100887,James Fuller,Laptop,3,4084.29,02-02-2026
ORD100888,Charles Cooper,Headphones,1,492.29,23-08-2025
ORD100889,Ashley Medina,Mouse,2,4410.94,24-12-2025
ORD100890,Ann Kent,Tablet,5,1140.11,05-06-2025
ORD100891,Melissa Rodriguez,Keyboard,3,2161.51,22-04-2024
ORD100892,Dr. John Patel Jr.,Mouse,4,1400.06,20-12-2024
ORD100893,Donald Coleman,Smartwatch,2,2113.82,08-09-2024
ORD100894,Julie Collins,Headphones,2,4873.47,05-03-2025
ORD100895,Richard Hughes,Laptop,5,1993.35,19-01-2025
ORD100896,Jerry Miller,Camera,1,381.45,22-10-2025
ORD100897,Brett Khan,Laptop,3,1831.66,05-02-2025
ORD100898,William Clark,Printer,5,869.2,09-04-2025
ORD100899,Lisa Ward,Mobile,1,2628.78,09-12-2024
ORD100900,James Adams,Camera,2,2365.27,28-05-2024
ORD100901,Jennifer Black,Keyboard,3,757.77,08-09-2024
ORD100902,Melissa Burton,Mobile,4,263.2,09-12-2025
ORD100903,Sandra Zavala,Headphones,5,746.9,29-08-2024
ORD100904,David Perez,Laptop,1,4889.69,29-11-2025
ORD100905,Brett Mendoza,Keyboard,2,1491.82,21-09-2024
ORD100906,Robert Livingston,Laptop,4,4404.38,29-12-2025
ORD100907,Peter Wright,Keyboard,5,4556.58,30-11-2025
ORD100908,Bobby Martinez,Printer,4,4380.42,21-08-2025
ORD100909,John Williams,Monitor,1,2234,22-02-2024
ORD100910,Joshua Pacheco,Monitor,4,4206.56,11-05-2025
ORD100911,David Lawrence,Mouse,5,1160.44,20-09-2025
ORD100912,Joseph James,Mouse,5,1816.84,30-05-2025
ORD100913,Diana Collins,Keyboard,5,269.02,18-03-2024
ORD100914,Lori Booth,Headphones,1,4867.28,03-02-2025
ORD100915,Lisa Taylor,Mouse,3,3912.95,13-11-2024
ORD100916,Charles Campbell,Laptop,2,4144.55,11-09-2025
ORD100917,Laura Black,Monitor,3,2992.52,24-01-2025
ORD100918,Mark Gibson,Monitor,1,1630.65,29-05-2024
ORD100919,Megan Wolf,Tablet,4,2432.68,08-10-2024
ORD100920,Mathew Johnson,Keyboard,3,1269.29,01-11-2024
ORD100921,Joel Farley,Smartwatch,1,3541.45,04-12-2024
ORD100922,Kelly Webster,Tablet,4,1127.56,06-06-2025
ORD100923,Dalton Matthews,Headphones,2,2101.32,01-08-2024
ORD100924,Jeffrey Quinn,Headphones,2,3123.37,23-06-2024
ORD100925,Holly Church,Smartwatch,4,4410.21,07-08-2024
ORD100926,Amber Garcia,Mobile,4,2811.18,16-08-2025
ORD100927,Bryan Scott,Mobile,3,2867.79,19-09-2024
ORD100928,Maria Young,Printer,2,4751.79,19-02-2025
ORD100929,Brian Anderson,Keyboard,5,3310.32,29-05-2025
ORD100930,David Johnson,Camera,2,4787.02,10-09-2024
ORD100931,Alex Colon,Printer,2,2040.61,07-05-2024
ORD100932,Shelby Barton,Keyboard,3,145.17,07-08-2025
ORD100933,Natasha Robbins,Camera,3,4357.29,15-04-2024
ORD100934,Jason Rollins,Camera,1,1573.37,17-03-2025
ORD100935,Gary Franco,Camera,1,3085.61,30-03-2024
ORD100936,Monica Brennan,Smartwatch,1,4900.79,02-10-2024
ORD100937,Jill Garcia,Camera,4,1133,13-10-2024
ORD100938,Yolanda Jackson,Laptop,4,1542.22,05-10-2024
ORD100939,Jeffrey Green,Mobile,4,4338.48,13-01-2026
ORD100940,Donna Hill,Monitor,3,119.06,21-02-2025
ORD100941,Nancy Castillo,Monitor,5,3598.35,19-11-2024
ORD100942,Katherine Peters,Laptop,3,4153.44,08-05-2025
ORD100943,Justin Johnson,Mouse,4,4055.55,10-12-2024
ORD100944,Mrs. Karen Martin MD,Camera,2,4294.41,08-04-2025
ORD100945,Aaron Burns,Printer,2,1094.51,12-11-2024
ORD100946,Michelle Brock,Mobile,4,1625.95,30-07-2024
ORD100947,Kathryn Ellis,Laptop,2,231.94,08-06-2025
ORD100948,Joe Martinez,Mouse,1,1474.27,26-01-2025
ORD100949,Danielle Hernandez,Keyboard,5,3282.4,28-11-2025
ORD100950,Michelle Chung,Headphones,5,1364.74,18-05-2024
ORD100951,James Bryan,Monitor,4,4917.02,14-02-2025
ORD100952,Chelsea Davidson,Tablet,2,4218.81,27-06-2024
ORD100953,Kimberly Miles,Camera,3,2392.65,15-01-2026
ORD100954,Yolanda Atkins,Keyboard,2,1129.87,26-07-2024
ORD100955,Tanya Richardson,Laptop,1,1785.33,06-03-2025
ORD100956,Aaron Aguilar,Monitor,3,1755.36,16-03-2024
ORD100957,Mr. David Francis,Tablet,2,2273,21-06-2025
ORD100958,Travis Hill,Mouse,2,429.76,23-02-2024
ORD100959,Patricia Clark,Keyboard,3,1028.97,12-11-2024
ORD100960,Sean Baker,Headphones,5,1916.76,26-08-2025
ORD100961,Bryan Walker,Smartwatch,4,3074.07,06-12-2024
ORD100962,Edward Wallace,Smartwatch,5,1235.84,25-02-2025
ORD100963,Taylor Mckinney,Printer,4,1812.65,17-06-2025
ORD100964,Bradley Wright,Tablet,4,2435.8,16-05-2025
ORD100965,Diane Smith,Tablet,5,790.38,13-11-2024
ORD100966,Mark Nunez,Camera,1,4325.56,18-12-2025
ORD100967,Ryan Mathews,Printer,2,928.86,10-12-2024
ORD100968,John Alexander,Mobile,4,2373.98,30-10-2024
ORD100969,Jodi Dean,Keyboard,1,2221.2,13-01-2026
ORD100970,Jonathan Daniels,Mouse,1,3663.45,05-07-2025
ORD100971,Natalie Spencer,Smartwatch,4,4598.25,13-06-2025
ORD100972,Nicole Foster,Monitor,5,4886.76,13-12-2024
ORD100973,Christopher Hamilton,Camera,2,1660.91,08-09-2025
ORD100974,Juan Williams,Mouse,2,1963.42,18-09-2024
ORD100975,Linda Christensen,Smartwatch,3,1266.26,15-12-2025
ORD100976,Kristen Rodriguez,Keyboard,5,1357.84,10-10-2024
ORD100977,Donna Arroyo,Laptop,3,4974.89,14-03-2024
ORD100978,Donald Shea,Camera,5,4730.06,07-09-2025
ORD100979,Jacob Duran,Monitor,1,3806.15,28-03-2024
ORD100980,Margaret Anderson,Smartwatch,5,3772.31,17-05-2024
ORD100981,Ryan Stephens,Printer,4,1786.42,06-06-2025
ORD100982,Caleb Brown,Printer,4,1618.85,16-09-2024
ORD100983,Kristen Horton,Headphones,1,3306.84,03-08-2024
ORD100984,John Baker IV,Tablet,3,643.76,19-11-2024
ORD100985,Wendy Soto,Printer,1,3014.95,25-12-2024
ORD100986,Regina Hunter,Laptop,5,2075.72,06-05-2025
ORD100987,Joseph Lozano,Keyboard,5,1272.28,07-06-2024
ORD100988,Jeffery Watkins,Tablet,1,801.81,07-01-2026
ORD100989,Timothy Carr,Headphones,5,991.95,05-05-2025
ORD100990,Brittany Cooper,Laptop,5,813.46,20-11-2025
ORD100991,Michael Gutierrez,Headphones,3,4694.26,02-10-2024
ORD100992,Amy Gilmore,Keyboard,1,3949.66,21-07-2024
ORD100993,Casey Ball,Mobile,1,2169.19,01-11-2025
ORD100994,David Mullins,Headphones,1,347.34,18-08-2025
ORD100995,Michael Phillips,Keyboard,3,4246.23,02-12-2024
ORD100996,Carol Mcconnell,Mobile,2,4984.18,03-02-2025
ORD100997,Tami Harris,Laptop,1,805.85,13-07-2025
ORD100998,Thomas Cobb,Keyboard,4,4912.11,24-01-2026
ORD100999,Kelly Romero,Monitor,3,1172.87,06-11-2024
ORD101000,Katrina White,Camera,5,3447.33,19-12-2024
ORD101001,Lawrence Williams,Mouse,5,4160.21,12-03-2024
ORD101002,Denise Jones,Mobile,3,1342.91,02-08-2024
ORD101003,Nicholas Hamilton,Mouse,5,3227.38,24-03-2025
ORD101004,Sally Galvan,Headphones,5,4380.79,16-03-2024
ORD101005,Andrew Booth,Mouse,2,1355.78,12-05-2024
ORD101006,Martin Martin,Mobile,5,2820.81,26-10-2024
ORD101007,Brenda Smith,Smartwatch,4,1103.61,19-10-2025
ORD101008,Louis Evans,Mobile,4,4317.01,11-08-2024
ORD101009,Alexis Evans,Smartwatch,5,2438.51,10-06-2024
ORD101010,Andrea Walker,Monitor,5,1969.88,27-12-2024
ORD101011,Cathy Pierce,Smartwatch,1,3156.33,05-10-2024
ORD101012,Melissa Martin,Mouse,3,683.2,17-06-2025
ORD101013,Ian Powell,Printer,2,714.16,27-02-2025
ORD101014,Ellen Simpson,Smartwatch,2,3236.96,15-09-2025
ORD101015,Christopher Green,Headphones,5,4403.19,25-12-2025
ORD101016,Tammy Alvarado,Mouse,1,2254.5,12-06-2025
ORD101017,Heather Floyd,Laptop,1,1465.05,16-05-2024
ORD101018,Corey Beck,Mobile,4,984.08,02-04-2024
ORD101019,Michael Parrish,Keyboard,2,4234.31,02-07-2025
ORD101020,Matthew Sanders Jr.,Camera,1,4653.83,07-03-2025
ORD101021,Sophia Calhoun,Printer,2,3383.44,01-02-2026
ORD101022,David Lopez,Laptop,5,1032.19,26-07-2025
ORD101023,Stacey Schultz,Monitor,5,1394.1,19-09-2025
ORD101024,Ashley Lopez,Camera,4,2143.22,26-03-2025
ORD101025,Peter Martinez,Headphones,2,4532.86,29-09-2025
ORD101026,Joseph Bennett,Headphones,2,3651.06,20-04-2024
ORD101027,Morgan Wilson,Keyboard,2,581.06,18-01-2026
ORD101028,Mary Snyder,Keyboard,2,4386.44,12-05-2024
ORD101029,Erika Perkins,Laptop,2,4321.38,31-05-2025
ORD101030,Eric Taylor,Keyboard,3,4792.91,07-08-2024
ORD101031,Darryl Becker,Headphones,3,325.16,11-02-2025
ORD101032,Joseph Gonzalez,Camera,4,470.84,03-03-2024
ORD101033,James White,Keyboard,2,3412.16,27-02-2025
ORD101034,Dr. Barry Williams,Monitor,1,1033.45,28-09-2025
ORD101035,Lance Schultz DDS,Monitor,2,3804.96,13-12-2025
ORD101036,Bradley Woods,Camera,5,2461.49,18-11-2025
ORD101037,Megan Lopez,Tablet,5,3083.08,25-09-2024
ORD101038,Jason Sanchez,Mouse,4,2540,10-11-2025
ORD101039,Ricky Edwards,Mobile,2,692.48,22-01-2025
ORD101040,Douglas Oconnell,Mouse,2,1881.07,12-10-2024
ORD101041,Cesar Rosales,Laptop,3,4989.58,19-02-2025
ORD101042,Keith Mendez,Laptop,1,909.77,21-11-2025
ORD101043,Zachary Robinson,Camera,1,3326.73,11-08-2025
ORD101044,Troy George,Printer,1,4452.65,29-03-2024
ORD101045,Casey Stevens,Mouse,1,2007,30-08-2024
ORD101046,Rachel Jacobs,Tablet,2,843.79,21-06-2025
ORD101047,Robert Lambert,Camera,3,4339.56,02-12-2024
ORD101048,Tony Larson,Keyboard,1,3377.95,11-02-2024
ORD101049,Danielle Taylor,Mobile,2,2184.18,06-12-2025
ORD101050,Anita Luna,Mobile,4,2939.54,15-09-2024
ORD101051,Elizabeth Moore,Mouse,2,183.33,14-04-2025
ORD101052,Ana Barker,Laptop,3,1887.18,11-06-2025
ORD101053,Jeffrey Alvarez,Tablet,2,3305.41,02-09-2024
ORD101054,Christopher Rubio,Tablet,5,159.67,23-03-2024
ORD101055,Ashley Powell,Smartwatch,2,4714.45,07-10-2024
ORD101056,Penny Campbell,Keyboard,2,4889.84,16-10-2024
ORD101057,Stephen Golden,Keyboard,3,4957.5,29-04-2024
ORD101058,Kimberly Malone,Keyboard,5,4875.86,10-09-2025
ORD101059,Matthew Schneider,Tablet,5,393.01,27-05-2024
ORD101060,Danielle Lopez,Headphones,3,4752.45,28-04-2024
ORD101061,David Zavala,Mouse,3,1752.41,28-03-2024
ORD101062,Hector Garcia,Headphones,2,2376.66,12-06-2024
ORD101063,Luis Allen,Monitor,1,4162.68,09-06-2025
ORD101064,Adam Thompson,Mouse,4,4743.25,05-09-2025
ORD101065,John Warner,Smartwatch,4,2770.46,19-10-2024
ORD101066,Cameron Fisher,Monitor,2,1080.54,16-01-2025
ORD101067,Mark Harmon,Keyboard,5,3297.51,09-03-2025
ORD101068,Patricia Walsh,Printer,1,3709.15,29-05-2025
ORD101069,Monique Collier,Mobile,3,943.56,05-10-2024
ORD101070,Mark Smith,Laptop,1,4359.55,23-01-2025
ORD101071,Kimberly Howell,Printer,3,3469.15,30-06-2024
ORD101072,Julie Gamble,Monitor,1,1928.4,15-03-2024
ORD101073,Michelle Francis,Monitor,2,4586.35,04-04-2025
ORD101074,Rachel Mckinney,Mobile,3,3820.7,11-11-2025
ORD101075,Amber Serrano,Smartwatch,1,1498.41,24-05-2024
ORD101076,Jack Mcmahon,Smartwatch,3,1354.99,31-03-2024
ORD101077,Audrey Richardson,Smartwatch,5,242.57,07-01-2026
ORD101078,Sandra Gordon,Mouse,4,4356.65,31-07-2024
ORD101079,Ernest Gallegos,Keyboard,5,4381.01,05-04-2025
ORD101080,Lee Pittman,Printer,2,1159.68,29-07-2024
ORD101081,Allison Hunt,Camera,3,4789.41,10-08-2024
ORD101082,Elizabeth Martin MD,Keyboard,4,1145.28,19-04-2025
ORD101083,Diana Davis,Mobile,2,977.33,25-02-2025
ORD101084,Sheri Aguilar,Headphones,3,3030.03,31-05-2024
ORD101085,Michael Moore,Camera,5,396.59,31-01-2025
ORD101086,Megan Cook,Keyboard,1,4052.66,03-12-2024
ORD101087,Brittany Ferguson,Mobile,5,3017.53,23-06-2024
ORD101088,Jaclyn Golden,Headphones,2,3532.23,26-01-2026
ORD101089,Amanda Price,Laptop,5,1611.01,05-10-2025
ORD101090,Stacy Goodman,Printer,5,2706.98,21-02-2025
ORD101091,Elizabeth Johnson,Printer,4,1392.25,01-01-2025
ORD101092,Roberto Jackson,Monitor,2,189.58,04-05-2025
ORD101093,Shannon Brooks,Keyboard,2,2380.25,10-11-2025
ORD101094,Evan Sims,Mobile,5,4283.02,02-11-2025
ORD101095,Lisa Jackson,Tablet,3,4547.88,02-04-2024
ORD101096,Deborah Brown,Monitor,2,1778.71,19-12-2024
ORD101097,John Clements,Laptop,4,2126.56,01-07-2024
ORD101098,Timothy Horton,Printer,1,3450.67,28-11-2024
ORD101099,Brenda Watson,Monitor,2,1113.8,15-08-2025
ORD101100,Becky Hendricks,Monitor,2,677.81,10-12-2024
ORD101101,Tammy Key,Mobile,5,770.64,01-11-2025
ORD101102,Phyllis Ingram,Tablet,1,767.63,14-01-2025
ORD101103,Shannon Thomas,Printer,1,4059.17,26-02-2024
ORD101104,Karla Bernard,Laptop,5,4768.4,28-12-2024
ORD101105,Dr. Robert Gillespie,Monitor,4,3313.34,12-03-2024
ORD101106,John Beltran,Camera,3,3641.24,24-01-2025
ORD101107,Anthony Morris,Printer,2,4941.66,04-07-2025
ORD101108,Adam Watkins,Laptop,2,1856.76,26-09-2024
ORD101109,Ronald Harris,Tablet,4,4211.2,29-01-2025
ORD101110,Pamela Garcia,Tablet,2,2127.58,19-09-2025
ORD101111,Mary Leon,Mouse,1,3219.53,16-03-2025
ORD101112,Marcus Johnson,Mouse,4,3276.95,10-02-2026
ORD101113,Joseph Miller,Smartwatch,1,4537.62,08-01-2026
ORD101114,Jenna Lopez,Camera,1,948.43,05-09-2025
ORD101115,Monica Phillips,Monitor,3,4660.99,06-02-2026
ORD101116,Judith Chavez,Tablet,5,3577.92,16-10-2024
ORD101117,Casey Bush,Printer,1,2154.79,15-07-2025
ORD101118,Carmen Lopez,Keyboard,3,2167.77,05-02-2025
ORD101119,Andrea Miller,Camera,5,2679.62,23-05-2024
ORD101120,Suzanne Wright,Camera,5,2930.63,08-04-2025
ORD101121,Dawn Krueger,Mouse,4,4166.73,25-07-2025
ORD101122,Susan Miller,Smartwatch,4,1276.05,07-03-2025
ORD101123,Kim Lane DDS,Laptop,4,4270.04,01-07-2025
ORD101124,Donna Maldonado,Keyboard,5,4245.81,26-05-2025
ORD101125,Cody Nelson,Camera,4,2013.22,12-04-2024
ORD101126,Michael Schmidt,Smartwatch,1,3476.81,19-09-2024
ORD101127,Whitney Dougherty,Tablet,4,761.72,31-10-2025
ORD101128,Cynthia Church,Smartwatch,3,940.7,03-01-2026
ORD101129,David Roy,Monitor,1,183.17,25-08-2025
ORD101130,Alex Austin,Mouse,3,676.15,18-02-2024
ORD101131,Sabrina Sanders,Laptop,1,4245.52,25-09-2025
ORD101132,Joshua Guerra,Monitor,5,1612.17,06-11-2025
ORD101133,Ryan Wood,Camera,1,4933.83,29-06-2024
ORD101134,Howard Tate,Keyboard,3,3417.05,24-02-2024
ORD101135,Matthew Wright,Laptop,2,4491.41,10-10-2025
ORD101136,Christine Huynh,Mobile,1,2492.06,24-05-2024
ORD101137,Megan Ramsey,Smartwatch,2,3393.36,11-12-2025
ORD101138,Steven Reid,Headphones,5,3816.72,30-11-2025
ORD101139,Thomas Williams,Smartwatch,3,712.71,06-03-2024
ORD101140,Timothy Matthews,Printer,1,1574.02,23-09-2024
ORD101141,Faith Long,Laptop,1,196.8,15-03-2024
ORD101142,Connie Silva,Camera,4,4179.97,04-11-2024
ORD101143,Gregory Campbell,Headphones,3,1922.08,30-01-2026
ORD101144,Michelle Small,Mouse,1,1250.77,06-04-2025
ORD101145,Ann Johnson,Smartwatch,1,4953.01,17-01-2025
ORD101146,Christine Taylor,Monitor,3,1324.91,17-02-2025
ORD101147,Emily Bryant,Headphones,5,3987.69,13-01-2026
ORD101148,Sandy Cannon,Tablet,3,1198.3,06-09-2025
ORD101149,Gregory Gentry,Mouse,5,4999.3,04-09-2025
ORD101150,Nicole Mitchell,Mobile,3,1064.26,01-01-2026
ORD101151,Henry Davenport,Keyboard,2,1931.05,28-03-2024
ORD101152,Lauren Miller,Mobile,3,1913.99,17-08-2024
ORD101153,Jeffrey Leblanc,Printer,5,622.7,06-11-2025
ORD101154,Mary Sharp,Smartwatch,5,2274.9,01-01-2025
ORD101155,Samantha Stevenson,Keyboard,1,2905.57,15-03-2025
ORD101156,Jeffrey Fields,Laptop,5,256.42,20-07-2024
ORD101157,Michael Moody,Keyboard,3,4794.61,11-03-2024
ORD101158,Amy Martin,Mobile,4,2432.45,13-07-2024
ORD101159,Jerry Bush,Headphones,5,858.7,24-04-2024
ORD101160,Joel Phillips,Monitor,5,3797.36,04-06-2024
ORD101161,Kimberly Martin,Laptop,4,1139.92,08-04-2024
ORD101162,Sarah Smith,Mobile,3,4952.08,26-02-2025
ORD101163,Eduardo Rogers,Headphones,1,1628.28,29-03-2025
ORD101164,Brenda Tyler,Mobile,2,3966.55,13-05-2024
ORD101165,Cynthia Mathews,Tablet,3,929.81,13-06-2024
ORD101166,Anthony Salas,Mobile,2,4115.61,03-04-2024
ORD101167,Kimberly Jackson,Laptop,1,3907.76,05-12-2024
ORD101168,Jason Adams,Tablet,4,1530.97,30-03-2025
ORD101169,Janice Brown,Smartwatch,2,3148.25,19-03-2024
ORD101170,Dr. Amanda Long,Smartwatch,1,2239.72,26-02-2024
ORD101171,Diane Cooley,Laptop,3,4694.85,13-03-2024
ORD101172,Troy Davis,Camera,5,1859.63,06-04-2025
ORD101173,Mckenzie Young,Monitor,3,2089.21,19-11-2025
ORD101174,Brandon Torres,Camera,4,797.73,25-07-2024
ORD101175,Andrew Fields,Keyboard,1,635.49,02-10-2024
ORD101176,Anna Gentry,Printer,1,376.42,08-07-2025
ORD101177,George Drake,Headphones,2,1425.23,15-01-2026
ORD101178,Rebekah Williams,Headphones,5,1947.47,03-12-2025
ORD101179,Troy Steele,Tablet,5,1590.24,24-09-2025
ORD101180,Rodney Miller,Laptop,1,3505.13,06-06-2025
ORD101181,Adam Davis,Mobile,4,1847.41,25-11-2024
ORD101182,Jeffrey Cooper,Printer,3,2820.1,15-04-2025
ORD101183,Robert Mclaughlin,Mobile,5,1177.29,03-11-2024
ORD101184,Grant Carter,Smartwatch,5,3034.61,31-08-2025
ORD101185,Allison Gray,Mouse,2,2862.03,25-09-2024
ORD101186,Wendy Smith,Laptop,2,686.9,02-07-2025
ORD101187,Shaun Hernandez,Mouse,1,4277.36,09-05-2024
ORD101188,Mitchell Hayden,Keyboard,4,4577.04,20-12-2024
ORD101189,Lauren Wilson,Laptop,3,1667.23,22-12-2024
ORD101190,Shawn Gutierrez,Smartwatch,2,3207.6,05-01-2026
ORD101191,Kyle Lloyd,Camera,2,4224.67,21-08-2024
ORD101192,Matthew Chen,Laptop,5,2084.94,03-08-2024
ORD101193,Morgan White,Headphones,5,1084.62,02-10-2024
ORD101194,Deanna Richardson,Mouse,5,3085.46,02-10-2024
ORD101195,Chad Gibson,Keyboard,2,4742.45,27-09-2025
ORD101196,Katherine Olson,Printer,5,2685.63,21-04-2024
ORD101197,Christopher Kelly,Smartwatch,5,2179.59,15-01-2025
ORD101198,Steve Cannon,Monitor,1,4139.54,27-08-2024
ORD101199,Mr. Jacob Norris PhD,Printer,3,3984.65,11-11-2024
ORD101200,Ashley Maldonado,Monitor,4,4037.33,08-07-2025
ORD101201,Anthony Gordon,Camera,3,3379.15,25-01-2026
ORD101202,Randy Ray,Smartwatch,1,3925.38,15-02-2024
ORD101203,Joseph Mcguire,Monitor,1,2092.52,13-07-2025
ORD101204,Joseph Cook,Printer,4,2598.56,21-03-2024
ORD101205,Krista Carpenter,Camera,4,4436.06,27-01-2025
ORD101206,Sara Davis,Mouse,2,643.6,27-09-2024
ORD101207,Lynn Murray,Camera,2,3334.19,27-12-2025
ORD101208,Michael Morales,Keyboard,4,936.8,07-02-2025
ORD101209,Carol Keith,Printer,1,3797.78,14-07-2025
ORD101210,Kyle Johnson,Printer,3,924.09,11-07-2025
ORD101211,Joel Costa,Mobile,4,2861.58,06-12-2025
ORD101212,Jason Brown,Tablet,1,3517.99,05-10-2025
ORD101213,Stephanie Wright,Keyboard,5,1450.38,11-05-2025
ORD101214,Mrs. Cynthia Booth MD,Smartwatch,3,2709.49,13-05-2025
ORD101215,Sandra Woods,Tablet,2,4935.71,13-06-2024
ORD101216,Richard Jones,Laptop,2,3104.14,13-05-2025
ORD101217,Juan Mcdonald,Keyboard,2,2249.06,08-08-2025
ORD101218,Alex Swanson,Laptop,4,2203.2,17-04-2024
ORD101219,Jennifer King,Laptop,3,1726.11,19-03-2024
ORD101220,Jason Gaines,Printer,4,3612.07,17-06-2025
ORD101221,Diane Espinoza,Keyboard,3,1513.25,25-02-2024
ORD101222,Javier Ortiz,Mobile,5,3355.52,02-01-2026
ORD101223,Ronald Edwards,Mobile,4,4333.16,23-08-2024
ORD101224,Amber Rodgers MD,Smartwatch,1,791.75,01-09-2024
ORD101225,Douglas Morris,Tablet,1,3863.56,16-01-2025
ORD101226,Linda Bowen,Monitor,2,3556.42,20-06-2024
ORD101227,Randy Fowler,Camera,2,3131.75,09-09-2025
ORD101228,Sara Ortega,Smartwatch,2,1765.33,19-07-2025
ORD101229,Alexis James,Printer,5,1970.5,24-10-2025
ORD101230,Tara Moran,Smartwatch,2,682.16,25-10-2025
ORD101231,Andrew Taylor,Monitor,2,554.66,18-02-2024
ORD101232,Christian Collins,Camera,2,320.68,11-12-2025
ORD101233,Mr. John Sims,Printer,3,1196.85,01-07-2025
ORD101234,Wendy Cook,Tablet,4,2505.63,06-04-2024
ORD101235,Richard Smith,Mouse,2,764.34,14-02-2024
ORD101236,Brenda Soto,Camera,2,1882.82,27-09-2025
ORD101237,Betty Robinson,Headphones,2,4902.77,28-10-2024
ORD101238,Connie Farley,Mobile,1,4059.76,20-09-2024
ORD101239,Julie Ryan,Tablet,3,474.3,15-01-2026
ORD101240,Linda Schultz,Mouse,4,3361.08,30-10-2024
ORD101241,Kristine Rivera,Camera,2,1082.17,19-03-2025
ORD101242,Austin Johnson,Mouse,3,1733.74,29-11-2024
ORD101243,Kimberly Sparks,Monitor,4,2041.15,18-07-2024
ORD101244,Nicole Ellis,Headphones,5,2512.8,12-05-2024
ORD101245,Jeffery Henderson,Tablet,5,231.54,18-10-2024
ORD101246,Danny Smith,Monitor,5,2066.98,23-06-2024
ORD101247,Jake Beltran,Tablet,5,601.81,08-07-2024
ORD101248,Valerie Black,Mouse,4,3845.83,07-07-2024
ORD101249,Robert Mcmahon,Headphones,4,1987.34,05-11-2025
ORD101250,Mark Rowland MD,Camera,4,917.86,22-11-2024
ORD101251,Amber Noble,Mobile,3,4673.47,18-03-2025
ORD101252,Christopher Woods,Laptop,5,2623.54,24-04-2025
ORD101253,Tina Ray,Mouse,1,3409.54,10-04-2025
ORD101254,Robert Willis,Mouse,3,1018.22,02-06-2025
ORD101255,Brandon Brewer,Monitor,5,2936.69,26-09-2025
ORD101256,Ryan Gonzalez,Smartwatch,4,1517.81,18-12-2025
ORD101257,Matthew Rodriguez,Headphones,2,1121.97,06-11-2024
ORD101258,William Orr,Smartwatch,2,894.03,19-03-2024
ORD101259,David Harris,Mobile,4,838.56,17-11-2024
ORD101260,Susan Davis,Keyboard,3,845.23,02-12-2024
ORD101261,Stacey Martin,Smartwatch,5,2777.87,12-01-2026
ORD101262,Karl Schroeder,Mobile,2,2393.29,16-09-2025
ORD101263,Stephanie Mack,Mouse,2,3180.94,01-01-2026
ORD101264,Rodney Mccormick,Headphones,1,2338.36,15-05-2025
ORD101265,Melissa Thomas,Tablet,4,3982.87,27-01-2025
ORD101266,Lauren Brown,Tablet,1,1735.67,05-03-2025
ORD101267,Kelly Jackson,Tablet,5,1607.72,30-04-2025
ORD101268,Shelley Johnson,Tablet,1,4238.81,01-07-2025
ORD101269,Tammy Kennedy,Smartwatch,5,2736.9,08-03-2024
ORD101270,Pamela Gilmore,Mobile,4,2880.94,15-02-2025
ORD101271,Christopher Rivera,Tablet,1,4751.27,25-08-2025
ORD101272,Gary Barton,Mobile,2,3155.57,05-10-2025
ORD101273,Michael Le,Mobile,1,1793.91,12-09-2024
ORD101274,Jeremy Solomon,Laptop,1,1243.39,13-10-2024
ORD101275,Mrs. Valerie Robinson DDS,Camera,1,4814.26,14-03-2024
ORD101276,Jeremy Grimes,Mobile,4,3276.53,27-06-2025
ORD101277,Ms. Laurie White,Keyboard,4,597.21,13-06-2025
ORD101278,Christina Sweeney,Mobile,3,1649.78,19-09-2025
ORD101279,Diana Martin,Printer,2,1569.81,26-10-2024
ORD101280,Jacob Patterson,Monitor,4,764.9,29-10-2024
ORD101281,Nathan Rogers,Mobile,5,2445.93,02-03-2025
ORD101282,Greg Tucker,Camera,5,4706.49,22-11-2024
ORD101283,Heather Lopez,Monitor,3,3546.22,21-09-2025
ORD101284,Amber Roberts,Keyboard,1,4320.18,23-01-2025
ORD101285,Cheryl Scott,Laptop,2,2497.96,02-10-2024
ORD101286,Edward Horn,Laptop,3,723.46,30-01-2026
ORD101287,Andrew Mason,Keyboard,3,3051.75,14-10-2025
ORD101288,Daniel Hernandez,Laptop,4,3676.61,11-10-2025
ORD101289,Christopher Barber,Smartwatch,1,951.68,14-09-2025
ORD101290,Michael Chan DDS,Printer,1,3926.62,12-07-2024
ORD101291,Susan Smith,Keyboard,3,726.67,24-09-2024
ORD101292,Brianna Richard,Headphones,3,3279.53,25-02-2025
ORD101293,Benjamin Brown,Keyboard,4,3536.55,16-03-2025
ORD101294,Joseph Clark,Headphones,1,3757.34,20-03-2024
ORD101295,Crystal Serrano,Keyboard,2,862.31,30-07-2024
ORD101296,Victoria Thomas,Tablet,5,668.49,13-03-2025
ORD101297,Devon Reyes,Monitor,3,1022.18,26-09-2025
ORD101298,Todd Gates,Laptop,3,4094.43,22-12-2024
ORD101299,Thomas Williams,Tablet,2,2461.15,23-11-2024
ORD101300,Erica Marsh,Headphones,4,3025.11,20-03-2024
ORD101301,George Burns,Monitor,5,3761.78,27-11-2024
ORD101302,Belinda Acosta,Mouse,2,4664.89,07-12-2024
ORD101303,Angelica Morton,Monitor,1,4525.14,23-01-2025
ORD101304,Henry Carlson,Mouse,2,2494.21,13-09-2024
ORD101305,Jody Wood,Tablet,3,2539.75,25-01-2025
ORD101306,Thomas Hensley,Mouse,5,3904.62,14-04-2024
ORD101307,Chris Perez,Mouse,1,4021.36,04-04-2024
ORD101308,Rachel Park,Camera,1,610.05,06-09-2025
ORD101309,Randy Marsh,Headphones,1,1519.43,21-04-2025
ORD101310,Andrea Hill,Mobile,5,2260.04,31-08-2024
ORD101311,Timothy Daugherty,Keyboard,1,4130.16,02-10-2024
ORD101312,John Price,Tablet,3,152.51,14-12-2025
ORD101313,Dylan Campos,Mouse,5,2651.17,06-12-2024
ORD101314,Shane Franklin,Tablet,3,3491.7,19-01-2026
ORD101315,Karen Herrera,Mobile,1,2339.24,10-07-2025
ORD101316,Mr. Travis Perkins,Laptop,3,3805.51,27-03-2024
ORD101317,James Allison,Printer,3,1408.73,18-11-2024
ORD101318,Kevin Barnett,Tablet,4,3316.11,23-05-2024
ORD101319,Michele Lawson,Printer,2,1231.25,29-03-2025
ORD101320,Michelle West,Tablet,2,3864.13,21-03-2024
ORD101321,Bradley Curry IV,Camera,3,4185.34,21-05-2025
ORD101322,Garrett Crawford MD,Headphones,3,3989.26,29-06-2024
ORD101323,Lisa Cooper,Headphones,3,2220.18,17-11-2025
ORD101324,Lee Acosta,Keyboard,3,2816.92,24-02-2025
ORD101325,Robert Grant,Laptop,4,799.94,05-07-2025
ORD101326,Mrs. Janet Ramirez,Camera,2,2177.35,08-06-2024
ORD101327,Keith Lewis,Smartwatch,4,2272.05,25-10-2025
ORD101328,Andres Williams,Smartwatch,4,139.48,14-01-2025
ORD101329,Jerry Cortez,Smartwatch,4,2948.91,12-02-2025
ORD101330,Stephanie White,Keyboard,1,4983.32,31-10-2024
ORD101331,Brandi Liu,Tablet,2,1819.25,28-04-2025
ORD101332,Brandon Collins,Smartwatch,5,4131.28,23-02-2024
ORD101333,Travis Wheeler,Tablet,1,2733.94,18-02-2024
ORD101334,Christopher Hodges,Mobile,1,4049.48,01-10-2024
ORD101335,Theresa Nunez DDS,Printer,2,4947.91,26-10-2025
ORD101336,Stephen Guzman,Laptop,5,4825.22,09-07-2025
ORD101337,Tiffany Butler,Mouse,2,3059.75,25-04-2024
ORD101338,Charles Romero,Monitor,4,4139.64,28-03-2025
ORD101339,Victor Ortega,Mouse,5,4631.69,21-01-2025
ORD101340,Nicole David,Smartwatch,1,668.93,03-09-2024
ORD101341,Melinda Robbins,Monitor,2,480.9,12-05-2024
ORD101342,Shannon Sanchez,Tablet,1,2796.68,23-01-2026
ORD101343,Tanner Miller,Mouse,3,3761.66,21-10-2024
ORD101344,Sarah Martin,Laptop,4,986.13,19-02-2024
ORD101345,Nathan Hess,Smartwatch,3,2577.56,19-03-2024
ORD101346,Randy Martinez,Tablet,2,683.02,14-12-2025
ORD101347,Elizabeth Thomas,Mobile,3,2794.88,15-06-2024
ORD101348,Randy Cruz,Printer,1,295.94,26-07-2024
ORD101349,Eugene Jones,Keyboard,1,3842.85,01-05-2024
ORD101350,Kristina Ross,Mouse,4,1800.42,28-01-2026
ORD101351,Ronald Hernandez,Headphones,5,4074.94,22-09-2025
ORD101352,Mark Mccall,Laptop,2,1378.62,22-04-2025
ORD101353,Jose Gardner,Mobile,3,2726.4,07-04-2025
ORD101354,Anthony Owens,Printer,1,1415.31,19-02-2025
ORD101355,April Johnson,Tablet,3,3708.76,04-04-2025
ORD101356,Paul Wilson,Headphones,4,3099.18,13-09-2024
ORD101357,Jennifer Rose,Camera,4,2165.78,25-03-2025
ORD101358,Rickey Stevens,Keyboard,1,829.53,26-12-2025
ORD101359,Brian Bryant,Tablet,4,1394.84,15-11-2024
ORD101360,Ashley Conner,Keyboard,4,2159.73,20-02-2024
ORD101361,Michael Rangel,Tablet,2,302.99,25-12-2024
ORD101362,Katherine Blackwell,Printer,3,1296.34,12-11-2025
ORD101363,Kimberly Costa,Keyboard,3,3424.56,12-12-2025
ORD101364,William Smith,Smartwatch,5,2966.91,07-05-2024
ORD101365,Jack Garner,Keyboard,1,4727.15,03-04-2025
ORD101366,Cassandra Newman,Mobile,4,2044.49,06-05-2024
ORD101367,Hector Watson,Laptop,4,4322.35,25-07-2024
ORD101368,Michele Potter,Mouse,1,1350.11,22-11-2025
ORD101369,Amy Taylor,Tablet,5,3843.93,05-03-2025
ORD101370,Jennifer Wagner,Printer,1,3636.93,28-08-2024
ORD101371,Laurie Hicks,Smartwatch,1,4697.83,15-05-2025
ORD101372,Tami Henderson,Printer,4,1018.09,29-12-2024
ORD101373,Robert Flores,Mouse,5,2156.46,12-07-2025
ORD101374,David Black,Laptop,1,4616.46,21-06-2025
ORD101375,Kathy Ferrell,Headphones,2,134.91,24-09-2024
ORD101376,Katherine Thompson,Smartwatch,2,2041.89,27-02-2025
ORD101377,Justin Powers,Monitor,3,681.4,06-01-2026
ORD101378,Kenneth Peterson,Tablet,5,3567.02,02-01-2026
ORD101379,Larry Gibson,Mouse,4,3653.27,19-11-2025
ORD101380,Robert Hayden,Camera,4,3265.39,02-06-2025
ORD101381,Steven Franco,Tablet,1,3759.76,10-10-2025
ORD101382,Ashley Carroll,Smartwatch,1,538.95,10-05-2024
ORD101383,Jeff Robertson,Laptop,5,3852.3,25-10-2025
ORD101384,Kyle Reese,Laptop,3,3963.82,13-03-2025
ORD101385,Victoria Olson,Smartwatch,2,2034.93,07-11-2024
ORD101386,Danielle Estrada,Laptop,1,628.76,21-07-2024
ORD101387,Courtney Smith,Tablet,1,1773.61,24-04-2025
ORD101388,Laurie Rodriguez,Keyboard,5,3908.89,30-12-2025
ORD101389,Malik Stevens,Camera,5,2461.71,03-04-2025
ORD101390,Joshua Love,Laptop,4,1102.56,04-02-2025
ORD101391,Kristin Stanton,Headphones,3,2786.75,09-04-2025
ORD101392,Jacob Wilson,Headphones,5,655.4,06-06-2025
ORD101393,Karen Galloway,Camera,5,1410.58,26-04-2024
ORD101394,Joshua Pace,Mouse,1,4623.8,03-07-2025
ORD101395,Andrea Tate,Smartwatch,5,4510.63,09-05-2024
ORD101396,Teresa Khan,Mouse,1,3654.5,11-07-2025
ORD101397,Erica Moreno,Mouse,2,3076.67,01-05-2025
ORD101398,Melanie Floyd,Smartwatch,5,532.73,26-10-2024
ORD101399,Michael Hernandez,Monitor,3,3643.09,02-05-2024
ORD101400,Christina Harris DVM,Camera,5,1383.05,31-01-2025
ORD101401,Andrew Schultz,Mobile,3,4932.59,16-06-2024
ORD101402,Jonathan Walker,Laptop,1,154.06,29-02-2024
ORD101403,Isaiah Duran,Smartwatch,1,4408.65,20-06-2024
ORD101404,Rachel Johnson,Tablet,2,2487.81,18-05-2024
ORD101405,Adam Miller,Smartwatch,2,3524.62,22-07-2024
ORD101406,Frank Washington,Printer,5,2158.21,31-01-2026
ORD101407,Allison James,Mobile,2,2375.81,17-07-2025
ORD101408,Shaun Morris,Laptop,4,593.35,07-07-2025
ORD101409,Miss Priscilla Kim,Mobile,1,4744.12,28-08-2024
ORD101410,Stephanie Cortez,Mobile,4,2538.56,09-05-2024
ORD101411,Cindy Castro,Camera,3,3228.23,16-05-2024
ORD101412,Christian Davis,Mouse,1,3516.4,21-03-2024
ORD101413,Alexa Williams,Headphones,5,4490.79,27-05-2025
ORD101414,Jeremy Barnes,Laptop,5,2173.14,01-05-2024
ORD101415,Ricky Vega,Headphones,2,3006.82,17-12-2025
ORD101416,Christopher Farrell,Keyboard,3,2861.53,17-04-2025
ORD101417,Samantha Hull,Printer,3,2337.82,11-05-2025
ORD101418,Richard Stevens,Mouse,2,931.76,02-04-2025
ORD101419,Lisa Simmons,Keyboard,5,1545.12,02-02-2026
ORD101420,Haley Hicks,Mobile,4,1533.77,28-01-2025
ORD101421,Troy Barker,Mouse,4,491.26,25-11-2024
ORD101422,Leslie Martin,Monitor,4,3786.22,10-06-2024
ORD101423,Kayla Miles,Headphones,5,1727.2,04-01-2026
ORD101424,Pamela Olsen,Laptop,3,1704.98,07-11-2025
ORD101425,Tanya Edwards,Mobile,1,3849.26,17-11-2025
ORD101426,Gwendolyn Dean,Smartwatch,3,3262.74,26-10-2025
ORD101427,Lisa Carlson,Printer,1,3404.53,01-08-2025
ORD101428,Gregory Matthews,Headphones,1,878.26,16-05-2025
ORD101429,Christian Wright,Keyboard,5,4487.53,29-12-2025
ORD101430,Christopher Smith,Keyboard,1,2203.87,23-08-2025
ORD101431,Michelle Stevens,Printer,5,1629.6,17-10-2025
ORD101432,Kayla Mason,Printer,1,416.6,21-07-2025
ORD101433,Daryl Lopez,Keyboard,4,946.59,23-05-2025
ORD101434,Anthony May,Mobile,5,314.76,03-05-2025
ORD101435,Stephen Taylor,Keyboard,1,838.51,31-12-2025
ORD101436,Sarah Morton,Tablet,3,4907.17,28-10-2024
ORD101437,Rebecca Anderson,Camera,4,3372.39,29-09-2024
ORD101438,Jonathan Ortiz,Mouse,5,1373.72,03-01-2025
ORD101439,Jennifer Davis,Printer,3,3534.28,01-06-2025
ORD101440,Anthony Bowers,Laptop,3,906.82,29-11-2025
ORD101441,Michael Adams,Printer,5,2329.7,20-10-2024
ORD101442,John Brown,Headphones,1,897.41,27-08-2025
ORD101443,John Mitchell,Mouse,1,3394.14,15-07-2025
ORD101444,Phyllis Collins,Monitor,5,1573.3,01-04-2024
ORD101445,Jamie Williams,Printer,5,2828.59,23-12-2024
ORD101446,Bobby Clark,Smartwatch,2,4996.46,05-05-2025
ORD101447,Anthony White,Laptop,4,2115.17,07-07-2024
ORD101448,Tamara Collins,Headphones,5,1883.25,12-07-2025
ORD101449,Barbara Garcia,Keyboard,2,3700.7,21-10-2025
ORD101450,Samuel Gutierrez,Smartwatch,2,2462.31,30-10-2024
ORD101451,Eric Perez MD,Mouse,2,3058.76,23-12-2025
ORD101452,Heather Wilson,Laptop,1,2396.1,25-07-2024
ORD101453,Teresa Rice,Tablet,1,171.28,19-07-2024
ORD101454,Christopher Potts,Monitor,4,1547.06,01-08-2024
ORD101455,Robert Robinson,Mobile,5,3720.65,05-01-2025
ORD101456,Kevin Nunez,Monitor,1,1870.14,02-01-2025
ORD101457,Morgan Daniel,Tablet,4,3146.04,19-12-2025
ORD101458,Daniel Davis,Mouse,5,3217.48,22-07-2024
ORD101459,Nichole Montgomery,Printer,5,2230.9,14-08-2024
ORD101460,Rebecca Cannon,Printer,5,178.44,18-11-2025
ORD101461,Kimberly Martinez,Keyboard,1,3699.16,02-04-2024
ORD101462,Amy Cannon,Camera,5,3481.79,19-05-2025
ORD101463,Paul Harding,Camera,2,4310.94,08-04-2025
ORD101464,Stephanie King,Headphones,3,2544.85,08-01-2025
ORD101465,Mike Cruz,Mouse,3,461.11,05-06-2024
ORD101466,Ryan Gomez,Keyboard,3,2986.62,27-01-2025
ORD101467,Miss Diana Vasquez,Mouse,2,109.62,26-06-2024
ORD101468,Gabriel Arnold,Camera,2,4726.91,10-08-2025
ORD101469,David Ramirez,Mobile,1,3955.47,20-03-2024
ORD101470,Cynthia Jones,Smartwatch,4,3140.11,18-01-2025
ORD101471,Katelyn Green,Laptop,2,4017.21,31-07-2025
ORD101472,Joanne Parker,Keyboard,5,3804.68,10-10-2024
ORD101473,Rachel Molina,Smartwatch,3,579.16,27-05-2025
ORD101474,David Hernandez,Printer,5,4632.95,10-03-2024
ORD101475,Abigail Shepherd,Mouse,2,3322.05,24-02-2025
ORD101476,Wesley Gentry,Monitor,1,4954.99,20-05-2025
ORD101477,Lawrence Cortez,Monitor,5,2088.76,16-06-2024
ORD101478,Edward White,Headphones,3,3111.21,20-06-2025
ORD101479,Angela Ramsey,Tablet,3,141.35,02-04-2025
ORD101480,Ariel Morgan,Monitor,3,1481.93,13-03-2024
ORD101481,Lisa Suarez,Tablet,2,686.52,16-08-2024
ORD101482,Jessica Smith,Mouse,3,1704.98,27-10-2025
ORD101483,Kevin Alvarez,Laptop,3,1104.95,08-12-2024
ORD101484,Sarah Charles,Headphones,1,2555.33,28-08-2024
ORD101485,Eileen Friedman,Monitor,4,4505.56,16-06-2025
ORD101486,Nicholas Hanson,Tablet,4,3194.63,02-11-2025
ORD101487,Amanda Nelson,Headphones,4,3670.19,25-05-2025
ORD101488,Steven Turner,Keyboard,3,4780.09,29-11-2024
ORD101489,Rachel Kim,Printer,5,319.92,25-08-2024
ORD101490,Amanda Clark,Smartwatch,5,1999.57,10-11-2024
ORD101491,Barbara Hale,Headphones,5,3750.68,27-01-2025
ORD101492,Cheryl Taylor,Keyboard,4,2258.23,27-05-2024
ORD101493,Hannah Hopkins,Printer,2,1588.72,29-06-2024
ORD101494,Amanda Jordan,Keyboard,2,3375.48,05-10-2024
ORD101495,Rachel Morrow,Mouse,2,1728.14,20-11-2025
ORD101496,Kenneth Jackson,Mobile,3,2103.4,16-02-2025
ORD101497,Charles Campbell,Headphones,1,3161.78,16-03-2024
ORD101498,Jennifer Jones,Mouse,5,2168.17,17-12-2024
ORD101499,Kathy Brown,Headphones,3,4831.37,22-12-2024
ORD101500,Willie Martin,Tablet,5,898.97,10-08-2025
ORD101501,Taylor Thornton,Printer,5,1344.15,10-07-2024
ORD101502,Christine Wright,Headphones,5,3469.94,15-03-2025
ORD101503,Laura Mills,Headphones,2,3769.67,15-01-2025
ORD101504,Wesley Lee,Monitor,1,2016.03,12-02-2024
ORD101505,John Perez,Headphones,1,4116.34,28-04-2025
ORD101506,Donald Edwards,Mobile,5,2168.91,28-12-2024
ORD101507,Nicole Wilson,Headphones,4,1398.55,02-04-2025
ORD101508,Courtney Gutierrez,Keyboard,3,2332.03,28-06-2024
ORD101509,Peter Martinez,Tablet,3,1062.54,07-07-2025
ORD101510,Sophia Murphy,Keyboard,3,4631.18,16-05-2025
ORD101511,Rose Hodges,Camera,2,898.94,12-02-2025
ORD101512,Rebecca Williams,Smartwatch,5,3090.51,09-10-2024
ORD101513,Michael Wilson,Mobile,2,4942.49,27-07-2024
ORD101514,Jesse Miller,Keyboard,2,4265.54,20-12-2025
ORD101515,Rachel Meadows,Laptop,2,3161.97,24-02-2024
ORD101516,Marcus Adams,Mouse,2,2472.17,20-08-2025
ORD101517,Jessica Molina,Printer,1,737.85,26-10-2024
ORD101518,John Olson,Mouse,5,3795.14,18-11-2025
ORD101519,Lisa Thomas,Headphones,3,4410.6,04-09-2025
ORD101520,Jacob Lee,Mouse,1,681.05,06-06-2025
ORD101521,Veronica Smith,Tablet,2,2393.86,01-09-2024
ORD101522,Mr. William Hodges,Keyboard,4,761.91,06-07-2025
ORD101523,Gary Moore,Keyboard,1,1790,18-02-2025
ORD101524,Jeffrey Foley,Keyboard,2,1894.65,30-04-2024
ORD101525,Dennis Miller,Monitor,3,4413.02,01-06-2024
ORD101526,Theresa Steele,Printer,5,2414.73,30-05-2025
ORD101527,Jacob Jones,Keyboard,2,1080.52,01-08-2024
ORD101528,Angela Mendoza,Mouse,4,890.5,23-07-2024
ORD101529,Elizabeth Rowe,Keyboard,1,3834.66,03-12-2024
ORD101530,Jimmy Sharp,Mobile,2,2665.82,06-02-2025
ORD101531,Michael Miller,Tablet,2,3213.67,18-11-2025
ORD101532,Travis Miller,Printer,2,2703.06,13-05-2024
ORD101533,Christopher Hurley,Laptop,3,4341.43,10-08-2024
ORD101534,Derek Rivas,Keyboard,2,415.19,08-04-2025
ORD101535,Edward Hernandez,Tablet,2,2994.37,25-05-2024
ORD101536,Kristina Kidd,Mobile,3,3461.66,06-04-2025
ORD101537,Aaron Diaz,Mobile,3,4792.71,12-03-2024
ORD101538,Jennifer Smith,Camera,3,1081.16,14-05-2025
ORD101539,Cynthia Houston,Camera,5,2093.28,04-06-2024
ORD101540,Kylie Clark,Headphones,1,2890.66,02-07-2024
ORD101541,Raymond Campbell,Tablet,2,317.82,15-08-2025
ORD101542,Maria Thompson,Smartwatch,2,272.25,12-06-2024
ORD101543,Aaron Garcia,Mouse,2,140.83,07-09-2025
ORD101544,Joseph George,Camera,5,841.99,13-08-2024
ORD101545,Monica Rivera,Tablet,2,1841.76,30-10-2024
ORD101546,Kelly Wu,Printer,2,353.95,20-06-2025
ORD101547,Joseph Thomas,Monitor,1,594.91,08-11-2024
ORD101548,Taylor Graves,Printer,1,724.49,26-01-2026
ORD101549,Lori Garcia,Keyboard,5,2026.32,18-10-2025
ORD101550,Erin Carter,Mouse,1,3144.01,19-10-2024
ORD101551,Leah Morris,Monitor,1,3575.82,27-12-2025
ORD101552,Theresa Garner,Laptop,4,2791.58,10-02-2026
ORD101553,Jesse Lara,Smartwatch,3,2612.36,09-04-2025
ORD101554,Samantha Walker,Headphones,5,982.14,21-08-2024
ORD101555,Victoria Frazier,Monitor,2,3380.69,01-06-2025
ORD101556,Ethan Soto,Keyboard,5,2455.18,24-08-2024
ORD101557,John Graham,Camera,4,3761.55,20-10-2025
ORD101558,Kathryn Jenkins,Laptop,4,2510.96,02-06-2024
ORD101559,Cindy Alvarez,Monitor,3,2667.64,19-06-2025
ORD101560,Robert Castaneda,Keyboard,5,101.52,18-04-2024
ORD101561,Randy Bell DDS,Laptop,2,2418.38,17-07-2025
ORD101562,Kaitlin Guzman,Laptop,1,3935.71,22-05-2024
ORD101563,Timothy Acosta,Headphones,5,2391.45,23-02-2025
ORD101564,Terry Gamble,Mobile,3,3249.78,28-11-2024
ORD101565,Erin Evans,Camera,4,4285.9,01-06-2024
ORD101566,Diana Ward,Keyboard,5,3605.01,06-03-2024
ORD101567,Michelle Roberts,Tablet,5,3907.67,19-06-2025
ORD101568,Brandy Sandoval,Headphones,2,802.9,09-02-2026
ORD101569,Robert Scott,Printer,3,4788.91,26-06-2024
ORD101570,Andrea Delgado,Mouse,2,1362.31,01-12-2025
ORD101571,Debbie Jones,Headphones,2,536.96,20-02-2025
ORD101572,William Sawyer,Monitor,5,999.49,17-01-2025
ORD101573,Raymond Diaz,Mouse,2,3090.22,17-04-2024
ORD101574,Beth Jones,Headphones,1,3552.51,01-03-2024
ORD101575,Emily Sanders,Tablet,3,4110.98,01-11-2025
ORD101576,Michael Schultz,Smartwatch,2,660.5,06-09-2024
ORD101577,Maria Mahoney,Headphones,2,2481.67,28-08-2024
ORD101578,Charles Smith,Camera,3,4268.26,31-10-2025
ORD101579,Raymond Hart,Camera,4,986.96,12-06-2025
ORD101580,Edward Hernandez,Tablet,1,2780.79,30-08-2024
ORD101581,Anna Macdonald,Mobile,1,2148.23,24-01-2026
ORD101582,Blake Nicholson,Keyboard,4,4426.6,29-10-2025
ORD101583,Taylor Powell,Keyboard,5,1809.97,12-11-2024
ORD101584,Kevin Morris,Monitor,5,3556.83,29-12-2025
ORD101585,Jonathan Sanders,Smartwatch,1,4384.47,31-01-2025
ORD101586,Dennis Herman,Headphones,2,1704.16,30-08-2025
ORD101587,Denise Flores,Mouse,2,2502.99,10-08-2024
ORD101588,Amy Curtis,Monitor,4,1517.16,17-03-2024
ORD101589,Sherry Frye,Monitor,1,292.1,27-05-2025
ORD101590,Alexander Jackson,Keyboard,5,927.9,26-05-2024
ORD101591,Angela Lopez,Mouse,2,3924.64,10-08-2024
ORD101592,Angela Ross,Mobile,5,3377.34,12-10-2024
ORD101593,Jasmine Simon,Monitor,2,314.58,15-12-2024
ORD101594,Carrie Rodriguez,Headphones,4,3081.3,13-01-2025
ORD101595,Denise Mullins,Tablet,2,4171.38,29-06-2025
ORD101596,Bruce Knox,Keyboard,2,3741.71,27-06-2025
ORD101597,Lori Hines,Monitor,4,4804.12,29-11-2025
ORD101598,Jamie Davis,Mouse,1,1226.4,20-10-2024
ORD101599,Julia Anderson,Keyboard,1,2894.57,25-07-2024
ORD101600,Jessica Davis,Monitor,4,964.14,12-08-2024
ORD101601,Ryan Rogers,Smartwatch,1,859.87,04-01-2026
ORD101602,Troy Cross,Keyboard,3,1993.94,29-11-2025
ORD101603,Rita Hoover,Keyboard,3,3213.16,12-10-2025
ORD101604,William Green,Smartwatch,2,327.32,04-06-2025
ORD101605,Robert Kane,Laptop,4,604.83,23-05-2025
ORD101606,Daniel Smith,Monitor,2,927.21,03-01-2026
ORD101607,Michelle Miller,Mouse,5,4994.81,24-06-2024
ORD101608,Brad Miller,Mobile,5,179.04,02-11-2024
ORD101609,Jennifer Frost,Tablet,5,3580.7,29-11-2025
ORD101610,Alan Stokes,Camera,4,4318.62,10-05-2024
ORD101611,Jessica Shaffer,Camera,2,581.06,12-01-2025
ORD101612,Debra Miller,Mouse,1,4659.84,10-12-2025
ORD101613,Patricia Allen,Monitor,3,1067.62,27-09-2025
ORD101614,Duane White,Smartwatch,2,2746.64,30-12-2024
ORD101615,James Johnson,Smartwatch,1,1374.82,18-05-2024
ORD101616,Carlos Vargas,Mobile,5,1416.95,09-09-2025
ORD101617,Kelly Rodgers,Headphones,4,891,28-05-2024
ORD101618,April Peterson,Printer,1,1414.5,15-04-2025
ORD101619,Bailey Allison,Camera,1,3593.67,02-04-2025
ORD101620,Derek Logan,Camera,4,1944.81,13-08-2024
ORD101621,Andrew Bradshaw,Mouse,1,2196.7,24-09-2025
ORD101622,Jessica Edwards,Mobile,4,3326.05,06-12-2024
ORD101623,Leonard Jacobs,Tablet,4,4509.14,14-11-2025
ORD101624,Dan Gomez,Headphones,2,132.37,21-12-2024
ORD101625,Mark Burns,Monitor,4,4385.2,27-01-2026
ORD101626,Joseph Gutierrez,Laptop,3,359,29-06-2025
ORD101627,Mitchell Carter,Mobile,3,2055.15,23-08-2025
ORD101628,Raymond Smith,Smartwatch,4,2731.12,03-03-2025
ORD101629,Christopher Chambers,Headphones,4,4916.63,24-05-2025
ORD101630,Curtis Wolf,Mobile,3,715.84,04-03-2024
ORD101631,Krista Nguyen,Mouse,5,1890.84,08-07-2025
ORD101632,Christopher Butler,Headphones,5,4572.07,06-12-2025
ORD101633,John Welch,Laptop,5,4430.82,11-11-2024
ORD101634,Frank Anderson DDS,Mobile,1,3405.74,23-08-2024
ORD101635,Barbara Smith,Smartwatch,4,2592.48,28-09-2025
ORD101636,Janet Barnes,Laptop,2,1659.68,02-11-2024
ORD101637,Vanessa Spence,Camera,3,1732.59,15-04-2025
ORD101638,Gabrielle Mills,Smartwatch,5,1936.14,09-08-2024
ORD101639,Pamela Deleon,Smartwatch,3,3425.19,28-12-2024
ORD101640,Sheryl Smith,Printer,2,2733.55,29-01-2025
ORD101641,Jennifer Randolph,Smartwatch,3,3155.09,12-12-2024
ORD101642,Jeremy Price,Headphones,4,3122.5,25-10-2025
ORD101643,Theresa Ray,Mouse,5,3282.04,14-12-2025
ORD101644,Lisa Leon,Tablet,3,915.9,20-12-2025
ORD101645,Mark Fields,Printer,2,2049.03,18-09-2025
ORD101646,Kaylee Cantrell,Headphones,2,1429.23,14-12-2024
ORD101647,Brandon Weber,Camera,2,4346.75,28-08-2025
ORD101648,Alexander Warner,Mobile,4,610.91,02-01-2025
ORD101649,Adam Roach,Tablet,1,3743.45,13-07-2025
ORD101650,Chad Tanner,Laptop,5,3733.78,07-06-2024
ORD101651,Rebecca Estrada,Headphones,4,3291.12,25-07-2025
ORD101652,Riley Mathis,Monitor,2,2961.64,02-04-2024
ORD101653,Heather Christensen MD,Keyboard,3,505.34,20-10-2024
ORD101654,Julie Brown,Laptop,5,3629.86,28-07-2024
ORD101655,Krystal Hansen,Camera,2,3930.72,12-12-2024
ORD101656,Nicole Ruiz,Laptop,5,4725.5,01-05-2025
ORD101657,Michael Blair,Mouse,4,1316.83,09-09-2024
ORD101658,Mark Campbell,Monitor,1,3565.7,12-06-2024
ORD101659,Susan Mayo,Keyboard,2,1859.62,21-05-2025
ORD101660,Jason Jones,Tablet,3,1305.07,31-07-2025
ORD101661,Charles Roberts,Smartwatch,2,2961.2,01-07-2024
ORD101662,Anna Hill,Printer,5,366.2,08-11-2024
ORD101663,Jennifer Williams,Camera,2,1885.04,17-12-2024
ORD101664,Jason Jones,Printer,1,284.38,10-02-2025
ORD101665,Nicholas Wood,Smartwatch,1,1921.05,09-09-2024
ORD101666,Susan Thomas,Monitor,4,363.33,29-07-2025
ORD101667,Rachel Johnson,Keyboard,2,3275.18,13-03-2024
ORD101668,Phyllis Graham,Printer,1,181.58,17-04-2025
ORD101669,Ryan Burnett,Keyboard,2,2528.3,23-08-2024
ORD101670,Megan Lawson,Mouse,1,967.72,20-05-2024
ORD101671,Frank Ross,Monitor,3,3395.19,22-12-2024
ORD101672,Julie Dixon,Headphones,3,1740.07,15-04-2024
ORD101673,Billy Travis,Printer,2,2377.94,13-10-2024
ORD101674,Keith Weber,Mouse,1,3209.56,10-04-2024
ORD101675,Brittany Russell,Mobile,5,4212,14-10-2025
ORD101676,Brian Wood,Mouse,1,493.89,25-06-2025
ORD101677,Victoria Shaw,Mouse,5,1511.98,08-03-2025
ORD101678,Angela Wilson,Headphones,5,4641.93,09-08-2025
ORD101679,Michael West,Headphones,3,645.15,30-03-2024
ORD101680,Edward Moore,Mouse,2,3208.48,20-04-2024
ORD101681,Christopher Mcdowell Jr.,Laptop,5,585.72,28-08-2025
ORD101682,Wendy Haas,Headphones,4,1529.25,16-04-2024
ORD101683,Amanda Padilla,Smartwatch,2,4294.89,11-05-2024
ORD101684,Susan Orr,Mobile,1,3875.41,04-04-2024
ORD101685,Zachary Kirk,Camera,2,1145.97,18-10-2025
ORD101686,Crystal Serrano,Printer,3,175.24,06-11-2025
ORD101687,Samuel Phillips,Laptop,1,1698.62,01-09-2024
ORD101688,Gloria Morales,Smartwatch,1,2924.46,27-09-2025
ORD101689,Janet Patterson,Headphones,2,3798.57,31-07-2024
ORD101690,Kenneth Dixon,Mobile,3,1908.62,01-08-2025
ORD101691,Susan Smith,Printer,1,4591.44,16-10-2024
ORD101692,Mark Rodriguez,Keyboard,2,314.24,30-10-2025
ORD101693,Amanda Schmidt,Keyboard,3,3794.82,07-04-2024
ORD101694,Daniel West,Keyboard,2,2690.26,04-09-2025
ORD101695,Judy Krause,Headphones,3,1137.92,06-08-2025
ORD101696,Miguel Cook,Monitor,3,1725.64,25-10-2024
ORD101697,Tracy Jones,Keyboard,4,789.97,07-02-2026
ORD101698,Lori Bush,Camera,4,3928.17,11-09-2024
ORD101699,Joseph Rogers,Printer,3,1698.49,20-06-2024
ORD101700,Joyce Stephens,Camera,5,4541.27,15-06-2025
ORD101701,Elizabeth Hess,Smartwatch,4,1197.93,29-04-2025
ORD101702,Andrew Potter,Headphones,5,2337.2,20-09-2025
ORD101703,Susan Sanchez,Keyboard,2,792.21,10-08-2024
ORD101704,Don Webb,Headphones,4,256.46,13-05-2025
ORD101705,William Williams,Camera,1,1610.7,05-12-2025
ORD101706,Melody Powell,Mobile,4,3786.15,23-07-2025
ORD101707,Matthew Bond,Camera,1,3584.56,08-05-2024
ORD101708,Matthew Jackson,Mobile,4,3326.21,07-12-2025
ORD101709,Derek Jones,Laptop,4,1781.06,10-02-2025
ORD101710,Gary Johnson,Monitor,5,2874.16,12-11-2025
ORD101711,Donald Landry Jr.,Camera,2,1676.03,22-12-2025
ORD101712,Mary Donaldson,Smartwatch,3,134.41,26-08-2024
ORD101713,Paul Bush,Headphones,1,350.09,09-01-2026
ORD101714,Sean Rodriguez,Camera,3,2362.55,24-05-2025
ORD101715,Sergio Wilson,Camera,2,364.99,01-03-2025
ORD101716,Victoria Patton,Camera,4,562.55,23-09-2025
ORD101717,Sally Gonzales,Mobile,1,4364.28,01-07-2025
ORD101718,Pamela Hodges,Camera,2,1985.12,18-10-2025
ORD101719,Jill Douglas,Mobile,3,1682.46,15-06-2025
ORD101720,Michelle Haney,Monitor,3,4452.69,14-05-2025
ORD101721,James Maynard,Mobile,3,1098.41,18-01-2026
ORD101722,Wendy Price,Camera,5,1647.1,16-02-2024
ORD101723,Cynthia Mitchell,Headphones,1,460.32,16-12-2025
ORD101724,Chris Gomez,Monitor,4,1854.88,25-02-2025
ORD101725,Richard Casey,Mouse,1,2240.19,04-03-2024
ORD101726,Olivia Reynolds,Monitor,4,2324.51,09-11-2024
ORD101727,Richard Ray,Keyboard,3,4974.49,16-10-2025
ORD101728,Matthew Rodriguez,Monitor,2,1603.15,04-11-2025
ORD101729,Chad Boyd,Tablet,3,1118.71,13-12-2024
ORD101730,Jonathan Conley,Mouse,5,3204.73,21-06-2025
ORD101731,Crystal Williams,Keyboard,2,3872.68,28-06-2025
ORD101732,Debra Rivera,Mouse,2,3611.32,23-02-2024
ORD101733,Maria Jackson,Smartwatch,1,2450.64,20-02-2024
ORD101734,Joshua Mccall,Camera,3,1705.88,04-01-2025
ORD101735,Kimberly Salas,Camera,1,4571.05,12-12-2025
ORD101736,Kevin White,Camera,1,4283.31,05-08-2024
ORD101737,Glenn Kane,Keyboard,5,1686.14,11-10-2024
ORD101738,Hannah Campbell,Tablet,4,128.39,06-05-2024
ORD101739,Kimberly Flores,Printer,5,3093.86,07-06-2025
ORD101740,Anthony Wolfe,Camera,4,289.95,11-06-2025
ORD101741,Gregory Mayo,Monitor,4,720.56,30-08-2025
ORD101742,Anthony Cooper,Camera,4,1662.71,30-03-2025
ORD101743,Raven Warren,Mobile,1,3271.5,27-03-2025
ORD101744,Joan Peck,Mouse,5,4039,20-04-2024
ORD101745,Christopher Johnson,Printer,1,2985.04,11-05-2025
ORD101746,Daniel Hicks,Mobile,4,1627.45,29-03-2024
ORD101747,Mitchell Simmons,Smartwatch,4,3978.05,24-08-2024
ORD101748,Kimberly Johnson,Tablet,1,2914.68,04-01-2026
ORD101749,Chelsey Johnson,Laptop,4,3852.69,20-07-2024
ORD101750,Lisa Bryant,Monitor,4,4423.82,11-12-2024
ORD101751,Timothy Cox,Smartwatch,5,3910.17,09-04-2025
ORD101752,Cheryl Glenn,Smartwatch,2,3611.71,27-02-2024
ORD101753,Cody Jackson,Keyboard,2,3665.8,04-05-2024
ORD101754,Karen Burke,Headphones,1,1059.09,05-11-2025
ORD101755,Jared Castaneda,Monitor,2,1048.88,13-04-2025
ORD101756,Nicole Church,Keyboard,2,293.44,23-08-2025
ORD101757,Bryan Rodriguez,Keyboard,3,4118.54,28-09-2025
ORD101758,Michael Glover,Camera,2,3166.62,23-09-2025
ORD101759,Rachel Brady,Camera,1,4020.51,11-06-2025
ORD101760,Kathryn Patel,Keyboard,4,1602.65,31-01-2025
ORD101761,Randall Conley,Laptop,2,4022.01,09-03-2024
ORD101762,Richard Pierce,Camera,4,3775.5,15-06-2024
ORD101763,Eric Snow,Keyboard,5,4107.51,04-10-2025
ORD101764,Jesse Watts,Monitor,2,3811.69,20-08-2024
ORD101765,Matthew Sullivan,Headphones,4,3484.27,17-01-2026
ORD101766,Gregory Jackson,Laptop,2,1647.87,14-01-2025
ORD101767,Kari Porter,Headphones,5,4401.31,12-04-2025
ORD101768,Samantha White,Smartwatch,4,4729.78,12-11-2024
ORD101769,Dr. Rachel Stephens,Keyboard,5,3378.32,19-04-2024
ORD101770,Robert Wells,Smartwatch,4,4301.02,22-02-2024
ORD101771,Heather Greer,Camera,5,943.21,23-01-2025
ORD101772,Julia Torres,Printer,5,2360.18,09-11-2024
ORD101773,Amber Mcintyre,Headphones,4,1243.65,06-12-2024
ORD101774,Jasmin King,Smartwatch,1,3304.61,14-08-2025
ORD101775,Chris Webb,Monitor,5,3759.93,03-02-2025
ORD101776,Alexis Salas,Printer,2,4908.75,11-06-2025
ORD101777,Tracy Barnett,Mouse,3,3000.66,01-01-2026
ORD101778,Tara Frederick,Smartwatch,3,1083.06,05-01-2026
ORD101779,Manuel Mayo,Mobile,3,1052.5,26-06-2025
ORD101780,James Chavez,Smartwatch,4,2675.95,24-11-2024
ORD101781,Crystal Chen,Printer,5,4863.74,22-04-2024
ORD101782,Deborah Johnson,Keyboard,1,4935.38,07-05-2024
ORD101783,Elizabeth Copeland,Mouse,1,4997.9,03-09-2025
ORD101784,Ashley Lee,Monitor,4,2778.62,25-01-2026
ORD101785,Mark King,Tablet,2,1789.68,25-05-2025
ORD101786,Elaine Lucas,Mobile,1,2077.39,15-12-2024
ORD101787,Christopher Stevens,Printer,4,1966.15,07-02-2025
ORD101788,Patrick Simpson,Laptop,1,4985.65,22-03-2024
ORD101789,Michael Wagner,Printer,3,1384.76,13-10-2025
ORD101790,Patty Phelps,Camera,2,2070.43,16-11-2024
ORD101791,Robert Johns,Printer,2,938.64,06-02-2025
ORD101792,Carol Scott,Mouse,1,312.5,12-05-2024
ORD101793,Jody Hunt,Mouse,3,174.75,12-02-2025
ORD101794,Lisa Roberts,Mouse,1,3209.7,05-12-2024
ORD101795,Daniel Garcia,Mouse,5,3110.81,29-08-2025
ORD101796,Matthew Martinez,Keyboard,3,1749.63,30-03-2024
ORD101797,Judy Shaffer,Smartwatch,3,502.13,03-07-2025
ORD101798,Larry Reynolds,Keyboard,4,3450.32,30-04-2025
ORD101799,Mario Luna,Monitor,3,4761.08,22-10-2025
ORD101800,Matthew Hunter,Monitor,3,3801.81,20-11-2024
ORD101801,Daniel Wallace,Mobile,4,4974.54,06-10-2024
ORD101802,Katie Foster,Headphones,2,2211.53,17-03-2025
ORD101803,Daniel Wyatt,Tablet,4,3208.07,11-05-2024
ORD101804,Courtney Brown,Keyboard,2,593.03,23-01-2026
ORD101805,Natalie Chapman,Monitor,1,4323.7,30-08-2025
ORD101806,Seth Gillespie,Mouse,5,3436.41,07-10-2025
ORD101807,Brian Hernandez,Headphones,3,700.61,27-04-2024
ORD101808,Denise Fuentes,Smartwatch,5,4012.41,29-11-2024
ORD101809,Kathryn Lowery,Printer,5,1601.49,27-09-2024
ORD101810,Steven James,Tablet,4,2152.32,03-01-2026
ORD101811,Christopher Rogers,Keyboard,2,447.86,02-09-2025
ORD101812,Ashley Anderson,Smartwatch,3,3165.64,10-02-2025
ORD101813,Alex Allen,Tablet,1,1113.42,22-06-2025
ORD101814,Amy Davis,Mouse,4,783.36,16-06-2025
ORD101815,Mandy Stewart,Mobile,4,4267.56,09-08-2024
ORD101816,Makayla Gonzalez,Camera,3,2029.35,27-02-2024
ORD101817,Ralph Martinez DDS,Mobile,1,1327.04,20-03-2025
ORD101818,Curtis Miller,Headphones,5,341.16,28-08-2025
ORD101819,Courtney Walker,Mouse,2,4042.3,17-10-2024
ORD101820,Dustin Chavez,Laptop,5,2350.64,22-06-2024
ORD101821,Christopher Gibson,Tablet,2,1439.84,07-12-2025
ORD101822,Jamie Warner,Camera,4,4162.08,15-12-2025
ORD101823,Jose Morgan,Headphones,2,1248.82,25-02-2024
ORD101824,Ashley Johnson,Headphones,1,1738.12,29-11-2024
ORD101825,Matthew Barry,Monitor,1,3605.69,12-05-2024
ORD101826,Donna Skinner,Tablet,5,1818.54,28-03-2025
ORD101827,Michael Novak,Tablet,2,1970.44,16-02-2024
ORD101828,Jason Perkins,Mobile,2,2633.75,19-04-2024
ORD101829,Chelsea Larsen,Keyboard,5,593.15,22-02-2024
ORD101830,Timothy Edwards,Headphones,4,1834.84,25-09-2024
ORD101831,Heather Ferguson,Mouse,2,2661.13,23-10-2025
ORD101832,Linda Hendrix,Tablet,5,701.95,30-08-2025
ORD101833,Haley Gonzales,Monitor,3,3665.86,14-04-2025
ORD101834,Timothy Garcia DDS,Keyboard,4,1692.09,20-07-2025
ORD101835,William Nguyen,Keyboard,5,3309.96,01-04-2024
ORD101836,Mr. Henry Walsh,Mouse,2,845.78,27-05-2024
ORD101837,Chad Terry,Keyboard,3,366.47,09-06-2025
ORD101838,Rachel Johnson,Laptop,2,3268.07,21-02-2024
ORD101839,Nathan Holland,Mobile,1,2694.73,11-12-2025
ORD101840,Austin Norman,Mouse,5,2865.66,12-03-2024
ORD101841,Candace Henry,Mobile,4,490.24,03-09-2024
ORD101842,Curtis Cook,Mobile,2,1740.29,12-06-2025
ORD101843,Robert Knight,Smartwatch,5,4827.36,25-02-2025
ORD101844,Kirk Howell,Smartwatch,1,591.85,21-05-2025
ORD101845,Kimberly Jefferson,Printer,1,2326.79,24-12-2025
ORD101846,Mr. Brian Smith Jr.,Mobile,5,1015.17,26-03-2025
ORD101847,Joseph Barrett,Printer,5,2628.53,02-03-2024
ORD101848,Victor Carpenter,Printer,4,4135.14,28-03-2025
ORD101849,Barbara Dickson,Mobile,4,1931.91,10-05-2024
ORD101850,Jackie Mckinney,Mouse,2,3376.62,24-10-2024
ORD101851,Julie Williams,Mouse,4,4933.56,03-03-2025
ORD101852,Adrian Nichols,Mouse,1,834.52,11-05-2025
ORD101853,Kristin Fernandez,Tablet,1,3211.78,29-04-2025
ORD101854,Dr. Carla Pacheco,Camera,1,584.78,04-04-2024
ORD101855,David Young,Mouse,5,1288.47,05-02-2025
ORD101856,Kevin Ellis,Keyboard,3,3234.68,18-07-2024
ORD101857,Richard Jenkins,Mobile,4,407.56,16-10-2025
ORD101858,Cynthia Hicks,Printer,1,2014.99,17-09-2024
ORD101859,Kevin Sweeney,Keyboard,2,807.93,20-08-2024
ORD101860,Donna Li,Smartwatch,1,2250.8,01-07-2025
ORD101861,Steven Williams,Printer,4,3899.65,28-09-2025
ORD101862,Roberta Garcia,Headphones,3,2141.89,10-05-2024
ORD101863,Amy Martinez,Tablet,2,1701.65,21-03-2024
ORD101864,April Christensen,Headphones,5,537.3,05-01-2026
ORD101865,Joshua Cherry,Camera,4,2084.83,04-02-2026
ORD101866,Selena Olson,Smartwatch,2,1014.7,11-08-2024
ORD101867,Martha Marks,Laptop,2,1126.35,25-02-2025
ORD101868,Carlos Richards,Tablet,4,849.43,28-06-2025
ORD101869,Tammy Barrett,Headphones,4,1780.76,23-10-2024
ORD101870,Donna Johnson DVM,Camera,1,1809.26,04-04-2024
ORD101871,Terry Salazar,Mouse,3,2804.53,31-10-2024
ORD101872,Kristen Payne DVM,Smartwatch,3,387.08,29-03-2024
ORD101873,David Carey,Smartwatch,2,4842.36,12-12-2025
ORD101874,Ronald Garcia,Camera,2,4309.69,04-03-2024
ORD101875,Justin Young,Camera,1,242.35,17-08-2025
ORD101876,Angela Singleton,Keyboard,2,3108.11,23-10-2024
ORD101877,Lawrence Lewis,Smartwatch,5,3920.15,17-10-2025
ORD101878,Mrs. Christina King,Keyboard,3,546.62,25-07-2025
ORD101879,Ms. Rhonda Johnson,Tablet,4,4139.23,27-07-2025
ORD101880,Pamela Cooper,Mouse,5,2922.91,11-12-2025
ORD101881,Brenda Cruz,Mobile,3,2957.35,07-06-2025
ORD101882,Kristin Drake,Tablet,1,3613.48,07-11-2024
ORD101883,Jessica Hale,Mouse,5,1876.29,01-09-2024
ORD101884,Becky Horton MD,Laptop,3,4026.11,08-06-2025
ORD101885,Nancy Wells,Smartwatch,1,1155.81,11-08-2025
ORD101886,James Romero,Laptop,4,637.26,31-05-2024
ORD101887,Jacob Waters,Mobile,1,1962.73,31-10-2024
ORD101888,Shannon Vega,Keyboard,1,4902.53,24-01-2025
ORD101889,Lisa Bell,Camera,4,2013.38,29-03-2024
ORD101890,Michael Cole,Mouse,1,1938.85,10-05-2025
ORD101891,Amanda Long,Printer,3,2772.59,29-08-2025
ORD101892,Brent Perkins,Headphones,3,3390,21-05-2025
ORD101893,Barry Scott,Laptop,3,252.5,29-12-2025
ORD101894,Kimberly Dominguez,Mouse,3,4386.18,01-12-2025
ORD101895,Jacob Hall,Mouse,4,2612.55,24-05-2025
ORD101896,Cassie Stanley,Keyboard,3,1727,31-05-2025
ORD101897,Sharon Williams,Headphones,3,3570.96,25-02-2025
ORD101898,Tony Reyes,Mobile,2,4130.28,06-05-2025
ORD101899,Nancy Robinson,Keyboard,3,254.26,25-04-2025
ORD101900,Alicia Adams,Mobile,2,2387.42,22-07-2024
ORD101901,Tammy Frank,Camera,2,2300.65,09-07-2025
ORD101902,Robert Lane,Monitor,1,4340.71,10-12-2025
ORD101903,Michael Ortiz,Camera,5,296.06,27-12-2024
ORD101904,Logan Martin,Mouse,1,2687.03,01-10-2025
ORD101905,Jacob Hartman,Laptop,2,709.31,12-07-2025
ORD101906,Danielle Jackson,Smartwatch,5,2396.48,18-02-2025
ORD101907,Eric Anderson,Smartwatch,3,3686.23,10-08-2024
ORD101908,Melanie Delacruz,Tablet,1,2959.37,08-02-2026
ORD101909,Jason Montes,Mouse,3,2833.73,04-11-2025
ORD101910,John Copeland,Tablet,2,3478.1,30-06-2024
ORD101911,Kelly Velasquez,Mouse,3,3365.36,08-05-2025
ORD101912,Benjamin Brock,Laptop,3,522.9,28-01-2025
ORD101913,Brandon Payne,Mouse,5,2794.03,06-11-2025
ORD101914,Jay Weber,Keyboard,2,4993.1,02-01-2026
ORD101915,Kristin Thompson,Mouse,2,232.06,22-12-2024
ORD101916,Colleen Hinton,Mobile,4,681.38,28-10-2025
ORD101917,Paula Gordon,Tablet,5,2584.96,01-08-2025
ORD101918,Brittney Robinson,Smartwatch,1,2687.26,15-08-2024
ORD101919,Richard Cooper,Laptop,4,4452.57,01-06-2024
ORD101920,Katherine Perez,Monitor,1,3470.64,04-03-2024
ORD101921,Kristin Howard,Printer,3,1248.69,07-11-2024
ORD101922,Cynthia Hudson,Printer,2,3203.25,05-01-2026
ORD101923,Sandra Jackson,Keyboard,2,3346.62,27-06-2024
ORD101924,Lisa Harvey,Printer,5,4852.61,07-10-2024
ORD101925,Danielle Alexander,Camera,3,4259.95,29-07-2025
ORD101926,Mitchell Dougherty,Printer,5,904.07,22-04-2024
ORD101927,Lonnie Hansen,Laptop,2,1335.1,08-11-2024
ORD101928,Thomas Webb,Printer,2,555.79,12-09-2024
ORD101929,Michael Floyd,Mobile,4,1681.77,28-07-2024
ORD101930,Ricardo Sullivan,Mouse,1,3048.92,25-11-2025
ORD101931,Jeremiah Martin,Monitor,3,3319.01,09-12-2025
ORD101932,Amy Li,Monitor,1,4172.01,23-05-2025
ORD101933,Deborah Pineda,Smartwatch,3,2487.56,26-04-2024
ORD101934,Jason Fox,Laptop,3,4413.94,31-07-2024
ORD101935,Tabitha Weber,Mobile,1,1379.01,16-10-2025
ORD101936,Michael Tran,Laptop,3,3816.94,30-01-2025
ORD101937,Oscar Zimmerman,Tablet,2,3730.4,18-10-2025
ORD101938,Lauren Spence,Mouse,2,835.28,31-03-2024
ORD101939,Carlos Rodriguez,Headphones,1,2954.63,21-11-2025
ORD101940,Jeffrey Smith,Camera,2,1211.49,02-08-2024
ORD101941,Courtney Ramirez,Camera,5,533.51,23-05-2024
ORD101942,Daniel Wiley,Mobile,5,404.47,24-08-2025
ORD101943,Robert Lopez,Keyboard,1,371.26,09-01-2026
ORD101944,Steven Wilkinson,Headphones,1,1439.66,24-02-2025
ORD101945,Justin Macdonald,Monitor,3,2891.75,29-06-2025
ORD101946,Linda Martinez,Keyboard,3,3364.49,23-04-2024
ORD101947,Jose White,Tablet,2,1096.3,19-09-2025
ORD101948,Sheila Bright,Monitor,1,2056.34,19-11-2024
ORD101949,William Moore MD,Monitor,3,4100.74,08-12-2025
ORD101950,James Edwards,Camera,4,300.63,23-03-2025
ORD101951,Mathew Gonzales,Mouse,1,4183.29,14-02-2025
ORD101952,Sean Weber,Mouse,1,3196.68,26-07-2025
ORD101953,Robert Waters,Smartwatch,5,4512.8,17-02-2025
ORD101954,John Bailey,Headphones,2,3808.09,02-03-2025
ORD101955,Corey Sullivan,Keyboard,3,4183.13,28-11-2024
ORD101956,James Taylor,Headphones,3,1078.33,21-06-2024
ORD101957,Katie Green,Monitor,2,1106.86,02-12-2024
ORD101958,Melissa Davis,Monitor,1,4929.56,05-07-2024
ORD101959,Jordan Gonzalez,Headphones,3,2909.49,23-07-2024
ORD101960,Matthew Moore,Keyboard,3,2879.56,13-07-2024
ORD101961,Amanda Perez,Laptop,2,3973.4,03-02-2025
ORD101962,Juan Henry,Mobile,1,930.41,10-11-2024
ORD101963,Joshua Bowen,Mobile,3,743.4,05-11-2024
ORD101964,Michael Wiley,Headphones,3,4034.44,14-03-2024
ORD101965,Eric Moore,Headphones,2,1723.7,19-03-2024
ORD101966,Lisa Rice,Keyboard,3,4425.84,22-11-2025
ORD101967,Theresa Green,Monitor,4,4126.74,19-10-2025
ORD101968,Brianna Webb,Keyboard,5,479.11,24-12-2024
ORD101969,Margaret Sanders,Laptop,5,4211.32,12-11-2024
ORD101970,Tammy Benton,Laptop,3,2481.34,21-12-2024
ORD101971,Steven Williams,Mouse,3,3267.54,05-05-2024
ORD101972,Matthew Austin,Printer,5,2756.74,05-08-2025
ORD101973,Lisa Thompson,Camera,3,3103.41,31-12-2024
ORD101974,Raymond Rose DDS,Laptop,3,4684.13,15-11-2025
ORD101975,James Marshall,Mobile,3,4139.08,18-11-2025
ORD101976,Donna Woodard,Mobile,3,2796.38,26-02-2025
ORD101977,Douglas Wright,Monitor,4,3859.12,06-04-2024
ORD101978,Angela Holt,Camera,5,3445.18,24-09-2024
ORD101979,Richard Garcia,Mobile,3,1123.48,11-08-2025
ORD101980,Denise Boyd,Smartwatch,4,1163.19,28-12-2025
ORD101981,Mr. Jose Nicholson,Smartwatch,2,4807.21,23-06-2024
ORD101982,Cindy Howell,Camera,4,2353.48,14-06-2024
ORD101983,Donna Dunn,Smartwatch,1,3158.41,12-06-2025
ORD101984,Diana Mitchell,Monitor,2,415.5,05-12-2025
ORD101985,Charles Thompson,Tablet,3,4006.18,05-09-2024
ORD101986,Tiffany Blankenship,Laptop,4,862.41,08-12-2025
ORD101987,Julie Hines,Headphones,5,3315.31,02-04-2024
ORD101988,Paul Stafford,Laptop,4,398,25-10-2024
ORD101989,Lori Castillo,Headphones,2,1969.95,24-09-2024
ORD101990,Eric Brown,Mouse,5,2485.82,02-08-2025
ORD101991,Jennifer Lane,Mobile,1,1371.11,19-11-2025
ORD101992,Laura Walker,Laptop,4,2451.55,28-03-2025
ORD101993,Matthew Harmon,Camera,5,2099.56,26-09-2024
ORD101994,Tiffany Peterson,Mobile,1,2185.73,13-05-2024
ORD101995,Mario Taylor,Laptop,1,417.16,03-07-2024
ORD101996,Lauren Rodriguez,Mobile,1,4464.68,25-08-2025
ORD101997,Jason Graham,Headphones,5,2908.76,02-11-2025
ORD101998,Jeffrey Schmidt,Mobile,3,3452.41,29-11-2024
ORD101999,Thomas Buchanan,Camera,5,709.87,02-06-2024
ORD102000,Denise Garcia,Mouse,4,4896.47,28-01-2025
ORD102001,Mary Hernandez,Smartwatch,1,3877.79,13-04-2025
ORD102002,James Gonzalez,Mouse,5,3845.83,21-03-2024
ORD102003,Robert Roberson,Camera,4,4406.12,23-09-2025
ORD102004,Ashlee Edwards,Laptop,4,3945.17,05-09-2025
ORD102005,Cassandra Frost,Laptop,4,3058.12,20-12-2024
ORD102006,Brittney Smith MD,Laptop,2,4192.01,27-04-2024
ORD102007,Melanie Steele,Laptop,3,4983.45,11-12-2025
ORD102008,Timothy Robbins,Laptop,4,882.07,31-08-2024
ORD102009,Michael Webb,Mobile,5,1231.04,31-07-2024
ORD102010,Mr. Mark Sutton,Tablet,5,4171.22,17-09-2024
ORD102011,Casey King,Headphones,4,2905.12,10-10-2025
ORD102012,Michael Reed,Mouse,2,2398.56,09-11-2024
ORD102013,Daniel Hernandez,Printer,1,3117.66,09-10-2025
ORD102014,Mrs. Emily Webb DDS,Mobile,2,838.64,19-04-2025
ORD102015,Toni Cortez,Headphones,2,3001.27,04-08-2024
ORD102016,Amanda Rodriguez,Mouse,1,3684.93,28-12-2024
ORD102017,Jonathan Montoya,Mobile,1,3423.29,11-03-2024
ORD102018,Amanda Johnson,Keyboard,1,3533.09,18-11-2025
ORD102019,Jamie Williamson,Monitor,5,190.25,16-09-2025
ORD102020,Nicholas Harris,Monitor,3,1613.85,17-12-2025
ORD102021,Michael Jennings,Smartwatch,1,4856.67,01-08-2025
ORD102022,Robert Garner,Monitor,1,2240.36,12-07-2024
ORD102023,Joseph Rodriguez,Laptop,2,376.37,02-12-2025
ORD102024,Jonathon Jones,Keyboard,1,3539.68,11-04-2025
ORD102025,Kathleen Taylor,Laptop,5,2370.48,19-05-2024
ORD102026,Nicole Montoya,Monitor,4,3423.69,17-02-2024
ORD102027,Matthew Torres,Camera,4,2298,12-08-2025
ORD102028,Guy Page,Camera,3,3249.23,12-07-2024
ORD102029,John Boone,Keyboard,5,2464.74,02-04-2024
ORD102030,Heather Lindsey,Tablet,5,4748.14,18-08-2024
ORD102031,Matthew Martin,Tablet,3,4567.71,20-03-2025
ORD102032,Barbara Williamson,Printer,5,1715.99,04-11-2025
ORD102033,Katherine Perez,Printer,3,2350,31-10-2024
ORD102034,Brian Rubio,Mobile,3,1387.92,01-02-2026
ORD102035,Tammy Clark,Headphones,4,3244.58,16-01-2025
ORD102036,Brian Joseph,Mouse,4,3464.96,19-08-2025
ORD102037,Christopher Spencer,Tablet,5,1894.85,19-07-2024
ORD102038,Shannon Williamson,Camera,4,2547.25,15-11-2024
ORD102039,Jason Lowery,Mobile,1,1240.23,11-02-2024
ORD102040,Steven Stephens,Headphones,5,3422.29,28-11-2025
ORD102041,Susan Davis,Mobile,2,1827.39,13-10-2025
ORD102042,Michael Bailey,Smartwatch,4,3010.86,18-02-2025
ORD102043,Monica Lindsey,Headphones,4,1518.34,25-09-2024
ORD102044,Rickey Powell,Tablet,5,3954.83,15-09-2024
ORD102045,Heather Tucker,Mobile,1,4362.4,02-01-2026
ORD102046,Lindsey Davis,Mobile,2,613.84,23-07-2024
ORD102047,Renee Barker,Monitor,5,3867.8,10-03-2025
ORD102048,Matthew Johnson,Keyboard,4,410.8,11-09-2025
ORD102049,James Charles,Mobile,2,946.6,14-06-2024
ORD102050,Julie Sharp,Mobile,1,3828.74,26-09-2024
ORD102051,Joseph Hutchinson,Mobile,3,4879.3,10-08-2025
ORD102052,Brenda Williams,Mobile,5,1621.81,29-07-2024
ORD102053,Joshua Andrews,Tablet,1,847.3,25-03-2024
ORD102054,Lauren Nguyen,Keyboard,4,1249.09,07-06-2024
ORD102055,Matthew Lowery,Mobile,1,1573.56,29-09-2025
ORD102056,Christine Vasquez,Headphones,4,3859.16,10-06-2025
ORD102057,Jacob Smith,Laptop,1,1864,18-10-2025
ORD102058,Jonathan Lee,Smartwatch,2,2978.14,24-03-2025
ORD102059,Lucas Yoder,Monitor,5,2713.74,27-12-2025
ORD102060,William Maxwell,Laptop,2,155.04,09-06-2025
ORD102061,Brad Glass,Printer,2,3227.71,22-01-2026
ORD102062,Philip Gallegos,Headphones,5,4844.49,21-03-2024
ORD102063,Mark Sandoval,Laptop,1,3778.54,20-05-2025
ORD102064,Shelly Jacobson,Printer,5,1200.29,14-08-2024
ORD102065,Felicia Baldwin,Laptop,5,911.84,03-01-2026
ORD102066,Richard Gallagher,Tablet,3,2901.06,17-08-2025
ORD102067,Tracy Hammond,Headphones,3,3176.5,02-11-2024
ORD102068,Andrea Atkins,Mouse,3,2615.13,21-08-2024
ORD102069,Danielle Holder,Mouse,1,621.37,14-11-2024
ORD102070,Kevin Jones,Printer,4,1767.9,27-01-2026
ORD102071,Cynthia Green,Tablet,1,2624.78,04-10-2025
ORD102072,Veronica Gray,Mobile,4,2099.14,02-02-2025
ORD102073,Xavier Farley,Printer,1,3145.83,20-04-2025
ORD102074,Kyle Weaver,Laptop,4,3096.21,06-02-2025
ORD102075,Linda Costa,Printer,2,2617.92,23-10-2024
ORD102076,Joseph Adams,Smartwatch,2,4727.85,25-10-2025
ORD102077,Miguel Williams,Monitor,1,3547.54,15-01-2026
ORD102078,Julia Conley,Headphones,1,4674.16,07-07-2024
ORD102079,Hunter Navarro,Monitor,2,3833.37,06-10-2025
ORD102080,Kimberly Hunt,Mouse,1,831.69,31-12-2025
ORD102081,Frances Cardenas,Camera,3,4152.09,08-11-2024
ORD102082,John Garcia,Smartwatch,1,4007.93,28-06-2025
ORD102083,Emily Park,Camera,2,114.74,23-08-2024
ORD102084,Margaret Allen,Headphones,1,208.75,25-01-2025
ORD102085,Kendra Garcia,Mouse,3,4546.14,11-02-2025
ORD102086,Joanna Davis,Laptop,1,2134.14,07-05-2024
ORD102087,Michael Erickson,Monitor,2,3023.45,25-05-2024
ORD102088,Angela Wilson,Tablet,1,2726.71,31-08-2025
ORD102089,Kelly Duke,Mobile,3,1439.3,05-02-2026
ORD102090,Courtney Rocha,Mobile,2,1133.74,16-04-2025
ORD102091,Tony Mcmillan IV,Tablet,4,4790.26,01-10-2025
ORD102092,Bobby Flores,Printer,5,1948.48,08-09-2025
ORD102093,Paul Carter,Headphones,3,2408.91,21-08-2025
ORD102094,Ann Mcdonald,Smartwatch,2,4484.9,25-02-2025
ORD102095,Michael May,Printer,5,3184.43,15-10-2025
ORD102096,Jennifer Bryan,Tablet,3,1520.31,09-10-2025
ORD102097,Brandon Lewis,Tablet,2,3097.46,03-02-2026
ORD102098,Mary Sweeney DDS,Mobile,4,4227.66,07-06-2025
ORD102099,Kimberly Perry,Tablet,4,3720.55,15-05-2025
ORD102100,Maureen Barnes,Camera,3,2290.81,10-02-2026
ORD102101,Emily Camacho,Laptop,5,2142.02,21-03-2024
ORD102102,Melissa White,Keyboard,2,1851.2,13-10-2025
ORD102103,Michael Woods,Laptop,1,2006.24,05-05-2024
ORD102104,Randall Flynn,Mobile,5,1951.34,31-07-2024
ORD102105,Cathy Lee,Mouse,2,2519.98,26-03-2025
ORD102106,Steven Chang,Monitor,2,2078.49,12-10-2024
ORD102107,Ashley Campbell,Mobile,1,4036.15,30-10-2025
ORD102108,Jason Goodman,Headphones,4,2091.19,07-05-2025
ORD102109,Elizabeth Yang,Laptop,5,1933.51,07-09-2024
ORD102110,Danielle Martin,Camera,5,3878,06-02-2025
ORD102111,Kristen Franco,Laptop,5,2823.01,30-07-2025
ORD102112,Jordan Wallace,Keyboard,4,1146.52,07-01-2026
ORD102113,Jacob Green,Camera,3,3477.43,05-05-2024
ORD102114,Raven Harmon,Printer,5,4835.18,01-11-2024
ORD102115,Sara Williams,Laptop,4,3329.01,30-11-2025
ORD102116,John Fuller,Laptop,3,2379.56,17-05-2025
ORD102117,Dustin Lee,Camera,1,4080.9,04-10-2024
ORD102118,Allison Mays,Smartwatch,3,4019.54,06-04-2024
ORD102119,Anthony Hill,Keyboard,5,1499.61,20-09-2024
ORD102120,John Dodson,Mouse,5,4511.64,10-08-2025
ORD102121,Diana Scott,Mouse,4,1290.64,26-03-2024
ORD102122,Charles Lewis,Smartwatch,2,4055.64,28-06-2024
ORD102123,Katelyn Ramirez,Monitor,3,2431.01,19-10-2025
ORD102124,Derek Patrick,Mouse,5,2179.81,27-04-2025
ORD102125,Scott Owen,Monitor,3,3124.49,02-03-2024
ORD102126,Jessica Fowler,Camera,4,3488.56,15-10-2025
ORD102127,Barbara Williams,Printer,5,3530.03,09-05-2025
ORD102128,Sean Doyle,Mobile,3,2435.64,27-07-2024
ORD102129,Glenn Mays,Printer,5,934.82,28-10-2025
ORD102130,Susan Jackson,Keyboard,3,734.46,04-10-2025
ORD102131,Christian Peterson,Tablet,3,4705.09,11-05-2024
ORD102132,Ana Donaldson,Headphones,4,2341.8,20-11-2025
ORD102133,Christine Elliott,Mouse,3,3626.27,14-03-2025
ORD102134,Anthony Krause MD,Camera,3,3660.22,07-09-2025
ORD102135,Andrea Maynard,Camera,4,647.27,12-07-2024
ORD102136,Crystal Johnson,Mobile,3,275.4,19-06-2024
ORD102137,Benjamin Wallace,Tablet,3,1818.47,17-07-2025
ORD102138,John Holt,Headphones,2,4818.37,24-07-2024
ORD102139,Mark Collins,Headphones,4,4030.51,03-03-2025
ORD102140,Paula Kim,Keyboard,2,4156.75,04-03-2024
ORD102141,Sergio Smith,Smartwatch,5,1237.43,09-05-2025
ORD102142,Michael Vance,Mobile,4,658.08,06-09-2024
ORD102143,Emily Krause,Camera,4,1460.11,22-11-2025
ORD102144,Trevor Copeland,Smartwatch,3,2154.26,20-07-2025
ORD102145,Patrick Jones,Camera,4,4941.02,26-11-2025
ORD102146,David Coleman,Headphones,4,3018.75,21-04-2024
ORD102147,Carlos Jenkins,Laptop,3,4474.91,21-09-2025
ORD102148,Daniel Johnson,Monitor,1,2303.85,12-02-2025
ORD102149,Cameron Williams,Mouse,5,2960.7,29-06-2024
ORD102150,Jennifer Galloway,Printer,2,1439.06,27-12-2024
ORD102151,Sean Joseph,Printer,1,1266.83,30-10-2024
ORD102152,Judy Campbell,Smartwatch,1,3309.14,28-05-2024
ORD102153,Darin Osborne,Camera,1,1220.05,22-12-2024
ORD102154,Cassandra Pittman,Mobile,1,1376.8,02-08-2025
ORD102155,Taylor Morales,Laptop,5,4589.35,13-09-2024
ORD102156,Brittany Ferguson,Mobile,3,1019.69,16-07-2024
ORD102157,Shelley Aguirre,Camera,4,610.85,29-12-2025
ORD102158,Jennifer Harris,Headphones,2,631.39,29-04-2025
ORD102159,Courtney Boyd,Keyboard,2,3575.13,23-09-2024
ORD102160,Taylor Sherman,Mouse,2,472.59,02-02-2025
ORD102161,Kimberly Jimenez,Smartwatch,2,3467.15,12-07-2025
ORD102162,Mary Hester,Camera,5,2499.34,17-07-2025
ORD102163,Christina Hoffman,Mobile,1,3877.82,07-03-2024
ORD102164,Thomas Baker,Headphones,1,1080.4,14-07-2025
ORD102165,William Pruitt,Monitor,5,1112.7,12-12-2025
ORD102166,Jimmy Beasley,Camera,5,982.13,19-07-2024
ORD102167,Tim Olson,Keyboard,3,4326.33,13-02-2025
ORD102168,Rhonda Park,Headphones,2,2465.07,12-07-2024
ORD102169,Matthew Williams,Monitor,5,247.58,18-09-2024
ORD102170,Robert Barr,Laptop,3,2614.02,02-02-2026
ORD102171,William Duran,Headphones,5,2216.65,26-03-2024
ORD102172,Mrs. Stephanie Thomas,Laptop,4,136.09,28-07-2024
ORD102173,Nicole Baker DDS,Tablet,1,2603.88,27-02-2025
ORD102174,Allison Martin,Mobile,5,1661.24,15-01-2026
ORD102175,Kim Santiago,Smartwatch,4,3867.14,21-03-2024
ORD102176,Kelsey Bennett,Smartwatch,3,882.19,21-09-2024
ORD102177,Katie Terrell,Smartwatch,3,451.36,27-12-2024
ORD102178,Jenna Hubbard,Keyboard,5,1296,19-01-2025
ORD102179,Thomas Liu,Printer,1,1977.31,11-02-2025
ORD102180,Samantha Jackson,Printer,5,2148.94,22-08-2024
ORD102181,Ashley Mayo,Tablet,2,3868.6,31-10-2024
ORD102182,Kevin Smith,Monitor,2,4328.55,01-11-2025
ORD102183,Dillon Sampson,Monitor,4,3679.53,07-11-2025
ORD102184,Emily Duarte,Keyboard,5,2316.54,19-10-2024
ORD102185,Karen Garcia,Printer,4,570.59,22-03-2024
ORD102186,Ashley Koch,Camera,5,3103.72,17-12-2025
ORD102187,Nicholas Richmond,Laptop,4,1517.79,27-01-2025
ORD102188,Lisa Carrillo,Smartwatch,1,2211.89,14-11-2024
ORD102189,Stephen Weaver,Keyboard,2,758.49,01-04-2025
ORD102190,John Harris,Headphones,5,1391.4,25-03-2024
ORD102191,Michael Rocha,Smartwatch,1,1523.23,30-06-2024
ORD102192,Linda Swanson,Laptop,5,2598.73,24-06-2024
ORD102193,Brenda Russell,Printer,4,4746.71,14-01-2026
ORD102194,David Shaw,Keyboard,4,3336.53,20-10-2025
ORD102195,Deborah Schwartz,Keyboard,5,4272.8,26-11-2025
ORD102196,Jerry Thompson,Printer,2,3595.79,02-08-2025
ORD102197,Emily Montoya,Monitor,1,652.66,06-07-2024
ORD102198,Lynn King,Printer,3,2592.13,27-06-2025
ORD102199,Joan Figueroa,Keyboard,1,3010.5,17-09-2025
ORD102200,Pam Dorsey,Tablet,2,2243.44,13-04-2025
ORD102201,John Bowers,Keyboard,5,2047.61,25-03-2025
ORD102202,Meredith Glover,Printer,1,1725.85,28-02-2025
ORD102203,Nicole Jordan,Mobile,2,502.93,13-04-2025
ORD102204,Daniel Singleton,Keyboard,1,1488.44,30-09-2025
ORD102205,April Thompson,Headphones,3,296.08,09-11-2024
ORD102206,Charles Williams,Keyboard,5,204.63,21-04-2024
ORD102207,Daniel Graves,Camera,3,4679.82,14-01-2026
ORD102208,Cody Jones,Laptop,4,4265.29,21-08-2024
ORD102209,Elizabeth Mitchell,Monitor,4,1644.79,21-07-2024
ORD102210,Erika Byrd,Smartwatch,2,3880.67,10-03-2025
ORD102211,Rachel Sloan,Tablet,2,3168.56,03-03-2024
ORD102212,Mark Campbell,Headphones,1,1274.67,31-07-2024
ORD102213,Anthony Sanchez,Headphones,5,1221.69,09-05-2025
ORD102214,Raymond Navarro,Printer,5,365.74,13-10-2025
ORD102215,Sean Owen,Mobile,5,1706.89,21-01-2026
ORD102216,Wanda Hughes,Printer,4,3442.95,08-02-2026
ORD102217,Jimmy Green,Mouse,2,2459.58,12-09-2024
ORD102218,Jacob Smith,Headphones,5,433.29,18-10-2024
ORD102219,Ricky Fisher,Printer,1,2017.85,28-06-2025
ORD102220,Evan Reed,Mobile,4,3315.17,21-05-2024
ORD102221,Jonathan Wilson,Printer,5,2138.68,05-02-2026
ORD102222,Kimberly Hurst,Tablet,4,3592.39,21-08-2025
ORD102223,Todd Garcia,Monitor,2,1246.73,19-03-2024
ORD102224,Daniel Evans,Mouse,5,614.25,15-08-2025
ORD102225,Kevin Harrison,Smartwatch,3,1846.2,23-08-2024
ORD102226,Jason Patterson,Camera,3,921.24,03-12-2024
ORD102227,Debra Morrow,Mouse,5,2707.6,03-06-2025
ORD102228,Amy Smith,Printer,4,522.35,16-04-2025
ORD102229,Jonathan Crawford,Mouse,1,4220.94,02-11-2024
ORD102230,Michael Moore PhD,Monitor,1,1949.76,25-01-2026
ORD102231,Matthew Hunter,Smartwatch,5,243.21,12-02-2024
ORD102232,Samantha Thomas,Laptop,2,186.53,23-06-2024
ORD102233,Michael Lewis,Headphones,3,2205.09,17-08-2025
ORD102234,James Hardin,Keyboard,1,4133.65,20-04-2025
ORD102235,Danny Massey,Laptop,4,395.06,14-04-2024
ORD102236,David Curtis,Headphones,4,3843.96,09-12-2025
ORD102237,Christopher Monroe,Printer,1,1292.09,29-12-2025
ORD102238,Mercedes Johnson,Mobile,3,4192.23,24-05-2024
ORD102239,Ronald Arias,Smartwatch,3,1608.89,21-07-2024
ORD102240,Lisa Rivera,Keyboard,5,4302.74,24-03-2025
ORD102241,Patricia Adams,Laptop,5,3291.28,20-08-2025
ORD102242,Kayla Arias,Laptop,2,1029.01,15-07-2024
ORD102243,Thomas Woodard,Camera,4,2880.84,23-03-2024
ORD102244,Ronald Romero,Monitor,2,583.63,05-04-2025
ORD102245,John Gates,Tablet,1,4172.21,21-04-2024
ORD102246,Elizabeth Mcclain,Printer,5,4049.08,14-03-2025
ORD102247,Victoria Perez,Laptop,3,466.47,29-11-2025
ORD102248,Mr. Anthony Scott DVM,Laptop,2,2678.91,17-05-2025
ORD102249,Heather Sanchez,Headphones,1,3912.35,14-04-2024
ORD102250,Katie Howell,Monitor,2,2406.53,26-06-2025
ORD102251,Amanda Landry,Headphones,1,2611.09,11-09-2025
ORD102252,Mitchell Adkins,Printer,1,4196.24,24-12-2024
ORD102253,Mark Malone,Printer,4,264.74,29-12-2025
ORD102254,Jackson Davis,Keyboard,2,3837.16,08-12-2024
ORD102255,Lawrence Harrell,Mouse,2,3925.1,13-12-2024
ORD102256,Matthew Smith,Headphones,5,4309.89,25-06-2024
ORD102257,Kristen Castaneda,Mouse,3,2534.66,25-06-2025
ORD102258,Leroy Michael,Mobile,1,289.58,04-10-2024
ORD102259,Andrew Martinez,Mouse,3,2364.48,13-05-2025
ORD102260,Michael Moore,Camera,4,1136.16,18-05-2024
ORD102261,Nichole Murphy,Keyboard,5,4818.84,06-05-2025
ORD102262,Jeffrey Mendez,Laptop,1,3138.94,04-12-2025
ORD102263,Michelle Robinson,Monitor,3,315.62,20-10-2025
ORD102264,Brooke Sullivan DDS,Camera,4,2245.3,27-09-2024
ORD102265,Terry Howard,Headphones,3,223,12-08-2024
ORD102266,Amber Vasquez,Mouse,3,4437.29,26-03-2024
ORD102267,Lisa Bates,Printer,5,3670.91,24-02-2025
ORD102268,Tyler Brooks,Tablet,4,1607.91,12-04-2025
ORD102269,Angela Hall,Laptop,3,1436.19,29-12-2025
ORD102270,Mark Singleton,Laptop,5,685.61,26-01-2025
ORD102271,Kayla Alexander,Laptop,3,2409.25,10-01-2025
ORD102272,Misty Goodman,Smartwatch,1,1892.77,08-02-2026
ORD102273,Paul Hall,Printer,2,4292.04,14-02-2024
ORD102274,Sarah Rogers,Tablet,5,3637.87,19-10-2024
ORD102275,Patrick Anthony,Monitor,4,180.18,19-08-2025
ORD102276,Anthony Brown,Headphones,1,4238.24,22-08-2024
ORD102277,Joan Rhodes,Headphones,3,2968.52,05-07-2024
ORD102278,Ronald Lopez,Monitor,5,398.17,25-12-2025
ORD102279,William Greene,Laptop,3,951.34,05-07-2024
ORD102280,Amy Rangel MD,Monitor,4,1369.54,13-01-2026
ORD102281,Todd Norton,Monitor,1,3237.77,27-05-2024
ORD102282,Brooke Fox,Camera,3,3248.75,03-03-2025
ORD102283,Patrick Hinton,Camera,1,299.28,26-10-2025
ORD102284,Curtis Simon,Camera,4,4313.76,03-01-2025
ORD102285,Douglas Schroeder,Monitor,1,4354.99,12-09-2024
ORD102286,Anthony Reed,Mobile,5,2382.45,03-11-2025
ORD102287,Justin Lewis,Mouse,4,3729.35,27-06-2025
ORD102288,Kaitlyn Cameron,Monitor,5,3128.46,29-04-2024
ORD102289,Leslie Brown,Printer,1,3177.15,09-08-2024
ORD102290,Denise Delgado,Keyboard,4,3544.16,29-02-2024
ORD102291,Jennifer Oconnor,Camera,3,4872.47,15-05-2024
ORD102292,Michelle Robertson,Printer,5,394.01,20-06-2025
ORD102293,William Campbell,Smartwatch,1,625.82,22-04-2024
ORD102294,Douglas Nelson,Keyboard,4,1964.66,18-09-2025
ORD102295,Joanna Rocha,Laptop,5,3762.27,30-12-2025
ORD102296,Jacob Duncan,Smartwatch,2,4895.77,02-03-2024
ORD102297,Anna Martinez,Camera,2,2633.32,29-12-2025
ORD102298,Susan Valdez,Tablet,3,2672.22,10-01-2025
ORD102299,Tammy Morgan,Laptop,3,1630.27,09-03-2024
ORD102300,Virginia Miller,Laptop,1,2626.21,23-09-2024
ORD102301,Robert Ford,Camera,3,3374.61,07-10-2025
ORD102302,Chase Jones,Camera,2,3229.9,05-03-2025
ORD102303,Nancy Nunez,Camera,2,1004.9,14-01-2026
ORD102304,Heather Curtis,Keyboard,5,2180.25,01-07-2025
ORD102305,Rebecca Barnes,Tablet,1,1392.24,25-11-2024
ORD102306,Matthew Hendrix,Headphones,4,1878.94,06-09-2024
ORD102307,Morgan Mahoney,Headphones,2,1369.83,09-11-2025
ORD102308,Karen Lawson,Keyboard,4,1640.96,13-09-2024
ORD102309,Kayla Russo,Tablet,1,1588.22,28-10-2025
ORD102310,Robert Parsons,Laptop,5,1698.6,28-01-2025
ORD102311,Katherine Parker,Camera,3,4884.62,03-05-2025
ORD102312,Lacey Mills,Camera,5,3426.55,15-11-2025
ORD102313,Christina Green MD,Headphones,3,280.32,28-04-2024
ORD102314,Michelle Burke,Camera,5,1944.56,11-08-2025
ORD102315,Alison Briggs,Headphones,4,2342.36,06-01-2025
ORD102316,Daniel George,Camera,2,3024.44,08-02-2025
ORD102317,Gail Cook,Printer,4,220.25,24-09-2024
ORD102318,Todd Hill,Laptop,5,1772.06,19-10-2025
ORD102319,Richard Burns,Camera,1,178.35,03-08-2025
ORD102320,Cassandra Bradley,Laptop,3,3235.31,16-03-2025
ORD102321,Annette Stokes,Smartwatch,1,4303.82,14-03-2025
ORD102322,Ernest Fox,Monitor,3,1380.55,08-09-2024
ORD102323,Anthony Mcclure,Laptop,3,3347.79,27-06-2024
ORD102324,Susan Hernandez,Camera,4,2462.13,19-03-2025
ORD102325,Amy Perez,Laptop,2,4050.64,10-07-2025
ORD102326,David Donovan,Tablet,2,4327.27,13-11-2025
ORD102327,Robert Norton,Tablet,3,2423.87,01-12-2024
ORD102328,Dorothy Hall,Headphones,5,2404.71,09-03-2024
ORD102329,Alison Savage,Monitor,2,2388.4,13-03-2025
ORD102330,John Jones,Smartwatch,5,2463.7,15-03-2025
ORD102331,Billy Moore,Keyboard,3,4566.57,16-05-2025
ORD102332,Crystal Smith,Headphones,2,4237.55,11-03-2024
ORD102333,Deanna Shaffer,Keyboard,1,4031.79,27-03-2025
ORD102334,Kevin Wolfe,Mouse,5,4912.31,20-06-2025
ORD102335,Carlos Robertson,Keyboard,1,2992.62,26-09-2024
ORD102336,Kevin Williams,Printer,5,104.57,05-10-2025
ORD102337,Mark Hunt,Headphones,3,3995.34,22-01-2025
ORD102338,John Smith,Mobile,1,4972.21,11-02-2024
ORD102339,Amy Ferguson,Headphones,5,2532.29,28-12-2024
ORD102340,Aaron Hernandez,Laptop,4,1890.49,22-05-2025
ORD102341,Lori Estrada,Keyboard,1,3452.12,07-11-2024
ORD102342,Barbara Cooper,Camera,1,833.05,09-04-2024
ORD102343,Amy Grant,Smartwatch,2,3116.61,03-07-2025
ORD102344,Rodney Brown,Keyboard,1,993.01,16-09-2025
ORD102345,Cameron Burns,Smartwatch,4,3756.03,03-07-2024
ORD102346,Kristine Ferrell,Laptop,3,502.82,16-03-2025
ORD102347,James Rose,Mobile,2,2428.54,28-08-2024
ORD102348,Regina Mason,Laptop,5,3991.39,05-09-2025
ORD102349,Brandi Olson,Mouse,4,1947.59,07-08-2024
ORD102350,Laura Sanchez,Camera,2,2640.94,13-06-2025
ORD102351,Adam Coleman,Camera,1,4492.75,10-10-2024
ORD102352,Eric Hooper,Monitor,4,1358.56,13-04-2024
ORD102353,Russell Harris,Mouse,5,1876.32,06-09-2025
ORD102354,Daniel Pham,Mouse,2,1002.2,27-06-2024
ORD102355,Tamara Harris,Printer,2,1404.08,16-01-2026
ORD102356,Rebecca White,Smartwatch,4,2266.77,11-02-2025
ORD102357,Kathryn Harris,Mouse,5,2475.7,03-01-2025
ORD102358,Christian Peters,Smartwatch,3,4597.6,27-11-2025
ORD102359,Andrew White,Mouse,2,2901.62,14-07-2024
ORD102360,Jeffrey Rios,Camera,5,2438.81,21-11-2025
ORD102361,Allison Bennett,Monitor,4,2551.52,29-12-2025
ORD102362,Meghan Green,Tablet,1,1551.81,18-10-2025
ORD102363,James Williams,Printer,4,4603.8,10-06-2025
ORD102364,Caitlyn Ruiz,Printer,3,2402.89,09-04-2024
ORD102365,Brianna Reyes,Camera,1,2510.77,02-06-2024
ORD102366,Charles Christensen,Keyboard,2,4427.46,24-02-2024
ORD102367,Daniel Lowe,Mobile,2,1298.91,13-04-2024
ORD102368,Kristina Wallace,Monitor,3,2644.95,21-06-2024
ORD102369,Claudia Duncan,Camera,5,1198.71,24-02-2025
ORD102370,Chloe Thompson,Tablet,2,3408.14,10-08-2024
ORD102371,Olivia Clark,Laptop,5,1777.22,31-03-2025
ORD102372,Amy Jones,Mouse,4,4017.07,08-09-2024
ORD102373,Felicia Aguilar,Mouse,3,3772.69,21-03-2025
ORD102374,Susan Matthews,Mobile,2,4176.14,14-08-2024
ORD102375,Angelica Maddox,Printer,3,916.06,11-08-2024
ORD102376,David Ponce,Mouse,1,3887.63,27-07-2024
ORD102377,Jasmine Walsh,Laptop,4,2511.19,02-12-2025
ORD102378,Mackenzie Fox,Mobile,4,1175.25,12-10-2024
ORD102379,Kelly Martin,Mobile,2,1069.82,01-04-2024
ORD102380,Nicholas Young,Keyboard,4,3920.3,19-03-2024
ORD102381,Valerie Lane,Mobile,2,2299.8,06-05-2025
ORD102382,Zachary Watson,Tablet,1,1046.84,26-12-2024
ORD102383,Rebecca Donovan,Mouse,4,4524.44,20-08-2025
ORD102384,Kelly Sutton,Camera,1,3716.82,27-02-2024
ORD102385,Dr. Sarah Dunlap,Camera,1,3658.78,03-05-2024
ORD102386,Melissa Bryan,Printer,1,3854.44,04-07-2025
ORD102387,Misty Martinez,Mobile,5,4893.43,18-05-2024
ORD102388,Jennifer Strong,Printer,4,2931.36,22-10-2025
ORD102389,Darius Barrera,Mouse,5,2653.82,15-01-2026
ORD102390,Katrina Gilbert,Printer,2,1499,05-01-2026
ORD102391,Hannah Schroeder,Mouse,2,3084.86,27-05-2025
ORD102392,Zachary Wilson,Monitor,5,548.62,28-09-2025
ORD102393,Eric Oconnell,Tablet,5,683.57,23-02-2024
ORD102394,Brian Peters,Headphones,4,2938.43,10-12-2024
ORD102395,Carly Fleming,Keyboard,2,4558.12,16-10-2024
ORD102396,Kimberly Reid,Camera,4,1324.47,03-11-2024
ORD102397,Michael Blankenship,Monitor,2,4357.79,30-11-2025
ORD102398,Derek Moore,Laptop,1,1174.63,05-03-2024
ORD102399,Mckenzie Espinoza,Monitor,2,1846.64,03-03-2025
ORD102400,Craig Perez,Smartwatch,3,3390.79,04-03-2024
ORD102401,Anthony Day,Tablet,3,548.26,15-12-2024
ORD102402,William Soto,Monitor,5,2523.51,09-02-2026
ORD102403,Tracy Acosta,Headphones,5,2800.77,16-01-2026
ORD102404,Alexander Ruiz,Smartwatch,4,187.15,09-06-2024
ORD102405,Lisa Martinez,Smartwatch,5,2425.91,06-11-2025
ORD102406,Olivia Johnson,Smartwatch,5,3002.73,13-06-2025
ORD102407,Bonnie Collins,Headphones,1,1973.09,24-04-2025
ORD102408,Danielle Foster,Headphones,2,803.74,29-02-2024
ORD102409,Elizabeth Black,Printer,5,770.76,15-11-2025
ORD102410,Michelle Johnson,Headphones,4,1060.26,29-11-2024
ORD102411,Ryan Morris,Keyboard,1,3684.21,02-02-2025
ORD102412,Jeremy Walker,Laptop,4,3155.11,26-03-2024
ORD102413,Ricardo Webb,Laptop,4,1765.31,22-07-2025
ORD102414,Roger Jacobs,Printer,2,1132.59,01-03-2025
ORD102415,Eileen Lin,Laptop,3,4559,19-10-2025
ORD102416,Jessica Green,Smartwatch,3,1182.86,26-12-2024
ORD102417,William Garcia,Smartwatch,5,2899.91,21-05-2025
ORD102418,Jacob Smith,Tablet,2,3042.2,09-08-2025
ORD102419,Crystal Powers,Mobile,4,1939.91,26-05-2025
ORD102420,Courtney Cross,Printer,3,3391.57,03-04-2024
ORD102421,Brittany French,Mobile,5,4622.36,12-02-2025
ORD102422,Joel Tyler,Camera,1,3374.78,30-07-2024
ORD102423,Vanessa Ward,Smartwatch,5,1655.9,08-09-2024
ORD102424,Haley Fields,Camera,2,2172.08,06-08-2024
ORD102425,Joshua Cline,Printer,5,2109.33,26-05-2025
ORD102426,Joanna Cook,Tablet,4,283.59,24-05-2024
ORD102427,Mark Mccoy,Mouse,2,3454.2,18-03-2025
ORD102428,Jennifer Duffy DVM,Smartwatch,4,416.16,24-05-2025
ORD102429,Jose Ellis,Mobile,1,288.18,31-12-2024
ORD102430,Candace Davis,Keyboard,1,1144.03,28-04-2025
ORD102431,Leonard Davis,Headphones,2,3650.91,13-03-2025
ORD102432,Justin Dunn,Camera,3,224.66,06-10-2025
ORD102433,Rachel Anderson,Mouse,1,744.66,19-11-2024
ORD102434,Jesus Henderson,Headphones,2,1285.4,09-11-2025
ORD102435,Logan Donovan,Camera,3,4385.68,20-07-2024
ORD102436,Denise Townsend,Tablet,1,2537.2,27-11-2024
ORD102437,Theresa Rose,Mobile,4,3737.83,15-04-2024
ORD102438,Cynthia Tran,Printer,4,4252.31,23-04-2024
ORD102439,Tyler Padilla,Mouse,3,3271.38,14-01-2026
ORD102440,Jenna Cochran,Laptop,4,867.52,01-12-2024
ORD102441,Courtney Keller,Monitor,2,4875.93,11-02-2024
ORD102442,Connor Newman,Camera,2,4602.86,20-04-2025
ORD102443,Meagan Chaney DDS,Camera,4,2880.22,12-10-2025
ORD102444,Elaine Mckee,Smartwatch,4,475.41,25-01-2025
ORD102445,Erin Tate,Tablet,3,134.2,17-07-2025
ORD102446,Matthew Gutierrez,Laptop,1,1476.35,27-11-2024
ORD102447,Amy Bowman MD,Monitor,1,2937.27,12-02-2024
ORD102448,Bethany Brown,Keyboard,1,1588.17,01-04-2025
ORD102449,James Hanson,Tablet,5,1610.89,04-06-2024
ORD102450,David Jacobson MD,Smartwatch,2,2689.25,25-02-2024
ORD102451,Victor Walsh,Headphones,3,2506.4,05-01-2025
ORD102452,Emma Fitzgerald,Monitor,1,447.19,01-06-2025
ORD102453,Anna Harris,Headphones,3,655.4,04-11-2025
ORD102454,Heidi Anderson,Keyboard,2,4845.33,30-03-2024
ORD102455,William Johnson,Headphones,3,4806.07,28-01-2025
ORD102456,Clifford Lewis,Laptop,3,1714.79,07-07-2024
ORD102457,Kelly Robertson,Mouse,5,861.88,26-04-2025
ORD102458,Wendy Johnson,Headphones,4,1677.78,12-08-2025
ORD102459,Jacob Gonzalez,Camera,3,4472.67,31-05-2025
ORD102460,David Clark,Camera,1,1773.01,28-09-2025
ORD102461,Cynthia Walker,Printer,2,4908.13,09-06-2024
ORD102462,Michael Howard,Mobile,3,2621.35,16-11-2024
ORD102463,Kimberly Foster,Printer,4,1360.87,12-09-2024
ORD102464,Ryan Moore,Keyboard,1,250.35,15-02-2025
ORD102465,Danielle Harris,Printer,5,2624.53,31-07-2024
ORD102466,Tonya Larsen,Mouse,3,2727.48,10-09-2025
ORD102467,Bonnie Rodriguez,Keyboard,1,4898.43,04-07-2024
ORD102468,Jake Johnson,Monitor,1,179.96,12-03-2025
ORD102469,Alex Baker,Mouse,2,3188.56,22-08-2025
ORD102470,Amanda Sutton,Mobile,4,4054.35,06-02-2025
ORD102471,Maria Haas,Printer,5,1822.7,15-11-2025
ORD102472,David Hooper,Mobile,3,1858.22,15-10-2025
ORD102473,Matthew Jacobs,Smartwatch,2,2409.85,20-06-2024
ORD102474,Lisa Fisher,Camera,4,4741.01,31-01-2026
ORD102475,Mary Edwards,Mobile,3,3502.42,13-04-2024
ORD102476,Michael Davis,Printer,3,4731.25,06-01-2026
ORD102477,Dawn Perkins,Headphones,4,2201.17,10-05-2024
ORD102478,Chelsea Keller,Laptop,1,4260.57,27-04-2025
ORD102479,Dakota Garrett,Printer,3,4326.27,30-03-2025
ORD102480,Crystal Miller,Camera,5,3199.4,22-02-2025
ORD102481,Laura Rogers,Smartwatch,3,4576.23,19-08-2024
ORD102482,Carl Brown,Smartwatch,3,1491.67,01-11-2024
ORD102483,Matthew Allen Jr.,Camera,5,3108.06,07-11-2025
ORD102484,Ronald Gonzalez,Camera,4,2161.47,29-04-2024
ORD102485,Mr. William Huff,Tablet,1,4994.7,26-08-2024
ORD102486,Eric Faulkner,Keyboard,4,4906.09,25-04-2025
ORD102487,Tony Dean,Headphones,1,4826.17,20-02-2025
ORD102488,Jordan Lynch,Tablet,4,2300.77,09-07-2024
ORD102489,Jacqueline Smith,Camera,3,1964.2,12-11-2024
ORD102490,Denise Cole,Mouse,3,2817.77,28-11-2024
ORD102491,Sarah Fischer,Headphones,2,473.82,04-06-2025
ORD102492,Pamela Figueroa,Tablet,4,3801.5,23-04-2025
ORD102493,Vanessa Scott,Mouse,4,2356.12,27-12-2025
ORD102494,Michael Johnson,Laptop,3,4461.09,25-05-2025
ORD102495,Thomas Werner,Smartwatch,1,4202.94,07-12-2025
ORD102496,William Bolton,Laptop,1,1174.57,11-07-2024
ORD102497,Justin Meyers,Camera,2,4789.73,15-10-2024
ORD102498,Stephanie Bryant MD,Keyboard,4,1455.86,23-10-2025
ORD102499,Tiffany Anderson,Keyboard,2,513.6,27-09-2024
ORD102500,Kyle Vargas,Tablet,5,1774.49,25-07-2025
ORD102501,Sandra Davis,Laptop,4,1148.78,04-06-2025
ORD102502,John Dean,Tablet,5,2416.31,06-07-2024
ORD102503,Kevin Hughes,Monitor,5,4341.94,29-07-2024
ORD102504,Mrs. Dawn Johnson DDS,Keyboard,2,467.74,30-01-2025
ORD102505,Susan Mclaughlin,Mouse,2,4501.68,14-12-2024
ORD102506,Jennifer Baker MD,Smartwatch,2,3941.45,02-04-2025
ORD102507,Darius Mayo,Printer,3,2148.32,05-07-2025
ORD102508,Drew Valdez,Printer,3,4623.15,07-12-2025
ORD102509,Jeremy Paul,Mouse,2,2750.15,08-04-2025
ORD102510,Joseph Miller,Headphones,5,4296.2,17-11-2024
ORD102511,Evan Hardy,Monitor,1,2265.66,19-09-2024
ORD102512,Crystal Savage,Smartwatch,1,478.74,23-04-2025
ORD102513,Erica Campbell,Monitor,1,3211.52,14-09-2025
ORD102514,Madison Garza,Tablet,1,3603.39,22-11-2025
ORD102515,Mary Alexander,Monitor,4,892.51,23-12-2025
ORD102516,Darlene Newton,Printer,1,3047.27,19-06-2024
ORD102517,Daniel Washington,Tablet,4,2645.05,11-03-2025
ORD102518,Glenn Fischer,Keyboard,2,3243.91,06-09-2025
ORD102519,Christopher Long,Smartwatch,5,1479.99,18-05-2024
ORD102520,Dr. Matthew Howard,Laptop,5,964.6,05-02-2026
ORD102521,Jacqueline Williamson,Camera,5,1534.71,03-03-2024
ORD102522,Kimberly Mccann,Mouse,2,4058.92,31-01-2025
ORD102523,Ryan Gray,Tablet,2,2487.38,27-06-2025
ORD102524,Mitchell Bell,Tablet,1,2634.64,19-10-2024
ORD102525,Laura Perez,Mobile,4,1523.03,14-09-2025
ORD102526,Caroline Mayer DDS,Smartwatch,5,3560.66,08-05-2024
ORD102527,Karen Mcdonald,Mouse,4,838.12,21-06-2025
ORD102528,April Warner,Headphones,2,1255.27,07-03-2025
ORD102529,Melanie Riley,Mobile,4,3181.07,23-06-2024
ORD102530,Scott Johnson,Headphones,1,2031.76,16-12-2024
ORD102531,Tiffany Garcia,Keyboard,3,4412.98,04-04-2024
ORD102532,William Ward,Mouse,1,3301.4,06-07-2024
ORD102533,Kelly Stevenson,Mobile,5,785.82,16-03-2024
ORD102534,Brenda Bauer,Printer,5,1802.94,29-06-2025
ORD102535,Richard Drake,Laptop,3,317.06,24-04-2025
ORD102536,Jade Garcia,Smartwatch,5,3653.63,11-11-2024
ORD102537,Nancy Green,Smartwatch,5,3124.51,02-02-2025
ORD102538,Sharon Davis,Headphones,1,909.92,06-10-2024
ORD102539,Andrew Bradford,Monitor,2,1075.06,03-04-2025
ORD102540,Mr. Brian Taylor,Mouse,2,4192.56,29-03-2024
ORD102541,Meredith Powers,Headphones,2,4666.21,16-11-2024
ORD102542,Miss Amy Ortiz,Keyboard,5,569.72,07-03-2024
ORD102543,Mr. Samuel Barton,Printer,1,1556.05,21-05-2024
ORD102544,Stefanie Wilson,Keyboard,4,4166.35,10-02-2025
ORD102545,Christine Miranda,Headphones,5,844.99,03-06-2025
ORD102546,Sherri Roberts,Smartwatch,2,3403.57,21-01-2026
ORD102547,Cynthia Day,Keyboard,5,2551.74,26-09-2024
ORD102548,Rhonda Lopez,Keyboard,4,607.46,03-04-2024
ORD102549,Victoria Allen,Camera,3,2811.1,19-11-2024
ORD102550,Ashley Jackson,Headphones,3,520.46,01-12-2024
ORD102551,Ronald Williams,Camera,1,2804.59,16-12-2024
ORD102552,Brittney Nguyen,Mouse,1,2061.81,06-01-2025
ORD102553,Rachael Richardson,Mobile,1,490.32,04-10-2025
ORD102554,Amanda Lee,Smartwatch,1,3583.89,12-04-2024
ORD102555,Christopher Cunningham,Mobile,3,2307.19,02-07-2024
ORD102556,Kathleen Miller,Laptop,2,1695.8,19-06-2024
ORD102557,Denise Glenn,Keyboard,5,3759.37,14-07-2024
ORD102558,Judy Thompson,Mouse,3,1200.04,22-05-2025
ORD102559,Tonya Daniel,Mouse,5,460.21,27-01-2025
ORD102560,Whitney Johnson,Printer,5,2058.23,31-01-2025
ORD102561,Rachel Johnson,Keyboard,1,4100.57,26-09-2024
ORD102562,Jenny Miller,Monitor,3,4188.53,14-10-2024
ORD102563,Michael Mendez,Mobile,5,1202.54,31-12-2025
ORD102564,Timothy Jones,Mobile,4,4207.84,29-09-2025
ORD102565,Eugene Stevenson,Printer,1,1007.3,25-08-2024
ORD102566,Jesus White,Mouse,5,1100.82,20-06-2024
ORD102567,Justin Mendez,Monitor,4,3168.9,25-11-2024
ORD102568,Charles Ward,Monitor,2,1678.44,01-12-2024
ORD102569,Kathleen Walker,Camera,2,1423.01,04-08-2024
ORD102570,Mr. Joe Li MD,Printer,3,882.79,26-03-2025
ORD102571,Summer Newton,Keyboard,4,4492.99,22-02-2025
ORD102572,Joseph Thompson,Mouse,5,4995.98,14-11-2025
ORD102573,Christopher Schroeder,Tablet,5,309.62,30-01-2026
ORD102574,Yolanda Kent,Camera,4,583.35,27-07-2024
ORD102575,Joel Hendrix,Mobile,4,2301.86,04-11-2025
ORD102576,Lori Griffith,Printer,1,363.71,17-09-2024
ORD102577,Steven Morris,Camera,1,1305.25,24-06-2025
ORD102578,Jack Guerrero,Keyboard,4,3245.61,22-06-2025
ORD102579,Cynthia King,Monitor,3,3805.82,18-09-2024
ORD102580,Juan Hansen,Tablet,1,4428.2,27-05-2025
ORD102581,Tammy Ferguson,Printer,4,4758.66,03-09-2025
ORD102582,Charles Jones,Monitor,4,1990.35,24-11-2025
ORD102583,Andrew Gonzalez,Smartwatch,2,2372.07,07-12-2024
ORD102584,Nancy Wilson,Camera,2,281.66,01-05-2024
ORD102585,Mary Bennett,Monitor,4,520.32,29-05-2024
ORD102586,Michael Hoffman,Printer,1,4994.85,11-09-2024
ORD102587,George Garcia,Mouse,2,844.24,19-12-2024
ORD102588,Crystal Williams,Mobile,1,2867.82,04-03-2024
ORD102589,James Rhodes,Tablet,3,351.39,02-08-2025
ORD102590,Justin Perez,Tablet,4,4679.99,25-09-2024
ORD102591,Chris Smith,Smartwatch,3,1817.01,10-05-2025
ORD102592,Kimberly Robbins,Tablet,3,1148.09,26-06-2024
ORD102593,Stephanie Taylor,Monitor,1,1180.9,20-11-2024
ORD102594,Joseph Ryan,Mobile,2,3868.56,25-06-2024
ORD102595,Cynthia Dean,Mobile,2,3259.7,02-11-2024
ORD102596,Joshua Higgins,Mouse,2,3022.45,12-06-2025
ORD102597,Carlos Bowen,Mouse,4,3599.98,28-10-2024
ORD102598,Brent Ramirez,Printer,3,3598.93,23-03-2025
ORD102599,Lori Cruz,Keyboard,2,4518.34,10-08-2025
ORD102600,Joseph Sanchez,Camera,4,1384.71,08-11-2024
ORD102601,Eric Gray,Headphones,2,2392.19,16-10-2025
ORD102602,Christopher Foley,Smartwatch,5,872.63,19-01-2026
ORD102603,Derrick Campos,Headphones,4,4111.55,22-11-2024
ORD102604,Susan Parks,Keyboard,2,3706.02,07-07-2024
ORD102605,Tina Mcclure,Printer,5,4198.76,23-07-2025
ORD102606,Megan Quinn,Mobile,4,1539.37,07-06-2024
ORD102607,Margaret Fowler,Mouse,3,1171.15,28-01-2026
ORD102608,Megan Bush,Mobile,1,3410.81,08-06-2025
ORD102609,Sonia Jacobs,Headphones,4,1573.35,31-10-2024
ORD102610,James Hester,Mouse,4,3284.01,11-06-2024
ORD102611,Michael Lewis,Mobile,3,2704.36,28-06-2024
ORD102612,Andrew Alvarez,Monitor,4,2573.96,12-06-2025
ORD102613,Erika Williams,Laptop,3,4385.14,13-03-2024
ORD102614,Eric Johnson,Laptop,5,3307.58,07-01-2026
ORD102615,William Prince,Monitor,2,1546.12,17-07-2024
ORD102616,Eric Williams,Tablet,3,736.22,16-09-2024
ORD102617,Gilbert Crane,Smartwatch,3,3141.07,04-12-2024
ORD102618,Jeffrey Werner,Headphones,1,4103.32,16-04-2025
ORD102619,Jeffrey Johnson,Smartwatch,1,1684.59,19-05-2025
ORD102620,Nicholas Reyes,Monitor,5,2923.25,11-03-2025
ORD102621,Karina Price,Printer,4,2020.83,15-04-2024
ORD102622,Melissa Welch,Laptop,3,2652.29,16-10-2024
ORD102623,Michael Morgan,Headphones,1,4277.93,10-11-2025
ORD102624,Anna Ruiz,Mobile,2,143.73,08-02-2026
ORD102625,Amy Soto,Laptop,3,2635.49,06-07-2025
ORD102626,Jacqueline Choi,Tablet,2,4120.34,13-12-2025
ORD102627,Stephanie Reyes,Tablet,4,1644.82,16-09-2025
ORD102628,David Jackson,Laptop,1,1392.08,03-11-2024
ORD102629,Danielle Lee,Printer,2,4360.51,16-08-2025
ORD102630,Lisa Watson,Headphones,2,1787.49,10-10-2024
ORD102631,Marcus Ortega,Mouse,1,2405.1,18-08-2025
ORD102632,Alexis Powell,Laptop,2,994.54,11-11-2025
ORD102633,Joseph Holloway,Camera,3,1631.26,14-11-2025
ORD102634,Matthew Thomas,Tablet,1,2442.55,06-05-2025
ORD102635,Stacey Clark,Smartwatch,5,396.92,06-03-2025
ORD102636,Johnny Green,Monitor,5,4561.38,21-05-2025
ORD102637,Laura Green,Headphones,2,1956.49,17-12-2024
ORD102638,Amanda Guerrero,Mouse,3,2879.56,06-07-2024
ORD102639,Kevin Vasquez,Printer,5,4513.27,22-01-2025
ORD102640,Joshua Ramirez,Smartwatch,2,1683.8,23-08-2024
ORD102641,Robert Jackson,Tablet,5,1217.22,16-11-2024
ORD102642,Adam Cunningham,Keyboard,3,2723.52,23-03-2025
ORD102643,Mark Cunningham,Smartwatch,5,4833,10-10-2025
ORD102644,William Jackson,Keyboard,4,2674.2,22-02-2025
ORD102645,Jonathan Pittman,Smartwatch,5,2583.32,14-08-2024
ORD102646,Brooke Hoover,Headphones,2,3075.21,26-03-2025
ORD102647,Regina Gutierrez,Mouse,5,2533.88,30-01-2025
ORD102648,James Walker,Mouse,1,2007.78,31-08-2025
ORD102649,Michael Brooks,Camera,1,2445.03,07-01-2025
ORD102650,Amy Trevino,Keyboard,2,881.05,26-05-2025
ORD102651,Christopher Rose,Smartwatch,1,4868.01,13-01-2025
ORD102652,Jonathan Meyers,Keyboard,4,803.02,08-03-2024
ORD102653,Amy Hamilton,Mouse,2,525.24,05-01-2026
ORD102654,David Anderson,Laptop,2,3688.98,02-10-2025
ORD102655,Robert Thomas,Headphones,4,1139.24,05-03-2024
ORD102656,Robert Hayes,Smartwatch,3,1683.25,07-09-2025
ORD102657,Scott Hart,Laptop,1,1230.88,21-06-2025
ORD102658,Samantha Whitaker,Smartwatch,3,1252.48,04-05-2024
ORD102659,Timothy Lee,Printer,5,3969.71,28-02-2025
ORD102660,Ann Kelly,Monitor,1,620.6,22-11-2024
ORD102661,Todd Ward,Headphones,5,2962.58,08-10-2024
ORD102662,Roger Rodriguez,Laptop,4,2473.38,05-03-2024
ORD102663,Bobby Kent,Camera,3,378.19,19-07-2025
ORD102664,Christopher Lee,Headphones,1,1215.62,17-04-2025
ORD102665,Ashley Tucker,Mouse,4,4921.59,08-07-2024
ORD102666,Matthew Johnson,Mobile,3,2551.74,02-02-2026
ORD102667,Max Hodge,Mobile,4,3524.26,18-05-2025
ORD102668,Dr. Gabrielle Taylor DVM,Monitor,3,1002.61,07-08-2024
ORD102669,David Anderson,Laptop,2,3990.56,10-09-2025
ORD102670,Michelle Hernandez,Smartwatch,3,389.07,04-07-2024
ORD102671,Nathan Wilson,Monitor,1,313.81,21-10-2024
ORD102672,Cesar West,Camera,5,2883.77,23-02-2024
ORD102673,Susan Deleon,Tablet,4,2908.97,11-10-2025
ORD102674,Sandra Perry,Laptop,2,881.4,25-09-2024
ORD102675,Stacy Ellis,Camera,3,3432.41,25-09-2025
ORD102676,Kathryn Moore,Laptop,2,4647.57,03-06-2025
ORD102677,Lynn Davis,Printer,2,282.96,09-09-2024
ORD102678,Michael Bullock,Mouse,5,4602.61,30-09-2024
ORD102679,Lisa Long,Printer,1,2330.57,03-11-2025
ORD102680,Robin Brown,Mouse,4,4104.92,22-08-2024
ORD102681,Eric Ware,Camera,5,3790.35,25-09-2025
ORD102682,Angela Dominguez,Smartwatch,1,1633.13,16-12-2024
ORD102683,Brent Martin,Laptop,5,2443.27,27-11-2024
ORD102684,Christopher Olson,Monitor,2,4762.95,11-04-2024
ORD102685,Robert Rhodes,Mouse,3,4480.1,29-05-2025
ORD102686,Anthony Anderson,Tablet,4,3793.71,24-06-2024
ORD102687,Lauren Rowe,Headphones,4,2575.96,11-02-2024
ORD102688,Jeremiah Browning,Camera,1,1602.98,03-12-2025
ORD102689,Tracey Peck,Tablet,4,4612.42,09-02-2026
ORD102690,Julie Martinez,Mobile,4,4696.66,12-12-2025
ORD102691,Chad Lambert,Mobile,1,1422.13,20-12-2024
ORD102692,Daniel Clark,Mobile,2,3497.69,09-09-2024
ORD102693,Jennifer Wilson,Monitor,4,293.89,21-02-2025
ORD102694,James Sanchez,Mobile,2,2978.7,26-07-2024
ORD102695,Luis Roberts,Mouse,5,2250.07,18-02-2024
ORD102696,Tina Wheeler,Camera,3,1156.66,02-04-2024
ORD102697,Steven Richardson,Tablet,3,3878.3,13-05-2025
ORD102698,Emma Rodriguez,Printer,1,2504.8,22-08-2025
ORD102699,Lawrence Floyd,Tablet,3,245.03,20-04-2024
ORD102700,Stephen Hill,Keyboard,3,3951.03,04-12-2024
ORD102701,Jasmine Andrews,Laptop,2,290.73,04-01-2025
ORD102702,Elijah Rivera,Monitor,3,689.78,29-09-2024
ORD102703,Kevin Chavez,Keyboard,1,894.07,05-09-2024
ORD102704,Christopher Davis,Mobile,4,3776.31,23-10-2025
ORD102705,Marissa Butler,Keyboard,4,2482.54,14-08-2025
ORD102706,Brandy Ramos,Monitor,4,4186.16,08-06-2025
ORD102707,Pamela Bowman,Headphones,2,3961.28,01-01-2026
ORD102708,Thomas Schultz MD,Printer,5,1500.49,09-09-2024
ORD102709,Amanda Walker,Mobile,4,3506.96,03-05-2024
ORD102710,Lisa King,Printer,4,2541.59,31-07-2024
ORD102711,Lauren Parker,Camera,2,4727.72,27-11-2025
ORD102712,Martin Orozco,Mouse,1,1653.42,28-09-2024
ORD102713,Brandy Martinez,Mouse,1,2400.1,14-04-2025
ORD102714,Joseph Edwards,Smartwatch,3,2591.98,27-05-2024
ORD102715,Sandy Ferguson,Monitor,1,4765.56,26-12-2024
ORD102716,Deborah Ali,Monitor,2,3120.22,19-03-2024
ORD102717,Mindy Wilkins,Laptop,1,2808.74,19-01-2025
ORD102718,Sharon Mejia,Laptop,1,3160.97,01-04-2024
ORD102719,Cameron Rogers,Printer,2,1074.59,15-07-2024
ORD102720,Chad Smith,Camera,5,3074.6,12-03-2024
ORD102721,Allison Vazquez,Printer,2,123.25,05-12-2025
ORD102722,Scott Lam,Camera,4,3738.38,02-08-2024
ORD102723,Joseph White,Headphones,4,3717.22,07-10-2024
ORD102724,Michael Thompson,Smartwatch,3,157.15,14-12-2025
ORD102725,Christopher Cantrell,Laptop,5,2108.07,19-03-2025
ORD102726,Nathaniel Simon,Printer,4,3213.21,22-07-2025
ORD102727,Sara Silva,Tablet,3,3148.12,25-06-2024
ORD102728,Valerie Hays,Printer,3,2424.24,03-04-2024
ORD102729,Lori Coleman,Mouse,1,4339.28,14-04-2025
ORD102730,Andrea Booth,Camera,4,2701.4,28-11-2024
ORD102731,Carol Kent,Printer,5,1730.02,14-11-2025
ORD102732,Shawn Underwood,Mobile,2,2278.83,27-12-2024
ORD102733,Rhonda Li,Printer,1,642.17,28-04-2025
ORD102734,Kaitlyn Dean,Printer,2,626.4,14-04-2025
ORD102735,Tyler Jones,Smartwatch,3,3174.84,24-02-2025
ORD102736,Jacqueline Conner,Mobile,3,4755.03,16-03-2025
ORD102737,Amanda Olson,Keyboard,4,1941.29,31-10-2024
ORD102738,Kimberly Smith,Mobile,1,4567.47,15-06-2024
ORD102739,Richard Mcgee,Camera,5,3067.14,11-03-2024
ORD102740,Martha Green,Printer,3,2985.52,28-07-2025
ORD102741,Sheila Paul,Smartwatch,4,565.82,01-06-2024
ORD102742,Rodney Kim,Smartwatch,5,3407.31,29-07-2025
ORD102743,Phillip Myers,Headphones,5,826.91,23-09-2024
ORD102744,Stacy Stanley,Smartwatch,3,3609.97,19-03-2024
ORD102745,Yvonne Stewart,Laptop,2,2425,09-12-2025
ORD102746,Christian Jones,Headphones,2,4888.09,25-07-2024
ORD102747,Joshua Martin,Mobile,1,3308.65,06-06-2024
ORD102748,Stacy Holland,Mobile,1,3444.71,13-12-2025
ORD102749,Dominic Campbell,Monitor,5,1939.79,20-12-2025
ORD102750,Tiffany Holmes,Monitor,4,4966.94,10-03-2025
ORD102751,Jessica Garcia,Mobile,4,4883.47,04-01-2025
ORD102752,Yvonne Paul,Monitor,4,3748.74,30-08-2025
ORD102753,Ashley Tran,Headphones,5,1774.38,31-01-2025
ORD102754,Richard Salinas,Smartwatch,4,2957.77,17-05-2024
ORD102755,Stephanie Gill,Printer,2,694.5,27-09-2024
ORD102756,Linda Elliott,Smartwatch,5,421.06,22-07-2025
ORD102757,Oscar Campbell,Laptop,3,4145.4,14-04-2024
ORD102758,Kathryn Brown,Printer,4,4060.72,27-12-2025
ORD102759,Yvonne Johnson,Tablet,2,1000.81,15-11-2024
ORD102760,Charles Gallagher,Headphones,1,1633.16,10-10-2025
ORD102761,Michelle Graham,Monitor,3,2716.03,24-10-2025
ORD102762,Ashley Sexton,Smartwatch,4,3324.32,07-01-2026
ORD102763,Dawn Olson,Tablet,3,1998.77,02-04-2024
ORD102764,Dawn Miller,Headphones,1,3442.42,27-01-2025
ORD102765,William Palmer,Camera,5,1456.69,22-12-2024
ORD102766,Jack Carr,Camera,4,3164.59,01-12-2025
ORD102767,Douglas Keller,Monitor,3,2579.59,07-03-2024
ORD102768,Steven Thompson,Camera,4,2066.89,20-03-2025
ORD102769,Candice Grant,Laptop,3,255.99,07-06-2024
ORD102770,Lisa Scott,Laptop,5,790.3,08-05-2024
ORD102771,John Hernandez,Mouse,3,2537.7,26-09-2025
ORD102772,Jessica Yu,Smartwatch,2,783,25-02-2024
ORD102773,Michael Reilly,Camera,4,399.05,11-01-2026
ORD102774,Dylan Smith,Laptop,4,2116.42,14-05-2025
ORD102775,Ronald Morris,Tablet,4,4825.57,23-08-2024
ORD102776,Cody Adkins,Keyboard,1,4186.81,22-08-2025
ORD102777,Linda Powell,Mouse,2,4993.5,29-11-2024
ORD102778,Chris Torres,Headphones,3,242.14,20-04-2025
ORD102779,Ivan Jones,Mobile,1,3294.51,11-07-2024
ORD102780,Alyssa King,Tablet,1,1545.02,07-03-2024
ORD102781,Anthony Kelley,Tablet,1,4920.01,03-09-2025
ORD102782,Alex Jackson,Monitor,4,4592.42,03-04-2025
ORD102783,Lisa Delacruz,Laptop,2,4147.58,24-07-2025
ORD102784,Kim Lowery,Monitor,4,1317.22,26-09-2025
ORD102785,Diana Valentine,Mobile,3,1799.72,08-06-2024
ORD102786,Thomas Ochoa,Keyboard,1,2280.92,10-06-2025
ORD102787,Melissa Warren,Mobile,3,1526.97,25-03-2025
ORD102788,Erin Russell,Keyboard,2,4567.45,11-01-2026
ORD102789,Amber Long,Laptop,2,903.72,27-07-2024
ORD102790,Michael Goodwin,Mouse,5,3309.2,03-02-2026
ORD102791,Mark Flores,Monitor,2,977.85,24-12-2025
ORD102792,Ronald Houston,Tablet,5,470.59,24-07-2024
ORD102793,Ashley Stokes,Mouse,5,522.19,17-02-2025
ORD102794,Amanda Williams,Keyboard,4,400.69,01-12-2025
ORD102795,Joseph Melton,Camera,1,2208.93,18-06-2024
ORD102796,Raymond Conway,Monitor,5,277.27,07-11-2025
ORD102797,Jean Hull MD,Monitor,4,3613.55,17-12-2025
ORD102798,Diana Hoover,Tablet,1,676.07,17-08-2025
ORD102799,Katelyn Glenn,Smartwatch,3,2781.04,15-08-2025
ORD102800,Benjamin White,Keyboard,5,2261.45,27-10-2024
ORD102801,Heidi Miller,Mobile,4,4811.21,23-10-2024
ORD102802,Melinda Anderson,Smartwatch,4,877.9,05-03-2025
ORD102803,Ashley Fletcher,Headphones,1,4343.32,02-10-2024
ORD102804,Theodore Johnson,Mobile,1,516.56,15-06-2024
ORD102805,John Bartlett,Headphones,3,862.98,09-02-2026
ORD102806,Victoria Holloway,Headphones,2,4708.3,28-11-2024
ORD102807,Wendy Hughes,Camera,4,665.55,04-12-2025
ORD102808,Angel Cruz,Smartwatch,2,2814.66,18-03-2024
ORD102809,Janet Lawrence,Tablet,3,3538.32,03-08-2025
ORD102810,Monique Hays,Smartwatch,5,4479.86,10-08-2024
ORD102811,Justin Bryan,Smartwatch,4,4964.63,25-12-2025
ORD102812,Jennifer Fisher,Monitor,1,172.26,15-11-2024
ORD102813,Carmen Blackwell,Printer,3,953.33,05-08-2025
ORD102814,Alexis Bennett,Smartwatch,3,4657.11,11-08-2024
ORD102815,Wayne Sherman,Printer,4,1596.51,17-09-2025
ORD102816,Elizabeth Cole,Tablet,5,1435.12,03-10-2025
ORD102817,Tracy Morris,Keyboard,5,2045.93,18-09-2025
ORD102818,Jessica Morales,Smartwatch,5,1978.4,30-08-2024
ORD102819,Patrick Cherry,Headphones,1,1094.76,09-02-2026
ORD102820,Alexis Lewis,Monitor,5,4445.29,12-05-2025
ORD102821,Mr. Alan Hardin,Camera,1,2021.74,01-08-2025
ORD102822,Heather Barnett,Keyboard,2,3323.23,05-07-2025
ORD102823,Angela Bruce,Mouse,4,3605.7,30-01-2026
ORD102824,Diane Price,Tablet,1,3191.43,03-05-2025
ORD102825,Luis Saunders,Mobile,1,864.41,02-11-2025
ORD102826,Bradley Martin,Mouse,2,4166.39,15-02-2024
ORD102827,Timothy Garner,Printer,2,755.53,16-07-2024
ORD102828,Joseph Castaneda,Tablet,5,1231.37,25-05-2024
ORD102829,Jason Patel,Monitor,5,1010.67,09-08-2024
ORD102830,James Weaver,Laptop,3,3172.7,06-01-2025
ORD102831,Thomas Vazquez,Monitor,5,4560.39,10-03-2025
ORD102832,Melody Ellis,Laptop,5,2722.13,09-04-2024
ORD102833,Rebecca Harrison,Keyboard,5,1753.82,27-08-2025
ORD102834,Jacqueline Walker,Mobile,5,2357.34,04-09-2025
ORD102835,Michele Malone,Keyboard,4,373.37,27-01-2026
ORD102836,Jennifer Nielsen,Headphones,1,2075.73,01-11-2024
ORD102837,Barry Taylor,Mouse,4,3621.96,27-04-2025
ORD102838,Michelle Solis,Headphones,3,1288.29,01-02-2025
ORD102839,William Peterson,Laptop,3,3143.39,11-05-2024
ORD102840,Derek Roberts,Laptop,1,2280.81,20-10-2025
ORD102841,Casey Monroe,Camera,1,3425.95,12-06-2025
ORD102842,Jennifer Stout,Smartwatch,5,4120.19,24-05-2024
ORD102843,Tyler Warren,Monitor,1,1354.87,15-10-2024
ORD102844,Jamie Sanders,Laptop,1,2696.42,23-06-2025
ORD102845,Nathan Marshall,Camera,1,1564.55,14-04-2024
ORD102846,Kimberly Mueller,Monitor,1,3776.42,26-01-2025
ORD102847,Mandy Day,Monitor,3,1812.96,07-08-2024
ORD102848,Jeremiah Ward Jr.,Headphones,5,2215.77,03-08-2024
ORD102849,John Bell,Laptop,4,1356.85,17-12-2024
ORD102850,Lisa Cole,Tablet,3,1733.01,13-02-2025
ORD102851,Michael Harris,Printer,2,1990.9,19-03-2024
ORD102852,Philip Shepherd,Printer,5,2961.29,04-06-2024
ORD102853,Maria Dominguez,Smartwatch,5,2110.52,04-04-2024
ORD102854,James Lopez,Smartwatch,3,2259.63,01-08-2025
ORD102855,Monique Delgado,Camera,4,127.4,01-12-2025
ORD102856,Jennifer Clark,Printer,5,1151.64,21-10-2024
ORD102857,Ryan Torres,Headphones,5,1348.63,27-07-2025
ORD102858,Roberto Bradshaw,Smartwatch,2,2444.95,27-08-2024
ORD102859,Jeffrey Rojas,Headphones,3,625.3,03-02-2026
ORD102860,Samuel Martin,Smartwatch,5,4532.73,08-07-2025
ORD102861,Jason Boyd,Laptop,3,3548.93,22-05-2024
ORD102862,Tina Smith,Tablet,3,4656.15,11-06-2024
ORD102863,Sally Kaiser,Camera,4,711.41,26-08-2024
ORD102864,Danielle Bond,Keyboard,3,4856.23,15-05-2024
ORD102865,Kristin Duncan,Keyboard,2,4545.15,30-08-2025
ORD102866,Tim Tate,Headphones,1,1412.79,10-06-2025
ORD102867,Russell Perez,Mobile,3,4965.2,25-06-2025
ORD102868,Edward Hardy,Printer,4,811.65,09-04-2025
ORD102869,Andrew Stewart,Camera,5,2750.08,27-01-2025
ORD102870,Adam Bowen,Laptop,2,257.37,02-01-2026
ORD102871,William Rich,Camera,3,3933.91,27-03-2025
ORD102872,Christopher Cabrera,Mobile,5,3247.88,02-10-2024
ORD102873,Michael Anderson,Printer,5,3841.08,26-05-2024
ORD102874,Rebecca Webb,Camera,5,4007.96,17-02-2024
ORD102875,Connor Collins,Smartwatch,4,2904.17,08-08-2024
ORD102876,Jason Mendoza,Smartwatch,2,2215.34,26-11-2024
ORD102877,Sara Burgess,Laptop,1,3381.19,05-08-2025
ORD102878,Christopher Bell,Mobile,5,3116.36,15-06-2024
ORD102879,Wayne Hunter,Keyboard,3,569.56,01-01-2026
ORD102880,Phyllis Stephens,Monitor,5,1065.21,30-09-2024
ORD102881,Stephen Lyons,Printer,1,2039.65,02-06-2024
ORD102882,Brandi Riley,Mouse,1,3537.02,04-10-2025
ORD102883,Brittney Osborne,Smartwatch,1,630.22,11-04-2025
ORD102884,Cassidy Bennett,Laptop,2,1818.63,04-06-2024
ORD102885,Mark Contreras,Smartwatch,3,4999.14,26-02-2024
ORD102886,Jeffery Wallace,Mobile,3,4918.79,27-02-2024
ORD102887,Jennifer Vasquez,Mouse,3,123.1,07-07-2024
ORD102888,Lisa Marshall,Keyboard,5,3590.87,16-02-2024
ORD102889,Megan Edwards,Mouse,1,3803.12,06-04-2025
ORD102890,Maria Owens,Headphones,4,4175.4,08-12-2025
ORD102891,Bryan Quinn,Headphones,1,4788.56,31-03-2024
ORD102892,Stephanie Perez,Laptop,4,2703.31,26-04-2024
ORD102893,Mark Krause,Laptop,3,748.37,08-10-2025
ORD102894,Tiffany Fields,Camera,4,1450.92,15-06-2024
ORD102895,Brian Hodge,Mouse,3,3416.57,07-12-2024
ORD102896,Charles Torres,Mouse,4,4883.55,31-08-2025
ORD102897,Jason Boyd,Keyboard,5,4424.75,06-12-2025
ORD102898,Michael Jones,Mobile,2,3935.55,18-01-2026
ORD102899,Carlos Lyons II,Laptop,1,4871.11,02-11-2025
ORD102900,Lori Higgins,Printer,2,2405.83,18-10-2025
ORD102901,Blake Andersen,Mouse,4,2410.75,11-12-2024
ORD102902,Pedro Munoz,Tablet,1,866.52,09-02-2026
ORD102903,Michelle Torres,Tablet,1,4941.78,01-06-2025
ORD102904,Virginia Morales,Tablet,1,2983.13,23-05-2024
ORD102905,Timothy Medina,Mouse,2,3672.14,06-02-2026
ORD102906,Darlene Williams,Camera,2,4332.06,27-04-2024
ORD102907,Alicia Perry,Printer,1,4900.35,21-03-2025
ORD102908,Daniel Young,Keyboard,4,3628.57,27-12-2025
ORD102909,Sydney Garcia,Laptop,2,4612.32,10-10-2024
ORD102910,Wendy Snyder,Keyboard,2,4730.83,31-05-2024
ORD102911,Colleen Richards,Camera,1,1102.46,13-01-2025
ORD102912,Victoria Reyes,Printer,1,4889.21,20-02-2025
ORD102913,Maria Johnson,Tablet,2,3205.86,01-09-2024
ORD102914,Tina Johnson DVM,Camera,2,792.15,18-06-2024
ORD102915,Carlos Adkins,Tablet,5,3452.46,27-04-2025
ORD102916,David Snyder,Monitor,2,870.94,03-03-2024
ORD102917,Michael Alvarez,Mouse,2,639.33,28-03-2025
ORD102918,Kenneth Woods,Monitor,3,3251.16,21-12-2025
ORD102919,John Trujillo,Mouse,4,2837.5,09-03-2024
ORD102920,Kaylee Payne,Printer,1,4887.99,05-01-2026
ORD102921,Ruth Keller,Smartwatch,5,4570.88,09-10-2024
ORD102922,Danielle Stafford MD,Tablet,3,3224.41,09-11-2025
ORD102923,Alexandra Flynn,Keyboard,3,2637.69,03-11-2024
ORD102924,Mrs. Amy Rivera,Smartwatch,1,1417.97,23-01-2026
ORD102925,Margaret Anderson,Laptop,3,2385.96,17-04-2024
ORD102926,Lauren Jackson,Tablet,1,2969.07,07-06-2024
ORD102927,James Le,Smartwatch,4,2960.51,26-07-2025
ORD102928,Dennis Martin,Keyboard,1,3864.46,15-09-2024
ORD102929,Ryan Hamilton,Camera,1,3109.37,07-06-2025
ORD102930,Nicole Walsh,Headphones,4,3666.83,11-08-2025
ORD102931,Tommy Patterson,Printer,1,1132.93,27-04-2025
ORD102932,Todd Spears,Monitor,5,3914.16,05-02-2026
ORD102933,Matthew Beck,Monitor,5,361.26,09-05-2025
ORD102934,Cynthia Johnston,Laptop,5,1090.48,29-12-2025
ORD102935,Paul Shepherd,Camera,4,3495.94,09-03-2024
ORD102936,Gregory Mercer,Tablet,3,3758.36,04-03-2025
ORD102937,Emma Nichols,Tablet,2,3396.02,22-01-2026
ORD102938,Kaitlyn Salazar,Smartwatch,4,284.76,12-06-2025
ORD102939,Jasmine Green,Keyboard,2,4473.67,04-08-2024
ORD102940,Michael Morris,Tablet,3,3532.68,28-04-2025
ORD102941,Tina Baker,Printer,5,4668.49,14-02-2024
ORD102942,Ronald Hood,Printer,4,4756.75,08-10-2025
ORD102943,Tonya Calhoun,Laptop,1,3991.75,25-05-2025
ORD102944,Douglas Lee,Mouse,3,3920.83,01-01-2025
ORD102945,James Choi,Tablet,3,2891.95,31-05-2024
ORD102946,Kelly Anderson,Monitor,3,1350.14,31-01-2025
ORD102947,Kathleen Dickerson,Mobile,2,4075.79,21-09-2024
ORD102948,Jacqueline Martinez,Monitor,4,665.11,29-01-2025
ORD102949,Karen Brewer DVM,Printer,3,2075,15-10-2024
ORD102950,David Young,Tablet,5,1666.57,25-03-2024
ORD102951,Ashley Novak,Keyboard,5,3147.33,04-09-2025
ORD102952,Larry Stuart,Monitor,1,3463.85,13-07-2024
ORD102953,Nathan Nolan,Monitor,1,803,21-02-2025
ORD102954,Jose Adams,Mobile,4,1916.09,03-05-2025
ORD102955,Steven Munoz,Monitor,5,4540.71,26-11-2025
ORD102956,Renee Olsen,Keyboard,1,2755.41,11-07-2024
ORD102957,David Mueller,Monitor,5,2521.59,11-02-2025
ORD102958,Beverly Williams,Laptop,4,3902.07,05-12-2024
ORD102959,Jack Carey,Camera,3,3663.49,27-07-2025
ORD102960,Timothy Johnson,Keyboard,1,2330.02,27-09-2025
ORD102961,Katelyn Wolfe,Laptop,3,1728.01,13-11-2024
ORD102962,Elizabeth Chen,Mobile,4,2241.7,14-01-2026
ORD102963,Thomas Smith,Keyboard,3,835.81,12-04-2025
ORD102964,Walter Lopez,Monitor,1,372.46,03-12-2025
ORD102965,Brooke Martin,Keyboard,5,1900.45,25-08-2025
ORD102966,Jessica Morrison,Tablet,4,4172.06,10-07-2024
ORD102967,Jessica James,Monitor,4,586.87,31-01-2025
ORD102968,Holly Wallace,Laptop,3,4954.58,16-02-2024
ORD102969,Megan Wells,Smartwatch,1,3214.07,01-05-2024
ORD102970,Tina Duncan,Headphones,1,4286.44,20-08-2025
ORD102971,Ellen Nelson,Printer,2,2444.4,12-01-2025
ORD102972,Devin Brady,Tablet,1,455.71,16-05-2025
ORD102973,Robert Guerrero IV,Smartwatch,1,1840.2,16-04-2024
ORD102974,Jeremy George,Printer,5,4567.54,21-07-2024
ORD102975,Gregory Williams,Smartwatch,3,4438.52,20-04-2025
ORD102976,Laura Larsen,Mobile,5,1097.57,20-07-2024
ORD102977,Regina Porter,Headphones,5,3697.68,10-07-2024
ORD102978,Jesus Powell,Mobile,5,2105.01,01-10-2025
ORD102979,Ronald Smith,Tablet,2,3148.04,19-04-2024
ORD102980,Seth Lewis,Laptop,5,4066.28,05-07-2024
ORD102981,Robert Hull,Laptop,3,2903.66,07-11-2024
ORD102982,Teresa Baird,Smartwatch,1,2406.91,02-04-2025
ORD102983,Alexander Brown,Mouse,4,2419.45,17-03-2025
ORD102984,Samantha Flynn,Headphones,2,921.43,12-09-2024
ORD102985,Ashley Logan,Camera,3,1651.87,16-08-2025
ORD102986,Robert Vasquez,Mouse,4,4750.02,28-10-2025
ORD102987,John Nguyen,Keyboard,4,727.62,08-10-2024
ORD102988,Ryan Sanchez,Mobile,5,1513.46,14-12-2025
ORD102989,Steven Clark DDS,Laptop,1,2247.94,12-12-2024
ORD102990,Luke Montgomery,Laptop,4,2878.23,19-02-2024
ORD102991,Bob May,Laptop,1,1247.76,25-01-2025
ORD102992,Shelby Frederick,Printer,2,1868.53,28-06-2024
ORD102993,James Johnston,Mobile,3,2539.8,05-10-2025
ORD102994,Edward Roy,Laptop,2,3765.15,10-02-2026
ORD102995,Andrea Orozco,Headphones,4,3543.99,03-09-2024
ORD102996,John Brown,Headphones,2,3626.45,03-04-2024
ORD102997,Sarah Long,Laptop,2,2673.53,09-03-2024
ORD102998,Jennifer Solis,Printer,1,2847.74,12-08-2024
ORD102999,Martin Bruce,Headphones,2,3521.6,01-02-2025
ORD103000,Megan Mcintosh,Tablet,4,2857.97,11-10-2025
ORD103001,Gina Kaufman,Printer,1,3247.51,02-12-2025
ORD103002,Eugene Hall,Printer,5,1133.5,28-04-2025
ORD103003,Gregory Garcia,Camera,3,4882.47,23-08-2025
ORD103004,Christine Warren,Mouse,2,4365.66,17-10-2024
ORD103005,Anne Edwards,Camera,4,378.49,15-08-2025
ORD103006,Timothy Walker,Keyboard,5,3499.04,24-03-2025
ORD103007,Kenneth Rogers,Smartwatch,1,3604.49,20-12-2024
ORD103008,Michelle Roberts,Mobile,4,1830.82,30-09-2024
ORD103009,Michael Trujillo,Mobile,4,265.03,21-09-2025
ORD103010,Francisco Williams,Laptop,4,150.72,05-02-2026
ORD103011,Ryan Roth,Keyboard,3,2150.16,08-06-2024
ORD103012,Peter Martinez,Printer,1,1152.44,31-08-2025
ORD103013,James Kramer,Smartwatch,2,4507.11,11-03-2025
ORD103014,Sara Davenport,Laptop,2,4033.79,11-10-2025
ORD103015,Cynthia Ashley,Keyboard,3,415.22,19-07-2024
ORD103016,Patricia Smith,Smartwatch,4,4100.43,20-06-2024
ORD103017,Kevin Lewis,Laptop,2,3523.9,18-10-2025
ORD103018,David Mcgrath,Tablet,2,101.76,26-05-2024
ORD103019,Adam Espinoza,Camera,1,286.21,28-10-2025
ORD103020,Erik Snyder,Keyboard,5,1537.91,04-07-2025
ORD103021,Jared Ortega,Camera,4,643.65,04-06-2024
ORD103022,Jennifer Morrison,Smartwatch,5,4766.79,29-10-2025
ORD103023,Cynthia Williams,Headphones,3,1879.24,01-12-2024
ORD103024,Frank Arellano,Tablet,3,2749.47,14-02-2025
ORD103025,Nicole Murphy,Tablet,4,1996.7,15-06-2025
ORD103026,Jessica Brown,Smartwatch,2,3042.47,24-01-2025
ORD103027,Tammy Gray,Mobile,1,4551.41,25-06-2025
ORD103028,Mary Dougherty,Monitor,5,116.58,02-05-2025
ORD103029,Stephanie Perez,Headphones,2,2332.03,23-12-2024
ORD103030,Caleb Turner,Headphones,3,2087.41,05-08-2025
ORD103031,Jamie Jackson,Monitor,3,4709.92,22-12-2025
ORD103032,Alexandra Bird,Smartwatch,2,915.63,28-05-2025
ORD103033,Amanda Castillo,Printer,2,4629.24,30-03-2025
ORD103034,Robert Garza,Headphones,1,687.81,06-05-2025
ORD103035,Scott Gutierrez,Monitor,3,3897.74,03-03-2025
ORD103036,Joshua Floyd,Headphones,1,3560.29,28-02-2024
ORD103037,Joseph Salas,Printer,3,2646.65,05-09-2025
ORD103038,Raymond Chase,Mouse,3,2748.01,03-03-2024
ORD103039,Susan Peterson,Smartwatch,1,1890.27,28-04-2025
ORD103040,Kyle Aguilar,Smartwatch,4,2169.18,25-10-2024
ORD103041,Christine Fields,Camera,1,4744.08,08-07-2025
ORD103042,Amanda Chen,Laptop,4,2055.21,11-12-2025
ORD103043,Jackie Gates,Printer,3,4233.82,30-07-2024
ORD103044,Nicole Martinez,Laptop,4,3761.67,13-07-2024
ORD103045,Zachary Freeman,Printer,3,3303.25,07-10-2024
ORD103046,William Stevens,Monitor,1,2797.23,25-12-2024
ORD103047,Ashley Carroll,Headphones,1,3293.7,20-09-2024
ORD103048,Justin Ramos,Mobile,1,2739.43,15-10-2024
ORD103049,Charles Anderson,Smartwatch,4,3288.89,28-02-2024
ORD103050,Natalie Peterson,Mouse,5,2877.61,06-12-2025
ORD103051,Mark Ortega,Monitor,3,1225.91,23-09-2024
ORD103052,Mrs. Krista Miller,Smartwatch,2,1231.38,13-12-2025
ORD103053,Christopher Cain,Camera,1,3497.47,18-07-2024
ORD103054,Gabriel Lewis,Printer,1,288.51,12-02-2025
ORD103055,Brett Freeman,Printer,3,3355.77,10-02-2026
ORD103056,John Ruiz,Smartwatch,4,3685.02,01-05-2024
ORD103057,Michael Parsons,Camera,2,4392.22,11-04-2025
ORD103058,Kenneth Kline,Mouse,1,2827.98,12-09-2024
ORD103059,Philip Duffy,Tablet,4,3105.85,30-09-2024
ORD103060,Mr. Larry Mills DVM,Monitor,5,4943.74,21-05-2025
ORD103061,Robin Todd,Mobile,5,2271.03,24-04-2024
ORD103062,April Mejia,Keyboard,3,2991.11,17-09-2025
ORD103063,Adriana Thomas,Mouse,2,1160.52,07-04-2024
ORD103064,Ronald Watkins,Tablet,3,1394.81,14-02-2025
ORD103065,Kathryn Spencer,Tablet,4,2355.76,13-11-2024
ORD103066,Shane Joyce,Smartwatch,5,1584.47,09-06-2024
ORD103067,Jennifer Hill,Keyboard,1,4522.3,22-05-2024
ORD103068,Cody Campbell,Smartwatch,5,4655.55,20-01-2026
ORD103069,Brenda Shaw,Printer,5,4901.12,18-01-2025
ORD103070,Anthony Hernandez,Keyboard,5,3356.01,04-02-2025
ORD103071,Terry Williamson,Printer,4,1504.13,27-11-2024
ORD103072,Robert Bradley,Mobile,4,4878.09,29-06-2024
ORD103073,Justin Stewart,Camera,2,4709.38,25-03-2024
ORD103074,Elizabeth Bailey,Printer,5,258.28,29-07-2025
ORD103075,Diane Williams,Monitor,2,2122.89,19-08-2025
ORD103076,Samantha Lopez,Mobile,3,4103.54,12-03-2025
ORD103077,Shawn Hall,Headphones,3,2268.26,13-03-2025
ORD103078,Mary Bridges,Keyboard,1,2283.3,27-01-2025
ORD103079,Dawn James,Printer,3,2220.18,11-06-2024
ORD103080,Jessica Fernandez,Mobile,4,1795.64,04-01-2026
ORD103081,Brian Williams,Tablet,4,831.23,07-09-2025
ORD103082,Timothy Smith,Camera,1,3079.62,30-12-2025
ORD103083,Travis Moore,Camera,1,4873.73,21-06-2025
ORD103084,Christopher Neal,Mouse,1,3742.83,14-06-2024
ORD103085,Eric Wagner,Tablet,2,2052.22,03-04-2024
ORD103086,Nancy Zavala,Mouse,1,3625.74,17-05-2025
ORD103087,Thomas Ruiz,Headphones,3,1578.94,29-08-2025
ORD103088,Darlene Schmitt,Headphones,3,3431.25,02-11-2024
ORD103089,Jeffery Moore,Headphones,5,556.98,13-12-2024
ORD103090,Henry Levine,Printer,3,752.19,13-06-2024
ORD103091,Jason Castillo,Printer,3,2121.48,03-02-2025
ORD103092,Katrina Thomas,Mouse,3,2761.25,22-11-2024
ORD103093,Samantha Perez,Tablet,3,1453.89,30-04-2025
ORD103094,Karla Hicks,Mobile,1,738.24,12-04-2024
ORD103095,Samantha Washington,Keyboard,1,4768.73,19-12-2024
ORD103096,Lauren Robertson,Camera,5,4007.78,07-11-2025
ORD103097,Ashley Johnson,Laptop,3,579.64,25-08-2025
ORD103098,David Nguyen,Laptop,4,557.07,02-07-2024
ORD103099,Robert Horne,Printer,1,2254.25,23-03-2025
ORD103100,Laura Lopez,Keyboard,4,4087.1,24-10-2024
ORD103101,Ashley Velasquez,Keyboard,4,639.48,13-06-2024
ORD103102,Kyle Cain,Camera,2,2520.75,29-06-2025
ORD103103,Matthew Green,Headphones,4,3018.72,01-07-2024
ORD103104,Adam Ramos,Monitor,1,2347.12,05-07-2024
ORD103105,Adam Hernandez,Mouse,4,1534.64,23-09-2024
ORD103106,Kaitlyn Koch,Mouse,4,2094.08,28-03-2024
ORD103107,Kimberly Wilkins,Mouse,1,3050.14,10-05-2024
ORD103108,Greg Ramirez,Smartwatch,3,582.51,12-01-2025
ORD103109,Amanda Jones,Keyboard,1,3172.47,21-06-2024
ORD103110,Kristin Davis,Mobile,3,1757.35,23-04-2025
ORD103111,Garrett Snyder,Tablet,2,924.51,10-09-2025
ORD103112,Veronica Chaney,Mouse,5,610.19,20-05-2025
ORD103113,Courtney Fox,Printer,3,3241.24,07-06-2025
ORD103114,April Simpson,Keyboard,1,1607.8,04-02-2026
ORD103115,Jerry Brooks,Laptop,4,1165.48,20-10-2025
ORD103116,Terry Rivera,Monitor,3,2066.74,09-06-2024
ORD103117,Christine Moore,Laptop,1,3452.41,20-10-2025
ORD103118,Emily Nichols,Camera,2,1700.24,10-12-2025
ORD103119,Ashley Johnson,Tablet,3,4753.76,02-04-2024
ORD103120,Dale Payne,Mouse,4,3603.14,28-12-2025
ORD103121,Gregory Miller,Keyboard,2,4292.75,23-10-2024
ORD103122,David Vasquez,Headphones,4,3651.77,30-06-2024
ORD103123,Luke Horton,Laptop,1,4162.18,12-02-2025
ORD103124,Zoe Gonzalez,Headphones,1,4816.87,12-01-2026
ORD103125,Melissa Edwards,Laptop,3,3162.94,12-05-2024
ORD103126,Edwin Chang,Monitor,5,2356.17,03-08-2025
ORD103127,Aaron Giles,Camera,5,3167.56,11-03-2025
ORD103128,Joseph Franklin,Mobile,4,3467.18,25-10-2025
ORD103129,Diane Harrell,Mobile,1,880.61,28-06-2025
ORD103130,Daniel Escobar,Tablet,5,3127.54,13-10-2024
ORD103131,Roberta Clark,Tablet,5,4130.62,11-04-2024
ORD103132,Christine Brown,Laptop,2,2278.98,14-08-2025
ORD103133,Samuel Vasquez,Tablet,4,3681.36,11-09-2025
ORD103134,Nicole Bates,Keyboard,2,273.8,18-12-2025
ORD103135,William Jacobson,Printer,5,1992.88,07-05-2024
ORD103136,Tara Cole,Headphones,4,1681.12,08-08-2025
ORD103137,Casey Adams,Mouse,4,2731.97,08-06-2025
ORD103138,Daniel Powell,Laptop,2,3830.03,03-01-2026
ORD103139,Eric Davies,Camera,5,4199.06,22-03-2025
ORD103140,Ashley Mcintyre,Tablet,4,4310.58,03-01-2026
ORD103141,Aaron Martinez,Printer,5,549.62,29-12-2025
ORD103142,Jonathan Rice,Monitor,1,1521.7,08-02-2025
ORD103143,Lauren Pearson,Mobile,5,239.14,09-10-2024
ORD103144,Jessica Kane,Camera,5,2695.41,13-06-2024
ORD103145,Lisa Gallagher,Mobile,1,1021.27,20-06-2025
ORD103146,James Glover,Printer,4,844.61,10-06-2024
ORD103147,Richard Garner,Laptop,3,1225.22,16-07-2025
ORD103148,Sherry Robinson,Monitor,1,3562.16,02-12-2025
ORD103149,Elizabeth Thomas,Mouse,1,1506.1,10-01-2025
ORD103150,Kaitlyn Crawford,Tablet,2,3170.26,04-08-2024
ORD103151,Deborah Sanders,Mobile,2,4959.25,22-09-2024
ORD103152,Seth Henderson,Camera,2,4919.39,09-08-2024
ORD103153,Gregory Owens,Keyboard,1,1465.95,10-06-2025
ORD103154,Veronica Herrera,Camera,1,845.28,26-09-2024
ORD103155,Sara Shepherd,Mouse,2,250.44,06-02-2025
ORD103156,Cynthia Hancock,Laptop,4,2877.73,03-08-2025
ORD103157,Anthony Johnson,Tablet,4,3336.27,01-03-2025
ORD103158,Amanda Barker,Monitor,5,4956.98,01-12-2025
ORD103159,Peter Prince,Camera,4,2302.71,14-08-2025
ORD103160,Gwendolyn Bell,Mobile,5,1507.42,07-05-2025
ORD103161,Stacy Mcguire,Mouse,4,3594.08,16-10-2024
ORD103162,Richard Mcdaniel,Monitor,3,2259.61,11-12-2025
ORD103163,Lauren Brewer,Printer,2,2839.95,17-05-2024
ORD103164,Jasmine Parker,Headphones,3,176.03,07-04-2024
ORD103165,Amanda Alexander,Headphones,1,1289.35,06-04-2024
ORD103166,Zachary Sullivan,Printer,2,661.62,16-08-2024
ORD103167,Robert Snow,Printer,1,1078.5,20-01-2025
ORD103168,Robert Gonzalez,Laptop,2,1058.08,14-05-2024
ORD103169,Garrett Mckee,Keyboard,3,1082.2,03-03-2025
ORD103170,Thomas Johnson,Smartwatch,1,3355.75,26-10-2024
ORD103171,Donald Romero,Camera,2,691.49,17-02-2025
ORD103172,Betty Wells,Laptop,5,3207.86,29-02-2024
ORD103173,Joanna Oliver,Headphones,2,204.41,29-10-2025
ORD103174,Andrew Rodriguez,Camera,2,3471.47,23-04-2024
ORD103175,Mckenzie Carlson,Mouse,4,955.63,05-08-2024
ORD103176,Dorothy Cardenas,Tablet,1,507.59,19-12-2024
ORD103177,Jordan Smith,Mouse,1,493.41,13-07-2025
ORD103178,Natalie Kim,Printer,3,1529.42,11-10-2024
ORD103179,Robert White,Tablet,3,411.76,08-05-2025
ORD103180,Thomas Barnes,Mouse,4,331.04,23-08-2024
ORD103181,Lisa Campbell,Monitor,5,4382.25,28-04-2024
ORD103182,Amy Armstrong,Tablet,2,3127.68,24-05-2024
ORD103183,Ian Barnes,Laptop,5,2851.52,18-02-2025
ORD103184,Chelsea Huerta MD,Laptop,2,2968.01,17-11-2025
ORD103185,Michelle Bond,Laptop,4,1416.27,16-10-2024
ORD103186,Amanda Williams,Headphones,2,4764.11,08-06-2025
ORD103187,Keith Norris,Printer,4,4002.01,29-01-2025
ORD103188,Philip Brown,Mobile,4,2044.43,03-11-2025
ORD103189,Yvette Nelson,Monitor,5,2233.27,31-01-2025
ORD103190,Jasmine Boyle,Tablet,1,3623.8,24-07-2025
ORD103191,Mark Morgan,Tablet,3,1944.79,20-11-2024
ORD103192,Christopher Roberts,Mouse,3,1957.25,23-04-2024
ORD103193,Lori Foster,Smartwatch,5,4243.2,18-07-2024
ORD103194,Jane Butler,Camera,5,2555.34,26-11-2025
ORD103195,Joy Humphrey,Headphones,2,3113.6,06-11-2025
ORD103196,April Robinson PhD,Smartwatch,3,2642.84,04-03-2024
ORD103197,Andrew Roy,Laptop,3,2337.89,30-11-2025
ORD103198,Kim Frye,Monitor,1,4133.63,09-02-2026
ORD103199,Charles Ferguson,Smartwatch,5,1740.53,15-06-2025
ORD103200,Isaiah Baxter,Headphones,5,3289.38,24-08-2024
ORD103201,Gerald Munoz,Monitor,3,4906.41,08-06-2025
ORD103202,Michael Brown,Laptop,3,375.13,08-06-2024
ORD103203,Chad Crawford,Keyboard,4,3181.72,16-08-2025
ORD103204,Jose Wong,Smartwatch,3,1054.47,17-05-2024
ORD103205,Chris Ramirez,Laptop,2,823.55,07-07-2024
ORD103206,Danielle Bishop,Monitor,5,2141.11,30-07-2024
ORD103207,David Gibbs,Mouse,2,1616.18,07-02-2025
ORD103208,Randy Cowan,Mouse,2,1659.2,10-07-2025
ORD103209,Alexander Smith,Headphones,5,3755.33,04-02-2025
ORD103210,Megan Martin,Smartwatch,3,206,05-12-2025
ORD103211,Eric Lewis,Monitor,4,380.64,08-07-2024
ORD103212,Mathew Huang,Mobile,5,2533.4,08-11-2025
ORD103213,Timothy Jones,Smartwatch,4,2527.33,08-12-2024
ORD103214,Katie Fields,Keyboard,3,266.68,01-08-2024
ORD103215,John Campbell,Mouse,1,3264.48,26-11-2024
ORD103216,Jacob Martin,Smartwatch,2,3676.83,07-10-2025
ORD103217,Meghan Heath,Smartwatch,2,1672.96,16-10-2024
ORD103218,Charles Owen,Laptop,1,1757.01,19-05-2025
ORD103219,Scott Williams,Camera,2,2946.33,10-02-2026
ORD103220,Cameron Boyd,Tablet,4,939.89,22-07-2025
ORD103221,Katie Benson,Tablet,1,1916.52,16-10-2024
ORD103222,Brian Taylor,Mouse,3,4294.37,08-03-2025
ORD103223,Cristina Hernandez,Smartwatch,5,2593.67,05-09-2024
ORD103224,Sean Ware,Printer,3,4257.32,07-01-2025
ORD103225,Matthew Blanchard,Smartwatch,5,699.71,24-10-2024
ORD103226,Christina Hahn,Tablet,3,3902.35,15-08-2024
ORD103227,David Watkins,Keyboard,4,4346.13,22-07-2025
ORD103228,Tammy Martinez,Camera,4,2955.66,15-12-2025
ORD103229,Eric Wagner,Mobile,5,2688.32,22-10-2025
ORD103230,Kayla Green,Monitor,5,1828.24,20-07-2025
ORD103231,Bailey Jones,Keyboard,5,464.95,16-10-2024
ORD103232,Amy Juarez,Mobile,5,3096.21,01-07-2024
ORD103233,Jaime Hunt,Laptop,3,2888.09,29-03-2025
ORD103234,Lisa Rios,Mobile,2,4771.72,11-07-2024
ORD103235,Dylan Brooks,Mouse,2,3715.67,10-06-2024
ORD103236,Sarah Mathis,Tablet,1,1810.08,16-02-2025
ORD103237,Amber Perry,Monitor,4,1235.03,26-08-2025
ORD103238,Jerry Bishop,Printer,3,3077.75,17-05-2024
ORD103239,Anna Craig,Camera,1,4589.89,08-05-2024
ORD103240,Colleen Myers,Headphones,1,2393.34,27-10-2025
ORD103241,Jordan Armstrong,Camera,2,4506.63,08-02-2026
ORD103242,Sue Martin,Mobile,4,2488.98,20-07-2024
ORD103243,Natasha Taylor,Headphones,2,3717.25,28-01-2026
ORD103244,Randy Cohen,Mobile,1,853.38,21-04-2024
ORD103245,Jeffrey Gray,Mobile,1,2460.11,11-08-2024
ORD103246,Christopher Garcia,Camera,1,2444.69,31-03-2024
ORD103247,Amy Warren,Mobile,3,4735.08,11-09-2025
ORD103248,Mark Wolfe,Headphones,1,4514.07,10-11-2025
ORD103249,Dr. Anthony Ellis,Camera,5,218.46,12-05-2025
ORD103250,Lee Morton,Printer,1,4954.02,25-05-2025
ORD103251,Matthew Randolph,Keyboard,5,841.21,03-03-2025
ORD103252,Jeremiah Evans,Headphones,3,4203.14,08-01-2026
ORD103253,Edward Hudson,Mouse,1,302.69,08-05-2024
ORD103254,George Mitchell,Headphones,5,2442.54,03-08-2025
ORD103255,Alexis Haynes,Camera,1,770.18,02-12-2025
ORD103256,Zachary Grant,Mobile,1,3727.21,23-05-2025
ORD103257,Douglas White,Camera,5,4397.35,22-04-2024
ORD103258,Daniel Guzman,Mobile,2,1070.21,19-04-2024
ORD103259,Zachary Nelson,Monitor,3,3183.65,04-11-2025
ORD103260,Olivia Taylor,Tablet,5,493.18,05-12-2025
ORD103261,Jason Price,Laptop,2,435.29,08-02-2026
ORD103262,Thomas Leblanc,Printer,2,4016.97,11-04-2025
ORD103263,Vincent Brown,Monitor,3,3691.18,21-12-2025
ORD103264,Herbert Sexton,Headphones,3,4231.14,23-09-2025
ORD103265,Joshua Harper,Monitor,2,4490.7,01-01-2026
ORD103266,Alan Conley,Printer,4,3900.55,04-12-2024
ORD103267,Eric Foley,Smartwatch,1,1268.93,02-06-2025
ORD103268,Manuel Thomas DDS,Monitor,5,1285.99,20-12-2025
ORD103269,Ashley Mitchell,Tablet,1,1625.38,29-11-2025
ORD103270,Kyle Walker,Camera,3,4457.86,03-08-2024
ORD103271,Krista Forbes,Monitor,1,2682.37,10-07-2024
ORD103272,Matthew Gillespie,Laptop,2,2482.27,06-12-2024
ORD103273,Michael Schmitt,Camera,3,1433.17,26-02-2024
ORD103274,Sabrina Freeman,Headphones,5,3610.16,25-10-2024
ORD103275,James Ayala,Monitor,3,3030.44,25-10-2024
ORD103276,Teresa Rowe,Tablet,3,2847.87,26-01-2025
ORD103277,Michael Kelley,Mobile,3,1585.03,13-06-2025
ORD103278,Jessica Adams,Mobile,2,1820.28,18-09-2024
ORD103279,Shawn Gray,Keyboard,2,336.28,28-01-2026
ORD103280,Linda Black,Mouse,1,4480.44,08-11-2025
ORD103281,Melvin Henry,Headphones,5,3149.18,08-06-2025
ORD103282,Brenda James,Printer,2,1167.52,06-08-2025
ORD103283,Connie Bates,Headphones,4,4185.98,25-06-2025
ORD103284,Catherine Wilson,Mouse,4,498.39,15-02-2024
ORD103285,Joseph Schwartz,Laptop,3,1117.88,30-06-2025
ORD103286,Jerome Campbell,Camera,3,4393.57,07-03-2024
ORD103287,Kurt Hurst,Mouse,1,189.13,26-12-2025
ORD103288,Courtney Martin,Laptop,4,432.27,09-07-2025
ORD103289,Lucas Thornton,Camera,1,3007.72,27-01-2026
ORD103290,Lisa Brooks,Mobile,5,574.6,11-02-2025
ORD103291,Nicole Moreno,Printer,3,2276.59,13-06-2025
ORD103292,Danielle Mason,Camera,5,2775.8,14-07-2025
ORD103293,Mrs. Kristy Parrish MD,Monitor,1,3520.74,02-01-2025
ORD103294,Lisa Brown,Tablet,1,664.54,19-08-2024
ORD103295,Timothy Miller,Headphones,1,1787.35,26-11-2025
ORD103296,Vickie Cameron,Tablet,4,230.24,21-05-2025
ORD103297,Jeffrey Bell,Monitor,5,3352.29,23-12-2025
ORD103298,Brittney Kim,Monitor,5,279.86,04-02-2026
ORD103299,Brian Wagner,Monitor,4,3715,25-08-2025
ORD103300,Fred Lawson,Mouse,4,4270.8,24-05-2024
ORD103301,Wayne Lynch,Monitor,2,1385.43,08-04-2025
ORD103302,Christina Marshall,Keyboard,4,2511.1,12-08-2024
ORD103303,Eric Gibbs,Headphones,4,1646.63,29-07-2024
ORD103304,Jesus Sullivan,Tablet,2,3085.22,31-08-2025
ORD103305,Danielle Sanchez,Printer,3,1495.65,07-01-2025
ORD103306,Amber Hunt,Mobile,4,863.93,09-06-2025
ORD103307,Joe Werner,Smartwatch,2,925.68,28-07-2025
ORD103308,Michael Taylor,Mouse,3,2520.79,27-01-2025
ORD103309,James Meyers,Monitor,1,2659.07,06-11-2025
ORD103310,Phillip Hopkins,Smartwatch,1,694.28,22-04-2025
ORD103311,Kevin Le,Smartwatch,5,1127.49,03-07-2024
ORD103312,Nicholas Smith,Headphones,2,984.36,07-11-2024
ORD103313,Elizabeth Thomas,Tablet,1,3300.08,01-04-2024
ORD103314,James Johnson,Mobile,4,4378.24,17-02-2024
ORD103315,Andrew Adams,Camera,3,4452.19,09-05-2024
ORD103316,Kendra Martin,Monitor,5,123.87,03-11-2024
ORD103317,Lauren Robinson,Tablet,2,2404.48,21-04-2024
ORD103318,Alexis Garcia,Tablet,1,233.39,12-04-2025
ORD103319,Jose Rivera,Mobile,5,4387.71,30-10-2025
ORD103320,John Sanders,Smartwatch,5,1781.28,25-03-2024
ORD103321,Jamie Holden,Smartwatch,5,768.5,04-04-2025
ORD103322,Mrs. Elizabeth Green MD,Headphones,3,3184.32,14-12-2024
ORD103323,Jacob Jackson,Tablet,2,3021.55,22-06-2024
ORD103324,Cody Rose,Laptop,3,3483.07,25-04-2025
ORD103325,Shannon Adams,Monitor,2,1991.04,11-06-2025
ORD103326,Jeremy Hale,Printer,4,2962.99,28-06-2025
ORD103327,Austin York,Headphones,1,291.33,12-02-2024
ORD103328,Christopher Boyer,Mobile,2,4497.9,08-10-2025
ORD103329,Amy Deleon,Monitor,1,2829,29-03-2025
ORD103330,Charles Nunez,Headphones,5,3042.02,24-01-2025
ORD103331,Rachel Carney,Mobile,1,3654.79,18-02-2025
ORD103332,Bernard Hurley,Smartwatch,3,2982.85,26-02-2025
ORD103333,Julie Brown,Keyboard,5,1559.18,22-06-2024
ORD103334,Sydney Petersen,Headphones,1,418.52,07-08-2024
ORD103335,Susan Wilson,Printer,1,1421.44,04-03-2024
ORD103336,Jodi Mcbride,Printer,2,1557.96,08-08-2024
ORD103337,Nicole Duncan,Headphones,4,1372.29,13-07-2024
ORD103338,Richard Campbell,Mobile,2,2114.8,17-10-2025
ORD103339,William Robinson,Monitor,5,3219.57,23-11-2025
ORD103340,Rita Turner,Laptop,4,2695.34,30-09-2025
ORD103341,Deborah Irwin,Smartwatch,1,3110.97,26-09-2025
ORD103342,Jonathan Lara,Printer,2,4323.19,02-02-2026
ORD103343,Crystal Mcdonald,Keyboard,5,464.35,27-01-2026
ORD103344,Donald Snyder,Tablet,4,1309.09,19-09-2025
ORD103345,Eugene Conley,Headphones,5,3671.15,20-04-2025
ORD103346,Donald Williams,Mouse,3,1728.39,28-09-2024
ORD103347,James Arnold,Tablet,3,3099.71,03-11-2025
ORD103348,Charles Bell,Laptop,3,2629.83,19-01-2026
ORD103349,Nicole Marshall,Mobile,4,961.28,27-08-2024
ORD103350,Matthew Stanton,Printer,5,1071.1,16-09-2025
ORD103351,Rachel Serrano,Mouse,2,4679.47,17-10-2025
ORD103352,Jeremy Joseph DVM,Headphones,3,3615.81,08-09-2025
ORD103353,Ms. Natalie Thompson,Mobile,5,1089.78,05-12-2024
ORD103354,Amy Kirk,Monitor,3,2803.38,18-05-2025
ORD103355,Aaron Wang,Mouse,5,4367.29,31-05-2024
ORD103356,Victoria Hayes,Laptop,5,1168.73,01-04-2025
ORD103357,Jill Davis,Smartwatch,1,4981.02,12-02-2024
ORD103358,Eduardo Baker,Smartwatch,5,796.33,02-11-2025
ORD103359,Lori Nichols,Mouse,5,2217.29,18-11-2024
ORD103360,Alexander Salas,Smartwatch,5,728.74,08-08-2025
ORD103361,Carl Mcdonald Jr.,Monitor,1,4888.69,22-03-2025
ORD103362,Scott Bruce,Keyboard,1,3025.41,15-09-2024
ORD103363,Michael Garcia,Camera,3,448.32,10-10-2024
ORD103364,Caleb Woods,Keyboard,4,4171.98,23-06-2024
ORD103365,Chase Hill,Printer,3,3083.91,15-09-2024
ORD103366,Dr. Amanda James MD,Tablet,4,3561.31,16-12-2025
ORD103367,Wesley Williams,Smartwatch,1,2274.68,09-11-2025
ORD103368,Austin Cunningham,Mouse,3,3543.65,30-09-2025
ORD103369,Timothy Campbell,Tablet,1,1539.95,27-02-2024
ORD103370,James Valencia,Printer,4,1605.22,18-05-2025
ORD103371,Debbie Williams,Keyboard,5,1131.32,13-02-2024
ORD103372,James Ochoa,Tablet,3,1284.68,11-09-2024
ORD103373,Robert Pratt,Mobile,4,4862.18,30-12-2025
ORD103374,Kristen Ayers,Smartwatch,4,389.49,12-06-2025
ORD103375,Daniel Cherry,Mobile,1,3300.67,07-10-2025
ORD103376,Mr. Ryan Taylor,Keyboard,5,2323.06,28-09-2025
ORD103377,Troy Gomez,Keyboard,4,834.96,26-06-2024
ORD103378,Brett Holt,Smartwatch,5,2762.12,08-01-2025
ORD103379,Jason Brooks,Mobile,2,3826.47,28-11-2024
ORD103380,Bryan Sandoval,Tablet,5,235.84,10-05-2024
ORD103381,John Lynch,Tablet,2,1636.78,15-12-2025
ORD103382,Marie Robinson,Headphones,1,4693.3,28-09-2024
ORD103383,Emily Moses,Monitor,3,2903.05,02-11-2025
ORD103384,Brett Miller,Headphones,5,4814.02,09-12-2025
ORD103385,Daniel Robinson,Mouse,1,126.81,01-05-2025
ORD103386,Megan Bender,Headphones,1,2230.69,23-04-2024
ORD103387,Jennifer Haley,Camera,1,3593.19,11-10-2025
ORD103388,Marie Williams,Laptop,3,2258.96,14-08-2025
ORD103389,Christopher Ortiz PhD,Headphones,2,4015.49,23-06-2024
ORD103390,Michelle Ray,Mobile,2,824.77,22-04-2025
ORD103391,Edward Chandler,Monitor,3,3894.77,07-09-2025
ORD103392,Andrew Sawyer,Headphones,1,3576.27,18-12-2024
ORD103393,Jacqueline Arroyo,Laptop,5,3599.51,30-06-2025
ORD103394,Karen Brown,Camera,1,1216.98,27-09-2024
ORD103395,William Morgan,Mouse,2,781.51,14-12-2024
ORD103396,Whitney Johnson,Monitor,4,4866.1,19-12-2025
ORD103397,Ashley Townsend,Mouse,3,2143.41,22-09-2025
ORD103398,William Griffith,Smartwatch,3,2422.86,25-06-2025
ORD103399,Connie Potter,Keyboard,5,2996.54,12-12-2025
ORD103400,Lee Williams,Monitor,2,2386.01,12-10-2024
ORD103401,Lynn Huff,Headphones,5,468.66,28-05-2024
ORD103402,Patricia Smith,Printer,5,2835.59,24-07-2024
ORD103403,Crystal Johnson,Camera,4,2287.97,11-01-2026
ORD103404,Jonathan Fox,Printer,1,1208.81,24-02-2025
ORD103405,Martin Davila MD,Headphones,3,102.59,24-06-2024
ORD103406,Susan Roth,Headphones,5,3722.23,06-02-2026
ORD103407,Alex Pratt,Keyboard,4,3670.05,26-11-2025
ORD103408,Brian Turner,Camera,2,4920.57,15-12-2025
ORD103409,Rodney Mcclain,Smartwatch,2,4831.25,21-07-2025
ORD103410,Barbara Hunt,Laptop,3,1591.76,04-01-2025
ORD103411,Elizabeth Olson,Keyboard,3,2771.98,31-03-2024
ORD103412,Miranda Holmes,Keyboard,4,3240.46,23-06-2024
ORD103413,Darlene Travis,Mouse,4,4332.92,31-07-2025
ORD103414,Brent Campbell,Printer,2,2735.26,18-06-2025
ORD103415,Robert Pham,Printer,3,1779.21,05-08-2024
ORD103416,Scott Thomas,Tablet,5,2537.44,27-07-2025
ORD103417,Jonathan Garcia,Smartwatch,1,3011.55,26-07-2024
ORD103418,Lee Davis,Headphones,5,1364.86,23-03-2025
ORD103419,Michelle Hutchinson,Camera,1,3596.75,04-06-2025
ORD103420,Courtney Wheeler,Mouse,5,2224.9,22-06-2025
ORD103421,Courtney Mckee,Mouse,2,271.4,10-01-2026
ORD103422,Chad Gibson,Keyboard,5,332,22-04-2024
ORD103423,Dr. Vanessa Pena,Mobile,5,3897.21,20-04-2024
ORD103424,Leslie Daugherty,Smartwatch,1,2225.07,07-07-2024
ORD103425,Michelle Swanson,Keyboard,3,899.04,17-07-2024
ORD103426,Jenna Alvarez,Keyboard,2,2404.7,27-08-2024
ORD103427,Ashley Welch,Laptop,3,3745.55,23-07-2025
ORD103428,Gabriel Johnson,Printer,5,2784.94,15-03-2024
ORD103429,James Cain,Laptop,1,3834.69,19-07-2024
ORD103430,Richard Vega,Mobile,4,3855.01,20-11-2025
ORD103431,Nicole Martin,Mobile,4,1053.83,21-08-2025
ORD103432,Joshua Doyle,Printer,3,812.18,07-03-2025
ORD103433,Oscar Olson,Printer,2,3320.04,03-11-2025
ORD103434,Dana Cruz,Headphones,4,1813.76,28-04-2024
ORD103435,Ernest Walker,Headphones,2,4425.57,26-11-2024
ORD103436,Mary Stephens,Monitor,3,3843.89,27-01-2025
ORD103437,Diane Dixon,Mobile,1,4716.62,30-06-2025
ORD103438,Matthew Williams,Camera,4,3411.49,01-12-2024
ORD103439,James Rogers,Mouse,1,2597.71,18-05-2024
ORD103440,Gina Garner,Mouse,3,4143.15,09-11-2025
ORD103441,James Medina MD,Printer,4,1802.01,04-01-2026
ORD103442,Andrew Cannon PhD,Tablet,5,2292.12,21-04-2025
ORD103443,Christopher Tran,Laptop,4,3267.21,25-11-2024
ORD103444,Adam Scott,Tablet,2,764.6,16-03-2025
ORD103445,Brian Schroeder,Printer,3,312.54,29-07-2025
ORD103446,Holly Sanchez,Laptop,2,205.67,01-04-2024
ORD103447,Sandra Myers,Keyboard,5,2947.63,27-07-2025
ORD103448,Paul Henry,Keyboard,1,3329.96,12-11-2024
ORD103449,Jacob Moss,Keyboard,4,3583.33,26-01-2026
ORD103450,Miss Nicole Woods,Printer,4,2012.94,27-03-2024
ORD103451,Andrew Garcia,Mouse,3,3611.65,31-08-2025
ORD103452,Sherry Olsen,Smartwatch,1,2858.15,02-05-2025
ORD103453,Julia Martinez,Printer,5,4422.66,21-05-2025
ORD103454,Sarah Greer,Camera,1,2884.93,07-10-2024
ORD103455,Melanie Adams,Laptop,2,899.35,27-04-2024
ORD103456,Destiny Young,Printer,5,3041.66,24-07-2025
ORD103457,Elizabeth Love DDS,Keyboard,3,251.12,16-03-2025
ORD103458,Alicia Page,Monitor,1,4613.09,17-01-2025
ORD103459,Christina Bradley,Smartwatch,1,4512.12,17-07-2024
ORD103460,Albert Clark,Monitor,1,1419.7,09-11-2024
ORD103461,Scott Wallace,Camera,3,3929.83,29-05-2025
ORD103462,Ana Patrick DDS,Keyboard,1,4504.62,30-11-2025
ORD103463,Walter Carrillo,Mobile,2,1608.14,23-07-2025
ORD103464,Katherine Miller,Camera,4,3513.01,10-01-2025
ORD103465,Angela Roth,Monitor,5,3294.9,27-01-2026
ORD103466,Brian Graham,Camera,3,1843.84,09-01-2025
ORD103467,Krista Miranda,Laptop,2,1244.28,09-11-2024
ORD103468,Steven Thomas Jr.,Tablet,5,4231.63,04-11-2024
ORD103469,Ellen Hall,Camera,1,2234.22,24-01-2026
ORD103470,Sandra Jackson,Mouse,1,2306.98,29-11-2025
ORD103471,Mary Noble,Headphones,5,3165.18,12-10-2024
ORD103472,Erica Watts,Headphones,5,2274.34,27-08-2024
ORD103473,Emily Griffin,Laptop,4,507.44,02-12-2024
ORD103474,Lisa Estrada,Mouse,5,243.49,30-11-2024
ORD103475,Melissa Thomas,Keyboard,4,2961.49,15-05-2025
ORD103476,Andrea Lewis,Camera,3,1440.7,20-07-2025
ORD103477,Vanessa Gordon,Mouse,5,3207.83,29-10-2024
ORD103478,Ellen Smith,Mouse,2,3708.58,18-04-2024
ORD103479,Mike Nelson,Camera,1,1544.71,15-08-2025
ORD103480,Julia Roman,Headphones,5,3868.5,24-02-2025
ORD103481,Donna Valentine,Keyboard,4,4561.58,21-09-2024
ORD103482,Tamara Allen,Camera,1,623.81,07-02-2025
ORD103483,Antonio Watson,Camera,5,2111.76,19-06-2025
ORD103484,Andrew Fischer,Mobile,2,3535.31,15-09-2024
ORD103485,Dominic Smith,Camera,4,4650.32,01-03-2025
ORD103486,Erika Bond,Printer,5,2172.62,18-06-2025
ORD103487,Rhonda Marshall,Monitor,3,2302.83,04-01-2026
ORD103488,Heidi Nelson,Laptop,3,718.98,31-08-2025
ORD103489,Heidi Franklin,Smartwatch,5,394.71,09-01-2026
ORD103490,Kathryn Martinez,Mobile,1,1343.13,02-04-2024
ORD103491,Rebecca Tanner,Tablet,4,4495.18,11-07-2025
ORD103492,Dale Robertson,Printer,3,4418.96,16-02-2024
ORD103493,Scott Johnson,Camera,5,3317.33,27-03-2025
ORD103494,Alyssa Shelton,Camera,1,4773.21,02-09-2024
ORD103495,Eric Smith,Printer,4,231.47,16-01-2025
ORD103496,Andrew Wells,Mouse,3,4961.55,06-06-2025
ORD103497,Dorothy Ortiz,Mobile,2,4528.77,27-10-2025
ORD103498,Jordan Klein,Keyboard,3,1115.38,03-04-2024
ORD103499,William Case,Camera,2,1764.36,05-03-2024
ORD103500,Steven Gonzalez,Camera,4,1822.82,19-06-2024
ORD103501,Michael Stanley,Mouse,3,3353.02,09-04-2024
ORD103502,Daniel Snow,Headphones,1,3754.75,28-06-2024
ORD103503,Devin Collins,Mouse,4,3827.97,12-11-2025
ORD103504,Melissa Moore,Keyboard,4,1431.89,09-02-2026
ORD103505,Max Case,Printer,4,1416.17,19-08-2024
ORD103506,Dylan Brown,Smartwatch,4,1934.91,03-01-2025
ORD103507,Michael Owen,Mouse,2,4425.66,26-12-2024
ORD103508,Jose Stein,Laptop,5,1889.18,24-02-2024
ORD103509,Jerry Wilson,Tablet,2,4788.5,01-12-2025
ORD103510,Cory Schaefer,Mobile,2,4834.47,13-05-2025
ORD103511,John Hamilton,Smartwatch,3,1720.88,26-09-2025
ORD103512,Lindsey Davis,Keyboard,4,2757.53,26-11-2025
ORD103513,Nicole Lynn,Tablet,3,4282.93,25-07-2025
ORD103514,Emily Olson MD,Camera,3,532.03,12-02-2024
ORD103515,David Clark,Laptop,4,3865.32,08-10-2024
ORD103516,Charles Wong,Headphones,5,2999.47,23-02-2025
ORD103517,Linda Chavez,Tablet,1,4586.59,07-02-2025
ORD103518,Heather Murphy,Monitor,3,4863.54,03-10-2024
ORD103519,Joe Morgan,Tablet,1,4474.64,06-06-2025
ORD103520,George Morton,Printer,4,2102.42,19-12-2025
ORD103521,Victor Smith,Printer,2,2871.66,29-05-2024
ORD103522,Dennis Roach,Keyboard,5,1464.27,11-05-2025
ORD103523,Maurice Richardson,Printer,4,811.85,02-01-2026
ORD103524,David Briggs,Camera,5,435.6,20-08-2024
ORD103525,Bryan Cochran,Mouse,3,1468.81,27-12-2024
ORD103526,Benjamin Mcgrath,Keyboard,4,121.35,16-11-2025
ORD103527,Matthew Bass,Smartwatch,4,3133.87,25-06-2024
ORD103528,Megan Mcfarland,Camera,4,4620.13,28-06-2025
ORD103529,Jeffrey Walter,Tablet,4,4773.07,12-05-2024
ORD103530,Ashley Mora,Mouse,3,1958.48,25-11-2025
ORD103531,Steven Barker,Camera,1,3137.21,07-09-2025
ORD103532,Brian Smith PhD,Mobile,3,3842.74,11-05-2025
ORD103533,Mark Odonnell,Tablet,4,4852.74,24-07-2025
ORD103534,Juan Vega,Mobile,2,3678.2,31-08-2024
ORD103535,Angela Hamilton,Monitor,1,226.18,08-01-2025
ORD103536,Jennifer Ayala,Headphones,5,4539.43,04-06-2025
ORD103537,Shannon Steele,Tablet,1,378.76,16-07-2025
ORD103538,Jenna Small,Camera,5,2789.63,19-11-2024
ORD103539,Rebecca Johnson DDS,Monitor,3,3708.57,22-05-2024
ORD103540,Andrew Reeves,Mobile,5,3761.25,13-03-2025
ORD103541,Robin Carter,Printer,4,4416.79,27-04-2024
ORD103542,Sherry Willis,Headphones,3,4858.03,02-11-2025
ORD103543,Joseph Bryan,Laptop,5,1609.11,04-06-2024
ORD103544,David Winters,Mouse,3,1988.89,28-08-2025
ORD103545,Melissa Terry,Laptop,4,2157.17,23-11-2024
ORD103546,Stephen Atkinson,Mobile,4,4180.26,01-12-2025
ORD103547,Eric Mitchell,Keyboard,1,2961.12,22-11-2025
ORD103548,Christopher Hall,Laptop,4,326.04,28-11-2024
ORD103549,Jon Zuniga,Headphones,4,3734.01,13-09-2024
ORD103550,Ashley Lopez,Smartwatch,2,3445.99,29-12-2024
ORD103551,Brandi Velez,Keyboard,3,1996.5,03-05-2024
ORD103552,Jamie Vazquez,Mouse,3,3346.02,10-08-2025
ORD103553,Shannon Odom,Camera,5,2733.47,28-03-2024
ORD103554,Scott Vasquez,Headphones,1,1960.57,04-02-2025
ORD103555,Ruben Frey,Mobile,1,929.91,23-05-2025
ORD103556,Emily Jones,Laptop,1,963.04,20-03-2024
ORD103557,Jennifer Hughes,Laptop,4,2397.29,24-06-2025
ORD103558,Misty Sanders,Monitor,1,3675.15,10-08-2025
ORD103559,Michael Cline,Mobile,1,3125.94,20-02-2025
ORD103560,Cassandra Koch,Mouse,5,2384.04,11-08-2024
ORD103561,Sherry Hays,Camera,5,4865.91,18-10-2025
ORD103562,Craig Campbell,Printer,3,3346.78,02-03-2024
ORD103563,Christine Howard,Keyboard,1,3299.66,18-09-2024
ORD103564,Stephanie Villanueva,Tablet,3,4946.88,22-01-2026
ORD103565,Ricardo Sanders,Headphones,5,4303.72,22-07-2024
ORD103566,Anthony Buchanan,Camera,3,3962.02,11-03-2025
ORD103567,Hayley Dean,Tablet,4,4722.31,17-06-2025
ORD103568,Michael Hatfield,Printer,3,875.28,03-03-2025
ORD103569,Eric Henderson,Tablet,5,2708.09,06-03-2025
ORD103570,Clayton Russell,Camera,1,1843.43,27-12-2024
ORD103571,Michelle Ross,Tablet,4,4325.46,11-03-2024
ORD103572,Patrick Jarvis,Keyboard,1,3486.78,31-03-2024
ORD103573,Sandra Dean,Keyboard,4,3305.77,05-07-2025
ORD103574,Jennifer Hill,Tablet,2,3456.7,21-07-2024
ORD103575,Mr. Brad Gonzalez DVM,Headphones,2,289.45,25-06-2024
ORD103576,Michele Allen,Tablet,2,2568.74,01-11-2025
ORD103577,Emily Woodard,Keyboard,5,2649.33,15-05-2024
ORD103578,Angela Brown,Headphones,5,2195.29,11-12-2024
ORD103579,Nicholas Mitchell,Monitor,5,3620.19,26-10-2025
ORD103580,David Cobb,Laptop,4,2993.3,14-09-2025
ORD103581,Charles Hernandez,Keyboard,5,273.61,27-03-2024
ORD103582,Robert Stewart,Keyboard,3,3341.98,12-06-2024
ORD103583,Stacey Hoffman,Laptop,2,2530.45,06-07-2025
ORD103584,Lauren Cooper,Tablet,3,3977.02,04-04-2025
ORD103585,Michelle Rodriguez,Smartwatch,1,4973.79,07-12-2025
ORD103586,Veronica Hester,Smartwatch,1,1282.13,21-06-2025
ORD103587,Joseph Terry,Printer,5,1632.67,20-06-2024
ORD103588,Bonnie Perez,Mobile,3,2502.51,11-10-2025
ORD103589,Sherri Young DDS,Laptop,4,3066.29,01-03-2025
ORD103590,Dr. Lauren Campbell,Mouse,2,893.11,08-07-2025
ORD103591,Patricia Chaney,Headphones,4,4110.09,25-09-2024
ORD103592,James Delacruz,Smartwatch,2,1124.42,14-09-2024
ORD103593,Robert Sullivan,Laptop,4,833.33,29-03-2024
ORD103594,Brandon Beasley,Smartwatch,5,1105.84,15-09-2024
ORD103595,Derrick Wilson,Monitor,5,2313.19,22-08-2024
ORD103596,Katherine Stokes,Headphones,1,1460.04,22-08-2024
ORD103597,David Mayo,Keyboard,5,331.74,04-07-2025
ORD103598,Caitlyn Soto,Tablet,5,1460.76,22-08-2024
ORD103599,Brent Bradley,Keyboard,5,4088.69,26-04-2025
ORD103600,Brian Butler,Mobile,3,338.47,08-11-2024
ORD103601,Robert Booker,Printer,1,1159.46,21-09-2024
ORD103602,Marcus Jennings,Headphones,4,3149.01,03-10-2025
ORD103603,Jill Brown,Smartwatch,1,3794.23,25-12-2025
ORD103604,Jasmine Powers,Monitor,5,1241.01,26-07-2025
ORD103605,Aaron Blackwell,Camera,2,296.58,24-01-2025
ORD103606,Jason Garcia,Mobile,1,4559.41,16-02-2024
ORD103607,Linda Johnson,Camera,1,4041.95,12-06-2024
ORD103608,Beth Cook,Keyboard,4,2827.42,17-04-2025
ORD103609,Michelle Jones,Mobile,4,1358.01,14-09-2025
ORD103610,Sandra Romero,Printer,5,4138.84,30-11-2025
ORD103611,Elijah Murphy,Smartwatch,4,1898.75,06-11-2024
ORD103612,Jenna Frederick,Mobile,4,4161.55,27-07-2025
ORD103613,Andrew Hudson,Tablet,4,3755.69,26-11-2024
ORD103614,Melanie Griffin,Smartwatch,1,1991.51,05-03-2024
ORD103615,Joseph Simmons,Headphones,1,4517.16,16-03-2025
ORD103616,Roger Cook,Mobile,5,1911.89,09-03-2025
ORD103617,Michael Johnson,Headphones,3,348.48,29-03-2025
ORD103618,James Hill,Laptop,4,1229.65,28-04-2024
ORD103619,Mark Jimenez,Laptop,4,4994.29,17-10-2024
ORD103620,Laurie Johnson,Laptop,1,1565.11,25-07-2024
ORD103621,Donald Aguilar,Camera,1,3080.16,14-04-2025
ORD103622,Victoria Pruitt,Laptop,1,780.21,21-10-2025
ORD103623,Miss Rachel Cook,Camera,4,2075.09,22-01-2026
ORD103624,Jacob Davidson,Tablet,3,2337.81,08-05-2024
ORD103625,Angela George DVM,Mobile,4,4717.4,25-06-2025
ORD103626,Samuel Johnson,Camera,3,756.44,06-06-2025
ORD103627,Jennifer Chavez,Smartwatch,1,3994.74,12-02-2025
ORD103628,Matthew Shea,Camera,5,4557.12,12-02-2025
ORD103629,Charles Weaver,Camera,3,4782.72,10-10-2025
ORD103630,Ethan Adkins,Mouse,5,1007.03,18-09-2025
ORD103631,Stephanie Schwartz,Headphones,1,2982.46,08-05-2024
ORD103632,Kelsey Oneal,Monitor,2,4252.32,02-12-2024
ORD103633,Katie Washington,Tablet,2,102.85,17-03-2025
ORD103634,George Myers,Smartwatch,3,2530.5,14-01-2026
ORD103635,David Fitzpatrick,Smartwatch,2,3817.44,07-07-2025
ORD103636,Alex Barry,Tablet,2,2500.77,09-02-2026
ORD103637,Craig Velez,Headphones,4,3703.27,26-10-2025
ORD103638,Shelby Bowman,Camera,1,3717.09,09-12-2024
ORD103639,Marc Lane,Smartwatch,2,2502.54,04-01-2026
ORD103640,Victoria Freeman,Keyboard,2,3521.85,14-07-2025
ORD103641,Brittany Jackson,Printer,3,3822.8,14-05-2024
ORD103642,Christina Richardson,Mobile,4,2152.89,18-08-2024
ORD103643,Christina Smith,Printer,1,2009.88,27-08-2025
ORD103644,Marie Jennings,Keyboard,1,1107.99,15-11-2025
ORD103645,James Case,Laptop,3,3603.43,09-11-2025
ORD103646,Derrick Caldwell,Monitor,2,3116.52,31-08-2025
ORD103647,Jessica Rogers,Monitor,5,627.05,07-09-2024
ORD103648,Erica Bradley,Camera,4,3164.57,01-03-2024
ORD103649,Hector Young,Headphones,4,1457.12,16-04-2024
ORD103650,Tina Dixon MD,Laptop,5,3112.46,19-06-2024
ORD103651,Randy Morrison,Mouse,1,1769.91,18-06-2025
ORD103652,Tara Jenkins,Camera,1,3472.67,06-03-2024
ORD103653,Joshua Smith,Printer,5,4538.71,06-03-2025
ORD103654,Eric Blevins,Mouse,1,1192.13,22-04-2024
ORD103655,Brian Mckay,Keyboard,5,1749.26,22-08-2025
ORD103656,Tonya Martin,Mobile,5,3044.11,02-08-2024
ORD103657,Johnathan Griffin,Smartwatch,2,4433.07,23-08-2025
ORD103658,Manuel Johnson,Mobile,3,4684.66,21-04-2024
ORD103659,Christina Wilkerson,Smartwatch,1,4416.82,03-12-2025
ORD103660,Mitchell Allen,Printer,2,2841.39,04-11-2025
ORD103661,Benjamin Odonnell,Laptop,3,1453.21,14-03-2024
ORD103662,Amanda Mcdowell,Camera,3,959.17,14-02-2024
ORD103663,Ryan Boyer,Monitor,2,669.27,19-04-2025
ORD103664,John Acosta,Laptop,1,3159.43,11-10-2024
ORD103665,Lawrence Richardson,Mobile,1,1530.67,14-08-2024
ORD103666,Patricia Jenkins,Mobile,3,1637.79,22-12-2024
ORD103667,Hannah Avery,Smartwatch,2,1891.32,24-09-2025
ORD103668,Amanda Moody,Monitor,1,3179.37,13-11-2025
ORD103669,Elizabeth Salas,Tablet,1,4094.26,04-09-2024
ORD103670,Stacy Smith,Headphones,1,4003.8,28-11-2024
ORD103671,Tyler Rangel,Headphones,1,1953.92,23-12-2024
ORD103672,Michael Johnson,Tablet,4,3761.36,19-04-2024
ORD103673,Allison Owens,Headphones,1,146.02,23-06-2025
ORD103674,James Banks,Smartwatch,1,2449.93,23-03-2025
ORD103675,Tracy Pittman,Tablet,1,3906.18,27-04-2024
ORD103676,Sherry Smith,Headphones,3,2465.97,14-12-2024
ORD103677,Brian Chaney,Headphones,3,2430.94,06-08-2025
ORD103678,Christina Nguyen,Smartwatch,1,2438.81,19-10-2025
ORD103679,Zoe Patel,Tablet,2,117.27,10-05-2025
ORD103680,Angela Hess,Monitor,1,4771.09,02-11-2025
ORD103681,Jeremy Ponce,Printer,2,3545.13,27-11-2024
ORD103682,Christopher Price,Camera,1,2098.41,20-11-2024
ORD103683,William French,Smartwatch,4,1180.33,14-03-2024
ORD103684,Alex Craig,Tablet,4,1894.53,22-05-2025
ORD103685,Catherine Morris,Printer,5,2927,14-02-2025
ORD103686,Ashley Bell,Headphones,3,4087.54,15-12-2025
ORD103687,Brandon Matthews,Printer,1,4347.28,07-06-2024
ORD103688,Shawna Chavez,Mouse,4,1736.24,19-01-2025
ORD103689,Tim Cohen,Camera,4,3953.18,11-05-2025
ORD103690,Jennifer Bishop,Headphones,5,1001.16,01-08-2024
ORD103691,Amber Walls,Laptop,2,3419.61,16-03-2024
ORD103692,James Bennett,Mouse,3,4577.27,25-05-2024
ORD103693,Ivan Thompson,Headphones,3,1338.29,20-06-2025
ORD103694,Lauren Grant,Tablet,4,4008.05,05-06-2025
ORD103695,Lori Robinson,Keyboard,3,523.71,03-12-2024
ORD103696,Vincent Gordon,Headphones,1,4791.93,28-08-2024
ORD103697,Michael Lewis,Headphones,1,1272.02,19-12-2025
ORD103698,David Beck,Headphones,4,2635.11,28-08-2024
ORD103699,Mr. Alexander Williams,Mouse,4,3558.52,22-02-2025
ORD103700,Nicole Wright,Mobile,3,2352.95,20-12-2025
ORD103701,Michelle Castillo,Smartwatch,1,2660.76,02-06-2024
ORD103702,Rebecca Walters,Printer,2,2906.75,07-10-2025
ORD103703,Christina Burton,Mobile,5,4461.89,05-06-2024
ORD103704,April Shaw,Monitor,5,505.44,02-06-2025
ORD103705,Erin Thompson,Mobile,2,3592.75,03-07-2024
ORD103706,Cathy Robbins,Camera,4,121,02-12-2024
ORD103707,Nathan Burgess,Mouse,2,3583.19,29-06-2025
ORD103708,Leslie Lang,Laptop,5,2589.91,12-06-2025
ORD103709,Bradley Evans,Mouse,2,4239.69,06-07-2024
ORD103710,Jeffrey Rice,Smartwatch,5,395.61,11-11-2024
ORD103711,Charles Stanley,Mobile,1,1338.16,18-01-2025
ORD103712,Christopher Alvarado,Mobile,1,3170.43,13-09-2025
ORD103713,Aaron Hartman,Monitor,5,3613.01,08-10-2024
ORD103714,James Bennett,Headphones,1,1385.85,27-07-2024
ORD103715,Erin Valentine,Camera,2,2584.83,08-08-2024
ORD103716,Tina Rhodes,Mouse,1,4809.86,04-06-2024
ORD103717,Jill Reyes,Laptop,2,3521.73,13-12-2024
ORD103718,Kimberly Martinez,Monitor,5,931.25,14-02-2024
ORD103719,Erik Powell,Printer,1,3671.5,19-07-2024
ORD103720,William Singh,Mobile,1,4088.9,22-02-2025
ORD103721,Daniel Hawkins,Printer,2,4797.5,06-06-2025
ORD103722,Michael Armstrong,Tablet,2,2907.07,08-05-2024
ORD103723,Lisa James,Tablet,5,3893.17,30-12-2025
ORD103724,Michael Medina,Mobile,3,3078.12,20-07-2025
ORD103725,Olivia Garrison,Mobile,4,4188.78,19-03-2025
ORD103726,Deanna Mitchell,Tablet,1,466.04,01-08-2025
ORD103727,John Santos,Tablet,3,2221.85,14-01-2026
ORD103728,Melvin Martinez,Mouse,3,445.66,28-05-2024
ORD103729,Sergio Cannon MD,Laptop,1,2320.15,21-06-2024
ORD103730,Michael Massey,Tablet,4,274.1,04-03-2025
ORD103731,Amanda Williams,Monitor,5,368.08,22-07-2024
ORD103732,Laura Orozco,Monitor,5,2367.63,01-01-2025
ORD103733,David Castro,Monitor,2,4722.95,13-03-2025
ORD103734,Marcia Martin,Smartwatch,4,1570.6,23-12-2024
ORD103735,John Zamora,Keyboard,4,2952.67,04-10-2025
ORD103736,Jennifer Barnes,Laptop,1,4758.44,16-02-2025
ORD103737,Clinton Valencia,Printer,3,1916.55,15-02-2025
ORD103738,Tiffany Garcia,Mobile,4,4969.97,20-10-2025
ORD103739,Ashley Brown,Smartwatch,2,3460.03,06-06-2024
ORD103740,Kaitlin Stone,Printer,2,4404.66,04-10-2025
ORD103741,Lori Mendoza,Headphones,2,3776.27,06-10-2025
ORD103742,Matthew Gordon,Mouse,2,3502.83,18-01-2025
ORD103743,Gabrielle Davis,Camera,5,4956.57,03-10-2024
ORD103744,Mr. Bradley Little,Printer,4,1967.56,11-06-2024
ORD103745,Daniel Powers,Headphones,3,1166.01,10-12-2024
ORD103746,Cameron Duncan,Laptop,2,3389.15,02-10-2025
ORD103747,Richard Mooney,Printer,2,3335.66,01-04-2025
ORD103748,Emily Carr,Printer,3,3288.94,12-06-2025
ORD103749,Craig Hale,Keyboard,3,4259.06,01-07-2024
ORD103750,Danny Johnson,Smartwatch,3,1761.57,20-05-2024
ORD103751,Jennifer Young,Monitor,4,3749.74,15-02-2025
ORD103752,Sonya Reed,Camera,4,2264.49,30-12-2025
ORD103753,Mary Wallace,Keyboard,4,3977.09,18-08-2025
ORD103754,Paul Evans,Camera,5,4038.75,11-10-2025
ORD103755,Aaron Jackson,Mouse,2,208.59,20-04-2024
ORD103756,Richard Curtis,Mobile,4,2095.48,19-08-2024
ORD103757,Elizabeth Adams,Camera,3,448.31,13-04-2024
ORD103758,Richard Price,Keyboard,1,2979.35,08-12-2025
ORD103759,Dana Sims,Printer,4,1363.76,20-10-2025
ORD103760,Elizabeth Hickman,Monitor,2,3855.19,08-11-2025
ORD103761,Jay Yu,Monitor,3,2425.21,09-08-2024
ORD103762,Elizabeth Jacobs,Printer,4,1111.52,07-09-2024
ORD103763,Luis Stone,Printer,5,3825.82,28-05-2024
ORD103764,Gregory Ayala,Printer,4,661.98,21-11-2025
ORD103765,Valerie Hunt,Camera,1,2891.27,25-04-2024
ORD103766,Jennifer Booker,Keyboard,1,484.89,19-08-2025
ORD103767,Michele Cox,Monitor,5,3047.95,12-06-2024
ORD103768,William Quinn,Laptop,3,2447.44,28-10-2025
ORD103769,Elizabeth Arellano,Laptop,1,2001.51,17-10-2025
ORD103770,Lisa Wolfe,Keyboard,1,908.77,12-08-2024
ORD103771,Anna Mitchell,Keyboard,1,3796.23,19-04-2024
ORD103772,Alexander Patterson,Mouse,1,4830.66,17-03-2025
ORD103773,Charles Cummings,Laptop,5,164.19,15-05-2025
ORD103774,Eric Williams,Laptop,3,4479.32,19-02-2024
ORD103775,Marvin Holland,Monitor,5,4609.49,06-03-2024
ORD103776,Christopher Powell,Monitor,5,4872.49,27-01-2025
ORD103777,Donna Escobar,Smartwatch,2,3477.07,05-11-2024
ORD103778,Sherry Russell,Tablet,5,2551.24,09-10-2024
ORD103779,David Mooney,Keyboard,2,391.7,07-02-2025
ORD103780,Michael Knight,Tablet,4,2932.54,15-02-2024
ORD103781,Randy Elliott,Headphones,3,1409.4,10-06-2025
ORD103782,James Wade,Headphones,4,260.32,19-01-2025
ORD103783,Tonya Combs,Tablet,5,4372.47,16-03-2025
ORD103784,Danielle Haynes,Smartwatch,2,1309.85,21-01-2026
ORD103785,Angel Kelley,Smartwatch,5,198.5,07-01-2025
ORD103786,Mary Riley,Headphones,2,1448.21,11-07-2025
ORD103787,Patricia Gonzales,Laptop,2,3653.21,14-06-2025
ORD103788,Renee Rodriguez,Printer,2,724.01,19-04-2025
ORD103789,Catherine Simmons,Mouse,2,1557.09,20-07-2025
ORD103790,Joseph Ramos,Laptop,4,894.84,25-09-2024
ORD103791,Lori Johnson,Tablet,3,2464.12,14-02-2024
ORD103792,Christopher Larson,Keyboard,3,619.4,18-08-2024
ORD103793,Rachel Johnson,Camera,2,1302.71,26-11-2025
ORD103794,Lawrence Pearson,Mouse,3,4572.1,07-06-2025
ORD103795,Brad Hogan,Tablet,2,3792.38,30-07-2025
ORD103796,Richard Perez,Laptop,1,2428.62,02-08-2024
ORD103797,Stacy Fernandez,Monitor,3,2522.39,03-08-2024
ORD103798,Taylor Lee,Camera,2,4297.92,06-11-2025
ORD103799,Laurie Wright,Smartwatch,4,248.24,03-02-2025
ORD103800,Kathy Black,Monitor,2,4658.53,21-12-2025
ORD103801,Gina Caldwell,Camera,5,805.87,18-06-2025
ORD103802,Kelly Wilson,Headphones,2,4060.18,19-12-2025
ORD103803,Matthew Diaz,Mobile,1,1196.85,18-09-2025
ORD103804,Maria Sharp,Printer,2,2949.42,15-04-2024
ORD103805,Natasha Ward,Mobile,3,4633.22,24-12-2025
ORD103806,Sierra Jenkins,Camera,5,3463.18,16-06-2024
ORD103807,Kirsten Martin,Camera,4,3118.33,08-07-2024
ORD103808,Eric Stout,Tablet,1,3142.74,04-10-2025
ORD103809,Patricia Prince,Mouse,5,2923.55,23-07-2025
ORD103810,Daniel Jones,Camera,3,4464.38,24-05-2025
ORD103811,Jessica Burke,Headphones,1,2369.03,25-05-2024
ORD103812,Alex Brown,Monitor,3,4760.8,21-08-2025
ORD103813,Laura Black,Printer,2,426.02,25-08-2024
ORD103814,Amy Spencer,Headphones,4,2395.52,27-07-2024
ORD103815,Ariana Jones,Printer,1,1380.63,13-11-2024
ORD103816,Chad Morgan,Smartwatch,2,4766.23,28-09-2025
ORD103817,Ruth Lynch,Mouse,3,4846.45,18-08-2024
ORD103818,Terry Moore,Monitor,2,4746.78,02-09-2024
ORD103819,Mitchell Munoz,Keyboard,5,2923.47,24-08-2024
ORD103820,Ashley Mcdonald,Monitor,4,3090.16,26-03-2025
ORD103821,Nicole Green,Headphones,5,4886.99,27-08-2024
ORD103822,Todd Hall,Printer,3,1010.5,29-07-2025
ORD103823,Danielle Long,Smartwatch,1,3806.02,03-12-2025
ORD103824,Katherine White,Headphones,2,1695.47,11-04-2024
ORD103825,Tara Mckee,Mobile,1,3922.43,14-10-2025
ORD103826,Jonathan Trevino,Camera,5,382.93,08-08-2024
ORD103827,Maria Diaz,Printer,5,1321.3,22-06-2024
ORD103828,Mary Nunez,Mouse,4,3258.65,30-07-2025
ORD103829,Megan Johnson,Monitor,3,3137.96,28-08-2025
ORD103830,Tiffany Clark,Mobile,4,2086.03,09-11-2025
ORD103831,Mark Villegas,Camera,2,3880.67,19-06-2024
ORD103832,Anna Roberts,Laptop,2,4758.51,22-10-2024
ORD103833,Michael Perkins,Mobile,2,4830.18,08-12-2025
ORD103834,Anna Carpenter,Tablet,4,3273.36,25-07-2024
ORD103835,Jay Allen,Keyboard,4,1649.26,26-07-2025
ORD103836,Heather Riggs,Laptop,4,4965.88,06-12-2025
ORD103837,Jennifer Lyons,Headphones,3,3308.91,10-05-2025
ORD103838,Keith Bautista,Monitor,2,2056.97,10-06-2024
ORD103839,Jeffrey Jones,Headphones,3,1930.12,02-11-2025
ORD103840,Jaclyn Olsen,Laptop,5,744.18,09-12-2024
ORD103841,Anthony Tanner,Printer,1,675.12,04-05-2024
ORD103842,Kristin Martin,Tablet,1,1499.05,24-12-2024
ORD103843,Justin Jones,Tablet,3,3381.63,17-01-2025
ORD103844,Debra Wright,Headphones,2,2021.51,22-08-2024
ORD103845,Leah Miller,Laptop,2,896.81,04-03-2024
ORD103846,Meagan Parker,Mobile,5,1474.42,27-09-2025
ORD103847,Chad Thompson,Smartwatch,5,2452.93,17-09-2024
ORD103848,Hannah Bell,Monitor,1,2800.3,02-11-2025
ORD103849,Mark Martin,Keyboard,1,874.21,14-10-2025
ORD103850,Donald Jackson,Monitor,3,4005.1,08-07-2024
ORD103851,James Johnston,Monitor,2,4248.24,01-08-2025
ORD103852,Jennifer Mitchell,Tablet,5,4050.24,23-02-2025
ORD103853,Amy Bullock,Keyboard,3,1888.94,11-01-2026
ORD103854,Danielle Reed,Mobile,4,2845.99,10-01-2025
ORD103855,Hunter Mcdonald,Laptop,1,2132.9,20-05-2025
ORD103856,Jordan White,Headphones,4,3213.01,08-03-2024
ORD103857,Robin Gutierrez,Printer,5,1021.78,26-11-2025
ORD103858,Gary Chang,Tablet,5,1461.59,01-10-2024
ORD103859,Walter Brown,Camera,2,1910.79,01-12-2025
ORD103860,Jeffrey Heath,Mouse,2,3462.22,05-11-2024
ORD103861,Kylie Robinson,Mobile,1,514.96,08-04-2024
ORD103862,Christopher Fernandez,Smartwatch,1,2624.19,16-06-2025
ORD103863,Aaron Burton,Laptop,2,4281.48,27-04-2024
ORD103864,Rebecca Robinson,Keyboard,5,557.99,02-10-2024
ORD103865,Joe Adams,Monitor,2,1928.75,07-08-2024
ORD103866,Travis Payne,Tablet,2,1554.64,15-11-2024
ORD103867,Jose Cochran,Smartwatch,1,2319.82,04-12-2024
ORD103868,Joseph Jones,Headphones,5,507.93,23-01-2025
ORD103869,Charlotte Guerrero,Tablet,2,4970.82,17-03-2025
ORD103870,Sue Sanchez,Smartwatch,4,2253.16,29-11-2024
ORD103871,Christina Collins,Smartwatch,4,173.16,31-07-2024
ORD103872,William Jones,Keyboard,4,1390.44,18-01-2025
ORD103873,Danielle Perez,Headphones,4,1208.91,07-02-2025
ORD103874,Meghan Medina,Mobile,4,2164.61,13-07-2025
ORD103875,Caitlin Anderson,Monitor,5,554.03,24-05-2024
ORD103876,Elaine Wilson,Laptop,1,1791.18,04-05-2025
ORD103877,Karen Myers,Laptop,3,3077.79,25-09-2024
ORD103878,Joy Rivera,Camera,4,3887.7,18-03-2025
ORD103879,Holly Wood,Keyboard,2,316.92,05-11-2024
ORD103880,Kathy Smith,Headphones,2,4308.72,06-06-2024
ORD103881,Karen Newman,Keyboard,2,2579.54,21-05-2025
ORD103882,Terri Williams,Keyboard,4,2492.72,08-08-2024
ORD103883,Samantha Green,Smartwatch,2,153.7,16-02-2024
ORD103884,Donald Evans,Keyboard,1,4298.5,03-05-2025
ORD103885,Jonathan Rhodes,Camera,1,776.06,09-04-2024
ORD103886,Shawn Horn,Tablet,1,3658.15,18-08-2025
ORD103887,Monica Young,Mouse,4,1527.21,14-12-2025
ORD103888,Jessica Bolton,Smartwatch,5,3731.01,21-09-2024
ORD103889,Anthony Reilly,Monitor,5,1892.4,29-05-2025
ORD103890,Kathryn Santana,Mouse,5,2623.08,24-03-2024
ORD103891,Wanda Reynolds,Smartwatch,3,3886.45,27-12-2025
ORD103892,Andre Nguyen,Mouse,3,1932.29,02-12-2024
ORD103893,Gwendolyn Herring,Keyboard,1,1371.09,22-06-2025
ORD103894,David Holt,Laptop,2,1971.44,23-02-2025
ORD103895,Rebecca Watkins,Smartwatch,4,4504.14,04-04-2024
ORD103896,Crystal Khan,Headphones,3,2924.05,06-01-2026
ORD103897,Brandon Lee PhD,Mouse,4,2245.47,02-01-2025
ORD103898,Leah Stanton,Mouse,1,2144.22,16-09-2025
ORD103899,Lisa Stevens,Smartwatch,1,2210.45,08-04-2025
ORD103900,James Williams,Keyboard,1,4015.66,26-02-2024
ORD103901,Anita Yates,Smartwatch,5,4615.69,22-09-2024
ORD103902,John Lynch,Camera,1,2788.06,24-07-2025
ORD103903,Kristine Ware,Headphones,2,1168.83,24-06-2024
ORD103904,Joe Snyder,Printer,5,2506.99,17-10-2025
ORD103905,Vanessa Martinez,Smartwatch,4,2423.9,04-11-2024
ORD103906,Zachary Huffman,Tablet,3,1824.21,09-11-2025
ORD103907,Corey Estrada,Smartwatch,4,792.35,30-11-2024
ORD103908,Brooke Mcdonald,Monitor,5,3154.65,28-02-2024
ORD103909,William Brock,Monitor,4,416.21,30-06-2025
ORD103910,Kimberly Riley,Keyboard,1,1558.99,22-01-2026
ORD103911,Erin Campbell,Headphones,1,3520.89,04-07-2025
ORD103912,Morgan Conrad,Mobile,5,3373.55,29-05-2025
ORD103913,Ariana Jackson,Smartwatch,5,3016.76,18-07-2024
ORD103914,Robin Romero,Keyboard,2,3346.4,20-08-2024
ORD103915,Peter Martin,Keyboard,4,1649.79,20-06-2024
ORD103916,Kimberly Hawkins,Camera,3,445.09,13-08-2025
ORD103917,Dustin Williams DVM,Monitor,1,4210.57,03-09-2024
ORD103918,Caitlyn Sloan,Smartwatch,2,3841.75,27-03-2024
ORD103919,Brittany Williams,Camera,4,487.37,14-10-2024
ORD103920,Benjamin Wright,Monitor,2,205.31,03-03-2024
ORD103921,Jennifer Pace,Smartwatch,2,4010.07,01-05-2024
ORD103922,Ricky Mckinney,Keyboard,2,1647.75,04-06-2025
ORD103923,Julie Davis,Smartwatch,2,4783.27,16-09-2025
ORD103924,Richard Hood,Mobile,2,3888.44,09-08-2024
ORD103925,Ashlee Hill,Laptop,4,4232.17,22-05-2025
ORD103926,Christopher Lewis,Mobile,2,4482.54,12-12-2024
ORD103927,Tyler Walker,Mouse,2,2997.08,05-11-2024
ORD103928,Jennifer Cross,Printer,2,3087.3,30-03-2024
ORD103929,Alexandra Banks,Laptop,3,1007.54,26-07-2024
ORD103930,Alicia Patel,Headphones,5,2865.61,12-01-2025
ORD103931,Danielle Johnson,Monitor,1,571.77,13-09-2025
ORD103932,Bryan Watson,Mouse,4,1555.63,21-08-2025
ORD103933,Christopher Crane,Camera,3,2787.13,04-07-2025
ORD103934,Tyler Lopez,Printer,1,127.24,25-10-2024
ORD103935,Sean Singh,Camera,2,1423.93,18-04-2025
ORD103936,James Parker,Mobile,3,4840.69,27-06-2024
ORD103937,Raymond Peterson,Mobile,2,2504.24,05-05-2025
ORD103938,Aaron Lopez,Camera,2,3057.86,14-07-2024
ORD103939,Thomas Bowers,Tablet,1,4939.86,15-02-2025
ORD103940,Rachel Gutierrez,Laptop,2,3684.56,02-07-2025
ORD103941,David Johnson Jr.,Camera,2,2079.08,11-04-2024
ORD103942,Lisa Johnson,Monitor,5,4649.6,07-08-2025
ORD103943,Kathy Kelley,Mouse,2,4019.23,10-09-2024
ORD103944,Daniel Rogers,Mouse,5,375.86,24-09-2025
ORD103945,Felicia Landry,Keyboard,4,1057.24,25-03-2024
ORD103946,Sara Maldonado,Laptop,2,2349.29,25-04-2025
ORD103947,Catherine Logan,Camera,3,1320.37,23-01-2026
ORD103948,Dale Jones,Monitor,5,2917.31,15-07-2024
ORD103949,Charles Nguyen,Tablet,3,3842.8,21-02-2024
ORD103950,Brittany Moreno,Mouse,5,1423.51,09-04-2024
ORD103951,Ricky Graham,Mobile,1,1985.31,18-08-2024
ORD103952,Allen Reynolds,Tablet,3,2906.27,22-04-2025
ORD103953,Eric Willis,Monitor,5,1078.05,22-03-2024
ORD103954,Christopher Owens DVM,Monitor,5,2875.03,19-09-2024
ORD103955,William Goodman,Mouse,5,1119.66,25-03-2025
ORD103956,Joseph Greene,Printer,2,4629.28,25-03-2025
ORD103957,Dr. Melissa Pearson,Tablet,1,4360.15,03-06-2025
ORD103958,Jonathan Cooley,Smartwatch,3,1463.13,28-01-2026
ORD103959,Melissa Fletcher,Headphones,1,1996.17,20-03-2025
ORD103960,Katherine Whitney,Mobile,3,1401.65,18-06-2025
ORD103961,Matthew Mcfarland,Mobile,4,385.1,01-12-2024
ORD103962,Natalie Williamson,Tablet,2,4143.05,27-09-2024
ORD103963,Christina Williams,Laptop,4,4317.78,04-11-2024
ORD103964,Angela Patterson,Laptop,1,2552.24,15-03-2025
ORD103965,Rhonda Sanchez,Tablet,5,2754.5,27-05-2024
ORD103966,Lisa White,Printer,1,2365.12,16-02-2025
ORD103967,Natalie Watson,Mobile,2,414.72,23-05-2025
ORD103968,George Mitchell,Mobile,5,3581.66,22-04-2024
ORD103969,Martin Solis,Smartwatch,2,1440.81,14-02-2024
ORD103970,Duane Hill,Laptop,5,2005.39,10-04-2024
ORD103971,Jermaine Leon,Mouse,4,3148.36,07-09-2024
ORD103972,Christina Sullivan,Monitor,4,2197.7,10-12-2025
ORD103973,Nicole Holmes,Printer,4,3788.82,26-11-2024
ORD103974,Amber Wallace,Smartwatch,3,3577.36,03-04-2024
ORD103975,Cindy Medina,Keyboard,1,3695.24,30-05-2024
ORD103976,Donald Farley,Headphones,2,2789.12,21-06-2024
ORD103977,Matthew Taylor,Tablet,4,2634.86,03-05-2024
ORD103978,Zachary Hernandez,Laptop,3,104.38,01-04-2025
ORD103979,Jeffrey Phillips,Headphones,2,1729.57,23-12-2025
ORD103980,Larry Weaver,Headphones,4,1419.12,04-06-2024
ORD103981,Joseph Smith,Laptop,2,898.53,08-02-2025
ORD103982,Nicholas Marshall,Tablet,5,2416.49,07-11-2025
ORD103983,Steven Russo,Printer,3,4479.19,02-11-2024
ORD103984,Amy Jones,Printer,4,1749.48,31-01-2025
ORD103985,Daniel Williams,Mobile,2,4023.58,15-07-2025
ORD103986,Kim Mathews,Printer,4,4486.51,30-11-2025
ORD103987,Benjamin Lopez,Camera,4,2096.5,09-06-2025
ORD103988,Dr. Marcus Andrews Jr.,Smartwatch,2,3155.3,09-08-2025
ORD103989,Scott Kennedy,Smartwatch,4,4185.28,29-01-2025
ORD103990,Matthew Carpenter,Tablet,3,4242.04,10-03-2024
ORD103991,Elizabeth Herrera,Smartwatch,2,4327.8,25-01-2026
ORD103992,Timothy Gray,Mouse,1,1070.24,30-11-2025
ORD103993,John Warren,Monitor,3,800.8,07-06-2024
ORD103994,Joseph Cobb,Camera,1,1397.22,11-05-2024
ORD103995,Cameron Perez,Tablet,4,993.73,30-06-2025
ORD103996,Brittany Lopez PhD,Mobile,1,4673.91,22-05-2025
ORD103997,Brittany Rodriguez,Headphones,3,2315.26,24-12-2024
ORD103998,Ebony Graves,Printer,1,1361.6,11-12-2025
ORD103999,Angela Buck,Keyboard,4,2561.56,19-04-2025
ORD104000,Kathleen Ellis,Smartwatch,2,1385.08,23-07-2024
ORD104001,Timothy Garcia,Camera,3,381.85,26-03-2024
ORD104002,Mr. Daniel Stevens DDS,Mobile,1,4906.57,22-01-2025
ORD104003,Richard Hernandez,Camera,5,4265.2,18-12-2025
ORD104004,Emily Turner,Laptop,2,4111.13,07-12-2025
ORD104005,Alejandro Dean,Mobile,4,1997.44,10-01-2026
ORD104006,William Murphy,Mobile,5,3550.98,04-07-2025
ORD104007,Mathew James,Tablet,1,650,21-04-2024
ORD104008,Nathaniel Arnold,Monitor,5,3152.76,03-02-2025
ORD104009,Brittany Meyer,Headphones,3,4289.12,08-05-2025
ORD104010,Jennifer Jacobs,Mouse,1,2664.63,13-09-2025
ORD104011,Sarah Hudson,Smartwatch,5,267.95,31-10-2025
ORD104012,Jeffrey Salazar,Smartwatch,4,3136.02,05-01-2026
ORD104013,Derek Colon,Smartwatch,4,2288.82,01-01-2026
ORD104014,Tony Rice,Mobile,1,2122.8,05-03-2024
ORD104015,Jason Kelly,Keyboard,2,3389.78,22-03-2025
ORD104016,Rachael Williams,Printer,4,1942.52,31-01-2025
ORD104017,Joseph Wilson,Printer,4,4334.32,27-03-2025
ORD104018,Taylor Williams,Mobile,5,4552.04,16-05-2024
ORD104019,Charles Yang,Camera,3,3191.99,14-04-2025
ORD104020,James Andrews,Monitor,1,4104.38,15-04-2024
ORD104021,Taylor Velez,Mouse,2,2004.64,20-01-2026
ORD104022,Philip Sanders,Laptop,3,1905.34,24-04-2025
ORD104023,Matthew Garcia,Tablet,1,3681.36,13-12-2025
ORD104024,Adam Livingston,Smartwatch,2,3856.25,19-04-2024
ORD104025,Margaret Nichols,Monitor,2,3420.19,11-08-2024
ORD104026,Pamela Andrews,Mobile,2,2247.04,09-08-2025
ORD104027,Kaylee Wright,Monitor,2,2871.62,26-07-2025
ORD104028,Cody Sanchez,Laptop,2,697.76,06-10-2025
ORD104029,Raymond Hernandez,Monitor,5,3123.35,05-12-2024
ORD104030,Theresa Burke,Keyboard,3,542.96,17-10-2025
ORD104031,Travis Davis,Tablet,5,802.07,08-01-2025
ORD104032,Linda Mccoy,Monitor,3,4036.7,29-11-2025
ORD104033,Jennifer Espinoza,Camera,4,4855.75,01-08-2024
ORD104034,Charles Cole,Tablet,4,2408.21,18-05-2024
ORD104035,Andrea Pena,Smartwatch,4,3448.21,11-03-2024
ORD104036,Tony Perry,Monitor,3,440.75,09-08-2025
ORD104037,Jeffrey Joyce,Smartwatch,2,395.64,11-10-2025
ORD104038,Linda Walsh,Headphones,3,4644.97,23-11-2025
ORD104039,Terri Grant,Headphones,1,4839.43,27-06-2025
ORD104040,Brittany Dunn,Camera,2,1444.89,23-10-2025
ORD104041,Stephen Zhang,Keyboard,4,1197.27,14-02-2025
ORD104042,Tina White,Tablet,3,940.57,20-05-2024
ORD104043,Emily Gray,Tablet,1,2705.75,22-02-2024
ORD104044,Jodi Taylor,Smartwatch,3,878.43,17-09-2025
ORD104045,Connor Holloway,Keyboard,5,4703.7,22-11-2024
ORD104046,David Mcdaniel,Mobile,3,4086.56,10-12-2024
ORD104047,Joseph Shields,Smartwatch,3,3477.7,08-03-2025
ORD104048,James Walsh,Monitor,2,4345.14,23-11-2025
ORD104049,Richard Smith,Printer,1,2136.31,31-12-2024
ORD104050,William Carpenter,Smartwatch,2,2240.76,24-03-2024
ORD104051,Terry Krause,Camera,2,4342.42,03-10-2024
ORD104052,Shane Adams,Tablet,2,1285.29,13-09-2024
ORD104053,Robin Morris,Headphones,5,156.47,03-05-2024
ORD104054,Jacob Martinez,Camera,1,4626.34,30-09-2024
ORD104055,Brian Oliver,Camera,5,4449.15,18-12-2024
ORD104056,Jose Barrett MD,Mouse,5,1443.71,20-05-2025
ORD104057,Aaron Hicks,Mobile,5,2622.89,22-05-2024
ORD104058,Andrew Harper,Tablet,3,484.55,17-01-2026
ORD104059,Jason Gray,Keyboard,4,3663.87,16-10-2024
ORD104060,Elizabeth Martin,Mouse,2,1182.23,18-12-2025
ORD104061,Adam Coleman,Monitor,1,1792.12,24-10-2024
ORD104062,Michael Hall,Laptop,3,2030.15,13-05-2025
ORD104063,Sharon Garcia,Camera,5,630.3,02-07-2024
ORD104064,April Wagner,Headphones,1,1324.64,25-11-2025
ORD104065,Angelica Barnes,Monitor,2,3965.86,25-01-2026
ORD104066,Alexis Frazier,Camera,2,4887.56,26-10-2025
ORD104067,Robert Lawrence,Printer,5,337.73,27-01-2026
ORD104068,Ruth Brooks,Keyboard,5,1318.32,04-01-2025
ORD104069,Lauren Chan,Printer,3,3282.38,25-06-2025
ORD104070,Kimberly Griffin,Camera,4,2841.6,03-05-2025
ORD104071,Katherine Burke,Monitor,5,2485.86,21-07-2024
ORD104072,Ashley Thomas,Printer,2,3939.28,28-02-2025
ORD104073,Matthew Wright,Smartwatch,3,2051.88,05-04-2024
ORD104074,Joseph Cruz,Smartwatch,1,3352.82,23-08-2024
ORD104075,Amy West,Smartwatch,5,1202.39,06-12-2025
ORD104076,Tami Gibson,Laptop,2,4976.4,30-05-2024
ORD104077,Christine Murphy,Smartwatch,5,824.64,24-11-2024
ORD104078,Veronica Green,Printer,5,689.1,06-08-2024
ORD104079,John Martinez,Headphones,2,1553.14,31-10-2024
ORD104080,David Howell,Smartwatch,5,1271.36,20-07-2024
ORD104081,James Powers,Smartwatch,3,3877,30-10-2025
ORD104082,Jason Allen MD,Keyboard,5,2853.92,11-09-2025
ORD104083,Ross Williams,Headphones,4,129.8,18-01-2026
ORD104084,Frederick Carter,Smartwatch,3,259.57,13-05-2024
ORD104085,Travis Fuller,Tablet,4,2571.29,14-04-2024
ORD104086,Misty Dean,Camera,4,4674.05,11-11-2024
ORD104087,Corey Jones,Smartwatch,5,2969.89,21-10-2025
ORD104088,Nancy Shaw,Smartwatch,3,3589.87,01-01-2025
ORD104089,Theresa Williams,Laptop,2,953.91,06-05-2025
ORD104090,Samantha Fletcher,Keyboard,4,1833.41,21-08-2024
ORD104091,Scott Jones,Keyboard,3,2282.71,27-11-2025
ORD104092,Kayla Ryan,Keyboard,5,229.89,27-09-2025
ORD104093,Jeffrey Mason,Printer,3,1904.59,04-06-2024
ORD104094,Alexander Williamson,Laptop,3,902.93,27-06-2024
ORD104095,Felicia Dixon,Printer,3,2319.74,24-10-2024
ORD104096,Austin Park,Laptop,4,616.51,27-07-2024
ORD104097,Christine Hamilton,Monitor,5,2986.65,06-03-2025
ORD104098,Justin Bennett,Monitor,3,253.73,20-01-2025
ORD104099,Caitlin Cervantes,Printer,5,4203.88,28-04-2024
ORD104100,Nicholas Howell,Camera,4,900.45,20-11-2024
ORD104101,Derrick Burns,Monitor,5,1813.65,15-11-2024
ORD104102,Jennifer Parks,Mobile,5,3891.36,22-02-2024
ORD104103,Dr. Christine Woods PhD,Tablet,1,2712.15,08-04-2024
ORD104104,Lindsay Garza,Laptop,2,641.89,25-05-2024
ORD104105,Felicia Goodwin,Mouse,1,2351.72,25-08-2024
ORD104106,Reginald Heath,Keyboard,3,359.13,23-12-2025
ORD104107,Jennifer Johnson,Monitor,4,1335.18,26-08-2025
ORD104108,Amber Powell,Headphones,1,3848.39,13-12-2024
ORD104109,Nicole Duncan MD,Mouse,4,4407.56,27-09-2024
ORD104110,Dr. Gina Walters,Mouse,1,1284.39,23-12-2024
ORD104111,Rachel Peterson,Camera,3,1906.78,23-02-2025
ORD104112,Katie Howard,Laptop,1,2768.87,14-02-2025
ORD104113,Sharon White,Laptop,3,1706.85,31-07-2025
ORD104114,Linda Wilkins,Mouse,4,1080.71,24-06-2024
ORD104115,Michelle Roberts,Tablet,2,3370.98,15-05-2024
ORD104116,Ruth Castillo,Laptop,5,4286.72,18-03-2025
ORD104117,James Carson,Smartwatch,5,160.04,12-12-2025
ORD104118,Teresa Clark,Tablet,2,822.23,11-04-2025
ORD104119,Ashley Holland,Smartwatch,1,2624.04,16-11-2024
ORD104120,Amanda Patton,Camera,2,135.73,08-01-2026
ORD104121,Alejandro Reid,Keyboard,1,2408.91,15-11-2025
ORD104122,Marcus Berg,Printer,3,2666.97,04-03-2025
ORD104123,George Turner,Keyboard,4,1516.29,04-07-2025
ORD104124,Gregory Washington,Headphones,2,4718.41,02-06-2024
ORD104125,Thomas Lara,Laptop,2,2931.51,10-10-2025
ORD104126,Jose James,Tablet,4,2956.49,18-09-2025
ORD104127,Debra Reynolds,Smartwatch,1,1337.39,05-06-2024
ORD104128,Jason Matthews,Camera,2,4466.3,21-04-2024
ORD104129,Lauren Williams,Headphones,2,2830.11,12-02-2025
ORD104130,Amy Davidson,Keyboard,1,4373.04,14-08-2024
ORD104131,Mary Huffman,Keyboard,2,4798.22,25-02-2024
ORD104132,Natalie Roth,Headphones,3,3512.81,30-09-2024
ORD104133,Eric Shaffer,Keyboard,4,372.86,23-10-2024
ORD104134,Donna Fuentes,Monitor,1,1542.47,28-01-2025
ORD104135,Lisa Wright,Smartwatch,3,2873.19,08-01-2026
ORD104136,Diane Ellis,Headphones,5,329.13,04-05-2025
ORD104137,Lauren Chavez,Printer,4,2219.37,14-10-2025
ORD104138,Carmen Sloan,Smartwatch,3,967.05,01-10-2024
ORD104139,Alexandra Perry,Mobile,5,2122.66,16-08-2024
ORD104140,Gregory Ayala,Monitor,1,3017.77,14-08-2025
ORD104141,Robert Lopez,Tablet,3,4771.94,24-10-2024
ORD104142,Mary Mclean,Camera,3,4655.04,23-04-2025
ORD104143,Edward Johnson,Smartwatch,1,3898.45,30-12-2025
ORD104144,Paula Franklin,Keyboard,3,4197.07,09-06-2025
ORD104145,Selena Knight,Mouse,2,3894.25,23-03-2025
ORD104146,Catherine Austin,Camera,1,2833.65,22-06-2025
ORD104147,Joshua Scott,Mobile,1,1003.34,07-01-2026
ORD104148,Carlos Phillips,Monitor,2,1896.97,01-04-2024
ORD104149,Kimberly Davis,Monitor,5,583.66,09-03-2024
ORD104150,Joanne Hensley,Printer,4,2795.64,03-11-2025
ORD104151,William Mcknight,Headphones,3,3691.76,11-09-2024
ORD104152,Timothy Morales,Mouse,4,2082.47,18-08-2025
ORD104153,Todd Harrington,Smartwatch,4,3731.04,27-03-2025
ORD104154,Courtney Perry,Printer,2,3492.54,23-04-2025
ORD104155,William Fletcher,Smartwatch,5,2969,23-02-2025
ORD104156,Kevin Bradley,Smartwatch,5,2952.17,04-06-2024
ORD104157,Brittany Gonzales,Laptop,1,2622.73,12-02-2025
ORD104158,William Lewis,Camera,2,303.74,10-09-2025
ORD104159,David Jones,Smartwatch,4,4997.31,26-09-2025
ORD104160,Justin Bell,Keyboard,2,3174.09,11-09-2025
ORD104161,Ashley Medina,Keyboard,3,509.56,03-02-2025
ORD104162,Marc Hartman,Camera,4,1764.09,11-02-2025
ORD104163,Michael Guerra,Smartwatch,2,2406.65,02-06-2024
ORD104164,Julia Barton,Mouse,4,764,25-11-2024
ORD104165,Belinda Valdez,Laptop,5,2335.17,22-08-2025
ORD104166,Morgan Rivera,Mouse,4,2983.17,06-06-2025
ORD104167,James Lopez,Camera,5,4320.49,19-01-2026
ORD104168,Lisa Miller,Smartwatch,4,1750.42,15-03-2025
ORD104169,Meghan Lawrence,Mobile,2,4269.9,22-01-2025
ORD104170,Mark Randolph,Keyboard,1,3848.07,28-07-2024
ORD104171,Mr. Robert Baker,Laptop,2,2228,18-06-2024
ORD104172,Tonya Lee,Headphones,1,4012.34,25-01-2025
ORD104173,Jessica Stephens,Monitor,4,2765.51,17-04-2024
ORD104174,Paige Murray,Smartwatch,5,1278.51,24-01-2025
ORD104175,Mark Elliott,Headphones,3,4452.91,01-02-2026
ORD104176,Adam Stone,Printer,3,2778.54,04-08-2025
ORD104177,Carolyn Fletcher,Monitor,3,752.6,04-01-2026
ORD104178,Leslie Cole,Headphones,4,4534.29,22-06-2025
ORD104179,Courtney Hall,Monitor,2,2292.6,08-08-2024
ORD104180,Pamela Garner,Laptop,4,3719.77,27-01-2026
ORD104181,Bobby Griffin,Mouse,2,4761.63,02-09-2025
ORD104182,Angela Brock,Monitor,3,131.87,17-02-2025
ORD104183,Jose Warner,Tablet,2,4006.25,25-12-2025
ORD104184,Christopher Schwartz,Keyboard,3,4468.08,31-01-2026
ORD104185,Katherine Warner,Laptop,5,2122.99,06-01-2026
ORD104186,Lisa Lowe,Laptop,5,1523.41,22-01-2025
ORD104187,Kyle Hogan,Keyboard,3,1610.13,19-11-2025
ORD104188,Randy Johnson,Headphones,2,1674.2,23-05-2025
ORD104189,Jon Wilson,Keyboard,3,1156.75,26-03-2024
ORD104190,Travis Braun,Monitor,1,3546.75,12-11-2024
ORD104191,Teresa Garrett,Tablet,3,2899.33,24-12-2024
ORD104192,Shawn Coffey,Keyboard,4,418.02,14-05-2024
ORD104193,Jennifer Anderson,Camera,2,3624.55,13-02-2024
ORD104194,Patrick Rice,Mobile,5,677.55,15-03-2024
ORD104195,Misty Benitez,Camera,5,3371.58,10-06-2025
ORD104196,Colleen Taylor,Printer,4,2372.11,11-03-2025
ORD104197,Randall Simmons,Mouse,2,4188.53,11-02-2025
ORD104198,Holly Ramirez,Keyboard,2,4152.44,06-03-2024
ORD104199,Tanya Smith,Monitor,5,746.76,16-08-2024
ORD104200,Tammy Mccarthy,Headphones,5,2898.29,08-09-2025
ORD104201,Don Bennett,Tablet,1,1567.18,26-09-2024
ORD104202,Isabel Price,Printer,3,4560.94,08-03-2024
ORD104203,Christopher Gutierrez,Tablet,5,4035.2,26-08-2025
ORD104204,Jimmy Brock,Keyboard,5,889.25,28-05-2024
ORD104205,Tina Cox,Printer,3,488.6,14-11-2024
ORD104206,Regina Miller,Smartwatch,3,4439.38,07-08-2025
ORD104207,Jeremy Kirk,Camera,1,697.81,11-10-2024
ORD104208,Jennifer Rice,Monitor,3,1410.92,20-04-2024
ORD104209,Catherine Ramirez,Mouse,4,114.72,10-10-2024
ORD104210,Cheryl Scott,Camera,1,4536.77,03-12-2024
ORD104211,Sarah Williams,Printer,4,4790.93,28-03-2024
ORD104212,Ian Garza,Laptop,3,992.1,03-05-2024
ORD104213,Dana Roberts,Printer,3,1398.51,20-06-2025
ORD104214,Jake Cunningham,Mouse,5,2918.16,18-10-2025
ORD104215,Robert Howard,Tablet,2,2336.71,21-11-2025
ORD104216,Scott Ellis,Mobile,3,2746.75,30-06-2024
ORD104217,Phillip Sheppard,Laptop,4,881.91,12-05-2025
ORD104218,John Mullins,Laptop,3,2463.54,18-02-2025
ORD104219,Michael English,Smartwatch,3,265.66,22-05-2025
ORD104220,Benjamin Phelps,Laptop,4,1101.51,07-06-2025
ORD104221,Melissa Peters,Laptop,4,4932.96,30-07-2024
ORD104222,Allison Bird,Mobile,4,1349.11,18-01-2025
ORD104223,Benjamin Harper,Mobile,5,184.81,25-10-2024
ORD104224,Kimberly Anderson,Headphones,3,4006.24,11-02-2024
ORD104225,John Rodriguez,Mobile,5,4590.8,20-01-2026
ORD104226,Adrian Contreras,Mobile,1,1680.5,15-07-2025
ORD104227,Phillip Davis,Camera,2,1308.74,31-10-2024
ORD104228,Joshua Hunt,Camera,4,2894.78,15-12-2024
ORD104229,Ivan Steele,Printer,2,101.54,04-12-2025
ORD104230,Laurie Boyle,Laptop,5,3311.12,20-12-2024
ORD104231,Alexander Brown,Camera,4,175.36,19-06-2025
ORD104232,Stacy Sampson,Headphones,3,4387.8,01-10-2025
ORD104233,Matthew Good,Tablet,5,4253.17,04-05-2025
ORD104234,Meagan Travis,Camera,2,4320.01,12-08-2025
ORD104235,Michael Craig,Mobile,5,1395.57,02-05-2024
ORD104236,Jason Stein,Mouse,1,2519.21,10-03-2025
ORD104237,Steven Bryant,Printer,5,1791.15,07-05-2024
ORD104238,Jonathan Kerr,Mobile,4,4663.97,13-10-2025
ORD104239,Jennifer Acosta MD,Laptop,4,3815.85,24-07-2025
ORD104240,Kelli Stewart,Mobile,2,2064.01,29-12-2024
ORD104241,Roger King,Mouse,3,4710.56,24-12-2024
ORD104242,Pam Flowers,Smartwatch,3,4156.93,19-08-2025
ORD104243,Roy Nolan,Smartwatch,4,2758.04,25-09-2024
ORD104244,Lisa Dennis,Keyboard,3,3476.94,24-01-2026
ORD104245,Jordan Knight,Monitor,2,4443.82,07-01-2026
ORD104246,Daniel Cross,Smartwatch,3,774.15,25-04-2024
ORD104247,Tracy Rose,Smartwatch,3,3807.18,20-02-2025
ORD104248,Elizabeth Kirk,Smartwatch,1,4710.48,29-12-2024
ORD104249,Tamara Morrow,Tablet,1,2015.41,06-02-2025
ORD104250,Theresa Gray,Mouse,5,1200.31,14-12-2024
ORD104251,Lisa Bowen,Printer,2,2448.87,11-08-2025
ORD104252,Lisa Patterson,Mobile,3,289.66,03-12-2025
ORD104253,Beth Rodriguez,Headphones,5,3045.54,28-10-2024
ORD104254,Courtney Vargas,Camera,4,2686.55,26-08-2024
ORD104255,Christine Reynolds,Tablet,3,3271.08,11-11-2025
ORD104256,Corey Rios,Headphones,2,2060.72,01-07-2025
ORD104257,Mr. Mark Roberts,Keyboard,2,1832.48,13-10-2024
ORD104258,Austin Hogan,Camera,1,4037.33,29-11-2024
ORD104259,Sarah Tate,Printer,5,4466.46,20-10-2025
ORD104260,Brittany Walsh,Mobile,4,3585.24,05-11-2024
ORD104261,Caitlin Brown,Laptop,5,3580.84,10-05-2024
ORD104262,Jeremy Gomez,Smartwatch,1,3637.92,14-10-2024
ORD104263,Kevin Johnson,Printer,5,2360.27,01-11-2024
ORD104264,Jason Stanley,Mobile,3,256.84,04-07-2025
ORD104265,Cheryl Thomas,Keyboard,4,4254.35,02-06-2024
ORD104266,Joshua Little,Headphones,2,4623.54,23-01-2025
ORD104267,Lucas Steele,Camera,3,1738.71,15-05-2024
ORD104268,Tiffany Haney,Laptop,1,4358.82,03-02-2025
ORD104269,James Small,Headphones,5,3773.04,30-05-2025
ORD104270,Keith Wright,Smartwatch,1,4774.95,13-09-2024
ORD104271,William Pollard,Tablet,5,383.73,29-08-2024
ORD104272,Kristen Parks,Monitor,5,874.94,28-10-2024
ORD104273,Christopher Edwards,Monitor,5,2771.8,22-02-2025
ORD104274,Zachary Sanchez,Smartwatch,4,308.34,25-09-2025
ORD104275,Michael Gordon,Mouse,2,1015.79,09-12-2025
ORD104276,Chelsea Sanchez,Tablet,1,2943,10-09-2024
ORD104277,Steven Salazar,Printer,3,213.95,12-06-2025
ORD104278,Michael Anderson,Printer,4,3246.15,24-07-2024
ORD104279,Troy Willis,Laptop,1,3053.18,08-03-2025
ORD104280,Raymond Cochran,Smartwatch,4,4061.38,14-05-2025
ORD104281,Meagan Brown,Tablet,4,2115.16,10-11-2024
ORD104282,Tyler Diaz,Smartwatch,5,4139.07,02-05-2025
ORD104283,Thomas Woods,Mouse,1,829.23,21-05-2025
ORD104284,Paul Clay IV,Keyboard,5,846.7,28-04-2025
ORD104285,Melissa Ruiz,Headphones,3,1011.14,27-12-2024
ORD104286,Regina Jackson,Tablet,3,2869.31,24-04-2024
ORD104287,Douglas Wilkinson,Mouse,3,527.59,27-12-2025
ORD104288,Donna Pineda,Mouse,3,387.63,17-09-2024
ORD104289,Carol Turner,Printer,2,4574.91,22-06-2025
ORD104290,Mrs. Kimberly York,Monitor,1,146.03,24-08-2025
ORD104291,Sarah Aguilar,Laptop,5,2787.75,22-01-2026
ORD104292,Danielle Moore,Mouse,3,1382.79,28-08-2024
ORD104293,Daniel Perkins,Keyboard,5,2157.81,13-06-2025
ORD104294,Elaine Brooks,Monitor,1,1464.2,05-03-2025
ORD104295,Chad Wolf,Mouse,1,3801.99,14-02-2024
ORD104296,Raymond Taylor,Headphones,4,4320.04,14-08-2024
ORD104297,Matthew Smith,Camera,3,3132.33,23-04-2024
ORD104298,Gilbert Cooper,Mobile,4,4793.98,20-08-2024
ORD104299,Lance Tucker,Keyboard,4,2227.31,24-11-2025
ORD104300,Erin Smith,Laptop,3,4882.43,17-09-2025
ORD104301,Dr. Isabel Graham MD,Smartwatch,4,2898.81,26-12-2025
ORD104302,Cynthia Compton,Headphones,5,4471.36,16-08-2025
ORD104303,Laura Smith,Camera,2,3541.31,15-01-2026
ORD104304,Samantha Oconnor,Smartwatch,3,2931.12,14-02-2024
ORD104305,Angelica Woods,Headphones,1,1645.76,08-04-2024
ORD104306,Mrs. Janice Mitchell,Mouse,4,2059.75,24-10-2025
ORD104307,Brandi Smith,Camera,4,4338.61,06-02-2026
ORD104308,Tasha Lutz,Printer,1,4229.09,08-10-2024
ORD104309,Jennifer Roberts,Headphones,4,1583.72,19-04-2025
ORD104310,Rachel Calhoun,Camera,3,3832.73,26-03-2025
ORD104311,Christina Mccall,Headphones,4,1057.64,21-05-2024
ORD104312,Tara Parker,Mouse,5,1980.5,30-09-2024
ORD104313,John Chambers,Mouse,4,4171.16,21-12-2024
ORD104314,Rebecca Brown,Smartwatch,3,216.3,16-04-2025
ORD104315,Kimberly Murphy,Keyboard,2,2573.94,20-10-2025
ORD104316,Jon Rojas,Tablet,4,341.54,18-07-2025
ORD104317,Howard Ward,Tablet,2,3545.31,25-04-2024
ORD104318,John Young,Tablet,1,2479.75,01-03-2024
ORD104319,Diana Gutierrez,Monitor,3,173.79,18-02-2024
ORD104320,Joseph West,Printer,2,2086.3,25-09-2025
ORD104321,Donna Ruiz,Camera,1,1568.12,11-01-2026
ORD104322,Sandra Hodges,Monitor,1,2749.91,07-04-2025
ORD104323,Steven Jimenez,Monitor,4,3295.54,04-08-2024
ORD104324,Melissa Brown,Tablet,5,1536.41,08-04-2025
ORD104325,Robin Wallace,Mouse,2,2792.11,15-01-2025
ORD104326,April Yu,Printer,2,3735.26,14-04-2024
ORD104327,Carrie Burton,Headphones,2,2711.88,22-01-2025
ORD104328,Angela Smith,Laptop,4,827.42,13-08-2025
ORD104329,Samantha Larson,Mobile,2,2956.13,24-12-2025
ORD104330,Tina Cline,Headphones,5,1619.67,31-12-2024
ORD104331,Heather Herrera,Mouse,2,2893.51,19-02-2025
ORD104332,Joel Nunez,Smartwatch,1,4387.34,08-07-2024
ORD104333,Lisa Chen,Headphones,4,1948.35,18-09-2025
ORD104334,Bobby Larson,Keyboard,4,3820.48,25-08-2024
ORD104335,Belinda Carlson,Camera,2,2477.99,18-11-2025
ORD104336,Yvonne White,Mouse,3,686.74,25-04-2025
ORD104337,Gabriel Bruce,Mobile,3,3117.91,15-05-2024
ORD104338,Tammy King,Keyboard,3,4623.17,17-08-2024
ORD104339,Brian Martinez,Mobile,4,2846.08,03-05-2024
ORD104340,Chloe Young,Printer,2,2701.41,09-05-2024
ORD104341,Anthony Sanders,Headphones,5,4995.12,09-03-2024
ORD104342,Zachary Black,Camera,1,3258.36,26-09-2024
ORD104343,Lindsey Taylor,Mobile,1,817.82,30-10-2025
ORD104344,Peter Perry,Keyboard,1,4156.82,10-04-2025
ORD104345,Michael Fischer,Tablet,4,3077.14,08-02-2025
ORD104346,Joan Case,Mouse,1,3882.09,25-03-2024
ORD104347,Alicia Simpson,Laptop,4,1754.73,30-06-2025
ORD104348,Kenneth Phillips,Laptop,1,954.87,14-11-2024
ORD104349,Ernest Hunt,Monitor,5,987.79,21-08-2025
ORD104350,Amy Morrow,Camera,4,2483.6,16-10-2025
ORD104351,Denise Pineda,Headphones,2,2866.82,23-01-2026
ORD104352,Susan Taylor,Laptop,2,4294.66,04-10-2024
ORD104353,Paul Walker,Smartwatch,2,3150.69,04-06-2024
ORD104354,Erin Castaneda,Keyboard,3,2961.61,06-12-2025
ORD104355,Kimberly Taylor,Keyboard,4,2883.45,15-08-2025
ORD104356,Sharon Steele,Mobile,5,2858.97,06-05-2025
ORD104357,Alexandria Lee,Laptop,2,1860.04,22-10-2024
ORD104358,Michelle Morrow,Laptop,3,4767.11,09-10-2024
ORD104359,James Michael,Mobile,4,2204.21,14-03-2024
ORD104360,Carl Valenzuela,Mobile,1,3962.17,08-05-2025
ORD104361,Thomas Long,Laptop,2,2059.24,30-06-2024
ORD104362,Jessica Martinez,Camera,2,2510.5,24-09-2025
ORD104363,John Arnold,Keyboard,2,622.01,14-11-2024
ORD104364,Kimberly Garcia,Headphones,3,4493.41,01-05-2024
ORD104365,Tamara Simpson,Laptop,2,4455.11,17-06-2025
ORD104366,Ruben Fitzgerald,Laptop,1,958.52,10-11-2025
ORD104367,Brittany Hall,Mouse,2,3629.24,25-12-2024
ORD104368,Justin Caldwell,Mouse,3,797,15-03-2025
ORD104369,William Schwartz,Mouse,1,3197.98,25-05-2025
ORD104370,Brenda Walters,Laptop,5,4699.65,24-12-2025
ORD104371,Amanda Moran,Keyboard,2,3321.51,16-10-2024
ORD104372,Holly Drake,Laptop,4,2370.02,21-04-2024
ORD104373,Jessica Robinson,Headphones,5,4756.67,30-11-2025
ORD104374,Steven Rodriguez,Tablet,5,1296.77,22-06-2025
ORD104375,Tamara Powers,Smartwatch,4,3617.49,15-12-2024
ORD104376,Cesar Miller,Mobile,1,228.99,23-02-2024
ORD104377,Frank Gray,Monitor,2,2940.24,09-12-2024
ORD104378,Nathan Elliott,Monitor,4,935.54,10-05-2024
ORD104379,Brittany Brennan,Keyboard,1,3037.35,26-11-2024
ORD104380,David Rasmussen,Keyboard,2,886.52,29-12-2025
ORD104381,Tara Adams,Keyboard,5,4724.36,02-11-2024
ORD104382,Jason Young,Headphones,5,1162.34,08-05-2024
ORD104383,Lisa Baird,Laptop,2,139.15,10-11-2025
ORD104384,Jean Oconnor,Tablet,4,1390.91,19-10-2025
ORD104385,Rose Palmer,Tablet,3,1891.66,16-01-2025
ORD104386,Bobby Gomez,Camera,1,739.33,21-09-2025
ORD104387,Timothy Scott,Camera,2,4545.61,14-02-2025
ORD104388,Jessica Wheeler,Smartwatch,1,864.21,04-07-2025
ORD104389,Thomas Clark,Tablet,4,2606.62,04-10-2025
ORD104390,Melanie Mendez,Keyboard,4,4251.46,10-12-2024
ORD104391,Luke Smith,Mobile,1,4968.29,31-05-2025
ORD104392,Mary Hall,Tablet,1,3630.23,09-05-2024
ORD104393,Kristy Hanson,Mouse,5,731.45,30-10-2025
ORD104394,Susan Hood,Laptop,2,4076.46,31-10-2024
ORD104395,Ronald Suarez,Mouse,2,2988.8,17-05-2025
ORD104396,Jeffrey Riddle,Laptop,5,4594.73,04-01-2025
ORD104397,Johnny Tran,Mobile,1,3179.76,04-03-2024
ORD104398,Jason Stevenson,Camera,1,4671.7,05-10-2024
ORD104399,Angela Waters,Smartwatch,5,3329.87,19-08-2025
ORD104400,Shannon Crawford,Printer,1,1636.91,13-08-2025
ORD104401,Carlos Hill,Camera,4,3968.58,29-04-2025
ORD104402,Reginald Spears,Printer,5,2209.26,27-07-2024
ORD104403,Hector Christian,Mobile,2,2135.33,18-12-2025
ORD104404,Casey Martin,Keyboard,1,2889.51,12-03-2025
ORD104405,Brenda Brewer,Mobile,2,1983.19,13-02-2025
ORD104406,Teresa James,Printer,4,934.01,24-10-2025
ORD104407,Amanda Harris,Keyboard,3,2346.27,24-09-2024
ORD104408,Charles Murray,Smartwatch,1,226.89,05-11-2025
ORD104409,Bonnie Schneider,Laptop,5,1934.53,09-02-2026
ORD104410,Katrina Weber PhD,Monitor,1,3333.06,26-02-2025
ORD104411,Ms. Rebecca Ramirez DVM,Monitor,4,1156.14,23-11-2025
ORD104412,Alicia Zimmerman,Tablet,4,1862.66,05-10-2024
ORD104413,Sandra Jackson,Mobile,4,2801.81,20-01-2026
ORD104414,Julie Grant,Laptop,5,3664.07,10-05-2024
ORD104415,David Cantu,Printer,5,1227.27,14-09-2025
ORD104416,Kristin Ferguson,Mobile,4,618.34,30-07-2025
ORD104417,Katie Wilson,Printer,3,4483.52,04-08-2025
ORD104418,Robert Welch,Keyboard,1,2694,01-02-2025
ORD104419,Teresa Sheppard,Smartwatch,4,2653.85,10-10-2024
ORD104420,Janet Wells,Keyboard,5,1850.43,27-07-2025
ORD104421,Amy Landry,Laptop,5,2346.51,14-12-2024
ORD104422,David Mercado,Monitor,1,2432.88,23-03-2024
ORD104423,Stanley Evans,Mouse,4,4687.86,02-10-2024
ORD104424,Kathleen Alexander,Smartwatch,1,4281.08,18-06-2024
ORD104425,Jessica Gray,Mobile,1,1241.63,29-09-2024
ORD104426,Dana Cole,Keyboard,1,2854.43,11-11-2024
ORD104427,Denise Macias,Tablet,3,1172.06,24-12-2024
ORD104428,Johnny Hooper,Printer,1,2035.92,20-08-2024
ORD104429,William Davis,Mobile,1,4744.43,10-05-2024
ORD104430,Sharon Hernandez,Laptop,4,4573.64,13-09-2024
ORD104431,Paul Thompson,Keyboard,5,4191.49,02-05-2024
ORD104432,Margaret Wheeler,Monitor,5,4813.4,19-06-2025
ORD104433,Allen Smith,Laptop,4,2964.39,29-05-2024
ORD104434,Benjamin Farmer,Camera,2,1612.49,02-10-2024
ORD104435,Daniel Diaz,Camera,5,4208.12,23-08-2025
ORD104436,Deanna Marsh,Tablet,1,3733.76,21-07-2025
ORD104437,Robert Bryan,Laptop,5,399.91,28-01-2025
ORD104438,Donna Atkins,Monitor,1,3741.84,15-03-2025
ORD104439,Ryan Lopez,Mouse,1,2994.06,02-05-2025
ORD104440,Timothy Smith,Laptop,5,1948.13,18-01-2026
ORD104441,Laura Watson,Printer,3,362.27,10-07-2024
ORD104442,Teresa Garcia,Laptop,1,2690.36,25-12-2025
ORD104443,Andrea Henry,Tablet,3,491.75,03-03-2024
ORD104444,Rhonda Rodriguez,Headphones,1,3055.21,22-06-2024
ORD104445,Joy Clarke,Keyboard,1,2519.36,21-04-2024
ORD104446,Jessica Bridges,Laptop,3,2495.84,30-09-2025
ORD104447,Casey Roy,Keyboard,5,1681.1,09-04-2025
ORD104448,Patrick Marquez,Printer,1,3926.75,22-07-2024
ORD104449,Brenda Barrera,Mobile,3,4828.54,20-07-2025
ORD104450,Vincent Cummings,Camera,4,2898.74,02-01-2026
ORD104451,Denise Hall,Laptop,1,1121.52,30-12-2025
ORD104452,Jacob Carpenter,Mobile,1,3926.47,14-02-2024
ORD104453,Melissa Crawford,Mouse,3,4688.68,09-12-2025
ORD104454,Sean Montgomery,Monitor,4,3814.54,17-04-2024
ORD104455,Christopher Maynard,Keyboard,1,2761.04,26-12-2025
ORD104456,Jonathan Roman,Laptop,5,3049.64,31-08-2025
ORD104457,Robert Wright,Mobile,2,2428.16,16-03-2025
ORD104458,Aaron Benjamin,Smartwatch,3,2904.53,14-10-2025
ORD104459,Elizabeth Gutierrez,Camera,5,2011.39,11-09-2024
ORD104460,Courtney Price,Printer,2,2954.28,14-02-2025
ORD104461,Danielle Snyder,Mobile,5,3151.62,20-04-2025
ORD104462,Rebecca White,Printer,1,2231.32,21-01-2026
ORD104463,Jason Mack,Monitor,1,1428.65,18-11-2024
ORD104464,Melissa Mason,Camera,5,3495.67,29-10-2025
ORD104465,Brooke Cortez,Camera,5,4939.58,18-12-2025
ORD104466,Ashley Garcia,Monitor,3,2709.1,09-09-2025
ORD104467,Mary Martin,Printer,1,119.43,03-03-2024
ORD104468,Alexander Le,Printer,4,2927.4,20-02-2024
ORD104469,Sarah Montgomery,Keyboard,1,4677.17,14-02-2024
ORD104470,Matthew Ford,Monitor,2,2951.29,05-11-2025
ORD104471,Cynthia Braun,Laptop,4,3560.22,10-08-2024
ORD104472,Daniel Stark,Laptop,4,1881.97,25-08-2024
ORD104473,Joshua Maynard,Mouse,1,4535.58,25-08-2024
ORD104474,Jason Rogers,Camera,2,4424.58,02-10-2024
ORD104475,Brandon Jennings,Mouse,1,4976.19,04-07-2025
ORD104476,Aaron Horton,Mouse,2,3050.25,21-01-2025
ORD104477,Sheila Rodriguez,Headphones,2,4496.14,05-05-2024
ORD104478,Deborah Cardenas,Smartwatch,4,2208.84,04-06-2024
ORD104479,Christina May,Keyboard,1,140.75,08-07-2025
ORD104480,Emily Johnson,Laptop,5,121.79,25-02-2025
ORD104481,Amber Gonzalez,Monitor,4,3546.32,16-10-2025
ORD104482,Monica Benson,Headphones,5,4018.25,22-05-2025
ORD104483,Anne Landry,Headphones,5,711.2,16-09-2024
ORD104484,Melanie Bernard,Tablet,5,373.28,28-03-2024
ORD104485,Amanda Peterson,Tablet,2,3557.97,31-10-2025
ORD104486,Jorge Lopez,Printer,1,797.11,26-09-2025
ORD104487,Evan Pugh,Laptop,5,4067.28,21-07-2024
ORD104488,Emily Wilson,Monitor,4,4631.92,22-06-2025
ORD104489,Gabriel Galloway,Printer,5,1100.65,28-10-2025
ORD104490,Timothy Cardenas,Printer,3,4353.8,22-01-2025
ORD104491,James Flores,Tablet,4,3492.88,17-12-2024
ORD104492,Anthony Paul,Smartwatch,4,713.13,13-02-2024
ORD104493,Kristi Thomas,Printer,5,3440.95,02-05-2025
ORD104494,Theresa Fields,Tablet,4,3264.86,12-12-2025
ORD104495,Krista Farmer,Printer,4,1434.48,28-04-2024
ORD104496,Pamela Coleman,Smartwatch,4,4718.37,24-10-2024
ORD104497,Laura Turner,Printer,2,3386.31,25-04-2025
ORD104498,Kristin Johnson,Keyboard,4,473.63,30-09-2024
ORD104499,Molly Walker,Mouse,4,543.34,16-10-2025
ORD104500,Stephanie Bailey,Tablet,5,3372.09,11-02-2024
ORD104501,Michael Lucas,Keyboard,4,3250.34,13-02-2025
ORD104502,Denise Lee,Smartwatch,1,949.29,07-07-2024
ORD104503,Casey Sandoval,Camera,5,1664.89,19-10-2024
ORD104504,Hunter Arnold,Laptop,2,1943.84,15-07-2024
ORD104505,Karen Wright,Keyboard,1,1194.63,11-06-2025
ORD104506,Jerry Young,Smartwatch,1,4689.02,05-01-2025
ORD104507,Evan Jensen,Camera,3,2636.72,18-03-2025
ORD104508,Molly Allen,Tablet,4,271.47,04-11-2025
ORD104509,Lisa Schultz,Mouse,4,1046.28,07-03-2025
ORD104510,Tom Smith,Keyboard,4,3060.39,17-03-2025
ORD104511,Eric Thompson,Printer,1,624.86,20-01-2025
ORD104512,Linda Perez,Monitor,1,2050.85,04-07-2024
ORD104513,Randy Sanchez,Mouse,2,4274.63,04-11-2024
ORD104514,Gloria Garcia,Tablet,5,296.54,11-06-2024
ORD104515,John Brown,Monitor,1,190.62,19-05-2025
ORD104516,Robert Jenkins,Laptop,3,3872.98,15-04-2024
ORD104517,Christie Allen,Headphones,4,3877.48,04-05-2025
ORD104518,Kristina Maynard,Mobile,5,997.14,08-02-2026
ORD104519,Sarah Moore,Laptop,1,2834.47,06-06-2025
ORD104520,Troy Crawford,Mouse,5,1510.85,02-05-2025
ORD104521,Dawn Ramos,Mouse,3,1699.57,11-08-2025
ORD104522,Susan Stewart,Camera,2,3457.05,05-04-2025
ORD104523,Stephanie Hunter,Keyboard,4,4655,04-09-2025
ORD104524,Ronald Melton,Laptop,5,2284.7,16-07-2024
ORD104525,Robin Buck,Camera,1,1413.18,19-01-2025
ORD104526,Mark Lee,Mobile,3,259.87,21-06-2025
ORD104527,Andrea Jones,Printer,5,619.76,05-02-2025
ORD104528,Ronald Best,Mobile,5,3637.88,18-11-2024
ORD104529,Heidi Costa,Smartwatch,4,1351.38,21-08-2025
ORD104530,Scott Bautista,Mobile,2,1451.2,02-07-2025
ORD104531,Christopher Martinez,Keyboard,5,3832.95,15-04-2024
ORD104532,Christopher Gomez,Monitor,3,1669.53,30-11-2024
ORD104533,Gene Martin,Printer,4,4457.32,04-02-2025
ORD104534,Jason Stone DDS,Monitor,1,4346.87,14-01-2026
ORD104535,Cindy Harris,Tablet,2,4305.73,29-10-2025
ORD104536,Jessica Lawson,Laptop,5,4031.76,31-08-2024
ORD104537,James Hall,Smartwatch,1,4366.06,18-02-2025
ORD104538,James Sanchez,Keyboard,5,4131.78,15-09-2024
ORD104539,Mark Boyd,Laptop,5,4883.6,28-12-2025
ORD104540,Christina Stewart,Smartwatch,2,2025.08,26-12-2024
ORD104541,Jordan Delacruz,Keyboard,5,126.15,15-08-2025
ORD104542,Mr. Jeremy Robbins DDS,Laptop,3,4488.95,25-03-2024
ORD104543,Tara Black,Camera,4,925.16,28-07-2024
ORD104544,Sarah Burns,Headphones,4,2942.07,07-10-2025
ORD104545,Brooke Tran,Camera,1,280.83,29-08-2024
ORD104546,Angela Winters,Printer,4,2567.59,10-04-2024
ORD104547,Scott Bell,Keyboard,5,4243.43,14-07-2024
ORD104548,Jeffrey Brown,Monitor,1,4770.32,10-12-2024
ORD104549,Christina Simpson,Monitor,5,3131.48,13-12-2024
ORD104550,Michelle Rivera,Tablet,3,2293.17,26-08-2024
ORD104551,Rachel Lewis,Mobile,4,2450.03,28-01-2026
ORD104552,Wendy Beard,Laptop,4,4721.26,23-01-2025
ORD104553,Haley Patterson,Keyboard,5,525.34,22-09-2025
ORD104554,Larry Willis,Printer,1,2969.12,16-03-2024
ORD104555,Chelsea Castillo,Mouse,2,4886.54,04-03-2025
ORD104556,Lauren Perez,Headphones,2,2929.33,04-06-2024
ORD104557,Michael Cortez,Camera,1,1304.27,04-04-2025
ORD104558,Joshua Carr,Mouse,2,4714.19,17-02-2025
ORD104559,Brooke Manning,Monitor,5,1682.8,20-08-2025
ORD104560,Rebecca Taylor,Smartwatch,3,4063.34,18-04-2025
ORD104561,Joseph Jennings,Headphones,3,1696.82,20-10-2025
ORD104562,Patrick Randolph,Headphones,3,2345.7,12-09-2024
ORD104563,Eric Brown,Monitor,4,2607.59,05-01-2025
ORD104564,Betty Powell,Tablet,1,305,06-02-2025
ORD104565,Sierra Morrow,Headphones,1,3417.7,03-02-2026
ORD104566,Kim Graham,Laptop,1,1855.68,29-02-2024
ORD104567,Francisco Matthews,Camera,5,4524.72,10-08-2025
ORD104568,Valerie Wilson,Keyboard,4,4398.57,25-10-2024
ORD104569,Kathleen Anderson,Smartwatch,1,4679.83,21-06-2024
ORD104570,Kelly Murphy,Mobile,3,2718.08,07-08-2025
ORD104571,Kyle Davis,Mobile,5,3464.53,15-07-2024
ORD104572,Heidi Buck,Printer,2,4935.71,24-03-2024
ORD104573,Crystal Sheppard,Printer,3,4906.91,01-09-2025
ORD104574,Clifford Jimenez,Printer,2,4314.92,11-09-2024
ORD104575,George Cruz,Mouse,4,3215.13,04-02-2025
ORD104576,Miranda Bradley,Mobile,1,4462.84,06-05-2025
ORD104577,Shelley Lamb,Tablet,1,3646.36,25-09-2025
ORD104578,Craig Richards,Headphones,3,484.52,25-02-2024
ORD104579,Samantha Davenport,Monitor,3,3395.79,13-12-2024
ORD104580,Thomas Jarvis,Monitor,2,2295.78,16-04-2025
ORD104581,Tanner Cox,Smartwatch,1,1259.96,30-07-2024
ORD104582,Edward Floyd,Laptop,3,1951.58,08-11-2025
ORD104583,Allison Franklin,Keyboard,4,2467.6,28-06-2025
ORD104584,Amy Nicholson,Mouse,4,4650.06,31-01-2026
ORD104585,Rachel Page,Monitor,3,1887.77,11-06-2025
ORD104586,Courtney Reese,Camera,4,639.2,24-06-2025
ORD104587,Pamela Espinoza,Camera,1,3651.42,31-10-2024
ORD104588,Tim Wood,Mobile,1,967.24,27-08-2025
ORD104589,Victoria Valdez,Monitor,5,2420.41,15-09-2024
ORD104590,Calvin Burns,Monitor,3,2888.64,08-07-2025
ORD104591,Gerald Shepherd,Tablet,3,1916.96,13-02-2025
ORD104592,Chase Oliver,Printer,1,1078.64,05-05-2025
ORD104593,Joshua Miller,Camera,1,2706.22,02-10-2024
ORD104594,Paige Gomez,Smartwatch,5,3587.51,27-09-2025
ORD104595,Craig Massey,Mouse,2,4978.49,01-04-2024
ORD104596,Melissa Arroyo,Mouse,1,2199.38,04-06-2024
ORD104597,Vanessa Freeman,Camera,2,2811.43,07-08-2024
ORD104598,Tracy Meyers,Camera,2,2029.55,16-06-2025
ORD104599,David Gonzalez,Smartwatch,5,262.79,14-01-2025
ORD104600,Briana Preston,Monitor,2,2351.78,30-09-2025
ORD104601,Holly Rodgers,Printer,1,1251.43,18-04-2024
ORD104602,Phillip Braun,Printer,2,445.31,16-10-2025
ORD104603,Crystal Mckay,Mouse,5,928.47,04-12-2024
ORD104604,Jonathan Fritz,Mouse,5,1222.55,09-11-2025
ORD104605,Dr. Patricia Olson,Headphones,3,2417.72,11-06-2024
ORD104606,Melissa Nelson,Headphones,1,4612.7,14-12-2024
ORD104607,Travis Torres,Mobile,1,4100.47,25-06-2025
ORD104608,Laurie Byrd,Mobile,5,1702.95,04-04-2024
ORD104609,Heather Jackson,Mobile,1,2118.06,13-05-2024
ORD104610,Michael Ramsey,Mouse,1,653.13,29-01-2026
ORD104611,David Cooper,Headphones,5,2763.72,27-02-2025
ORD104612,Andrea Morrow,Camera,5,886.43,06-06-2024
ORD104613,Jennifer Schneider,Printer,3,3306.38,12-05-2025
ORD104614,Jon Oconnor,Monitor,4,2645.63,02-01-2025
ORD104615,Robert Brooks,Mobile,5,669.9,27-07-2025
ORD104616,Cindy Sherman,Tablet,3,3277.88,11-01-2025
ORD104617,Breanna Thompson MD,Headphones,5,1222.13,15-06-2025
ORD104618,Jenna Brown,Headphones,1,3571.42,04-02-2026
ORD104619,Austin Parker,Keyboard,3,2149.89,10-07-2025
ORD104620,Charles Castillo,Tablet,3,3610.72,14-02-2024
ORD104621,Sarah Kim,Tablet,2,3468.65,14-08-2024
ORD104622,Grant Flores,Laptop,1,401.06,06-04-2024
ORD104623,Sharon Rivera,Keyboard,1,2029.39,11-08-2024
ORD104624,Christine Turner,Smartwatch,5,1201.89,21-12-2024
ORD104625,Luis White,Keyboard,4,1446.27,27-01-2025
ORD104626,Philip Morrow,Mobile,5,1922.25,28-09-2024
ORD104627,Jacqueline Reed,Headphones,4,1653.67,15-04-2024
ORD104628,Brittany Livingston,Printer,1,2640.5,08-05-2025
ORD104629,Mario Martin,Tablet,4,4499.34,03-10-2024
ORD104630,Cameron Mccoy,Camera,4,1560.99,22-02-2024
ORD104631,Jonathan Martin,Keyboard,4,2650.15,24-09-2025
ORD104632,Ashley Case,Laptop,2,1914.8,20-02-2025
ORD104633,Austin Johnson,Headphones,5,2895.47,21-06-2024
ORD104634,Rachel Anderson,Headphones,1,3756.95,22-08-2024
ORD104635,Michele Henderson,Monitor,4,1248.03,23-07-2024
ORD104636,Natalie Logan,Printer,2,3903.93,18-03-2025
ORD104637,Sherry Clark,Smartwatch,3,3011.37,17-04-2024
ORD104638,Monica Rice,Camera,4,1786.84,16-11-2025
ORD104639,Holly Wright,Printer,1,133.35,26-07-2024
ORD104640,Justin Booth,Laptop,2,3017.49,18-11-2025
ORD104641,Susan Flores,Keyboard,1,1040.21,09-02-2026
ORD104642,Peter Singleton,Printer,5,2415.61,11-04-2024
ORD104643,Patrick Gonzalez,Headphones,3,2757.14,19-07-2025
ORD104644,Alan Craig,Laptop,2,1994.59,11-02-2025
ORD104645,Steven Hernandez,Monitor,2,4727.96,15-09-2025
ORD104646,Keith Cherry MD,Laptop,1,4689.53,21-09-2025
ORD104647,William Carter,Keyboard,3,4197.18,03-11-2025
ORD104648,Mrs. Ashley Watson MD,Mouse,1,4590.71,25-12-2025
ORD104649,Jerry Taylor,Headphones,2,657.25,25-07-2024
ORD104650,Rodney Freeman,Camera,3,4483.99,03-07-2025
ORD104651,Richard Wallace,Mouse,3,1763.39,09-10-2024
ORD104652,Patricia Davila,Mobile,1,3638.95,06-07-2025
ORD104653,Brian Hayes,Laptop,2,918.79,31-03-2024
ORD104654,Micheal Boone,Keyboard,4,2422.79,11-08-2025
ORD104655,Ashley Fields,Mobile,2,1261.99,23-09-2024
ORD104656,Raymond Donaldson,Laptop,3,2512.53,04-07-2025
ORD104657,Ronald Arnold,Mobile,4,4731.01,01-11-2024
ORD104658,Katelyn Martin,Keyboard,2,805.63,19-08-2024
ORD104659,James Ford,Mobile,3,842.29,20-03-2025
ORD104660,Laura Dyer,Monitor,3,818.37,09-06-2025
ORD104661,Sherri Poole,Camera,3,1551.88,25-02-2025
ORD104662,Casey Ward,Headphones,4,2037.86,26-02-2024
ORD104663,Todd Walters,Headphones,1,1288.76,16-08-2025
ORD104664,Virginia Cooper,Keyboard,2,1385.76,22-04-2024
ORD104665,Christopher Zimmerman,Laptop,1,870.24,18-06-2025
ORD104666,Melissa Gardner,Mobile,2,4468.04,24-02-2024
ORD104667,Joseph Stewart,Mobile,1,3325.46,26-05-2025
ORD104668,Leah Villanueva,Monitor,1,3646.41,11-02-2025
ORD104669,Katherine Montgomery,Laptop,2,1294.05,30-04-2025
ORD104670,Wayne Villarreal,Keyboard,2,369.55,22-01-2025
ORD104671,Justin Dyer,Laptop,1,638.8,08-05-2025
ORD104672,Chad Stein,Camera,4,2590.76,21-12-2024
ORD104673,Molly Rodriguez,Headphones,5,3714.35,24-04-2025
ORD104674,Mr. Robert Barnes MD,Tablet,1,3571.61,08-11-2024
ORD104675,Michele Gardner,Camera,2,4972.43,25-08-2025
ORD104676,Ian Brown,Keyboard,2,3256.12,26-06-2025
ORD104677,Patricia King,Tablet,4,4187.09,02-11-2024
ORD104678,Kimberly Thomas,Printer,2,1019.74,15-12-2025
ORD104679,Kristi Ferrell,Mouse,4,1544.53,24-09-2024
ORD104680,Susan Nelson,Keyboard,1,791.56,07-04-2025
ORD104681,Natasha Gonzalez,Monitor,4,2175,28-10-2025
ORD104682,Thomas Franklin,Laptop,4,372.57,13-07-2024
ORD104683,Christopher Thompson,Printer,5,3764.22,16-03-2025
ORD104684,Angela Edwards,Mouse,1,3744.77,29-01-2025
ORD104685,Jamie Ward,Monitor,5,282.03,23-01-2026
ORD104686,John Ellis,Headphones,4,3279.31,18-05-2024
ORD104687,Jessica Mclean,Printer,5,2144.58,28-01-2026
ORD104688,Patrick Harrison,Printer,4,4695.23,09-01-2026
ORD104689,Marcus Clark,Camera,2,2573.12,27-12-2024
ORD104690,Keith Waters,Laptop,3,2427.24,16-09-2025
ORD104691,Gerald Lambert,Camera,2,3551.38,17-11-2025
ORD104692,Justin Velasquez,Printer,2,323.62,29-04-2024
ORD104693,Nicole Ryan,Tablet,1,4479.73,22-08-2025
ORD104694,Emily Craig,Tablet,5,1131.03,28-02-2024
ORD104695,Robert Hanson,Smartwatch,1,711.25,25-03-2025
ORD104696,Matthew Jones,Monitor,5,4471.94,09-10-2024
ORD104697,Jonathan Adkins,Keyboard,1,4696.16,28-09-2024
ORD104698,Joshua Braun,Mobile,3,3732.97,09-07-2025
ORD104699,Adam Coleman,Smartwatch,4,2212.84,25-09-2024
ORD104700,George Stevens,Tablet,1,999.29,16-07-2025
ORD104701,Jonathan Moss,Monitor,2,1261.64,04-10-2025
ORD104702,William Ward,Monitor,4,629.45,12-02-2024
ORD104703,Felicia Woods,Laptop,1,877.44,23-03-2024
ORD104704,Jose Smith,Headphones,3,4175.14,08-04-2024
ORD104705,Jacqueline Miller,Camera,3,2377.41,13-10-2024
ORD104706,Jamie Bradford,Monitor,1,2800.38,24-03-2024
ORD104707,Michelle Young,Headphones,2,2793.09,17-03-2024
ORD104708,Jose Neal,Laptop,3,4860.28,17-05-2025
ORD104709,Brian Williams,Printer,2,1914.65,09-09-2025
ORD104710,Lisa Strickland,Keyboard,4,3023.94,24-02-2024
ORD104711,Patrick Cunningham,Printer,4,483.48,08-12-2025
ORD104712,Justin Martinez,Mouse,4,2488.45,29-05-2024
ORD104713,Timothy Arellano,Smartwatch,3,4728.03,27-11-2025
ORD104714,Todd Burns,Printer,1,103.02,14-05-2024
ORD104715,Christina Carter DVM,Keyboard,2,304.52,26-01-2026
ORD104716,Patrick Hicks,Tablet,3,3247.11,22-07-2024
ORD104717,Scott Shepherd,Keyboard,5,4757.32,23-08-2024
ORD104718,Sara Smith,Tablet,2,2075.58,27-07-2024
ORD104719,Deborah Mitchell,Mobile,5,3138.17,13-07-2025
ORD104720,Chris Wong,Laptop,2,3371.57,03-06-2025
ORD104721,Ian Smith,Printer,2,2867.91,25-12-2025
ORD104722,Joshua Taylor,Mouse,5,1931.26,10-06-2024
ORD104723,Christopher Bates,Mouse,1,4562.79,28-01-2025
ORD104724,Karen Ray,Mobile,3,4569.05,28-11-2024
ORD104725,Sharon Mcmillan,Keyboard,3,3422.63,24-02-2025
ORD104726,Dr. Miranda Wade,Laptop,1,900.67,03-05-2025
ORD104727,Rhonda Jones,Headphones,3,4544.4,14-03-2024
ORD104728,Curtis Smith,Mobile,4,1105.12,04-03-2025
ORD104729,Robert Harrington,Smartwatch,1,4571.62,16-10-2024
ORD104730,Melvin Torres,Printer,1,2820.18,18-03-2025
ORD104731,Bethany King,Mobile,5,4321.57,08-06-2024
ORD104732,Daniel Lee,Keyboard,3,211.34,16-07-2025
ORD104733,Morgan Malone,Mouse,1,4059.16,18-01-2026
ORD104734,James Mccarthy,Headphones,5,2685.07,16-11-2024
ORD104735,Amanda Rodriguez,Monitor,3,4488.3,09-02-2025
ORD104736,Angela Jones,Monitor,2,3594.98,07-08-2024
ORD104737,Terri Bennett,Keyboard,4,2304.39,13-04-2025
ORD104738,Jennifer Sloan,Headphones,2,3528.86,25-01-2025
ORD104739,Emma Hansen,Camera,1,2273.42,11-11-2025
ORD104740,Katherine Lee,Camera,3,604.39,25-07-2025
ORD104741,Michael Dodson,Camera,4,3569.55,12-10-2025
ORD104742,David Lopez,Tablet,1,1806.33,23-02-2025
ORD104743,Joshua Brown,Keyboard,2,981.19,20-11-2025
ORD104744,Gregory Adams,Keyboard,4,540.32,30-09-2024
ORD104745,Scott Kelley,Mobile,5,2815.48,04-11-2025
ORD104746,John Burke,Printer,5,2581.95,02-03-2024
ORD104747,Michael Miller,Printer,3,4687,31-08-2025
ORD104748,Jason Black,Mobile,4,270.58,19-12-2025
ORD104749,Gregory Rose,Camera,5,1839.82,16-07-2025
ORD104750,Richard Edwards,Mouse,4,4046.69,28-10-2024
ORD104751,Stephanie Duffy,Monitor,5,3655.93,09-12-2025
ORD104752,Stacie Knight,Camera,1,4321.55,04-12-2024
ORD104753,Caleb Smith,Smartwatch,2,4016.58,10-02-2026
ORD104754,Jessica Preston,Keyboard,5,901.12,01-03-2025
ORD104755,Timothy Best,Mobile,5,3240.92,22-12-2024
ORD104756,Scott Garza,Monitor,4,2035.64,18-06-2024
ORD104757,Joshua Moore,Smartwatch,4,4814.86,29-07-2024
ORD104758,Emily Davis,Mouse,5,954.12,09-10-2025
ORD104759,Megan Snyder,Printer,2,1050.19,19-02-2025
ORD104760,Alyssa Osborne,Mobile,5,2648.06,28-02-2024
ORD104761,Lisa Peters,Monitor,1,3801.88,26-07-2025
ORD104762,Larry Martinez,Headphones,1,1772.11,19-11-2024
ORD104763,Rebecca Crawford,Camera,1,963.77,28-01-2026
ORD104764,Ethan Wright,Printer,4,3013.39,16-06-2024
ORD104765,Daniel Duffy,Monitor,4,2929.27,07-03-2025
ORD104766,Ashley Wall,Mouse,5,2626.06,28-06-2024
ORD104767,Albert Turner,Monitor,5,3590.18,04-06-2024
ORD104768,Brian Oneal,Mobile,4,2103.54,10-12-2024
ORD104769,Martha White DDS,Camera,1,1366.41,24-08-2025
ORD104770,Andrew Martin,Camera,5,2095.69,14-11-2025
ORD104771,Lori Sweeney DDS,Headphones,1,4950.62,06-04-2024
ORD104772,Michael Zhang,Camera,4,2919.58,14-05-2024
ORD104773,Barbara Bentley,Tablet,2,2663.3,04-04-2024
ORD104774,Sonya Mcmillan,Camera,2,2075.08,04-02-2026
ORD104775,Joseph Pearson,Headphones,2,2592.09,02-06-2025
ORD104776,Michelle Landry,Tablet,3,2522.82,09-08-2025
ORD104777,Thomas Hill,Smartwatch,5,1887.16,08-03-2025
ORD104778,Nicholas Norton,Monitor,4,4385.21,22-04-2024
ORD104779,Michael Fields,Mobile,5,4512.24,29-12-2025
ORD104780,Matthew Kelly,Headphones,3,3764.07,10-03-2024
ORD104781,Alexander Hampton,Mouse,2,3543.58,04-12-2024
ORD104782,Diana Mccormick,Tablet,2,356.35,22-12-2025
ORD104783,Jessica Stevens,Headphones,2,4876.92,28-10-2024
ORD104784,Timothy Thomas,Printer,1,4378.9,24-06-2024
ORD104785,Kevin Davis,Mobile,4,3636.61,23-03-2024
ORD104786,Joseph Holder,Monitor,4,355.12,15-02-2025
ORD104787,John Ewing,Headphones,1,4442.33,04-05-2024
ORD104788,David Miranda,Mobile,1,4515.51,21-07-2025
ORD104789,Marie Jones,Camera,1,3709.19,25-10-2024
ORD104790,Todd Benton,Mobile,5,535.64,10-10-2025
ORD104791,Nancy Serrano,Camera,1,2131.26,11-05-2025
ORD104792,Elizabeth Townsend,Mouse,5,500.43,03-01-2026
ORD104793,Larry Martin,Laptop,1,1423.41,28-11-2024
ORD104794,Valerie Mccarthy,Headphones,2,156.5,10-02-2026
ORD104795,Jason Garza,Tablet,5,2046.42,13-12-2024
ORD104796,Brenda Taylor,Camera,3,1092.69,10-06-2025
ORD104797,Chad Black,Monitor,5,2779.17,09-06-2024
ORD104798,Vincent Hester,Camera,5,1961.93,14-03-2025
ORD104799,Nathaniel Shaw,Smartwatch,3,260.56,16-08-2025
ORD104800,Christopher Obrien,Mobile,4,1297.93,11-05-2025
ORD104801,Mrs. Elizabeth Thomas MD,Mobile,4,4050.59,14-04-2024
ORD104802,Jesus Ross,Printer,5,537.86,12-08-2024
ORD104803,Steven Smith,Printer,2,463.18,28-10-2025
ORD104804,Doris Thompson,Printer,2,3579.66,24-10-2025
ORD104805,Nicolas Brooks,Printer,4,2500.17,11-01-2025
ORD104806,Ashley Mendoza,Monitor,3,3309.18,13-10-2024
ORD104807,Sarah Sanchez,Tablet,3,3645.1,01-08-2024
ORD104808,Victoria Bennett,Keyboard,4,1140.76,08-07-2025
ORD104809,Cameron Mccoy,Keyboard,2,3812.52,16-07-2025
ORD104810,Timothy Ferrell,Camera,2,1310.05,04-12-2025
ORD104811,Ashley Orr,Printer,3,4676.77,01-03-2025
ORD104812,Evan Dawson,Mouse,4,2065.12,08-08-2024
ORD104813,Laura Murphy,Monitor,2,2969.87,18-05-2024
ORD104814,Julia Bush,Camera,1,4501.8,19-11-2025
ORD104815,Peter Aguilar,Smartwatch,1,3609.87,22-12-2024
ORD104816,Julia Dalton,Tablet,3,2215.33,11-08-2025
ORD104817,Andrew Jackson,Headphones,5,928.27,07-04-2025
ORD104818,Anne Mitchell,Laptop,5,2290.15,24-10-2025
ORD104819,Timothy White,Keyboard,4,699,05-08-2024
ORD104820,Jessica Dawson,Mouse,4,3193.46,27-02-2025
ORD104821,David Jackson,Tablet,1,3120.58,21-09-2024
ORD104822,Deanna Tucker,Tablet,2,1354.81,25-09-2024
ORD104823,Anthony Higgins,Headphones,1,4757.84,22-02-2025
ORD104824,Patricia Anderson,Keyboard,5,2678.42,07-12-2025
ORD104825,Robert Hays II,Tablet,3,346.97,18-08-2025
ORD104826,David Cox,Smartwatch,4,385.6,15-12-2025
ORD104827,Robert Boone,Camera,4,2044.3,01-11-2025
ORD104828,Crystal Rogers DDS,Laptop,2,2455.16,24-03-2024
ORD104829,Deborah Stevens,Printer,2,3262.27,23-01-2025
ORD104830,Andrew Fox,Camera,1,4159.1,16-08-2025
ORD104831,Jennifer Wang,Camera,3,4579.91,23-07-2024
ORD104832,Aaron Andrews,Monitor,1,4011.67,21-12-2024
ORD104833,Christina Gutierrez,Camera,5,3697.72,19-11-2024
ORD104834,Thomas Huynh,Keyboard,1,1229.78,13-11-2024
ORD104835,Ralph Roberts,Mobile,1,1385.62,18-09-2025
ORD104836,John Bailey,Camera,3,418.02,20-05-2025
ORD104837,Maureen Andrade,Printer,1,2174.53,21-12-2024
ORD104838,James Brown,Printer,2,3037.46,27-10-2025
ORD104839,Chelsea Williams,Mouse,2,1119.26,12-04-2024
ORD104840,Kyle Turner,Smartwatch,1,534.65,09-07-2024
ORD104841,Jessica Lopez,Printer,5,1138.91,15-02-2024
ORD104842,Joshua Carney,Keyboard,3,4762.81,29-11-2024
ORD104843,Allison Morris,Camera,5,2960.97,25-04-2025
ORD104844,Cheryl Powers,Mobile,3,1153.56,18-07-2025
ORD104845,Nancy Cook,Monitor,3,1711.43,22-02-2024
ORD104846,Heather Patel,Printer,1,2479.71,12-07-2024
ORD104847,James Graham,Mouse,2,4462.26,09-01-2025
ORD104848,Joshua Baker,Laptop,5,1892.33,23-03-2024
ORD104849,William Brown,Printer,5,3127.84,21-11-2024
ORD104850,Melissa Howard,Mouse,3,2860.37,13-10-2025
ORD104851,Corey Davis,Monitor,1,3420.49,28-10-2024
ORD104852,Gregory Blake,Mouse,4,4988.67,19-06-2025
ORD104853,Karen Cunningham,Mobile,5,4625.32,20-09-2024
ORD104854,Zachary Aguilar,Smartwatch,5,668.25,20-11-2025
ORD104855,Hannah Richardson MD,Laptop,5,4994.97,06-01-2025
ORD104856,Kathryn Cruz,Mobile,1,4719.84,26-07-2024
ORD104857,Chad Peterson,Mouse,4,3659.15,15-03-2025
ORD104858,Edward Ward,Tablet,5,4771.85,21-09-2024
ORD104859,Hannah Pittman,Tablet,5,2864.65,17-06-2025
ORD104860,Mr. Christopher Yang,Tablet,1,2431.98,23-01-2026
ORD104861,Amy Spencer,Smartwatch,2,640.58,01-02-2025
ORD104862,Timothy Ramsey,Keyboard,3,4631.16,18-09-2024
ORD104863,Bradley Ward,Keyboard,2,582.58,12-08-2025
ORD104864,Gabriella Lucas,Mouse,1,2752.03,17-08-2024
ORD104865,Jennifer Braun,Printer,1,3658.69,06-01-2025
ORD104866,Sean Vasquez,Headphones,3,1863.8,26-01-2025
ORD104867,Daniel Burgess,Laptop,2,4909,02-08-2024
ORD104868,Christine Williams,Monitor,4,893.41,13-03-2025
ORD104869,Annette Scott,Keyboard,5,144.8,13-01-2025
ORD104870,Robert Thomas,Laptop,4,2024.29,26-04-2025
ORD104871,Craig Munoz,Keyboard,3,2154.26,02-12-2025
ORD104872,Rachel Brooks MD,Mobile,5,909.21,25-12-2025
ORD104873,Brandon Cline,Monitor,1,3270.99,15-09-2024
ORD104874,Dr. Amy Myers,Headphones,1,1123.82,05-08-2024
ORD104875,Natalie Crawford,Headphones,2,879.32,17-07-2024
ORD104876,Jesse Hernandez,Laptop,3,2812.24,19-05-2024
ORD104877,Keith Baker,Mouse,3,557.14,29-12-2025
ORD104878,Eduardo Willis,Headphones,5,2032.84,18-09-2024
ORD104879,Derek Thornton,Mouse,5,1469.03,01-07-2024
ORD104880,Stephanie Brown,Tablet,2,1205.53,04-04-2024
ORD104881,Christina Jones,Monitor,3,2699.14,18-09-2024
ORD104882,Matthew Campbell,Mouse,3,2927.35,25-04-2024
ORD104883,Jesse Rasmussen,Mobile,2,3469.19,06-11-2025
ORD104884,Summer Brown,Headphones,3,854.15,03-12-2025
ORD104885,Eric Sanders,Tablet,3,1931.72,25-09-2024
ORD104886,Nancy Gross,Smartwatch,1,4565.19,28-02-2025
ORD104887,James Johnson,Camera,5,1848.27,05-09-2025
ORD104888,Linda Shea,Monitor,5,715.15,29-04-2025
ORD104889,Desiree Stewart,Laptop,4,1339.43,29-09-2024
ORD104890,Holly Jackson,Tablet,4,3073.06,30-07-2025
ORD104891,Robert Morales,Laptop,5,3881.45,24-09-2025
ORD104892,Michael Sparks,Tablet,1,1933.73,08-03-2025
ORD104893,Lisa Hill,Laptop,3,4461.89,25-11-2024
ORD104894,Morgan Johnson,Tablet,1,1791.95,15-02-2025
ORD104895,Michael Carey MD,Printer,4,3094.65,06-07-2025
ORD104896,Wendy Clark,Mobile,3,2254.78,29-03-2025
ORD104897,Lonnie Lawson,Mobile,5,4912.97,02-02-2026
ORD104898,Brad Smith,Printer,1,3140.86,17-09-2024
ORD104899,Jeff Petty,Monitor,5,2484.71,18-10-2024
ORD104900,Zachary Schneider,Laptop,3,4674.18,01-06-2025
ORD104901,Deborah Hawkins,Smartwatch,2,1611.11,19-09-2024
ORD104902,Robert Allison MD,Headphones,4,3577.84,12-11-2024
ORD104903,Jason Johnson,Camera,1,3488.01,07-03-2025
ORD104904,John Morales,Printer,5,4660.82,26-05-2024
ORD104905,Crystal Howe,Laptop,2,2327.89,26-02-2025
ORD104906,Amanda Cochran,Mouse,2,3576.42,28-04-2024
ORD104907,Joanna Fernandez,Headphones,3,3288.43,20-07-2024
ORD104908,Jill Colon,Mouse,3,3584.7,20-02-2025
ORD104909,Lisa Berry,Mouse,2,2041.28,23-12-2024
ORD104910,Daniel Johnson,Keyboard,5,380.82,19-12-2024
ORD104911,Taylor Cobb,Printer,2,3561.26,12-12-2024
ORD104912,Sara Duncan,Headphones,5,3456.17,18-04-2025
ORD104913,Andrew Hill,Tablet,2,1704.36,29-10-2025
ORD104914,Ian Lawrence,Headphones,1,4199.59,22-10-2024
ORD104915,Brian Page,Smartwatch,3,2779.92,12-05-2024
ORD104916,Jacob Hunt,Mouse,3,784.74,11-06-2024
ORD104917,Tracey Blackwell,Keyboard,1,3842.17,20-08-2024
ORD104918,Stephen Welch,Laptop,5,3532.76,08-01-2025
ORD104919,Michael Williams,Keyboard,2,2706.59,04-10-2025
ORD104920,Corey Holloway,Monitor,2,465.98,24-01-2025
ORD104921,Rachel Smith,Laptop,2,3750.08,06-09-2024
ORD104922,Theresa Boyd,Tablet,4,259.99,05-04-2024
ORD104923,Michael Henry,Smartwatch,4,4368.48,27-05-2025
ORD104924,Natasha Santiago,Smartwatch,2,2302.01,12-03-2025
ORD104925,Walter Miller PhD,Laptop,5,2363.69,18-06-2024
ORD104926,Daniel Martinez,Laptop,1,4642.81,16-10-2025
ORD104927,Briana Smith,Camera,5,673.39,17-02-2025
ORD104928,Collin Douglas,Smartwatch,5,4153.85,10-10-2025
ORD104929,Melissa Johnson,Monitor,3,1361.52,14-04-2025
ORD104930,Adam French,Headphones,1,1324.71,17-08-2024
ORD104931,Nathan Moyer,Monitor,1,2489.64,16-05-2024
ORD104932,Zachary Porter,Laptop,2,4055.34,22-11-2024
ORD104933,Lisa Mcdonald,Mouse,2,3121.13,12-04-2025
ORD104934,Ryan Wilkins,Monitor,5,397.58,11-08-2025
ORD104935,Bobby Thornton,Laptop,5,2813.34,02-08-2025
ORD104936,James Barnes,Monitor,4,3050.97,24-10-2024
ORD104937,Melissa Nguyen,Mobile,2,4895.14,19-10-2025
ORD104938,Brandon Barnes,Keyboard,3,2698.44,08-03-2024
ORD104939,Alexander Allen,Monitor,3,4626.86,30-04-2025
ORD104940,Melissa Whitaker,Camera,3,4396.27,17-04-2025
ORD104941,Jennifer Mayo,Mouse,5,4147.38,04-10-2024
ORD104942,Kevin Brooks,Smartwatch,4,3538,27-05-2025
ORD104943,Gabriel Thompson Jr.,Smartwatch,4,3356.39,09-08-2025
ORD104944,John Rodriguez,Camera,3,3240.78,25-05-2024
ORD104945,Jennifer Webb,Headphones,3,1640.35,26-11-2025
ORD104946,Tammy Hill,Tablet,3,1671.26,12-02-2024
ORD104947,Aaron Brown,Mouse,2,1771.77,23-03-2025
ORD104948,Curtis Romero,Monitor,5,2654.67,10-01-2025
ORD104949,Pamela Olson,Smartwatch,1,386.46,20-06-2025
ORD104950,Nathan Solis,Laptop,1,3276.59,10-08-2024
ORD104951,Kimberly Johnson,Monitor,5,2467.17,05-11-2025
ORD104952,Jacob Alvarez,Camera,1,1052.39,09-06-2025
ORD104953,Caroline Peterson,Smartwatch,3,2530.81,02-05-2024
ORD104954,Cynthia Gallegos,Mobile,3,2313.24,02-01-2026
ORD104955,Erin Black,Monitor,5,1247.52,26-07-2025
ORD104956,Felicia Wilson,Laptop,3,2001.06,29-11-2025
ORD104957,Carolyn Russell,Mouse,5,2696.14,17-01-2026
ORD104958,Holly Bailey,Smartwatch,2,856.62,04-02-2025
ORD104959,Amber Bell,Camera,4,3563.46,08-06-2024
ORD104960,Carol Oliver,Mouse,1,4404.95,02-10-2024
ORD104961,Patricia Hamilton,Laptop,3,1326.56,23-09-2025
ORD104962,Tommy Rodriguez,Headphones,1,266.46,30-12-2024
ORD104963,Joseph Sandoval,Mouse,5,462.49,21-06-2024
ORD104964,Kevin Ryan,Monitor,5,2239,28-02-2025
ORD104965,Rebecca Smith,Headphones,5,4247.06,12-05-2024
ORD104966,Sherry Riggs,Tablet,3,359.4,13-02-2025
ORD104967,Regina Holmes,Headphones,1,837.66,09-03-2024
ORD104968,Deborah Sanders,Camera,1,3034.82,22-01-2026
ORD104969,Ellen Fisher,Laptop,2,4116.78,05-10-2024
ORD104970,Catherine Peterson,Monitor,2,1142.33,06-12-2025
ORD104971,Alexander Bryant,Printer,4,995.88,02-05-2024
ORD104972,Peter Cook,Headphones,3,860.71,19-12-2025
ORD104973,Gabrielle Sanchez,Laptop,2,4794.07,24-11-2025
ORD104974,Adam Watson,Tablet,2,4615.56,26-07-2025
ORD104975,Nathaniel Stephens,Headphones,5,2951.13,17-02-2025
ORD104976,Richard Stevenson,Mouse,4,2049.07,03-02-2025
ORD104977,Mary White,Camera,1,2315.81,04-11-2024
ORD104978,Julie Kelly,Mouse,3,3129.98,25-04-2025
ORD104979,Vanessa Brown MD,Monitor,5,2571.21,30-09-2025
ORD104980,Kellie Thomas,Headphones,5,3536.87,20-02-2025
ORD104981,Andrew Peters,Tablet,3,3249.84,10-02-2025
ORD104982,Courtney Adams,Printer,5,4101.28,13-09-2025
ORD104983,Melissa Sanchez,Headphones,4,1658.17,05-09-2025
ORD104984,Jeffery Taylor,Camera,3,4084.72,25-09-2024
ORD104985,Randall Harris,Camera,5,3715.8,14-04-2025
ORD104986,Dale Ramirez PhD,Mouse,3,1910.49,10-01-2025
ORD104987,Robin Mckenzie,Monitor,4,2327.65,09-02-2025
ORD104988,Christian Osborne,Mouse,3,365.91,21-12-2025
ORD104989,Zachary Lee,Camera,1,4700.95,29-03-2025
ORD104990,Juan Molina,Smartwatch,5,1240.86,28-06-2024
ORD104991,Shelly Rodriguez,Printer,3,3870.34,17-10-2024
ORD104992,Katelyn Cohen,Smartwatch,5,4377.76,22-06-2024
ORD104993,Travis Hardin,Laptop,5,2119.11,19-09-2024
ORD104994,Shawn Moore,Tablet,3,3089.75,16-02-2024
ORD104995,Kimberly Smith,Printer,3,1720.11,01-09-2024
ORD104996,Monica Fuentes,Keyboard,4,2469.55,14-10-2024
ORD104997,Melissa West,Headphones,1,2009.5,24-01-2025
ORD104998,Timothy Thomas,Camera,3,3560.74,17-07-2025
ORD104999,James Christian II,Monitor,1,4578.33,04-03-2025
ORD105000,Edwin Johnson,Mouse,2,4661.79,02-08-2024
ORD105001,Dennis Wallace,Mouse,5,1419.23,24-04-2025
ORD105002,Mark Olson,Keyboard,3,250.65,05-03-2025
ORD105003,Michael Flores,Keyboard,5,1523.6,06-03-2025
ORD105004,Chad Deleon,Camera,4,1095.03,14-05-2024
ORD105005,Ryan Ford,Tablet,4,2226.06,02-05-2025
ORD105006,Jeffrey Roach,Mobile,1,1482.38,28-04-2025
ORD105007,Derek Williams,Headphones,3,2180.1,24-01-2026
ORD105008,Amanda Mata,Laptop,1,2812.24,11-06-2025
ORD105009,Joshua Burke,Mobile,2,300.66,30-03-2024
ORD105010,Michelle Miller,Mobile,4,3086.1,23-02-2025
ORD105011,Kristin Murray,Keyboard,3,3842.6,05-02-2025
ORD105012,Melissa Johnson,Camera,3,899.64,16-11-2025
ORD105013,Jenna Hernandez,Tablet,4,2523.59,20-04-2025
ORD105014,Sue Smith,Tablet,1,4295.53,06-12-2025
ORD105015,Brittany Harris,Headphones,5,968.28,17-02-2025
ORD105016,John Lewis,Monitor,2,4473.81,06-11-2024
ORD105017,Mr. Frank Rocha,Mouse,1,1651.39,11-01-2026
ORD105018,Sarah Johnson,Printer,3,2967.37,18-05-2024
ORD105019,David Perkins,Headphones,3,111.17,15-10-2024
ORD105020,Priscilla Solomon,Mouse,3,4478.23,03-09-2024
ORD105021,Kirsten Lara,Printer,3,1038.16,10-11-2024
ORD105022,Kelly Foster,Camera,5,628.55,07-12-2025
ORD105023,Jason Foster,Monitor,5,2913.45,24-10-2025
ORD105024,Jordan Hayden,Mobile,1,3714.35,04-08-2025
ORD105025,Yolanda Martin,Monitor,1,847.88,19-12-2025
ORD105026,Leslie Simmons,Camera,4,351.05,10-07-2025
ORD105027,Catherine Jones,Tablet,4,2157.34,17-05-2024
ORD105028,Kathryn Archer,Camera,2,108.25,04-05-2024
ORD105029,Hannah Kirby,Headphones,1,527.81,01-01-2026
ORD105030,Heather Hughes,Keyboard,3,3201.29,29-09-2025
ORD105031,Theresa Marquez,Mobile,2,2696.11,09-09-2025
ORD105032,Tamara Schneider,Keyboard,3,4697.56,29-04-2024
ORD105033,Michael Welch,Keyboard,1,1633.32,07-05-2024
ORD105034,Christopher Miller,Keyboard,1,192.78,21-02-2024
ORD105035,Luis Davis,Mouse,4,677,03-03-2024
ORD105036,David Hart,Mobile,3,3484.89,25-08-2025
ORD105037,Mr. Kenneth Perkins,Mobile,3,4924.03,02-11-2024
ORD105038,James Valentine,Headphones,4,2799.76,20-07-2025
ORD105039,Darren Conner,Keyboard,4,3247.22,20-02-2024
ORD105040,Mr. Douglas Mendez,Mobile,5,2066.64,14-11-2024
ORD105041,John Andrews,Monitor,5,4781.88,30-09-2024
ORD105042,Elizabeth Duncan,Smartwatch,1,4104.17,19-09-2024
ORD105043,Emily Irwin,Smartwatch,4,3720.04,05-05-2024
ORD105044,Lauren Walls,Headphones,2,888.88,21-11-2025
ORD105045,Thomas Phillips,Camera,1,3955.37,29-01-2025
ORD105046,Julie Brooks,Laptop,1,2202.89,26-07-2025
ORD105047,William White,Mobile,5,2044.74,17-11-2024
ORD105048,Jacob Frost,Camera,1,1464.28,07-08-2024
ORD105049,Elizabeth Green,Printer,4,1534.41,30-10-2024
ORD105050,Sandra Henry,Laptop,3,3032.77,24-12-2025
ORD105051,Sherri Gilbert,Smartwatch,4,4885.11,04-01-2025
ORD105052,Willie Taylor,Mouse,1,4035.39,06-03-2024
ORD105053,Krystal Mitchell,Headphones,1,1658.61,15-05-2024
ORD105054,William Diaz,Keyboard,4,3964.17,18-12-2024
ORD105055,Michelle Carr,Camera,3,4979.92,27-08-2025
ORD105056,Michael Hutchinson,Mobile,5,2324.55,14-10-2024
ORD105057,Sarah Lee,Printer,5,431.88,19-03-2025
ORD105058,Bradley Clark,Camera,4,1303.97,15-06-2025
ORD105059,Sergio Ewing,Monitor,4,2184.01,26-12-2025
ORD105060,Jessica Huber,Tablet,3,1976.79,28-05-2025
ORD105061,Nathan Aguilar,Monitor,3,1360.92,14-06-2024
ORD105062,Christopher Ramos,Monitor,5,468.69,01-12-2025
ORD105063,William Beck,Headphones,3,3088.28,04-07-2024
ORD105064,Diane Allen,Keyboard,3,748.29,24-03-2025
ORD105065,Melissa Thomas,Tablet,5,4076.31,25-08-2024
ORD105066,Roberto Franklin,Laptop,2,649.8,02-12-2024
ORD105067,Angela Crane,Laptop,3,3086.94,02-12-2024
ORD105068,Bill Campbell,Printer,1,3704.21,30-09-2025
ORD105069,Christopher Flores,Laptop,3,3615.36,01-01-2026
ORD105070,Eric Reid,Mouse,1,949.76,01-08-2024
ORD105071,David Smith,Headphones,1,2067.46,02-11-2025
ORD105072,Matthew Smith,Mouse,4,903.49,02-06-2025
ORD105073,Thomas Hebert,Mouse,3,4958.51,14-02-2024
ORD105074,Bobby Russell,Smartwatch,4,1697.56,20-08-2024
ORD105075,Joseph Cohen,Laptop,3,4289.63,05-07-2024
ORD105076,Candice Morgan,Smartwatch,4,4475.24,29-01-2026
ORD105077,Matthew Bates,Camera,1,1458.15,06-02-2025
ORD105078,Carol Douglas,Camera,1,4146.99,20-09-2025
ORD105079,Rachael Goodwin,Smartwatch,3,4070.43,22-05-2024
ORD105080,Brian Hughes,Headphones,4,4127.7,23-02-2024
ORD105081,Savannah Carter,Mobile,4,2451.39,13-03-2025
ORD105082,Jennifer Lee,Monitor,5,4437.27,15-04-2025
ORD105083,Benjamin Butler,Camera,2,714.62,12-05-2025
ORD105084,Benjamin Palmer,Mobile,5,291.04,03-12-2025
ORD105085,Lisa Perez,Printer,5,3823.37,20-07-2024
ORD105086,Karen Vaughan,Laptop,2,1694.82,24-06-2024
ORD105087,Jordan Gay,Printer,1,1998.52,08-07-2025
ORD105088,Terry Horne,Tablet,1,2666.16,06-09-2025
ORD105089,Alicia Phillips,Laptop,1,2662.81,26-12-2025
ORD105090,Charles Welch,Printer,5,3213.23,22-07-2024
ORD105091,Michael Blackburn,Smartwatch,2,2883.95,26-04-2025
ORD105092,Aaron Gregory,Smartwatch,1,4679.11,06-11-2024
ORD105093,Ricardo Sullivan,Smartwatch,4,158.84,09-09-2025
ORD105094,Edwin Murphy PhD,Keyboard,1,4548.85,17-10-2025
ORD105095,Clayton Wilson,Smartwatch,2,4069.26,30-10-2024
ORD105096,Kelly Winters,Camera,3,4973.45,11-02-2024
ORD105097,Michelle Thompson,Monitor,2,1926.54,05-04-2024
ORD105098,Kelly Cabrera,Printer,2,2362.29,21-07-2025
ORD105099,Mrs. Heather Rodriguez,Monitor,5,1453.13,24-11-2025
ORD105100,Diana Rosales,Keyboard,2,945.68,23-02-2025
ORD105101,Ryan Smith,Smartwatch,3,1520.2,14-01-2025
ORD105102,Timothy Jennings MD,Monitor,3,2092.37,24-06-2025
ORD105103,Paul Lewis,Keyboard,5,4426.18,09-07-2025
ORD105104,Phillip Young,Mouse,4,631.24,29-12-2024
ORD105105,Dr. Angela Hess,Mobile,4,1490.82,29-09-2024
ORD105106,Susan Trevino,Keyboard,4,3439.65,03-04-2025
ORD105107,Jennifer Davis,Mouse,5,1260.57,02-01-2026
ORD105108,Destiny Thompson,Keyboard,5,3865.61,18-04-2024
ORD105109,Christopher Franco,Mobile,2,2747.54,03-01-2026
ORD105110,James Rodgers,Tablet,5,4119.94,23-06-2024
ORD105111,Charles Swanson,Tablet,3,2668.73,11-03-2025
ORD105112,Nicholas Jordan,Headphones,5,511.3,03-11-2025
ORD105113,Mark Ross,Laptop,1,3781.47,07-11-2025
ORD105114,Christopher Reilly,Printer,3,1856.79,26-08-2025
ORD105115,Justin Cole,Mobile,1,1046.99,06-06-2024
ORD105116,Christopher Mcfarland,Laptop,1,3701.69,24-10-2025
ORD105117,Andrew Stephens,Keyboard,5,3855.86,26-12-2025
ORD105118,Benjamin Petersen,Smartwatch,2,2401.02,10-06-2024
ORD105119,Tyler Rogers,Monitor,5,2099.88,19-09-2025
ORD105120,Jessica Choi,Mobile,1,2188.87,04-10-2025
ORD105121,Brian Nguyen,Camera,5,1519.88,20-02-2025
ORD105122,Michael Ross,Mobile,1,2137.84,16-07-2025
ORD105123,Gabriel Calderon,Printer,3,2709.72,16-03-2024
ORD105124,Rose Kelly,Mobile,5,2676.3,18-11-2024
ORD105125,Daniel Zuniga,Keyboard,4,4954.9,09-02-2026
ORD105126,Angela Alexander,Tablet,4,3157.55,29-01-2025
ORD105127,Lisa Garza,Laptop,4,3805.18,15-07-2024
ORD105128,Dale Barnes,Laptop,3,412.42,22-07-2024
ORD105129,Jacob Hutchinson,Camera,5,1265.08,11-11-2025
ORD105130,Lori Hansen,Printer,2,2942.91,19-01-2026
ORD105131,Andrea Wilson,Headphones,3,3055.25,29-11-2025
ORD105132,Mrs. Cindy Schroeder,Mouse,1,2107.99,02-01-2026
ORD105133,Sara Simmons,Camera,1,4589.65,12-02-2024
ORD105134,Jessica Roberts,Smartwatch,4,1784.15,27-02-2025
ORD105135,Alexis Miller,Headphones,5,3856.31,25-06-2025
ORD105136,Nicole Nicholson,Camera,3,3308.64,28-02-2025
ORD105137,Sherri Howard,Mobile,4,4803.1,13-01-2025
ORD105138,Randy Yu,Camera,1,1690.65,16-09-2025
ORD105139,Madison Stone,Laptop,3,4573.79,06-05-2025
ORD105140,Jennifer Jones,Monitor,1,648.77,26-09-2024
ORD105141,Barbara Waller,Printer,1,3371.64,09-05-2024
ORD105142,William Hughes,Printer,5,3226.13,25-03-2025
ORD105143,Dr. Jacqueline Taylor MD,Mouse,3,1988.22,08-07-2025
ORD105144,Paul George,Keyboard,2,3775.64,30-10-2025
ORD105145,James Bean,Mobile,1,4889.27,27-09-2025
ORD105146,Brooke Kelly,Smartwatch,1,4122.53,30-09-2025
ORD105147,Joyce Cruz,Headphones,4,239.75,14-03-2025
ORD105148,Debra Austin,Camera,1,2712.11,25-07-2025
ORD105149,Clinton Peters,Headphones,4,4059.44,27-07-2024
ORD105150,Teresa Christian,Headphones,2,353.83,04-02-2025
ORD105151,Erik Cantrell,Printer,3,2727.38,14-06-2024
ORD105152,Adam Cox,Headphones,4,475.72,15-05-2024
ORD105153,Miss Melissa Barajas,Headphones,2,4115.5,08-08-2024
ORD105154,Cristian Reed,Printer,3,1696.52,26-07-2025
ORD105155,Savannah Watkins,Mobile,2,1751.68,01-02-2026
ORD105156,Tammy Reeves,Mouse,1,3744.52,09-03-2025
ORD105157,Kathryn Hill,Mobile,5,2167.06,01-03-2025
ORD105158,Kristina Young,Tablet,5,3472.23,16-05-2024
ORD105159,Jessica Lee,Tablet,2,2216.03,19-09-2024
ORD105160,Cynthia Gordon,Keyboard,1,3049.18,06-05-2024
ORD105161,Anna Campbell,Printer,3,1826.08,16-02-2025
ORD105162,Vicki Lee,Tablet,5,2228.68,24-03-2024
ORD105163,David Bell,Monitor,2,3128.08,11-07-2025
ORD105164,Jennifer Nash,Keyboard,1,3271.79,22-11-2025
ORD105165,Adrian Flores,Keyboard,2,2290.77,17-04-2024
ORD105166,Michelle Tucker,Smartwatch,5,2353.89,28-01-2025
ORD105167,Alicia Ibarra,Smartwatch,3,3046.07,24-11-2024
ORD105168,Erika Krueger,Tablet,2,776.8,18-07-2024
ORD105169,Kimberly Reid,Smartwatch,3,3332.91,27-08-2025
ORD105170,Matthew Allen,Laptop,3,4655.51,19-02-2025
ORD105171,Gary Perez,Tablet,1,1036.62,26-09-2025
ORD105172,April Lowe,Tablet,5,4940.78,25-08-2024
ORD105173,Emma Woods,Camera,5,1608.77,02-09-2024
ORD105174,Kevin Carter,Camera,5,1918.1,12-06-2025
ORD105175,April Townsend,Headphones,1,1860.33,14-01-2026
ORD105176,Kayla Richardson,Smartwatch,4,3970.45,17-10-2025
ORD105177,Charles Jackson,Laptop,1,1505.22,29-06-2025
ORD105178,Stephanie Velasquez,Laptop,4,2966.85,29-07-2025
ORD105179,Raymond Santos,Smartwatch,1,1673.01,22-08-2024
ORD105180,Robin Mays,Keyboard,2,226.38,10-03-2025
ORD105181,Jack Campos,Printer,1,450.72,25-05-2024
ORD105182,Douglas Garcia,Headphones,3,3693.1,02-03-2025
ORD105183,Amy Owen,Mobile,5,4897.29,16-12-2024
ORD105184,Steven King,Smartwatch,2,3481.58,22-11-2024
ORD105185,Sherry Gibson,Laptop,4,714.74,23-11-2024
ORD105186,Paula Brown,Laptop,5,417.51,24-10-2024
ORD105187,Ronald Davis,Mouse,5,3840.41,03-02-2025
ORD105188,Mrs. Paula Lee,Keyboard,3,1204.71,16-04-2024
ORD105189,Andrew Le,Mobile,3,1698.62,29-05-2025
ORD105190,Bobby Acosta,Monitor,5,3488.39,20-04-2024
ORD105191,Peter Becker,Mobile,1,682.95,22-03-2024
ORD105192,Samantha Kane,Camera,4,3650.54,01-07-2024
ORD105193,Kevin Johnson,Laptop,4,4506.38,18-03-2025
ORD105194,Brittany Brown,Mobile,3,1877.72,09-08-2024
ORD105195,Victor Alvarado,Headphones,4,4820.46,04-02-2025
ORD105196,Ashley Garcia,Printer,3,2595.82,14-09-2024
ORD105197,Michelle Baker,Mouse,5,4762.95,13-04-2024
ORD105198,Gregory Evans,Smartwatch,1,934.35,15-11-2024
ORD105199,Justin Barnes,Tablet,1,1117.31,14-10-2025
ORD105200,Lauren Richardson,Keyboard,1,1712.61,28-08-2025
ORD105201,Destiny Gutierrez,Camera,1,4572.07,25-06-2025
ORD105202,Stacy Bowman,Headphones,4,3600.92,17-08-2024
ORD105203,James Cook,Printer,5,4428.37,20-08-2024
ORD105204,Justin Byrd,Mobile,2,4244.29,23-04-2025
ORD105205,Scott Mcgee,Printer,2,147.96,21-03-2025
ORD105206,Clayton Johnson,Camera,2,104.84,12-01-2025
ORD105207,Anita Hays,Tablet,3,831.82,02-09-2024
ORD105208,Danny Mayer,Smartwatch,4,3316.7,24-02-2024
ORD105209,Donna Williams,Monitor,5,4018.84,08-05-2025
ORD105210,Kathy Vazquez,Smartwatch,4,4396.73,19-08-2025
ORD105211,Deborah Garcia,Headphones,1,3141.5,26-02-2025
ORD105212,Sheila Morales,Camera,2,965.45,11-06-2024
ORD105213,Phillip Bailey,Monitor,1,2441.69,04-05-2025
ORD105214,Donna Harrison,Printer,2,1464.45,04-05-2024
ORD105215,Donna Marshall,Printer,5,2607.76,26-04-2024
ORD105216,David David,Smartwatch,5,213.49,18-11-2024
ORD105217,Zachary Santana,Monitor,3,2317.67,03-10-2025
ORD105218,Megan Rice,Mouse,4,4844.97,11-08-2025
ORD105219,Lori Watts,Mobile,2,1313.92,15-07-2025
ORD105220,Jeffrey Reyes,Printer,5,4811.13,17-08-2024
ORD105221,Teresa Mendoza,Smartwatch,2,4574.15,23-12-2024
ORD105222,Kathy Deleon,Keyboard,4,699.41,20-04-2024
ORD105223,Edward Bridges,Laptop,1,3801.52,29-10-2024
ORD105224,Shawn Deleon,Headphones,3,4957.89,11-01-2025
ORD105225,Kimberly Allen,Mobile,3,2099.33,24-02-2024
ORD105226,Christina Wright,Laptop,1,2077.75,16-06-2025
ORD105227,George Clements,Smartwatch,4,2868.18,14-11-2024
ORD105228,James Peterson,Mouse,1,4743.01,02-06-2025
ORD105229,Ashley Carlson,Keyboard,3,4787.96,22-08-2025
ORD105230,Charles Dorsey,Keyboard,2,351.64,20-04-2024
ORD105231,Samuel Smith,Monitor,5,1808.81,01-02-2025
ORD105232,Anthony Fry,Mouse,5,569.98,11-10-2025
ORD105233,Amanda Gutierrez,Headphones,2,3714.66,16-01-2025
ORD105234,Tami Hughes PhD,Headphones,2,4527.6,26-04-2024
ORD105235,Christie Kim,Laptop,4,4767.24,11-08-2024
ORD105236,Autumn Roberson,Mouse,5,3766.09,16-02-2025
ORD105237,Andrew Day,Camera,1,3751.59,28-04-2025
ORD105238,Jason Arroyo,Keyboard,5,4770.52,06-10-2024
ORD105239,George Anderson,Mobile,2,3916.24,24-11-2024
ORD105240,Christopher Snyder,Monitor,4,2685.29,08-04-2025
ORD105241,Ashley Snyder DDS,Laptop,1,2801.69,30-10-2025
ORD105242,Victoria Short,Printer,2,2792.37,25-04-2025
ORD105243,Michael Joyce,Smartwatch,4,1499.95,21-02-2024
ORD105244,Hayley Pearson,Mouse,5,3122.53,15-09-2025
ORD105245,Daniel Marsh,Monitor,5,1067.49,08-03-2025
ORD105246,Gloria Elliott,Smartwatch,1,2114.43,22-05-2024
ORD105247,Michael Anderson,Printer,4,459.61,31-10-2024
ORD105248,Stacie Rose,Camera,3,1959.36,24-06-2025
ORD105249,David Chavez,Camera,2,4362.44,16-10-2024
ORD105250,Faith Reynolds,Smartwatch,5,3219.4,25-01-2026
ORD105251,Christine Crawford,Headphones,2,1158.34,01-11-2024
ORD105252,John Gonzalez,Printer,2,4882.61,02-09-2025
ORD105253,Mrs. Elizabeth Williams,Camera,4,3615.03,04-10-2025
ORD105254,Karen Shah,Smartwatch,2,4397.26,28-02-2025
ORD105255,John Braun,Printer,3,1008.33,06-02-2026
ORD105256,Jacqueline Miller,Smartwatch,3,2309.76,02-04-2024
ORD105257,Theresa Hancock,Camera,4,3262.42,12-10-2025
ORD105258,Roger Beasley,Headphones,4,2141.9,28-05-2024
ORD105259,Sarah Pope,Camera,5,1422.28,31-01-2026
ORD105260,Amy Ford,Laptop,1,1220.86,01-09-2024
ORD105261,Stephen Smith,Camera,4,2460.02,18-01-2025
ORD105262,Aaron Fitzgerald,Mouse,3,2521.77,31-03-2025
ORD105263,Amy Simpson,Tablet,3,1736.34,17-05-2025
ORD105264,Carrie Ochoa,Camera,1,3169.9,24-08-2024
ORD105265,Theresa Walker,Camera,2,4215.47,26-06-2025
ORD105266,Ashley Smith,Printer,3,2403.25,16-11-2025
ORD105267,Phillip Howard,Monitor,4,4018.39,14-07-2025
ORD105268,William Miller,Smartwatch,1,4049.11,26-08-2024
ORD105269,Emily Richards,Monitor,1,2750.8,06-05-2025
ORD105270,James Brown,Keyboard,4,2542.97,19-11-2025
ORD105271,Jim Larson,Camera,5,3255.62,13-03-2024
ORD105272,Anthony Patterson,Printer,4,2899.31,27-07-2024
ORD105273,Angela Payne,Mobile,5,1108.62,01-04-2025
ORD105274,Phillip Browning,Mobile,4,551.43,08-12-2025
ORD105275,Robert Stokes,Printer,4,542.01,31-10-2024
ORD105276,Tammy Dudley,Laptop,5,4475.59,10-09-2025
ORD105277,Derrick Flores,Printer,4,3450.78,22-08-2024
ORD105278,Rachel Larson,Monitor,5,1897.01,05-11-2024
ORD105279,David Cox,Mobile,2,4866.35,11-07-2025
ORD105280,Anthony Carson,Keyboard,1,1350.33,03-11-2025
ORD105281,Brittany Mathews,Mouse,1,2403.8,08-02-2026
ORD105282,Teresa Miller,Camera,1,1101.44,14-07-2025
ORD105283,Susan Jackson,Printer,4,3213.1,22-01-2025
ORD105284,Donald Gonzalez,Mouse,5,1157.4,08-10-2025
ORD105285,Haley Smith,Mouse,2,638.3,12-03-2024
ORD105286,Christopher Weber,Mobile,5,109.83,17-11-2025
ORD105287,Edward Evans,Monitor,5,1018.3,30-08-2025
ORD105288,Christine Maldonado,Headphones,1,3392.85,07-11-2024
ORD105289,Tammy Murphy,Monitor,5,604.97,16-01-2025
ORD105290,Emily Hernandez,Mouse,3,2234.28,14-01-2025
ORD105291,Seth Grant,Mobile,1,4585.59,24-02-2025
ORD105292,John Blair,Printer,4,2837.35,15-02-2024
ORD105293,Nicole Underwood,Mouse,1,3220.04,25-03-2025
ORD105294,Steven Henderson,Mouse,4,1367.87,31-07-2024
ORD105295,Tyler Mccormick,Printer,4,4832.46,21-02-2025
ORD105296,Edward Clayton,Camera,1,2828.56,07-06-2024
ORD105297,Henry Harris,Smartwatch,2,4406.76,04-01-2026
ORD105298,Cynthia Clark,Keyboard,5,4207.69,25-11-2024
ORD105299,Danny Lawson,Mobile,5,140.02,19-06-2024
ORD105300,James Hubbard,Laptop,5,4838.02,23-09-2025
ORD105301,Luke Mendez,Smartwatch,2,3854.15,29-09-2024
ORD105302,Jesus Sims,Mouse,4,3288.42,29-08-2025
ORD105303,Brandon Lopez,Camera,1,1915.75,16-12-2024
ORD105304,Margaret Armstrong,Laptop,1,150.44,26-11-2025
ORD105305,Alec Rowland,Mobile,5,1504.12,22-09-2025
ORD105306,Jason Hunt,Mobile,2,1556.05,02-12-2025
ORD105307,David Perry,Mobile,3,190.3,29-08-2025
ORD105308,Lucas Moore,Keyboard,1,440.62,27-09-2024
ORD105309,Austin Ball,Laptop,3,3005.18,04-07-2024
ORD105310,Christopher Perez,Smartwatch,1,1019.81,30-03-2024
ORD105311,Sandra Richardson,Smartwatch,5,1948.75,18-05-2025
ORD105312,Patrick Swanson,Keyboard,3,1765.89,10-01-2026
ORD105313,Jonathan Thompson,Keyboard,4,1754.08,03-06-2024
ORD105314,Dawn Jones,Laptop,2,2814.52,15-01-2025
ORD105315,Shawn Tyler,Tablet,2,197.2,22-12-2024
ORD105316,Linda Holland,Printer,5,3851.02,25-03-2024
ORD105317,Mr. Nicholas Gonzales,Headphones,4,4966.64,19-02-2025
ORD105318,Robin Leblanc,Smartwatch,5,4637.35,29-08-2025
ORD105319,Joshua Day,Camera,1,2985.18,17-09-2025
ORD105320,Elizabeth Munoz,Monitor,1,1411.87,16-09-2024
ORD105321,Stephanie Richards,Mouse,2,1945.79,02-03-2024
ORD105322,Hunter Jacobson,Mouse,2,3693.97,19-01-2025
ORD105323,Caitlin Evans,Smartwatch,1,4234.18,13-06-2025
ORD105324,Jeffrey Chavez,Monitor,3,2947.54,29-07-2025
ORD105325,Michael Williams,Tablet,2,2077.75,07-06-2024
ORD105326,Samantha Daniel,Monitor,1,3444.67,10-06-2024
ORD105327,John Gonzales,Camera,3,2937,21-09-2024
ORD105328,William Olson,Camera,5,1051.42,15-01-2026
ORD105329,Jesus Zimmerman,Headphones,1,3284.64,13-08-2025
ORD105330,Michelle Knight,Keyboard,4,4117.91,01-06-2025
ORD105331,Heather Phillips,Keyboard,4,594.66,06-04-2024
ORD105332,Adrian Martin,Smartwatch,4,928.83,15-12-2025
ORD105333,Jasmine Diaz MD,Mouse,3,305.28,16-05-2025
ORD105334,Benjamin Edwards,Printer,3,4544.07,07-03-2024
ORD105335,Andrew Freeman,Smartwatch,5,2048.52,28-09-2025
ORD105336,John Kim,Printer,2,1076.15,18-07-2024
ORD105337,Michael Wright,Printer,1,911.05,21-10-2025
ORD105338,William Cruz,Monitor,4,3819.41,28-03-2024
ORD105339,Alison Luna MD,Printer,2,1595.18,08-01-2025
ORD105340,Cheryl Jones,Mouse,1,3247.34,03-02-2025
ORD105341,Mary Fox,Smartwatch,5,1701.8,14-05-2025
ORD105342,Eric Wilcox,Laptop,4,235.32,04-10-2025
ORD105343,Kelli Moon,Mobile,3,3265.87,08-06-2024
ORD105344,Amy Barry,Mobile,1,2526.4,01-06-2025
ORD105345,Mrs. Diana Delgado DVM,Printer,2,3389.02,03-10-2025
ORD105346,Samuel Sanford,Mobile,2,2737.49,15-03-2025
ORD105347,Amanda Knox,Headphones,3,3296.52,25-07-2024
ORD105348,Megan Taylor,Smartwatch,1,3778.14,11-10-2024
ORD105349,Jennifer Williams,Mobile,4,875.61,18-03-2024
ORD105350,Jerry Ayala,Smartwatch,5,4168.85,04-06-2025
ORD105351,Sarah Malone,Mobile,3,2386.08,18-02-2024
ORD105352,Melissa Mcbride,Tablet,1,4208.35,07-05-2024
ORD105353,Daniel Scott,Mouse,4,2422.56,30-09-2024
ORD105354,Gabrielle Hammond,Headphones,3,3178.72,03-02-2026
ORD105355,Joel Woods,Keyboard,4,2234.99,27-03-2024
ORD105356,Christopher Christensen,Camera,1,1218.54,08-12-2025
ORD105357,Daniel Torres,Printer,1,697.53,23-04-2024
ORD105358,Jason Wilson,Laptop,4,4076.07,26-11-2024
ORD105359,Glenn Davis,Mouse,1,3664.61,29-04-2024
ORD105360,Melissa Stevenson,Keyboard,1,360.71,11-05-2025
ORD105361,Jennifer Ingram,Mobile,4,1107.73,10-10-2024
ORD105362,Christopher Campbell,Keyboard,5,1952.86,19-11-2024
ORD105363,Jacob Vega,Tablet,2,2371.52,07-12-2025
ORD105364,Christopher Armstrong,Mouse,3,3348.02,31-12-2025
ORD105365,Michael Cowan,Tablet,4,627.41,17-12-2025
ORD105366,Brett Perez,Tablet,4,2571.04,21-03-2025
ORD105367,Danny Church,Monitor,1,4191.03,22-03-2024
ORD105368,Adam Hanson,Laptop,5,1054.05,12-08-2025
ORD105369,Maria Walker,Smartwatch,5,868.46,25-06-2024
ORD105370,Autumn Frazier,Camera,4,395.03,21-03-2025
ORD105371,Jeffrey Williams,Camera,4,1657.77,27-12-2025
ORD105372,Heidi Fernandez,Smartwatch,2,1129.51,05-11-2024
ORD105373,Destiny Fox,Smartwatch,3,1173.28,26-03-2025
ORD105374,Joy Turner,Keyboard,2,3375.93,04-01-2025
ORD105375,Amy Camacho,Headphones,4,1710.67,17-03-2025
ORD105376,Julie Murphy,Mobile,1,2155.03,22-02-2025
ORD105377,Becky Dudley,Keyboard,5,1209.64,04-08-2024
ORD105378,Christina Terry,Printer,4,2442.12,23-11-2024
ORD105379,Vanessa Barron,Headphones,3,786.48,18-01-2025
ORD105380,Megan Simmons,Mouse,1,2242.48,23-07-2025
ORD105381,Daniel Sherman,Tablet,2,610.69,19-05-2024
ORD105382,Catherine Cowan,Mobile,3,894.57,23-09-2024
ORD105383,Katie Blevins,Mouse,3,821.97,17-12-2025
ORD105384,Tammy Phillips,Monitor,5,4549.38,25-04-2024
ORD105385,Kevin Stark,Camera,4,2517.97,23-12-2025
ORD105386,Jasmine Carpenter,Smartwatch,2,4566.28,17-04-2025
ORD105387,Diana Dickerson,Keyboard,5,1218.58,24-09-2025
ORD105388,Patricia Johnson,Mouse,3,2967.87,28-12-2024
ORD105389,Bobby Martin,Mouse,2,3888.14,13-11-2025
ORD105390,Ms. Melissa Bender,Laptop,3,3423.43,04-11-2025
ORD105391,Matthew Ward,Mobile,4,3362.76,30-06-2024
ORD105392,Dawn Thomas,Printer,2,1605.02,16-06-2024
ORD105393,Jerry Williams,Monitor,1,733.47,11-11-2025
ORD105394,Melvin Maynard,Monitor,1,833.04,28-02-2024
ORD105395,Christine Jones,Mobile,1,3267.46,23-03-2025
ORD105396,Andre Chapman,Printer,2,728.09,17-11-2024
ORD105397,Janet Booker,Tablet,3,3492.69,08-06-2025
ORD105398,Whitney Rodriguez,Monitor,2,665.88,10-02-2025
ORD105399,Grant Collier,Monitor,4,2527.34,06-01-2025
ORD105400,Annette Black,Tablet,5,2634.79,18-08-2024
ORD105401,Jason Pacheco,Printer,3,769.93,13-01-2026
ORD105402,Joseph Romero,Mobile,2,2090.97,11-10-2024
ORD105403,Travis Pham,Camera,5,724.13,23-07-2024
ORD105404,Craig Jackson,Mobile,3,3667.2,17-09-2025
ORD105405,Teresa Mendoza,Mobile,3,893.9,25-12-2025
ORD105406,Patrick Stokes,Mobile,5,559.43,27-01-2025
ORD105407,Tami Juarez,Headphones,2,4607.99,20-09-2025
ORD105408,Eric King,Tablet,2,362.9,02-03-2025
ORD105409,Mark Anderson,Headphones,3,742.09,22-01-2026
ORD105410,Brandon Rivas,Smartwatch,3,1211.8,10-11-2025
ORD105411,Julia Jones,Smartwatch,2,3318.63,28-10-2024
ORD105412,Rachel Davis,Mouse,4,685.82,31-05-2025
ORD105413,Julia George,Keyboard,4,4735.79,28-06-2024
ORD105414,Donna Anderson,Mobile,3,3957.95,10-12-2025
ORD105415,Benjamin Potts,Monitor,2,2437.1,27-07-2024
ORD105416,Richard Scott,Mobile,3,758.11,02-08-2024
ORD105417,Adam Salinas,Headphones,3,2542.04,21-03-2024
ORD105418,Jacqueline Smith,Monitor,1,508.41,12-04-2024
ORD105419,John Cooke,Smartwatch,1,2153.86,01-08-2024
ORD105420,Amber Johnson,Keyboard,5,3841.64,22-03-2024
ORD105421,Jeffrey Flores,Camera,2,1616.68,22-06-2024
ORD105422,Jeffery Howard,Printer,2,4599.03,17-11-2025
ORD105423,Matthew Casey,Laptop,1,584.13,16-02-2025
ORD105424,Brian Lopez,Keyboard,1,460.86,08-08-2025
ORD105425,Tony Robinson,Camera,4,2489.38,07-11-2024
ORD105426,Adam Beard,Keyboard,3,2327.58,27-01-2025
ORD105427,Mr. Ryan Kirby,Smartwatch,4,3332.5,12-10-2025
ORD105428,Vanessa Kirby,Headphones,4,625.74,21-11-2025
ORD105429,Michael Hendricks,Mobile,5,1946.07,25-01-2026
ORD105430,Francis Wright,Laptop,2,3513.38,11-09-2024
ORD105431,Christine Smith,Laptop,1,1563.34,22-05-2024
ORD105432,Sharon Nelson,Keyboard,3,4657.06,03-09-2024
ORD105433,Matthew Fisher,Camera,5,2922.76,30-09-2025
ORD105434,Brenda Green,Laptop,2,1378.08,11-01-2025
ORD105435,Amanda Ramirez,Mouse,3,2024.54,29-07-2024
ORD105436,Rebecca Atkinson,Monitor,5,1103.27,04-04-2025
ORD105437,Samantha Cardenas,Printer,5,2779.05,08-03-2024
ORD105438,Michael Robinson,Keyboard,1,3465.71,02-09-2025
ORD105439,Emily Franklin,Laptop,1,3917.55,30-07-2024
ORD105440,John Moore,Laptop,2,3151.44,07-03-2024
ORD105441,Richard Jenkins,Headphones,3,3701.89,26-12-2025
ORD105442,John Crawford,Keyboard,4,4573.01,25-04-2024
ORD105443,Scott Carter,Smartwatch,5,253.52,09-04-2025
ORD105444,Matthew Owens,Camera,5,2775.39,09-11-2024
ORD105445,Cindy Johnson,Mobile,4,2864.19,08-04-2024
ORD105446,Ms. Elizabeth Clarke,Camera,1,4037.43,17-06-2025
ORD105447,James Brown,Monitor,2,4316.92,11-02-2025
ORD105448,Angela Rodriguez,Monitor,4,1494.93,27-09-2024
ORD105449,Laura Stanton,Mouse,4,4477.03,03-08-2025
ORD105450,Erica Mcgee,Printer,4,2440.62,13-11-2024
ORD105451,Donald Mcdowell,Tablet,3,268.82,29-05-2024
ORD105452,Hannah Brandt,Keyboard,5,1198.73,13-10-2025
ORD105453,Dawn Graham,Camera,4,2462.39,03-09-2025
ORD105454,James Elliott,Laptop,3,322.14,18-11-2025
ORD105455,Christopher Gilmore Jr.,Camera,3,1511.82,18-09-2024
ORD105456,Cindy Bennett,Mouse,2,2694.79,10-01-2025
ORD105457,Destiny Le,Tablet,3,2728.86,04-10-2025
ORD105458,Jimmy Nicholson,Smartwatch,4,2746.47,17-11-2024
ORD105459,Laurie Ward,Headphones,4,169.12,27-04-2024
ORD105460,Kimberly Dorsey,Monitor,3,2592.95,09-12-2025
ORD105461,Marcus Quinn,Mobile,5,3096.51,21-08-2025
ORD105462,Renee Shields,Mouse,5,702.19,01-12-2025
ORD105463,Jill Weaver,Monitor,3,3891.29,11-02-2024
ORD105464,Sherry Williams,Camera,5,2395.57,09-10-2024
ORD105465,Harry Smith,Mobile,4,1101.31,02-06-2025
ORD105466,Adrian Montgomery,Camera,1,3078.3,12-09-2025
ORD105467,Nancy Smith,Headphones,5,3225.17,14-10-2024
ORD105468,Antonio Arellano,Camera,4,394.42,20-01-2026
ORD105469,Sherry Vargas,Tablet,2,2135.18,17-09-2025
ORD105470,Linda Pena,Smartwatch,4,4089.62,07-05-2024
ORD105471,Douglas Nichols,Monitor,4,4299.26,05-05-2024
ORD105472,Christine Jones,Camera,4,217.76,30-08-2024
ORD105473,Kimberly Dunlap,Smartwatch,1,739.89,10-03-2025
ORD105474,Tracey Brown,Mouse,5,4316.83,11-12-2024
ORD105475,Eric Vazquez,Smartwatch,3,378.71,18-04-2024
ORD105476,Valerie Patton,Mobile,5,3843.66,18-04-2025
ORD105477,Jade Schneider,Smartwatch,4,3312.9,12-05-2025
ORD105478,Juan Jacobs,Mobile,1,3335.62,23-10-2025
ORD105479,Ronnie Morrison,Smartwatch,4,2198.45,22-08-2025
ORD105480,Cindy Moore,Laptop,5,4123.86,28-02-2025
ORD105481,Christopher Bell,Monitor,1,4736.09,02-03-2024
ORD105482,Christian Chavez,Mouse,2,872.71,22-07-2024
ORD105483,Samantha Downs,Laptop,2,804.31,15-04-2024
ORD105484,Amanda Lewis,Smartwatch,2,2476.89,08-12-2024
ORD105485,Richard Willis,Mouse,5,4978.12,27-06-2024
ORD105486,Richard Valentine,Mouse,2,2972.67,11-04-2024
ORD105487,Jennifer Flowers,Keyboard,3,4789.28,16-01-2025
ORD105488,Katie Walker,Mouse,3,2983.31,17-11-2024
ORD105489,Thomas Rios,Laptop,1,908.73,09-12-2025
ORD105490,Michael Buchanan,Smartwatch,5,956.27,11-10-2025
ORD105491,Ashley Wyatt,Mobile,2,4562.19,14-05-2025
ORD105492,Sarah Black,Mobile,3,4303.67,19-03-2025
ORD105493,Lori Sanders,Printer,5,501.6,26-02-2025
ORD105494,Andrew Allen,Laptop,2,4515.74,02-02-2026
ORD105495,Brent Greene,Mobile,5,4937.89,14-01-2025
ORD105496,Mark Decker,Printer,2,4941.21,12-01-2025
ORD105497,Dean Curtis,Smartwatch,1,3182.59,28-03-2025
ORD105498,Kayla Clark,Keyboard,3,2667.47,06-01-2025
ORD105499,Nathan Nelson,Keyboard,2,3682.62,12-01-2026
ORD105500,Michael Turner,Mobile,5,4207.17,04-04-2024
ORD105501,Vanessa Fisher,Printer,5,1573.78,22-11-2025
ORD105502,Zachary Meadows,Tablet,4,1220.85,04-01-2025
ORD105503,Samantha Rice,Headphones,1,2634.93,16-02-2024
ORD105504,George Padilla,Smartwatch,4,4687.41,29-10-2025
ORD105505,Timothy Jimenez,Tablet,5,4592.02,06-12-2024
ORD105506,Jonathan Sims,Printer,4,345.68,31-05-2025
ORD105507,Richard Robinson,Monitor,2,3813.67,30-05-2025
ORD105508,Juan Green,Monitor,5,2781.53,29-04-2024
ORD105509,Dale French,Headphones,1,2986.15,13-02-2024
ORD105510,Lori Castro,Laptop,1,2333.01,25-06-2024
ORD105511,Scott Davis,Mobile,5,2278.08,13-04-2024
ORD105512,Marie Allen,Smartwatch,2,2219.4,16-09-2025
ORD105513,Rebecca Shah,Tablet,2,997.2,11-05-2024
ORD105514,Kelly Hancock,Headphones,3,2810.15,23-06-2025
ORD105515,Robert Dawson,Camera,2,434.32,03-10-2025
ORD105516,Kiara Davis,Keyboard,3,1050.17,31-03-2024
ORD105517,Kerry Calderon,Tablet,4,4102.75,06-11-2025
ORD105518,Lindsay Harper,Tablet,5,893.26,18-04-2025
ORD105519,Daniel Nelson,Monitor,1,241.4,25-09-2025
ORD105520,David Brown,Smartwatch,1,3578.32,26-05-2025
ORD105521,Joshua Crawford,Mouse,1,4895.72,09-06-2025
ORD105522,Lance Martin,Monitor,1,4165.98,03-09-2025
ORD105523,Marcus Wilkinson,Smartwatch,1,2545.11,28-03-2025
ORD105524,Courtney Allen,Tablet,5,1143.94,21-07-2024
ORD105525,Mary Padilla,Smartwatch,5,4609.36,01-07-2024
ORD105526,Michelle Scott,Smartwatch,4,2883.59,27-02-2024
ORD105527,Jose West,Headphones,4,4695.67,03-08-2024
ORD105528,Catherine Berger,Mouse,3,1943.64,24-08-2024
ORD105529,Kenneth Ryan,Monitor,4,4471.85,13-05-2025
ORD105530,Ralph Rodriguez,Tablet,3,889.85,29-07-2024
ORD105531,Brent Farmer,Mouse,5,1486.17,09-05-2024
ORD105532,Cynthia Johnson,Camera,4,3303.58,27-11-2024
ORD105533,Victoria Morgan,Mobile,3,3837.33,01-04-2025
ORD105534,David Nguyen,Laptop,1,2038.79,03-05-2024
ORD105535,Jeffrey Nguyen,Mobile,1,2685.57,13-09-2024
ORD105536,Zachary Mcdonald,Camera,1,3365.67,02-09-2025
ORD105537,Michael Kelley,Mobile,5,1381.18,15-04-2025
ORD105538,Sheila Tapia,Mobile,5,1429.1,17-12-2024
ORD105539,Jennifer Dennis,Laptop,4,784.13,16-10-2025
ORD105540,Steven Sanders,Printer,3,1551.2,28-01-2025
ORD105541,James Payne,Mouse,5,2305.55,08-12-2024
ORD105542,Jean Acevedo,Laptop,2,3522.66,09-10-2025
ORD105543,Carol Woodward,Mobile,4,4331.17,04-12-2025
ORD105544,Susan Moore,Printer,5,1461.62,10-06-2025
ORD105545,Pamela Brown,Mobile,1,2059.2,05-02-2026
ORD105546,Jodi Poole,Mobile,1,4560.59,02-09-2024
ORD105547,Christopher Barber,Laptop,3,3106.07,09-01-2025
ORD105548,Edward Lloyd,Headphones,2,1685.25,22-09-2025
ORD105549,Shelby Browning,Tablet,2,1553.54,03-10-2024
ORD105550,Andrew Taylor,Laptop,4,3399.98,30-06-2025
ORD105551,Amy Walker,Tablet,2,599.56,11-11-2024
ORD105552,Jasmine Cisneros,Tablet,5,4714.55,21-10-2025
ORD105553,Molly Munoz,Headphones,4,4767.52,02-04-2024
ORD105554,Cynthia Harrell,Monitor,4,196.3,30-09-2025
ORD105555,Amanda Jones,Tablet,3,2514.47,28-03-2024
ORD105556,Jonathan Hester,Headphones,4,2742.89,16-03-2024
ORD105557,James Lester,Smartwatch,4,2012.18,26-06-2024
ORD105558,Jorge Poole,Tablet,4,3859.83,25-09-2025
ORD105559,Ruth King,Mouse,5,1176.88,01-01-2025
ORD105560,Anthony Martinez,Keyboard,2,4316.66,22-03-2024
ORD105561,Gary Christensen,Tablet,1,1764.33,18-02-2024
ORD105562,Tiffany Serrano,Keyboard,5,766.63,03-08-2025
ORD105563,Samantha Nelson,Monitor,1,4124.77,24-03-2024
ORD105564,Matthew Blackwell,Smartwatch,4,4833.56,28-01-2026
ORD105565,Julie Barrera,Tablet,3,4799.17,17-07-2024
ORD105566,Kristi Dominguez,Laptop,1,3264.35,16-01-2025
ORD105567,Brenda Williams,Mouse,5,3516.36,06-03-2024
ORD105568,Dana Hernandez,Tablet,2,2048.64,21-10-2025
ORD105569,Matthew Cook,Smartwatch,5,4786.35,09-10-2024
ORD105570,Sandra Mitchell,Monitor,1,3363.28,14-06-2025
ORD105571,Tiffany Maynard,Printer,4,294.99,01-06-2024
ORD105572,Kevin Miller,Camera,2,3593.63,11-12-2024
ORD105573,James Fletcher,Keyboard,5,311.8,25-12-2025
ORD105574,Jessica Singh,Keyboard,3,643.81,16-08-2024
ORD105575,Amy White,Headphones,5,2089.76,25-09-2024
ORD105576,Amber Villa,Laptop,2,3912.08,10-03-2024
ORD105577,Cassandra Warner,Laptop,3,4182.7,19-02-2024
ORD105578,Timothy Wall,Printer,4,635.97,29-09-2024
ORD105579,Denise Lawrence,Headphones,3,529.62,29-09-2025
ORD105580,Joel Nichols,Mouse,1,3752.63,15-07-2025
ORD105581,Angela Oneill DVM,Mobile,2,312.15,17-12-2024
ORD105582,Autumn Carlson,Smartwatch,4,1936.38,09-02-2026
ORD105583,Rebecca Anderson,Camera,3,2222.48,21-04-2025
ORD105584,Claudia Miller,Tablet,2,3147.63,05-04-2025
ORD105585,Joseph Berger,Tablet,2,225.23,08-12-2024
ORD105586,Corey Cross,Monitor,3,2485.24,27-02-2024
ORD105587,Lydia Allen,Headphones,5,387.27,07-02-2025
ORD105588,Connie Tucker,Headphones,2,1865.4,05-06-2024
ORD105589,Amanda Jenkins,Mobile,1,1565.85,27-03-2025
ORD105590,Adam Allen,Keyboard,2,1046.7,18-06-2025
ORD105591,Matthew Boyle,Monitor,5,1584.67,21-11-2025
ORD105592,Jessica Morris,Smartwatch,4,2138.92,10-12-2024
ORD105593,Barbara Hill,Camera,5,2398.67,26-09-2024
ORD105594,Melanie Stark,Printer,5,3121.16,26-01-2025
ORD105595,Teresa Jones,Smartwatch,5,2128.79,24-05-2024
ORD105596,Amanda Melton,Headphones,5,319.58,31-05-2024
ORD105597,Mark Dennis,Printer,3,4898.54,03-01-2026
ORD105598,Kimberly Hurst,Camera,5,2569.25,21-11-2025
ORD105599,Katrina Cooper,Tablet,2,3200.43,07-09-2024
ORD105600,Daniel Ware,Mobile,4,2079.97,17-05-2024
ORD105601,Thomas Whitney,Printer,5,4864.15,23-08-2025
ORD105602,Angela Wilson,Tablet,2,2274.86,17-07-2024
ORD105603,Robyn Hunter,Mobile,4,4834.3,14-11-2024
ORD105604,Darrell Clark,Headphones,2,919.33,13-04-2025
ORD105605,Michael Blackburn,Smartwatch,1,3923.83,24-05-2025
ORD105606,Monica Newton,Printer,4,4660.84,15-09-2024
ORD105607,Nancy Curtis,Mobile,3,783.12,08-10-2024
ORD105608,Benjamin Walls,Smartwatch,2,4756.74,07-12-2024
ORD105609,Mark Bryant,Tablet,4,1035.03,11-11-2025
ORD105610,Curtis Keith,Tablet,4,1408.8,18-10-2024
ORD105611,Shelly Hansen,Mobile,1,1471.86,23-03-2025
ORD105612,Leslie Maldonado,Mouse,2,4060.59,11-06-2025
ORD105613,Jaime Hutchinson,Camera,1,3188.05,17-01-2026
ORD105614,Linda Miller,Mouse,5,1950.53,11-07-2025
ORD105615,Erin Scott,Keyboard,5,4289.85,05-10-2025
ORD105616,Sheri Olsen,Camera,4,4204.55,11-02-2025
ORD105617,Justin Stokes,Camera,2,1403.04,27-04-2025
ORD105618,Juan Prince,Mouse,4,2186.31,10-03-2024
ORD105619,Steven Stanley,Camera,3,451.9,10-02-2025
ORD105620,Luis Chavez,Mouse,1,285.54,30-03-2024
ORD105621,Laura Wright,Printer,1,365.62,01-04-2024
ORD105622,Bailey Perkins,Tablet,1,2024.31,23-09-2025
ORD105623,Bailey Sellers,Smartwatch,5,2261.47,22-12-2025
ORD105624,Yvonne Frye,Smartwatch,1,2040.76,15-07-2024
ORD105625,Julie Jensen,Smartwatch,5,3883.63,29-10-2024
ORD105626,Vanessa Santos,Laptop,4,4136.51,29-08-2025
ORD105627,Brian Lee,Tablet,4,4483.14,31-03-2024
ORD105628,Joel Ortega,Camera,2,3831.93,22-07-2024
ORD105629,Jorge Jacobs,Monitor,1,1426.92,23-01-2025
ORD105630,Travis Yoder,Mobile,5,217.81,28-09-2024
ORD105631,Roy Mccarthy,Headphones,5,3346.5,27-09-2025
ORD105632,Charles Stanley,Monitor,5,1029.36,07-12-2025
ORD105633,April Lewis,Printer,3,3785.94,20-11-2025
ORD105634,Amy Watkins,Smartwatch,5,4862.11,23-06-2024
ORD105635,Yvonne Mcguire,Monitor,4,3765.48,02-07-2025
ORD105636,Scott Turner,Tablet,4,2151.19,08-07-2025
ORD105637,Megan Johnson,Headphones,2,1637.01,10-04-2025
ORD105638,Hunter Parker,Headphones,1,312.66,09-03-2024
ORD105639,Carla Bishop MD,Keyboard,3,3420.94,06-03-2024
ORD105640,Derrick Rasmussen,Printer,4,3592.94,06-10-2024
ORD105641,Anthony Clark,Tablet,3,1128.47,11-09-2024
ORD105642,Benjamin Gutierrez,Laptop,1,3201.56,07-07-2024
ORD105643,Mary Cherry,Laptop,4,3352.28,25-01-2026
ORD105644,Tommy Romero,Monitor,3,3470.68,30-04-2024
ORD105645,William Giles,Smartwatch,5,750.25,17-06-2024
ORD105646,Jessica Cain DVM,Mouse,4,298.59,13-02-2024
ORD105647,David Anderson,Keyboard,4,3946.37,26-11-2025
ORD105648,Patricia Clayton,Headphones,3,1281.94,20-01-2026
ORD105649,Joshua White DVM,Camera,2,672.85,02-04-2024
ORD105650,Paul Wheeler,Camera,2,3007.02,18-05-2025
ORD105651,Courtney Wright,Printer,4,1996.19,26-05-2025
ORD105652,Amanda Harper,Smartwatch,1,3035.07,18-02-2025
ORD105653,Bruce Lozano,Monitor,5,4910.27,11-07-2025
ORD105654,Jennifer Farmer,Printer,3,1624.75,25-11-2025
ORD105655,Heidi Mercado,Mouse,5,2369.41,31-01-2025
ORD105656,Jennifer Morris,Headphones,4,2372.76,06-05-2024
ORD105657,Susan Snyder,Mouse,5,3781.72,20-03-2024
ORD105658,Alicia Morgan,Headphones,4,884.71,21-02-2025
ORD105659,Michael Howard,Printer,4,1607.34,18-06-2025
ORD105660,Chloe Moore,Mobile,5,1388.26,14-12-2025
ORD105661,Kiara Riley,Camera,5,2966.5,05-07-2025
ORD105662,Victor Holland,Headphones,1,2210.43,17-07-2024
ORD105663,Bryan Nelson,Mouse,4,4964.25,24-08-2024
ORD105664,Patrick Melton,Tablet,3,1135.36,18-01-2026
ORD105665,Matthew Johnson,Smartwatch,1,4896.73,27-09-2024
ORD105666,Ashley Brown,Mouse,5,874.75,24-07-2025
ORD105667,Jessica Roach,Tablet,3,4736.96,18-03-2025
ORD105668,Nathan Anderson,Camera,1,3258.03,12-11-2025
ORD105669,Melissa Nichols,Mouse,5,4692.09,23-05-2024
ORD105670,Glenda Allen,Mouse,1,1570.66,04-02-2026
ORD105671,Eric Murray,Laptop,1,2363.19,09-11-2024
ORD105672,David Short,Tablet,5,227.35,30-07-2024
ORD105673,Hector Smith,Monitor,4,2229.31,17-11-2024
ORD105674,Jennifer Boone,Monitor,4,3058.03,17-03-2024
ORD105675,Heidi Jennings,Smartwatch,1,4533.32,14-03-2024
ORD105676,Ashley Turner,Camera,1,2636.4,03-09-2024
ORD105677,Kara Mccormick,Headphones,1,2823.46,17-04-2025
ORD105678,Nicole Hartman,Printer,5,3735.49,26-07-2025
ORD105679,Brian Gutierrez,Tablet,5,3991.64,03-06-2025
ORD105680,Victoria Castillo,Printer,3,2899.16,04-11-2024
ORD105681,Angel Madden,Mouse,2,1864.41,23-07-2025
ORD105682,Laura Martin,Camera,1,1937.11,20-03-2024
ORD105683,Mark Green,Tablet,4,3914.25,13-09-2025
ORD105684,Betty White,Headphones,3,3075.72,12-07-2025
ORD105685,Michael Parker,Mouse,5,431.87,20-09-2024
ORD105686,Nathan Dickson,Camera,1,4200.05,06-12-2025
ORD105687,Natalie Nelson,Monitor,5,1513.36,23-05-2025
ORD105688,Debra Jordan,Smartwatch,3,4072.35,07-09-2024
ORD105689,Steve Baldwin,Keyboard,5,2171.01,11-02-2025
ORD105690,Richard Howard,Tablet,3,522.71,25-06-2024
ORD105691,Debra Taylor MD,Laptop,5,2227.64,09-08-2024
ORD105692,Wendy Roy,Keyboard,4,3548.41,26-06-2025
ORD105693,Darren Rivera,Mobile,4,4555.29,18-09-2025
ORD105694,Christopher Freeman,Printer,5,4955.25,04-09-2024
ORD105695,Natalie Benson,Mouse,2,1449.53,24-12-2024
ORD105696,John Wright,Headphones,3,966.84,18-02-2024
ORD105697,Steven Brennan,Camera,3,1024.34,08-08-2025
ORD105698,Christopher Duncan,Monitor,3,2169.59,08-11-2025
ORD105699,Thomas Harrison,Laptop,5,892.7,13-08-2025
ORD105700,David Holmes,Smartwatch,5,1660.74,16-05-2025
ORD105701,Lisa Yates,Tablet,2,3260.13,13-06-2025
ORD105702,Sarah Glover,Keyboard,5,2818.03,11-02-2024
ORD105703,Tiffany Jones,Headphones,2,4174.44,30-10-2025
ORD105704,Logan Ballard,Mobile,1,1934.11,21-09-2024
ORD105705,Laura Harrison,Camera,3,4920.94,04-03-2024
ORD105706,Misty Rosales,Keyboard,5,2726.42,18-12-2025
ORD105707,Cynthia Hoffman,Camera,1,320.59,27-09-2025
ORD105708,Cynthia Webb,Mouse,3,1536.09,05-09-2025
ORD105709,Lisa Perry,Tablet,2,2489.43,09-11-2024
ORD105710,Allison Johnson,Printer,4,3187.96,05-04-2024
ORD105711,James Frank,Keyboard,3,2464.48,11-05-2025
ORD105712,Katherine Sweeney,Keyboard,5,2231.71,22-07-2024
ORD105713,Brian Barton,Mobile,4,4742.06,15-02-2025
ORD105714,Anthony Keith,Mobile,1,3453.04,09-10-2024
ORD105715,Steven Stewart,Laptop,2,473.04,09-07-2025
ORD105716,Rebecca White,Headphones,2,1460.76,03-03-2024
ORD105717,Tonya Rush,Laptop,3,1745.98,03-02-2025
ORD105718,Alexander Matthews,Mobile,1,1054.36,16-11-2025
ORD105719,Jonathan Dickerson,Smartwatch,4,370.41,14-02-2024
ORD105720,Chelsea Caldwell,Camera,4,1560.32,29-07-2025
ORD105721,Laura Adams,Headphones,3,521.97,12-01-2026
ORD105722,Hector Anthony MD,Monitor,4,716.41,11-10-2024
ORD105723,Erica Webb,Mobile,3,4925.2,24-09-2025
ORD105724,Angela Gonzalez,Mobile,1,2805.63,19-06-2025
ORD105725,Heather Wallace,Monitor,4,174.06,11-08-2024
ORD105726,Kathryn Howard,Smartwatch,2,4997.21,31-03-2025
ORD105727,William Adams,Mouse,3,1246.41,17-07-2024
ORD105728,Scott Nelson,Printer,4,3083.17,04-05-2025
ORD105729,Victoria Jackson,Camera,4,3425.29,11-01-2025
ORD105730,Paul Sanford,Smartwatch,4,4285.03,04-01-2026
ORD105731,Cody Ruiz,Keyboard,5,4899.76,12-10-2025
ORD105732,Olivia Waters,Mouse,1,1747.96,18-07-2025
ORD105733,Tony Cantu,Mobile,2,2841.11,01-06-2025
ORD105734,Brenda Crosby,Laptop,2,1807.94,30-11-2025
ORD105735,Gary Johnson,Headphones,3,1120.23,25-05-2025
ORD105736,Sara Holland,Mouse,4,1741.49,25-12-2025
ORD105737,Gary Ramirez,Tablet,2,3087.56,16-05-2025
ORD105738,Jonathan Perez,Keyboard,2,2799.19,18-04-2024
ORD105739,Michael Ramos,Headphones,1,4156.94,19-02-2025
ORD105740,Deborah Haynes,Mobile,1,1419.18,05-11-2025
ORD105741,Johnathan Olson,Monitor,4,4839.37,20-01-2026
ORD105742,Brittany Davis,Tablet,1,4751.64,11-02-2025
ORD105743,Kimberly Lawrence,Laptop,2,4214.34,16-01-2026
ORD105744,Christine Lucas,Laptop,2,2326.39,02-07-2025
ORD105745,Mr. Brian Wright Jr.,Headphones,5,1712.18,13-02-2024
ORD105746,Kyle Carpenter,Keyboard,2,1945.25,08-05-2024
ORD105747,Jay Walker,Smartwatch,2,3899.07,15-02-2025
ORD105748,John Bradley,Printer,2,951.68,05-11-2024
ORD105749,Mercedes Best,Printer,3,3601.33,28-11-2024
ORD105750,Victor Wood,Monitor,1,1788.15,22-12-2024
ORD105751,Nathan Long,Tablet,5,3912.26,23-07-2025
ORD105752,Dawn Shah,Laptop,1,4358.96,08-04-2024
ORD105753,Daniel Orr,Smartwatch,1,1388.34,22-10-2024
ORD105754,Michelle Green,Camera,3,3836.3,04-09-2024
ORD105755,Austin Thompson,Mouse,1,179.27,20-08-2025
ORD105756,Jerry Lopez,Smartwatch,3,229.04,18-04-2025
ORD105757,Kathryn Ponce,Printer,2,4062.36,18-02-2024
ORD105758,Victor Castillo,Camera,3,506.21,26-03-2024
ORD105759,Matthew Clark,Mouse,1,112.57,22-12-2024
ORD105760,Suzanne Mcdonald,Monitor,3,4560.96,23-08-2025
ORD105761,Joshua Evans,Mouse,4,2152.38,11-04-2024
ORD105762,John Greene,Mouse,5,236.6,05-12-2025
ORD105763,John Garcia,Printer,5,3132.63,07-10-2024
ORD105764,Michael Mcknight,Mouse,2,997.28,25-03-2025
ORD105765,Theodore Gillespie,Mobile,2,1105.33,14-05-2025
ORD105766,Michelle Richardson,Monitor,1,2525.48,04-08-2025
ORD105767,Leonard Richardson,Camera,5,3154.71,02-09-2025
ORD105768,Paula Rodriguez,Mouse,3,538.38,03-01-2026
ORD105769,Amy Hunter,Laptop,3,2668.52,13-09-2025
ORD105770,Vanessa Nelson,Tablet,4,1586.32,13-03-2025
ORD105771,Christopher Wolf,Monitor,2,3610.64,23-12-2024
ORD105772,Jonathan Cunningham,Mobile,1,2291.2,14-02-2025
ORD105773,Darryl Phelps,Monitor,1,552.08,02-02-2026
ORD105774,Gwendolyn Smith,Mobile,3,3711.03,21-05-2024
ORD105775,Brenda Davies,Printer,3,626.93,08-12-2024
ORD105776,Kevin Davis Jr.,Monitor,4,3260.75,03-05-2024
ORD105777,Matthew Kline,Monitor,3,4815.18,24-06-2025
ORD105778,Ariana Jennings,Tablet,4,1908.68,23-10-2025
ORD105779,Richard Bray,Monitor,1,1656.07,27-08-2024
ORD105780,George Boyer,Printer,5,3037.99,14-10-2025
ORD105781,Kim Gregory,Printer,1,4998.11,26-06-2025
ORD105782,Michelle Meadows,Headphones,3,3469.93,04-11-2024
ORD105783,Chad Thomas,Headphones,4,4336.95,07-04-2025
ORD105784,Joanne Williams,Mobile,1,2962.52,17-09-2024
ORD105785,Eugene Fisher,Monitor,5,1368.01,14-05-2024
ORD105786,Amanda Barron,Smartwatch,4,1374.43,23-02-2024
ORD105787,Scott Baker,Printer,4,2646.19,01-05-2025
ORD105788,Jeff Thomas,Keyboard,5,2868.91,29-07-2025
ORD105789,Dr. Lisa Woods MD,Mouse,1,1473.45,13-07-2025
ORD105790,Sara Snow,Headphones,1,3467.59,23-08-2024
ORD105791,Kristin Smith,Headphones,2,4541.36,20-02-2024
ORD105792,Michele Nelson,Smartwatch,5,4043.86,12-01-2026
ORD105793,Kelly Ramsey,Smartwatch,4,396.01,31-10-2024
ORD105794,Jason Lowe,Printer,2,2325.57,16-02-2024
ORD105795,Casey Thomas,Printer,5,684.22,26-09-2024
ORD105796,Carla Williams,Mouse,4,1742.51,19-01-2025
ORD105797,Reginald Mcdonald,Headphones,2,4773.84,24-02-2024
ORD105798,Alejandro Garcia,Printer,2,2686.31,09-05-2024
ORD105799,Andrew Meyer,Smartwatch,5,425.91,28-01-2026
ORD105800,Jennifer Saunders,Mouse,4,324.37,11-09-2024
ORD105801,Jonathan Snow DVM,Laptop,5,1914.12,12-06-2024
ORD105802,Misty King,Printer,3,4962.29,25-12-2024
ORD105803,Ronald Hall,Laptop,4,1160.38,27-03-2025
ORD105804,Kimberly Roberson,Laptop,3,1345.23,21-06-2024
ORD105805,Anita Miller,Monitor,3,3754.73,12-05-2024
ORD105806,Madeline Roberts,Printer,2,851.4,16-02-2025
ORD105807,Jason Evans,Keyboard,4,3243.67,17-11-2024
ORD105808,Nicholas Hill,Laptop,2,1434.49,06-04-2025
ORD105809,Evan Jones,Keyboard,1,3539.01,23-02-2024
ORD105810,Lonnie Pacheco,Mouse,3,2192.17,02-11-2024
ORD105811,Andrew Lynch,Mouse,1,3413.73,19-04-2025
ORD105812,Anthony Brooks,Keyboard,4,1105.92,01-03-2025
ORD105813,Melissa Taylor,Mobile,5,2148.78,06-08-2025
ORD105814,Traci Malone,Smartwatch,2,2314.36,25-06-2025
ORD105815,Steven Pruitt,Smartwatch,1,812.33,14-05-2024
ORD105816,Mr. Mason Young,Monitor,5,3124.61,10-03-2025
ORD105817,Ernest Estrada,Printer,2,3609.58,14-11-2024
ORD105818,Gabrielle Franklin,Mobile,5,1287.38,27-02-2025
ORD105819,Melissa Fox,Keyboard,2,3993.26,29-09-2025
ORD105820,Larry Gallagher,Printer,4,174.14,27-10-2024
ORD105821,Jeffrey Ward,Mouse,5,1422.96,24-01-2025
ORD105822,Aaron Duke,Tablet,1,4579.57,24-02-2024
ORD105823,Chelsea Lopez,Laptop,5,4669.39,12-02-2025
ORD105824,Samantha Murphy,Printer,2,1497.77,12-11-2024
ORD105825,Destiny Lyons,Mobile,4,4352.22,27-11-2025
ORD105826,Connor Powers,Printer,3,2226.63,02-10-2025
ORD105827,Tanya Hunt,Camera,5,3017.69,04-05-2025
ORD105828,Louis Myers,Keyboard,2,4427,08-11-2025
ORD105829,Russell Vega,Mobile,5,286.11,22-10-2025
ORD105830,Anthony Johnson,Mobile,3,2664.97,12-07-2025
ORD105831,Toni Evans,Monitor,4,3831,22-09-2025
ORD105832,Jeffrey King,Mouse,3,2577.29,11-09-2025
ORD105833,Christopher Nelson,Smartwatch,2,4286.9,11-06-2024
ORD105834,Stephen Carey,Headphones,2,1878.51,18-08-2024
ORD105835,Gabriel Pitts,Monitor,1,4114.28,25-07-2024
ORD105836,Heather Castillo,Mouse,2,3316.85,12-01-2026
ORD105837,Stephen Chapman,Printer,2,4103.36,24-04-2024
ORD105838,Alyssa Phillips,Camera,4,722.09,26-02-2025
ORD105839,Keith Odom DVM,Printer,4,3310.45,10-12-2024
ORD105840,Tyler Short,Camera,4,555.57,05-09-2025
ORD105841,Ronald Baker,Camera,5,3298.81,06-10-2024
ORD105842,Jamie Scott,Camera,2,1064.64,23-06-2025
ORD105843,Stephen Larsen,Tablet,4,1756.17,05-11-2024
ORD105844,Michael Wagner,Mobile,2,4825.56,30-07-2025
ORD105845,George Diaz,Laptop,2,4144.39,23-06-2025
ORD105846,Jacob Perez,Keyboard,5,2062.06,25-10-2025
ORD105847,Nancy Huber,Printer,4,2122.38,25-09-2024
ORD105848,Stephanie Mahoney,Keyboard,3,4163.03,26-04-2024
ORD105849,Erica Collins,Laptop,3,4095.28,17-01-2025
ORD105850,Michelle Rivera,Printer,3,4480.96,17-10-2024
ORD105851,Sarah Richard,Laptop,5,1878.34,02-11-2025
ORD105852,Brooke Cook,Smartwatch,5,3734.48,16-12-2025
ORD105853,Kyle May,Monitor,2,2487.35,10-02-2026
ORD105854,Jay Robinson,Mouse,3,812.53,02-10-2025
ORD105855,Katherine Moore,Laptop,4,2122.3,20-04-2024
ORD105856,Brenda Smith,Laptop,2,3368.14,20-08-2025
ORD105857,Travis Bender,Printer,1,4543.26,24-06-2025
ORD105858,Melanie Stevens,Laptop,1,477,11-09-2025
ORD105859,Kimberly Thompson,Camera,1,2678.34,15-10-2025
ORD105860,Tammy Russo,Smartwatch,1,4556.27,30-08-2025
ORD105861,Harry Murphy,Smartwatch,1,4626.3,04-09-2025
ORD105862,Stephanie Richmond,Monitor,5,2695.31,28-01-2025
ORD105863,Patricia Jenkins,Smartwatch,4,2997.24,05-06-2024
ORD105864,Megan Mendoza,Camera,5,1520.54,22-02-2025
ORD105865,Dawn Dominguez,Printer,1,1748.53,26-03-2025
ORD105866,Ryan Morales,Smartwatch,5,800.62,28-10-2024
ORD105867,Joshua Wade,Mouse,5,2860.22,23-12-2024
ORD105868,Brian Webster,Headphones,4,483.41,29-12-2025
ORD105869,Lisa Reynolds,Keyboard,5,1037.82,09-05-2025
ORD105870,Anthony Stokes,Monitor,5,1282.7,21-01-2026
ORD105871,Joshua West,Smartwatch,1,1983.42,17-09-2025
ORD105872,Mark Kennedy,Headphones,4,2775.66,30-06-2024
ORD105873,Jeremy Rodriguez,Mobile,5,4759.31,27-04-2024
ORD105874,Antonio Bailey,Laptop,1,415.03,26-07-2024
ORD105875,Adam Rivera,Headphones,1,2691.26,16-07-2025
ORD105876,Frank Gonzales,Printer,1,4913.76,04-03-2024
ORD105877,Jodi Jennings,Printer,2,3248.33,27-11-2024
ORD105878,Roy Todd,Tablet,4,4170.81,23-05-2025
ORD105879,Christopher Martin,Mouse,3,1904.71,20-06-2025
ORD105880,Michael Clay,Headphones,5,2094.43,25-02-2024
ORD105881,Valerie Rose,Mobile,3,343.69,22-07-2024
ORD105882,Michelle Marquez,Mobile,4,1875.81,06-09-2025
ORD105883,Perry Walter,Keyboard,5,2721.95,20-04-2025
ORD105884,Debbie Anthony,Headphones,1,4126.72,26-09-2025
ORD105885,Matthew Gordon,Mouse,4,719.07,13-04-2025
ORD105886,Craig Hall,Monitor,2,1041.74,19-03-2024
ORD105887,Courtney Moon,Mobile,2,2129.92,22-04-2025
ORD105888,Heidi Williams,Printer,3,3854.88,12-07-2024
ORD105889,John Bailey,Keyboard,5,1269.77,18-06-2025
ORD105890,Julie Church,Camera,1,4697.36,28-12-2024
ORD105891,Anthony Arias,Camera,1,1600.23,01-03-2025
ORD105892,Martha Martinez,Monitor,2,3545.57,19-08-2024
ORD105893,Anthony Ayers,Camera,1,1317.85,13-08-2025
ORD105894,Melissa Edwards,Mobile,5,4990.56,08-04-2024
ORD105895,Caleb Wilson,Keyboard,1,4285,23-06-2025
ORD105896,Cheryl Hays,Printer,5,4872.2,01-08-2024
ORD105897,Sarah Sanders,Printer,3,4951.38,11-10-2025
ORD105898,Brent Ray,Smartwatch,4,3572.88,28-03-2025
ORD105899,Tony Parrish,Mobile,3,2922.6,23-11-2025
ORD105900,Jorge Price,Camera,4,1378.94,18-08-2025
ORD105901,Felicia Smith,Monitor,4,622.36,16-07-2025
ORD105902,Dr. Erica Keith DVM,Camera,4,4782.54,31-05-2024
ORD105903,Stacey Douglas,Headphones,4,1997.71,11-08-2024
ORD105904,Sandra Barker,Headphones,2,3740.6,30-09-2024
ORD105905,Tamara Holmes,Smartwatch,2,2988.86,09-12-2024
ORD105906,Robert Prince,Mouse,1,1885.23,14-06-2025
ORD105907,Victoria Arnold,Printer,2,1330.68,19-09-2025
ORD105908,Tracy Wheeler,Camera,4,110.92,28-08-2025
ORD105909,Stacey Beck,Laptop,1,1513.12,04-12-2025
ORD105910,Jonathan Lester DDS,Smartwatch,2,2091.2,14-05-2025
ORD105911,Jean Butler,Printer,5,2131.91,24-09-2024
ORD105912,Joseph Adams,Laptop,2,3971.64,12-04-2024
ORD105913,Carrie Bruce,Smartwatch,2,4939.06,18-08-2024
ORD105914,Michelle Adams,Keyboard,4,4479.62,03-06-2025
ORD105915,Austin Everett,Mouse,1,4846.04,11-08-2024
ORD105916,Catherine Smith,Monitor,1,1955.69,13-01-2026
ORD105917,Ashley Valenzuela,Camera,1,1845.18,17-03-2024
ORD105918,Ellen Castro,Mouse,4,2178.85,19-12-2024
ORD105919,Monica Allen,Tablet,1,4744.47,14-06-2025
ORD105920,Amy Robinson,Headphones,5,2853.65,06-08-2025
ORD105921,Linda Allison,Mouse,4,4486.99,30-07-2024
ORD105922,Nicholas Walter,Camera,2,4500.65,08-09-2025
ORD105923,Kevin Long,Headphones,2,2335.81,03-04-2025
ORD105924,Julie Wilcox,Monitor,1,4604.12,19-05-2025
ORD105925,Debra Soto,Mouse,2,2547.06,18-11-2024
ORD105926,Jennifer Ross,Laptop,4,1859.34,29-12-2025
ORD105927,Wesley Williams,Monitor,2,1508.41,17-08-2024
ORD105928,Melanie Wilson,Camera,3,4509.32,11-04-2024
ORD105929,Samuel Sanders,Headphones,4,3746.57,24-04-2025
ORD105930,Sandra Benton,Tablet,5,2956.37,11-09-2025
ORD105931,Christine Brooks,Monitor,3,4073.3,13-07-2024
ORD105932,Brittany Patel,Mobile,1,1129.02,06-01-2026
ORD105933,James Martinez,Printer,3,4890.98,13-12-2025
ORD105934,Crystal Davies,Printer,5,2102.24,17-08-2025
ORD105935,Ethan Morrison,Mobile,3,693.73,07-10-2024
ORD105936,Paul Robinson,Laptop,1,3469.6,16-11-2025
ORD105937,Peter White,Printer,4,4728.63,12-02-2024
ORD105938,Lisa Smith PhD,Mobile,2,3399.67,27-09-2024
ORD105939,Nathan Diaz,Tablet,5,1042.7,09-07-2025
ORD105940,Misty Silva,Printer,5,2395.94,25-02-2024
ORD105941,Jennifer Holder,Laptop,3,3792.01,02-11-2024
ORD105942,Shawn Evans,Printer,2,108.82,27-12-2024
ORD105943,Scott Chase,Tablet,5,2476.59,07-05-2024
ORD105944,Mary Cox,Mobile,4,4855.73,11-04-2024
ORD105945,Robert Hamilton,Tablet,4,4455.04,11-01-2025
ORD105946,Christopher Johnson,Monitor,3,505.8,26-06-2024
ORD105947,Sharon Barnes,Printer,2,2763.39,20-12-2025
ORD105948,Jean Crawford,Laptop,1,101.27,26-09-2024
ORD105949,Kathleen Wells,Mobile,5,1746.9,12-07-2025
ORD105950,Lisa Hunter,Keyboard,5,4624.36,13-01-2025
ORD105951,Melanie Sanchez,Camera,5,2872.06,22-04-2025
ORD105952,Anthony Martin,Mouse,1,3681.12,27-09-2024
ORD105953,Jessica Johnson,Tablet,4,1332.46,15-09-2024
ORD105954,Valerie Vazquez,Mobile,4,1415.18,26-11-2024
ORD105955,Margaret Parks,Mobile,4,3539.69,11-07-2025
ORD105956,Michael Hunt,Monitor,1,1852.59,05-01-2026
ORD105957,Walter Williams,Keyboard,1,2600.91,16-12-2025
ORD105958,James Keller,Smartwatch,1,2688.91,02-03-2025
ORD105959,Kathleen Ortiz,Smartwatch,3,1623.77,25-11-2024
ORD105960,Michael Morris,Camera,5,1787.01,16-09-2025
ORD105961,Theodore Weiss,Mobile,1,802.14,16-04-2024
ORD105962,Jason Morris,Headphones,1,2774.54,11-11-2024
ORD105963,Melissa Prince,Camera,4,4532.88,14-06-2025
ORD105964,Jamie Mccarty,Mobile,5,2993.36,29-06-2025
ORD105965,Michelle Smith,Smartwatch,1,2155.86,29-10-2024
ORD105966,Felicia Miller,Mouse,3,2023.99,18-03-2024
ORD105967,Evan Campbell,Mobile,1,4658.01,12-02-2024
ORD105968,Christine Walker,Keyboard,3,3139.84,24-11-2024
ORD105969,Craig Thompson,Printer,3,869.43,07-03-2024
ORD105970,Beth Carey,Mobile,1,4381.54,18-06-2025
ORD105971,Erin Welch,Printer,2,2778.31,29-10-2025
ORD105972,Jeffrey Owens,Headphones,4,3102.05,19-06-2024
ORD105973,Scott Smith,Printer,5,2369.07,01-01-2025
ORD105974,George Adams,Keyboard,5,747.05,28-09-2024
ORD105975,Jillian Cain,Headphones,1,4573.2,06-07-2024
ORD105976,Alex Osborne,Mobile,4,1101.98,18-05-2025
ORD105977,Joel Blackwell,Headphones,3,106.58,17-09-2024
ORD105978,Jill Knight,Keyboard,3,3402.46,07-12-2024
ORD105979,Amy Hunt,Mouse,5,2289.34,03-04-2025
ORD105980,Mrs. Christina Thompson,Mobile,2,3157.66,27-09-2024
ORD105981,Craig Cross,Smartwatch,2,2400.37,28-11-2024
ORD105982,Kirsten Vance DDS,Monitor,1,4632.36,30-05-2024
ORD105983,Jack Deleon,Mouse,2,865.46,24-10-2025
ORD105984,Joseph Fuller,Printer,3,4061.35,21-08-2024
ORD105985,Samantha Ayala,Headphones,3,1917.29,17-01-2026
ORD105986,Kevin Black,Tablet,2,3713.69,17-05-2024
ORD105987,Gabriela Terry,Headphones,5,2626.67,28-03-2025
ORD105988,Martin Jones,Printer,5,2825.01,18-09-2024
ORD105989,Caleb May,Printer,1,1656.28,31-03-2025
ORD105990,Teresa Brown,Keyboard,5,3904.36,03-04-2025
ORD105991,Wesley Romero,Smartwatch,1,2892.77,11-03-2025
ORD105992,Frederick Hernandez,Keyboard,3,3611.52,24-06-2024
ORD105993,Justin Turner,Printer,2,2238.01,10-10-2025
ORD105994,Michelle Smith,Mouse,5,2261.4,18-03-2025
ORD105995,Robert Bush,Smartwatch,3,2030.3,06-02-2026
ORD105996,Eric Smith,Headphones,5,3652.96,23-07-2024
ORD105997,Mary Ayala,Monitor,3,3953.36,07-11-2024
ORD105998,Gary Clark,Monitor,3,1758.36,27-10-2024
ORD105999,Jacob Miller,Tablet,3,1420.89,15-11-2024
ORD106000,Jeffrey Ingram,Smartwatch,3,2266.14,29-09-2024
ORD106001,Charles Clark,Mouse,4,1018.6,20-03-2025
ORD106002,Andrew Stone,Laptop,5,3643.3,28-01-2026
ORD106003,Karen Franklin,Mouse,4,4902.13,30-05-2024
ORD106004,Joseph Everett,Camera,1,492.01,01-09-2025
ORD106005,Roberto Reese,Mobile,1,2989.09,22-02-2025
ORD106006,Ashley Henson,Monitor,1,2647.32,29-10-2024
ORD106007,Courtney Walker,Camera,3,4277.83,05-09-2024
ORD106008,Amanda Valenzuela,Headphones,1,1749.56,10-05-2025
ORD106009,Rachel Wood,Camera,5,3400.4,30-12-2024
ORD106010,Gregory Robinson,Tablet,3,1866.16,13-04-2025
ORD106011,Bryan Romero DDS,Smartwatch,1,3581.55,18-05-2024
ORD106012,Christina Smith,Mobile,5,2799.5,15-10-2024
ORD106013,Anthony Diaz,Camera,4,3186.6,15-03-2025
ORD106014,Molly Patterson,Tablet,4,4048.34,17-04-2025
ORD106015,Brittany Kennedy,Monitor,1,4887.06,14-12-2024
ORD106016,Howard Bailey,Camera,2,2348.92,26-06-2024
ORD106017,Manuel Ramsey,Headphones,5,444.37,05-01-2025
ORD106018,Ronald Mendoza,Smartwatch,4,469.11,17-10-2025
ORD106019,Peter Hobbs,Tablet,5,2475.6,17-10-2025
ORD106020,James Lester,Monitor,1,4819.99,31-05-2025
ORD106021,Paige Reynolds,Camera,1,1995.72,09-08-2024
ORD106022,Alicia Garza,Mouse,5,659.27,02-02-2025
ORD106023,Jessica Mcdowell,Headphones,5,4362.17,26-05-2024
ORD106024,Mark Patel,Mobile,5,431.68,22-03-2025
ORD106025,Richard Harrison,Laptop,2,1531.99,27-06-2024
ORD106026,Jennifer Lane,Mobile,4,4864.42,04-02-2026
ORD106027,Mary Shelton,Mouse,2,2286.04,06-10-2024
ORD106028,Mario Sparks,Printer,1,1693.95,08-11-2025
ORD106029,Theresa Murphy,Monitor,5,2085.71,27-05-2024
ORD106030,Miranda Hernandez,Tablet,1,4861.58,03-09-2025
ORD106031,Todd Jackson,Mobile,2,4797.13,27-09-2024
ORD106032,Kelly Freeman,Camera,4,4769.59,17-05-2024
ORD106033,Sheri Flores,Headphones,4,4801.4,31-12-2024
ORD106034,Heather Howard,Mouse,1,1229.08,31-01-2026
ORD106035,Douglas Chavez,Mobile,2,732.87,22-12-2024
ORD106036,Luis Torres,Tablet,2,3139.02,26-07-2025
ORD106037,Joshua Young,Laptop,4,1099.93,28-12-2025
ORD106038,Stanley Oconnell,Printer,5,3968.19,14-01-2025
ORD106039,Angela Lam,Camera,1,1785.33,06-05-2025
ORD106040,Elaine Jones,Mouse,4,2991.06,24-07-2024
ORD106041,Crystal Wright DDS,Camera,2,1804.54,06-11-2025
ORD106042,Carol Mitchell,Mouse,3,1194.63,10-01-2025
ORD106043,Susan Acevedo,Headphones,1,1365.02,07-08-2025
ORD106044,Eric Ortiz,Camera,2,1721.44,22-08-2025
ORD106045,Matthew Raymond,Keyboard,4,201.35,17-01-2025
ORD106046,Selena Murphy,Camera,4,4116.99,23-03-2025
ORD106047,John Buckley,Keyboard,1,4392.16,02-01-2026
ORD106048,Crystal Holland,Mouse,1,4974.92,13-09-2025
ORD106049,Mary Cook,Mobile,4,4338.87,26-05-2024
ORD106050,Joshua Mcintyre,Monitor,1,3964.65,07-02-2025
ORD106051,Ms. Brooke Carpenter,Mobile,4,2464.69,03-12-2025
ORD106052,Teresa Wilkins,Tablet,1,763.32,06-08-2024
ORD106053,Donna Avery,Laptop,3,2838.2,05-08-2025
ORD106054,Raymond Shaffer,Tablet,3,2232.16,31-07-2025
ORD106055,Shannon Brown,Tablet,3,3454.27,19-12-2024
ORD106056,Scott Lang,Mobile,5,155.05,02-01-2025
ORD106057,John Nelson,Mouse,4,1223.69,26-10-2025
ORD106058,Andrea Mckenzie,Mobile,4,4829.17,29-10-2025
ORD106059,Nicholas Curry,Mobile,4,487.44,08-04-2024
ORD106060,Scott Watson,Monitor,1,317.26,04-09-2025
ORD106061,Scott Silva,Keyboard,1,2947.82,10-08-2025
ORD106062,Rose Mullins,Camera,2,4868.68,03-07-2025
ORD106063,Haley Serrano,Headphones,4,1741.98,15-12-2025
ORD106064,Amy Padilla,Camera,1,253.88,17-02-2025
ORD106065,Charles Collins,Printer,5,641.49,27-12-2025
ORD106066,Kayla Pham,Camera,4,4311.35,19-02-2024
ORD106067,Phillip Johnson,Headphones,4,3419.85,10-02-2025
ORD106068,Ellen Washington,Mouse,1,421.97,23-01-2026
ORD106069,Travis Miranda,Printer,4,4642.45,26-02-2025
ORD106070,Timothy Prince,Printer,5,4054.15,15-10-2024
ORD106071,Susan Rodriguez,Headphones,1,196.32,12-06-2025
ORD106072,Madison Vang,Tablet,3,420.31,12-12-2025
ORD106073,Marie Cross,Smartwatch,1,1941.23,22-05-2025
ORD106074,Richard Marshall,Laptop,5,584.05,16-04-2025
ORD106075,Tonya Campos,Printer,2,1931.29,14-07-2025
ORD106076,Christine Moore,Laptop,2,616.24,20-11-2024
ORD106077,Juan Kim,Headphones,5,670.75,18-07-2025
ORD106078,Katie Burns,Smartwatch,3,705.81,30-05-2024
ORD106079,Lisa Jenkins,Camera,2,3284.29,08-04-2024
ORD106080,Rebecca Long,Mobile,2,1269.86,03-04-2025
ORD106081,Dr. Jessica Wright,Mouse,5,1808.67,18-04-2025
ORD106082,Valerie Wilkins,Tablet,1,3233.47,02-08-2025
ORD106083,Mary Andrews,Keyboard,3,1450,05-07-2024
ORD106084,Samuel Jackson,Laptop,5,111.28,02-02-2026
ORD106085,Chelsey Howard,Mouse,2,4198.23,28-02-2024
ORD106086,Nancy Dudley,Smartwatch,5,4760.25,12-03-2024
ORD106087,Anthony Nelson,Camera,3,4118.83,25-11-2025
ORD106088,Erik Diaz,Tablet,5,693.96,23-12-2025
ORD106089,Yolanda Velasquez,Tablet,2,3105.38,04-12-2025
ORD106090,Breanna Huff,Mouse,2,2766.84,09-11-2024
ORD106091,Brian Simon,Smartwatch,2,3818.13,27-04-2024
ORD106092,Tommy Horn,Monitor,4,1407.91,21-12-2024
ORD106093,Angela Johnson,Headphones,5,1191.09,09-06-2025
ORD106094,Regina Lewis,Laptop,1,1128.36,28-08-2024
ORD106095,Ryan Lucas,Tablet,3,1696.53,23-09-2024
ORD106096,Laura Horton,Camera,4,4282.2,05-12-2024
ORD106097,Danielle Long,Printer,2,4702.77,28-09-2025
ORD106098,Lisa Lopez,Laptop,2,4165.3,02-10-2025
ORD106099,William Thomas,Printer,5,969.03,02-12-2024
ORD106100,Alexander Bennett,Headphones,3,4015.15,23-05-2025
ORD106101,Kathleen Rodriguez,Printer,1,2834.48,09-08-2025
ORD106102,Brittany Nelson,Printer,4,754.97,10-06-2025
ORD106103,Deborah Warren,Mouse,2,3907.37,07-03-2025
ORD106104,Joseph Day,Mouse,2,4708.67,26-11-2025
ORD106105,Theodore Lewis,Camera,1,2869.68,16-07-2024
ORD106106,David Erickson,Mouse,1,4621.7,16-07-2025
ORD106107,Vickie Flores,Mouse,1,1615.66,15-08-2025
ORD106108,Nathan Hughes,Smartwatch,1,2713.45,13-01-2026
ORD106109,Jacob Francis,Tablet,4,2262.61,28-01-2025
ORD106110,Eric Peterson,Mouse,5,3464.18,25-04-2025
ORD106111,Kimberly Peck,Headphones,4,585.51,25-03-2024
ORD106112,Michael Wilson,Camera,5,3329.08,12-04-2025
ORD106113,Jennifer Porter,Headphones,3,4353.6,31-12-2025
ORD106114,Jasmine Rodriguez,Headphones,3,2323.68,16-01-2025
ORD106115,Amy Bates,Laptop,1,1705.49,04-03-2025
ORD106116,Chad Warner,Camera,2,4937.02,10-10-2025
ORD106117,Mrs. Katherine Fuentes,Camera,1,2979.46,12-07-2025
ORD106118,Anthony Taylor,Laptop,2,2005.02,19-04-2024
ORD106119,Erin Mitchell,Monitor,2,3800.42,30-10-2024
ORD106120,Joshua Keller,Laptop,3,2571.63,05-06-2025
ORD106121,Julia Nixon,Monitor,5,4036.12,27-03-2025
ORD106122,Amanda Morrison,Headphones,4,1723.01,20-08-2025
ORD106123,Robert Collins,Camera,4,1853.62,17-06-2025
ORD106124,Amy Hess,Printer,3,1219.51,14-03-2024
ORD106125,Dennis Johnson,Laptop,2,4141.38,23-01-2025
ORD106126,David Choi,Mobile,2,962.02,30-03-2024
ORD106127,Barry Wright,Tablet,3,2892.93,01-10-2025
ORD106128,Dwayne Torres,Mobile,4,2909.7,29-02-2024
ORD106129,Andrea Tran,Printer,4,1827.29,08-05-2025
ORD106130,Nancy Kennedy,Mouse,5,1245.12,20-05-2024
ORD106131,Patricia Phillips,Laptop,1,1893.79,03-05-2024
ORD106132,Jessica Ramsey,Monitor,2,1327.75,09-06-2025
ORD106133,Anthony Pierce,Camera,1,4559.67,29-02-2024
ORD106134,John Salinas,Mouse,4,130.11,11-04-2024
ORD106135,Heather Burnett,Camera,4,924.45,17-11-2024
ORD106136,Gilbert Brown,Mouse,2,4241.73,14-05-2024
ORD106137,Matthew Gregory,Monitor,2,2652.71,20-11-2024
ORD106138,Lisa Jones,Keyboard,2,1646.89,04-07-2025
ORD106139,Sarah Bauer,Camera,5,1934.21,21-11-2024
ORD106140,Tammie Lawson,Keyboard,1,541.27,28-08-2025
ORD106141,Richard Clark,Tablet,2,4644.85,28-06-2024
ORD106142,Jasmine Phillips,Mouse,4,1939.23,21-06-2024
ORD106143,Michael Ponce,Laptop,3,4980.03,01-02-2026
ORD106144,Jennifer Conner,Headphones,2,2123.99,25-06-2024
ORD106145,Kelly Rice,Mouse,1,4522.58,15-08-2025
ORD106146,Matthew Hughes,Laptop,2,1468.04,08-10-2025
ORD106147,Robert Rodriguez,Smartwatch,1,3133.92,03-11-2024
ORD106148,Kristin Arellano,Headphones,2,2043.82,12-03-2024
ORD106149,Mr. Michael Booth,Headphones,5,1489.36,22-11-2024
ORD106150,Randy Brown,Keyboard,3,2047.5,27-12-2025
ORD106151,Kimberly Baldwin,Camera,5,1458.82,09-10-2025
ORD106152,Bruce Hester,Mouse,4,2488.42,25-04-2024
ORD106153,Troy Alvarez,Keyboard,5,1689.01,15-10-2025
ORD106154,Michaela Matthews,Tablet,2,4737.08,22-01-2025
ORD106155,Tonya Cross,Printer,5,3023.06,05-11-2025
ORD106156,Tyler Armstrong,Smartwatch,1,3908.73,21-08-2024
ORD106157,Dennis Lopez,Headphones,5,2277.48,07-10-2025
ORD106158,Megan Chavez,Mobile,5,1373.12,19-03-2025
ORD106159,Lauren Ware,Monitor,1,3797.89,10-08-2024
ORD106160,Stephanie West,Camera,1,4197.89,23-11-2025
ORD106161,Crystal Roy,Tablet,3,4229.75,25-05-2024
ORD106162,Jillian Wood,Mobile,2,3427.52,28-06-2024
ORD106163,Marilyn Smith,Monitor,2,2114.4,08-01-2026
ORD106164,Carrie Ruiz MD,Keyboard,3,3468.57,30-11-2024
ORD106165,Lori Orozco,Mobile,2,3424.6,09-04-2024
ORD106166,Eric Davis,Headphones,4,4455.54,03-02-2026
ORD106167,Karen Clark,Mobile,4,2269.51,14-09-2024
ORD106168,Patricia Evans,Headphones,4,1147.23,14-04-2024
ORD106169,Sabrina Heath,Mobile,4,2228.83,25-12-2025
ORD106170,Daniel Jensen,Printer,4,2968.53,02-03-2024
ORD106171,Daisy Mays,Mobile,4,4047.21,30-07-2024
ORD106172,Gerald Dalton,Camera,5,2266.04,24-08-2025
ORD106173,Barbara Hernandez,Headphones,5,4521.49,12-04-2024
ORD106174,Cody Oliver,Mouse,4,1719.03,06-05-2024
ORD106175,Shirley Garcia,Monitor,5,2154.7,15-02-2025
ORD106176,Sara Hoffman,Mobile,4,4769.52,23-10-2025
ORD106177,Ricky Hurley,Headphones,2,1095.53,18-07-2025
ORD106178,Kevin Arnold,Tablet,5,3700.4,16-10-2025
ORD106179,Rebecca Hale,Tablet,5,4558.89,01-08-2024
ORD106180,Eric Stewart,Camera,4,4303.93,30-05-2025
ORD106181,Amy Romero,Monitor,4,368.68,15-09-2024
ORD106182,Jennifer Hopkins,Printer,4,2311.13,18-09-2024
ORD106183,Jamie Jones,Smartwatch,3,1349.96,01-03-2025
ORD106184,Lori Jones,Headphones,1,4759.01,04-01-2026
ORD106185,Robert Myers,Mouse,5,2435.8,11-04-2024
ORD106186,Lisa Cooper,Keyboard,5,4828.85,06-08-2024
ORD106187,Jacob Woodard,Monitor,5,639.75,01-02-2025
ORD106188,Nathan Adams,Laptop,1,2480.74,05-04-2025
ORD106189,Hannah Diaz,Laptop,5,1996.13,16-07-2024
ORD106190,Dylan Green,Tablet,2,1983.05,09-12-2024
ORD106191,Colin Campos,Laptop,5,2827.78,02-08-2024
ORD106192,Nathan Johnson,Mouse,3,1824.66,24-04-2024
ORD106193,Amber Carpenter,Mouse,5,4743.13,15-06-2024
ORD106194,Lauren Mendoza,Tablet,2,165.89,05-12-2025
ORD106195,Marcus Morrison,Laptop,2,1849.77,29-03-2025
ORD106196,Christopher Smith,Headphones,1,1022.12,28-12-2025
ORD106197,Christopher Chapman,Smartwatch,5,4785.24,01-06-2024
ORD106198,Matthew Sims,Tablet,1,4211.2,22-01-2026
ORD106199,Gregory Martinez,Keyboard,1,4706.04,26-09-2024
ORD106200,Thomas Wilson,Mobile,1,2848.66,18-07-2024
ORD106201,Scott Diaz,Camera,3,3170.25,12-05-2025
ORD106202,Ricardo Smith,Keyboard,2,1739.02,31-03-2024
ORD106203,Vincent Dyer,Mouse,4,4156.44,06-12-2024
ORD106204,Steven Arnold,Smartwatch,3,2614.54,06-10-2025
ORD106205,Dr. Lisa Graham,Printer,1,3831.27,09-04-2024
ORD106206,Terri Johnson,Printer,1,583.66,01-11-2025
ORD106207,Jeremy Huynh,Monitor,1,4896.14,07-12-2024
ORD106208,Anna Hensley,Laptop,3,4909.97,28-03-2024
ORD106209,Robert Howard,Laptop,3,4624.26,06-02-2026
ORD106210,Michael Webb,Camera,2,1036.79,29-09-2025
ORD106211,Katrina Nguyen,Tablet,5,1582.23,25-04-2025
ORD106212,Christopher Campbell,Printer,4,3343.66,22-04-2024
ORD106213,Kristina Bishop,Monitor,1,3900.13,02-09-2025
ORD106214,Oscar Warner,Headphones,2,4563.85,03-11-2024
ORD106215,Megan Brown,Mouse,2,636.29,26-01-2026
ORD106216,David Richardson,Smartwatch,1,4993.69,30-03-2025
ORD106217,Zachary Baldwin,Camera,1,2451.57,19-03-2025
ORD106218,Dana Matthews,Camera,5,1509.85,04-04-2025
ORD106219,James Jones,Headphones,2,1118.27,04-10-2025
ORD106220,Emma Moon,Laptop,1,795.5,10-04-2025
ORD106221,Johnathan Brooks,Camera,5,2663.11,26-05-2025
ORD106222,Sarah Garza,Laptop,4,2759.61,08-08-2025
ORD106223,John Roberts,Monitor,4,1930.49,06-03-2025
ORD106224,Nicholas Valdez,Keyboard,3,2761.6,09-08-2025
ORD106225,Amanda Williamson,Laptop,5,1006.89,01-08-2025
ORD106226,Taylor Guerrero,Headphones,2,3616.11,30-01-2026
ORD106227,Brian Meyer,Mouse,3,2932.7,24-10-2025
ORD106228,Kendra Griffin,Smartwatch,5,4547.06,12-01-2025
ORD106229,Jose Jackson,Smartwatch,1,4019.41,20-08-2024
ORD106230,Melissa Johnson,Mouse,2,352.89,11-06-2025
ORD106231,Andrea Simpson,Tablet,3,1597.65,01-03-2024
ORD106232,Leslie Duarte,Printer,4,1778.29,03-11-2024
ORD106233,Jeremiah Moore,Camera,5,624.95,02-08-2025
ORD106234,Derrick Robinson,Headphones,2,477.07,12-07-2024
ORD106235,Linda Williams,Camera,1,1413.7,28-07-2024
ORD106236,Virginia Jones,Headphones,3,225.51,26-07-2025
ORD106237,Jennifer Jones,Mobile,5,960.56,07-08-2025
ORD106238,Dennis Thomas,Mobile,5,1998.23,08-03-2024
ORD106239,Brian Stevens,Laptop,5,1182.25,07-10-2024
ORD106240,Joann Taylor,Camera,1,2781.34,19-05-2025
ORD106241,Larry Harrington,Keyboard,5,4561.61,01-04-2025
ORD106242,Stephanie Byrd,Monitor,3,3633.21,25-02-2024
ORD106243,Jason Perez,Monitor,2,3791.55,03-07-2025
ORD106244,Charles Jenkins,Mouse,1,4805.73,20-03-2024
ORD106245,Eric Barnett,Mouse,5,3819.31,05-01-2026
ORD106246,Stephanie Smith,Headphones,3,3754.12,17-06-2024
ORD106247,Thomas Weaver,Mobile,1,2936.34,30-03-2024
ORD106248,Mary Cervantes,Monitor,5,3170.24,05-01-2025
ORD106249,Wesley Austin,Printer,5,1589.79,17-07-2024
ORD106250,Whitney Griffin,Headphones,1,3460.89,08-04-2025
ORD106251,Daniel Snyder,Headphones,1,2577.81,02-08-2024
ORD106252,Caitlin Garza,Camera,3,2840.74,20-09-2025
ORD106253,Robert Rice,Printer,2,4083.34,12-03-2025
ORD106254,Michelle Floyd MD,Camera,2,2306.08,06-04-2024
ORD106255,Wendy Riley,Headphones,3,1555.03,21-07-2024
ORD106256,Steven Rollins,Smartwatch,4,883.32,01-03-2025
ORD106257,Malik Hanson,Keyboard,2,101.19,21-07-2025
ORD106258,Nathan Lyons,Smartwatch,3,1935.82,29-12-2024
ORD106259,Jessica Mercer,Tablet,5,2684.65,14-11-2024
ORD106260,Jeremy Alvarez,Smartwatch,2,2647.11,20-11-2024
ORD106261,Jared Hendricks,Keyboard,2,4419.7,26-11-2025
ORD106262,Emily Johnson,Headphones,1,4350.86,06-01-2026
ORD106263,Kelly Garcia,Monitor,2,1850.79,13-02-2024
ORD106264,Lindsay Shaw,Keyboard,2,435.48,16-08-2025
ORD106265,Travis Scott,Headphones,3,4883.35,29-08-2024
ORD106266,Carol Mann,Smartwatch,3,716.06,05-08-2025
ORD106267,Tracy Hobbs,Laptop,5,3758.32,02-08-2025
ORD106268,Jimmy Zuniga,Smartwatch,2,700.28,15-07-2024
ORD106269,Brandon Mccann,Keyboard,4,2376.45,13-10-2025
ORD106270,Melinda Lee,Headphones,1,1960.8,03-01-2026
ORD106271,Tanya Williams,Headphones,2,4321.86,01-01-2026
ORD106272,Michael Madden,Smartwatch,5,4778.28,22-01-2026
ORD106273,Mary Clayton,Headphones,5,1830.1,18-09-2024
ORD106274,Kendra Day,Tablet,4,2595.55,05-11-2024
ORD106275,Brian Blair,Printer,1,2084.6,27-03-2024
ORD106276,Brittany Olsen,Keyboard,3,2345.49,29-10-2025
ORD106277,Angela Kirby,Smartwatch,1,2943.73,12-06-2025
ORD106278,Kimberly Snyder,Smartwatch,3,4457.2,07-07-2024
ORD106279,Brittany Jefferson,Mouse,5,559,22-05-2024
ORD106280,David Archer,Camera,4,4935.99,03-04-2024
ORD106281,Gina Cooper,Laptop,5,1325.89,19-10-2025
ORD106282,Beverly Griffith,Headphones,4,1604.46,03-03-2024
ORD106283,Stephen Barrett,Camera,4,241.9,11-07-2025
ORD106284,Anna Miller,Mouse,5,682.81,09-04-2025
ORD106285,Christina Gordon,Camera,5,3400.78,12-07-2025
ORD106286,Mark Odom,Headphones,1,2375.72,04-03-2024
ORD106287,Amy Sandoval DDS,Monitor,3,805.28,31-07-2024
ORD106288,Rose Daniel,Mobile,1,2832.72,16-04-2025
ORD106289,Linda Johnson,Keyboard,3,1474.37,21-11-2024
ORD106290,Jack Le,Tablet,2,439.7,20-09-2024
ORD106291,Patrick Moody,Mobile,3,4363.37,08-12-2025
ORD106292,Theresa Campbell,Mobile,1,2691.8,28-11-2024
ORD106293,Randy Daniels,Mouse,5,1497.83,21-05-2024
ORD106294,Beth Cowan,Smartwatch,4,2447.97,17-02-2024
ORD106295,Rachel Perry,Laptop,4,3172.02,26-06-2024
ORD106296,Debra Mitchell,Laptop,2,2889.11,14-04-2024
ORD106297,Robert Stephens,Tablet,1,2679.94,24-12-2025
ORD106298,Erika Robinson,Monitor,5,4511.04,07-05-2025
ORD106299,David Freeman,Tablet,2,2932.66,24-10-2024
ORD106300,Crystal Jackson,Tablet,3,993.18,27-01-2026
ORD106301,Patricia Benton,Laptop,5,3990.2,11-12-2024
ORD106302,Susan Mann,Keyboard,1,3107.89,25-01-2025
ORD106303,Brian Sanchez,Mouse,5,134.09,27-05-2025
ORD106304,Ashley Yang,Laptop,1,4006.45,15-01-2025
ORD106305,Kelly Taylor,Smartwatch,5,1268.32,14-06-2025
ORD106306,Jennifer Williams,Headphones,5,4166.76,08-07-2025
ORD106307,Tina Cabrera,Keyboard,3,720.02,11-12-2025
ORD106308,Chelsea Foster,Keyboard,4,358.92,07-03-2025
ORD106309,Jennifer Ryan,Laptop,1,3243.55,21-07-2025
ORD106310,Beverly Fisher,Monitor,5,1848.21,10-08-2025
ORD106311,Jennifer Washington,Printer,3,1275.51,04-12-2024
ORD106312,Michelle Hutchinson,Keyboard,5,2333.35,01-07-2025
ORD106313,Terry Mack,Tablet,1,4046.04,01-08-2025
ORD106314,Danielle Hall,Tablet,3,2586.48,11-10-2024
ORD106315,Marcus Ritter,Tablet,2,4297.98,15-09-2025
ORD106316,Diana Valentine,Monitor,1,3583.92,14-09-2025
ORD106317,Janet Manning,Tablet,1,4762.98,09-02-2026
ORD106318,Victoria Rivera,Mouse,1,393.97,31-05-2024
ORD106319,Todd Ross,Smartwatch,1,1969.45,02-09-2024
ORD106320,Daniel Burns,Camera,5,1884.68,02-02-2025
ORD106321,Justin Castro,Camera,4,822.66,15-03-2024
ORD106322,Stephen Adams,Mobile,2,1899.89,08-02-2025
ORD106323,Donna Jones,Camera,4,3857.36,08-09-2025
ORD106324,Cassandra Adams,Keyboard,4,3643.19,01-02-2025
ORD106325,Eric Escobar,Keyboard,2,1729.74,03-01-2025
ORD106326,Janet Smith,Monitor,1,1177.67,26-12-2024
ORD106327,Pedro Austin,Printer,2,1289.7,16-04-2024
ORD106328,Taylor Neal,Headphones,3,1682.9,02-04-2025
ORD106329,Christina Zuniga,Smartwatch,1,3553.79,15-07-2024
ORD106330,Amber Long,Mouse,1,3956.14,18-09-2025
ORD106331,Robert Moses,Camera,3,1724.74,02-05-2024
ORD106332,John Lowe,Tablet,5,2491.85,07-10-2024
ORD106333,Kimberly Smith,Printer,5,3763.04,26-12-2024
ORD106334,Sarah Hardy,Printer,5,3787.22,29-05-2024
ORD106335,Monica Berry,Printer,1,324.71,04-11-2024
ORD106336,Shannon Blair,Tablet,3,495.75,28-07-2024
ORD106337,Jacob Valentine,Camera,5,633.24,04-06-2024
ORD106338,Kerry Marsh,Camera,4,2492.19,10-12-2025
ORD106339,Mitchell Martinez,Keyboard,2,1971.08,06-05-2024
ORD106340,Christopher Sullivan,Camera,5,2547.4,07-06-2024
ORD106341,Billy Bell,Mouse,2,3052.77,26-07-2024
ORD106342,David Barry,Monitor,4,2625.3,12-01-2025
ORD106343,Benjamin Bennett,Smartwatch,4,4298.78,02-01-2025
ORD106344,Philip Costa,Monitor,2,4351.42,13-01-2025
ORD106345,Kimberly Nunez,Laptop,4,412.96,31-03-2025
ORD106346,Jordan Gonzalez,Laptop,4,3213.68,27-01-2025
ORD106347,Jessica Figueroa,Headphones,1,2888.24,03-02-2025
ORD106348,Derrick Beck,Keyboard,3,4746.08,29-09-2024
ORD106349,Melissa Payne,Monitor,3,4318.26,19-05-2024
ORD106350,Margaret Booker,Mouse,2,1429.08,20-08-2025
ORD106351,Michael Campbell,Tablet,3,2402.86,07-06-2025
ORD106352,Diana Moore,Smartwatch,3,686.97,15-05-2025
ORD106353,Terri Robinson,Printer,5,1889.99,31-03-2024
ORD106354,Marvin Fowler,Headphones,2,4511.08,12-08-2024
ORD106355,Sarah Thomas,Tablet,3,264.13,21-07-2025
ORD106356,Stephanie Norris,Smartwatch,5,756.71,28-07-2025
ORD106357,Robert Jackson,Camera,5,3838.05,21-10-2024
ORD106358,Tara Stephens,Camera,4,3077.06,17-09-2024
ORD106359,Alexandra Martinez,Mouse,4,2147.86,19-01-2025
ORD106360,Anthony Smith,Camera,1,3350.82,18-04-2025
ORD106361,Brian Murray,Monitor,5,2045.08,05-03-2024
ORD106362,Lindsay Cook,Headphones,5,4201.57,23-01-2025
ORD106363,Alicia Wood,Camera,3,3187.64,15-02-2025
ORD106364,John Melton,Smartwatch,1,4877.92,13-05-2025
ORD106365,Cynthia Zimmerman,Mouse,2,1102.99,29-09-2024
ORD106366,Michael Thomas,Monitor,1,2233.4,12-08-2024
ORD106367,Sandra Williams,Headphones,5,3297.77,22-01-2026
ORD106368,Tina Brown,Keyboard,5,2092.7,01-11-2024
ORD106369,John Adams,Smartwatch,3,3847.48,09-08-2025
ORD106370,Beverly Hall,Keyboard,3,2477.26,25-02-2025
ORD106371,Erica Neal,Headphones,5,1878.78,07-11-2024
ORD106372,Crystal Smith,Mobile,4,4418.56,19-02-2024
ORD106373,Jacob Rubio,Printer,5,983.06,01-08-2025
ORD106374,Nancy George,Headphones,3,2191.88,19-04-2024
ORD106375,Anthony Peterson,Smartwatch,3,2831.46,14-02-2025
ORD106376,Roger Miller,Printer,4,3179.85,31-03-2025
ORD106377,Ricky Gardner,Keyboard,1,2115.51,02-03-2024
ORD106378,Susan Rowe,Camera,3,4533.4,19-10-2024
ORD106379,Lance Green,Printer,4,3347.88,13-01-2026
ORD106380,Jonathan Gilbert,Mouse,2,668.68,09-12-2024
ORD106381,Sabrina Holland,Laptop,2,4206.21,14-09-2025
ORD106382,Deborah Johnson,Mouse,2,217.68,18-03-2025
ORD106383,Shannon Whitaker,Keyboard,3,664.13,03-01-2025
ORD106384,Daniel Fritz,Monitor,3,4191.18,07-11-2024
ORD106385,Tyler Romero,Mouse,3,2983.9,14-08-2024
ORD106386,Kelly Rivera,Keyboard,4,4116.22,27-03-2025
ORD106387,Laura Perez,Headphones,1,4300.63,09-05-2025
ORD106388,George Jones,Mouse,5,4388.85,02-01-2026
ORD106389,Erin Lee,Keyboard,2,4470.93,01-09-2025
ORD106390,Stephanie May,Mobile,4,2463.12,06-08-2024
ORD106391,Laura Wells,Keyboard,3,2478,15-12-2024
ORD106392,Tanya Kline,Smartwatch,3,4129.51,31-05-2025
ORD106393,Gregory Garcia,Mouse,1,4178.05,23-07-2025
ORD106394,Alyssa Brown,Mouse,2,3348.98,02-12-2024
ORD106395,James Poole,Monitor,1,1742.19,10-03-2025
ORD106396,Michael Gallagher,Camera,5,1082.13,10-10-2024
ORD106397,Jessica Gonzalez,Camera,3,4868.16,26-07-2024
ORD106398,Christie Cook,Mouse,5,2838.38,01-07-2025
ORD106399,Mr. Kenneth Vargas,Mouse,4,4836.91,24-09-2025
ORD106400,Crystal Hanson,Printer,4,3844.07,02-07-2024
ORD106401,Gwendolyn Woodward,Mouse,3,2437.87,10-02-2026
ORD106402,Alex Robbins,Laptop,1,4272.45,25-10-2024
ORD106403,Stephanie May,Smartwatch,5,1052.16,16-06-2025
ORD106404,Shannon Robinson,Headphones,3,2830.41,13-02-2025
ORD106405,Melissa Thompson,Mobile,1,4347.85,23-03-2025
ORD106406,Christopher Williams,Mobile,3,4765.85,12-09-2025
ORD106407,Steven Walker,Mouse,4,1023.35,20-09-2024
ORD106408,Joshua Walker,Printer,5,183.24,16-05-2025
ORD106409,Kevin Moore,Keyboard,3,4146.33,30-11-2024
ORD106410,James Jones,Smartwatch,3,476.49,02-04-2025
ORD106411,Michael White,Monitor,5,4406.85,10-03-2025
ORD106412,Logan Knox,Smartwatch,2,1509.9,10-04-2025
ORD106413,Jennifer Barrera,Mobile,1,1673.81,19-12-2024
ORD106414,Paul Cooper,Tablet,2,1381.23,24-05-2024
ORD106415,Sylvia Mckee,Keyboard,4,2944.6,09-08-2024
ORD106416,Misty Rivera,Tablet,3,212.3,03-02-2025
ORD106417,Aimee Frederick,Headphones,4,3440.33,25-02-2024
ORD106418,Jordan Rogers,Headphones,5,2049.27,02-02-2026
ORD106419,Vanessa Hopkins,Laptop,2,932.57,23-03-2025
ORD106420,Danielle Watson,Printer,4,1932.34,06-06-2024
ORD106421,Angela Velasquez,Mobile,1,1639.91,31-05-2024
ORD106422,Nicole Moore,Tablet,3,2697.49,24-09-2025
ORD106423,Paige Gray,Mouse,4,3919.7,15-01-2026
ORD106424,Mrs. Jill Galvan DVM,Headphones,3,1738.97,27-01-2026
ORD106425,Brandon Watts,Monitor,1,2531.82,10-01-2026
ORD106426,Carol Gutierrez,Keyboard,3,2946.92,09-02-2025
ORD106427,Benjamin Stewart,Printer,1,4167.73,24-03-2025
ORD106428,Brooke Browning,Keyboard,2,4118.77,22-01-2025
ORD106429,Elizabeth Fisher,Camera,2,2874.95,05-12-2024
ORD106430,Laura Hardy,Keyboard,1,4819.87,18-03-2024
ORD106431,Michael Pierce,Tablet,2,2891.91,06-10-2025
ORD106432,Ashley Evans,Laptop,2,2976.81,07-06-2025
ORD106433,Hannah Barber,Tablet,2,251.72,28-07-2025
ORD106434,Darrell Rios,Mobile,1,1350.78,03-09-2024
ORD106435,Erika Williams,Monitor,5,1556.7,09-07-2024
ORD106436,Dr. Candace Burton,Camera,4,4004.93,31-03-2024
ORD106437,Cheryl Miller,Keyboard,2,4146.8,24-08-2025
ORD106438,Jack Christensen,Mobile,3,3646.26,03-08-2025
ORD106439,Patrick Guzman,Camera,5,3030.04,22-07-2024
ORD106440,Kenneth Wood,Mobile,1,2266.58,06-04-2024
ORD106441,Sierra Orr,Mobile,2,3933.05,29-04-2024
ORD106442,Deanna Martin,Headphones,1,4710.05,18-11-2025
ORD106443,Veronica Ward,Tablet,5,2485.64,18-04-2025
ORD106444,Brett Lee,Headphones,1,2707.08,24-01-2025
ORD106445,William Smith,Monitor,5,4701.97,25-05-2024
ORD106446,Alejandro Harrison,Headphones,5,2731.11,30-08-2024
ORD106447,Emma Martinez,Camera,5,2944.38,01-05-2024
ORD106448,Crystal Miller,Headphones,1,3757.96,13-11-2025
ORD106449,Bruce Lynch,Printer,3,3363.6,11-12-2025
ORD106450,Jacob Long,Mouse,1,3542.12,23-10-2024
ORD106451,Lynn Rogers,Mobile,3,179.87,09-12-2025
ORD106452,Tiffany Khan,Printer,2,1310.69,07-07-2024
ORD106453,Henry Gray,Printer,4,4193.61,21-12-2024
ORD106454,Heather Keller,Keyboard,5,4581.76,07-01-2025
ORD106455,Kelly Martin,Printer,4,3500.25,27-07-2025
ORD106456,Ryan Salazar,Mouse,2,576.32,29-08-2024
ORD106457,Joshua Cobb,Headphones,2,3399.17,09-11-2024
ORD106458,Amanda Russell,Laptop,2,2496.87,27-08-2025
ORD106459,Billy Kennedy,Smartwatch,4,2397.2,27-12-2025
ORD106460,Susan Durham,Laptop,4,3815.58,01-07-2024
ORD106461,Craig Gonzalez,Mouse,3,2957.14,10-07-2025
ORD106462,Sarah Watts,Tablet,1,1485.74,30-08-2024
ORD106463,Anthony Allen,Monitor,5,4659.82,27-07-2024
ORD106464,Barbara Harper,Smartwatch,1,2620.92,27-05-2024
ORD106465,Stephen Baldwin,Mobile,3,766.38,03-06-2025
ORD106466,Hannah Wilson,Mobile,5,4320.95,10-08-2024
ORD106467,Charles Baker,Monitor,1,2083.26,17-05-2024
ORD106468,Mr. Jonathan Hall,Monitor,1,4278.74,27-09-2025
ORD106469,Marie Morgan,Keyboard,2,4663.67,07-09-2024
ORD106470,Gail Peterson,Headphones,4,1132.04,12-06-2025
ORD106471,Robert Allen,Keyboard,5,3199.79,04-02-2025
ORD106472,Tina Carter,Smartwatch,5,3197.32,08-11-2025
ORD106473,Daniel Hawkins,Smartwatch,5,2614.97,15-05-2025
ORD106474,Taylor Robinson,Smartwatch,5,1898.8,02-10-2024
ORD106475,Sean Osborn,Mobile,4,3562.02,27-12-2025
ORD106476,Elizabeth Johnson,Tablet,1,2763.44,15-02-2024
ORD106477,Jill Green,Tablet,3,3267.53,14-06-2024
ORD106478,Jacob Hall,Smartwatch,3,4336.57,18-01-2025
ORD106479,Amber Hodges,Keyboard,4,723.66,16-02-2024
ORD106480,John Caldwell,Smartwatch,1,4753.81,01-08-2025
ORD106481,John Nicholson,Mouse,3,381.75,15-04-2025
ORD106482,Matthew Hansen,Monitor,2,4109.65,24-12-2024
ORD106483,Amber Smith,Camera,2,3435.24,21-12-2024
ORD106484,Shelby Smith,Camera,3,4155.04,26-09-2024
ORD106485,Jessica Scott,Mouse,1,2322.21,16-01-2026
ORD106486,Linda Crawford,Laptop,4,2928.41,21-10-2024
ORD106487,Michael Nguyen,Mobile,4,2121.93,23-06-2024
ORD106488,Ryan Thompson,Smartwatch,5,4616.26,24-08-2024
ORD106489,William Knapp,Printer,3,2960.57,18-05-2024
ORD106490,Gina Morgan,Printer,2,563.01,04-07-2024
ORD106491,Chris Nguyen,Monitor,4,343.22,16-08-2024
ORD106492,Dennis Walker,Laptop,5,3995.09,27-12-2025
ORD106493,Mark Blanchard,Keyboard,3,2358.1,06-03-2025
ORD106494,Lauren Bennett MD,Monitor,4,2907.52,05-10-2024
ORD106495,Anthony Martin,Laptop,5,1041.47,31-12-2024
ORD106496,Brenda Haas,Camera,5,511.37,20-07-2024
ORD106497,Erica Winters,Monitor,3,1034.52,24-10-2024
ORD106498,Robert Finley,Mobile,4,4380.1,15-05-2024
ORD106499,Mrs. Leslie Thompson,Printer,1,402.57,01-09-2025
ORD106500,Mark Lara,Headphones,2,4660.15,26-02-2024
ORD106501,Jordan Henderson,Keyboard,3,3764.83,24-01-2025
ORD106502,Kristine Johnson,Tablet,1,4044.29,18-10-2025
ORD106503,Allison Phillips,Mobile,2,1464.31,25-11-2025
ORD106504,Nicholas Hickman,Printer,2,1557.26,04-02-2026
ORD106505,Ashley Mason,Laptop,3,4999.11,24-07-2025
ORD106506,Jasmine Alvarez,Mobile,4,453.12,02-08-2025
ORD106507,Amanda Holmes,Tablet,3,2487.94,01-07-2025
ORD106508,Robert Coleman,Tablet,3,767.18,06-11-2025
ORD106509,Jonathan Carter,Printer,4,3747.03,05-05-2024
ORD106510,Christopher Brown,Keyboard,3,335.37,27-05-2024
ORD106511,Tammy Sharp,Smartwatch,2,4005.93,09-02-2025
ORD106512,Kimberly Williams,Tablet,2,3366.56,09-05-2024
ORD106513,Anthony Barnes,Smartwatch,3,4931.53,06-02-2025
ORD106514,Ms. Raven Hernandez MD,Tablet,3,3863.13,01-04-2025
ORD106515,Kimberly Riley,Keyboard,5,2263.59,20-11-2024
ORD106516,Sara Vaughn,Printer,1,4133.37,29-11-2024
ORD106517,John Michael,Printer,2,3550.52,16-02-2024
ORD106518,Logan Moss,Laptop,5,2764.34,30-03-2025
ORD106519,Danielle Walker,Laptop,2,766.78,20-05-2024
ORD106520,John Gonzales,Mouse,4,2101.5,13-03-2025
ORD106521,Miguel Harrison,Smartwatch,5,3004.94,30-09-2024
ORD106522,Emily Davis,Laptop,2,882.76,02-10-2025
ORD106523,Sandra Howard,Camera,4,952.84,12-04-2024
ORD106524,Angel Villarreal,Smartwatch,5,1199.47,03-05-2024
ORD106525,Stephanie Johnson,Mouse,2,3631.43,21-03-2024
ORD106526,Dylan Nichols,Smartwatch,4,4412.38,06-07-2024
ORD106527,Mr. David Zimmerman,Headphones,4,2143.16,17-03-2024
ORD106528,Paul Elliott,Printer,2,1036.64,21-09-2025
ORD106529,Ruth Price,Monitor,3,2134.56,15-04-2025
ORD106530,Jessica Moreno,Tablet,3,444.96,06-10-2024
ORD106531,Jacob Goodwin,Mobile,1,203.53,04-02-2025
ORD106532,Lisa Hancock,Mobile,3,3185.56,22-10-2024
ORD106533,Grant Ross,Mouse,3,4618.95,19-08-2024
ORD106534,Theresa Preston,Smartwatch,5,4646.49,23-07-2024
ORD106535,Derrick Dunn,Monitor,4,4244.36,16-04-2025
ORD106536,Anthony Serrano,Headphones,1,4863.53,25-09-2024
ORD106537,Michelle Alvarado,Smartwatch,1,4795.62,24-10-2025
ORD106538,Natalie Johnson,Camera,2,3750.27,05-10-2024
ORD106539,Connor Rich,Laptop,3,2039.57,06-03-2025
ORD106540,Rachel Combs,Keyboard,4,229.08,13-11-2024
ORD106541,Shane Hull,Headphones,5,4483.18,26-09-2024
ORD106542,Victoria Williams,Tablet,3,3120.27,14-04-2025
ORD106543,Caroline Nash,Headphones,3,262.47,07-12-2025
ORD106544,Gary Pace,Mouse,1,4802.34,11-04-2024
ORD106545,Jodi Hopkins,Mobile,3,4029.41,03-07-2024
ORD106546,Mary Dean,Mobile,5,4162.17,21-09-2024
ORD106547,Jennifer Macias,Headphones,3,4233.57,14-11-2024
ORD106548,Erin Baker,Camera,3,4212.27,16-01-2025
ORD106549,Julie Cain,Camera,3,2758.26,20-03-2024
ORD106550,Stephanie Nguyen,Camera,3,2473.43,19-07-2024
ORD106551,Thomas Doyle,Tablet,2,976.74,24-10-2024
ORD106552,Emma Pena,Headphones,3,3562.02,11-02-2025
ORD106553,Richard Johnson,Keyboard,2,4271.18,21-03-2025
ORD106554,Brian Levine,Mobile,4,3058.29,30-08-2025
ORD106555,Ian Wilson,Camera,5,3845.53,09-06-2024
ORD106556,Heather Jones,Tablet,5,1931.82,11-12-2024
ORD106557,Brian Bowers,Laptop,1,1927.99,04-02-2025
ORD106558,Nicole Garrison,Keyboard,3,4262.12,29-11-2024
ORD106559,Steven Esparza,Monitor,4,3342.63,13-11-2024
ORD106560,Ashley Rodriguez,Smartwatch,1,2772.05,10-09-2024
ORD106561,David Tucker,Laptop,1,4227.06,01-09-2024
ORD106562,Lauren Caldwell,Keyboard,3,4362.13,31-10-2025
ORD106563,Sean Cruz,Laptop,1,2551.54,07-01-2025
ORD106564,Bonnie Crawford DVM,Monitor,1,4808.9,09-07-2024
ORD106565,Jared Hubbard,Headphones,5,2243.13,24-08-2025
ORD106566,Daniel Boyd,Camera,5,197.23,17-05-2025
ORD106567,Taylor Banks,Smartwatch,4,558.96,12-04-2025
ORD106568,Mitchell Morrow,Tablet,4,4337.06,19-07-2025
ORD106569,William Barnes,Monitor,5,1351.89,21-02-2024
ORD106570,John Duran,Headphones,2,2795.31,01-08-2025
ORD106571,William Mills,Tablet,2,4215.3,08-06-2024
ORD106572,Mary Hernandez,Mobile,4,371.4,12-01-2026
ORD106573,Wendy Moss,Headphones,2,1647.35,14-12-2024
ORD106574,Rachel Morgan,Printer,4,1520.14,27-09-2025
ORD106575,Mathew Marshall,Smartwatch,4,2081.16,15-08-2025
ORD106576,Jesse Bowman,Printer,4,3320.77,26-11-2024
ORD106577,Rachel Irwin,Smartwatch,2,3437.91,29-10-2024
ORD106578,Samantha Anderson,Printer,3,2355.77,20-02-2024
ORD106579,Steven Bartlett,Keyboard,1,1548.64,11-05-2024
ORD106580,Brooke Smith,Mouse,4,3561.7,05-12-2025
ORD106581,Darrell Flores,Monitor,4,1864.17,06-11-2024
ORD106582,Julie Mitchell,Mobile,1,712.33,29-08-2025
ORD106583,Donna Wilson,Laptop,1,3589.19,11-01-2025
ORD106584,Jamie Davis,Monitor,2,1540.5,31-07-2024
ORD106585,Rebecca Johns,Laptop,1,4249.01,19-07-2025
ORD106586,Jacqueline Chavez,Tablet,3,515.43,22-04-2024
ORD106587,Shannon Jones,Tablet,3,1305.55,16-01-2026
ORD106588,Mark Stanley,Monitor,1,4093.8,04-04-2024
ORD106589,Lisa Lopez,Printer,4,1186.95,04-12-2024
ORD106590,Kimberly Carter,Laptop,4,3005.28,03-11-2025
ORD106591,Dr. Melissa Guerra,Mouse,5,3211.39,10-03-2025
ORD106592,Hunter Zuniga,Tablet,1,4077.62,21-03-2024
ORD106593,Bonnie Thomas,Keyboard,3,1558.75,08-06-2025
ORD106594,George Mendoza,Laptop,4,4893.35,08-07-2025
ORD106595,Benjamin Petty,Smartwatch,5,2280.02,13-03-2024
ORD106596,Sheryl Melendez,Laptop,5,2345.94,13-07-2025
ORD106597,Michael Jones,Tablet,4,4878.85,19-12-2024
ORD106598,Blake Weaver,Camera,4,2499.39,25-09-2025
ORD106599,Judith Turner,Camera,2,4804.72,25-03-2025
ORD106600,Jeffrey Carrillo,Camera,1,675.22,12-04-2024
ORD106601,Shawn Anderson,Mouse,5,3432.47,06-06-2025
ORD106602,Paula Jackson,Mobile,3,1472.3,10-11-2025
ORD106603,Brian Pacheco,Camera,1,3566.87,13-07-2025
ORD106604,Nicholas Martin,Tablet,4,2943.19,24-02-2025
ORD106605,Tyler Oconnor,Smartwatch,5,293.47,28-10-2024
ORD106606,Joshua Murphy MD,Keyboard,1,1406.55,11-10-2024
ORD106607,Brian Bonilla,Camera,5,4559.57,18-02-2025
ORD106608,Matthew Evans,Laptop,3,4035.02,10-10-2025
ORD106609,Stephen Perry,Smartwatch,5,1341.02,22-08-2025
ORD106610,Nicholas Peterson,Mouse,4,4217.95,19-01-2025
ORD106611,Theresa Alvarez,Monitor,5,253.14,22-01-2025
ORD106612,Evelyn Stewart,Mobile,3,4106.07,02-04-2024
ORD106613,Pamela Lopez,Headphones,3,2896.62,24-06-2025
ORD106614,James Brooks,Smartwatch,3,184.12,28-10-2024
ORD106615,Ethan Ellis,Headphones,2,1146.75,11-03-2025
ORD106616,Jennifer Acosta,Mobile,1,1713.68,12-07-2024
ORD106617,Erin Reed,Mobile,4,1844.6,27-07-2025
ORD106618,Cole Gomez,Printer,5,1083.01,05-08-2025
ORD106619,Steven Raymond,Mouse,4,2333.73,26-05-2025
ORD106620,Olivia Larson,Printer,4,4430.73,25-04-2024
ORD106621,Jonathan Herrera,Monitor,2,4896.42,13-03-2024
ORD106622,Eddie Baldwin,Monitor,5,4858.52,21-04-2024
ORD106623,Samantha Hughes,Keyboard,4,2794.53,01-07-2024
ORD106624,Jean Schmidt,Keyboard,2,2664.54,08-02-2025
ORD106625,Keith Brown,Tablet,2,947.68,19-07-2025
ORD106626,Daniel Walters,Camera,1,4999.51,16-08-2024
ORD106627,Michael Gonzalez,Tablet,3,3955.06,25-11-2024
ORD106628,Andres Donovan,Tablet,1,4216.54,02-05-2025
ORD106629,Richard Valencia,Headphones,5,2605.69,20-08-2025
ORD106630,Matthew Franklin,Mouse,1,792.97,25-09-2025
ORD106631,Christopher Fletcher,Printer,1,2669.43,05-11-2025
ORD106632,Angela Taylor,Camera,2,138.37,24-07-2025
ORD106633,Elizabeth Terry,Headphones,5,403.25,08-11-2025
ORD106634,Brianna Freeman,Mobile,4,3680.88,02-11-2024
ORD106635,Brandy Thomas,Monitor,1,1058.83,05-10-2025
ORD106636,Robin Hunt,Mobile,3,4401.32,27-08-2025
ORD106637,Diane Rodriguez,Monitor,5,3066.23,24-10-2025
ORD106638,Hannah Huynh,Keyboard,4,1472.92,04-04-2024
ORD106639,Randy Wallace,Laptop,1,796.33,16-10-2025
ORD106640,Jaime Lee,Mouse,1,3443.04,04-12-2025
ORD106641,Jeffrey Lynn,Laptop,3,2025.48,24-05-2025
ORD106642,Darrell Martinez,Monitor,2,1670.52,13-09-2025
ORD106643,Kelly Smith,Printer,3,1780.09,06-09-2025
ORD106644,Heather Huerta,Mobile,4,3750.57,07-09-2025
ORD106645,Pamela Garrett,Camera,1,3146.73,15-04-2024
ORD106646,Sheila Reed,Keyboard,3,1955.32,22-09-2024
ORD106647,Rebecca Andersen,Mobile,2,917.46,29-11-2024
ORD106648,Brittany Brooks,Headphones,1,719.14,16-03-2024
ORD106649,Beth Snyder,Laptop,1,4379.89,07-06-2024
ORD106650,Benjamin Lara,Monitor,4,4423.29,02-03-2024
ORD106651,Patrick Mayer,Headphones,4,4975.47,25-08-2024
ORD106652,Michelle Wilkins,Mouse,5,4496.09,07-07-2025
ORD106653,Heather Rice,Printer,3,1919.6,01-08-2025
ORD106654,Dakota Rose,Smartwatch,2,4107.16,08-07-2025
ORD106655,Mitchell Pugh,Mouse,4,3453.46,04-11-2024
ORD106656,John Nelson,Printer,3,476.54,17-03-2024
ORD106657,Richard Love,Headphones,3,4284.58,13-11-2025
ORD106658,Jason Snyder,Camera,3,1644.35,30-09-2024
ORD106659,Katherine Rodriguez,Mouse,5,3362.48,15-11-2024
ORD106660,Benjamin Guzman,Monitor,3,4065.42,18-10-2025
ORD106661,Jacob Williams,Printer,4,2695.26,21-11-2024
ORD106662,Brittany Bauer,Mouse,2,1920.73,22-12-2025
ORD106663,Felicia Porter,Mobile,4,2345.46,11-02-2024
ORD106664,Kevin Hernandez,Mouse,1,2325.65,28-12-2024
ORD106665,Jennifer Velasquez,Mouse,2,398.01,05-09-2024
ORD106666,Stacy Serrano,Monitor,3,3256.06,21-08-2024
ORD106667,Paul Stewart,Headphones,5,2416.43,09-05-2024
ORD106668,Tammie Mclaughlin,Camera,2,2247.56,23-02-2024
ORD106669,Jodi Carpenter,Monitor,4,2433.61,07-06-2024
ORD106670,Patricia Miller,Printer,5,1074.43,02-04-2024
ORD106671,Anthony Ortega,Mobile,4,1360.68,05-03-2025
ORD106672,Eric Dunn,Laptop,5,729.59,16-07-2025
ORD106673,Jennifer Black,Headphones,3,1071.75,22-10-2025
ORD106674,Jerry Gonzalez,Printer,1,2493.84,28-10-2025
ORD106675,Adam Duran,Smartwatch,2,2760.56,21-05-2025
ORD106676,Jermaine Sanchez,Camera,2,2013.04,04-03-2024
ORD106677,Jonathan Garcia,Monitor,4,2667.51,27-04-2025
ORD106678,Kyle Hernandez,Headphones,3,1933.31,03-02-2026
ORD106679,George Clark,Tablet,5,4567.8,14-08-2025
ORD106680,Debra Howard,Camera,1,2577.29,08-07-2025
ORD106681,Hannah Smith,Smartwatch,2,134.55,21-01-2025
ORD106682,Ricardo Guerrero,Tablet,4,383.79,07-03-2024
ORD106683,Joshua Burton,Laptop,5,4015.06,02-04-2024
ORD106684,Kyle Ayers,Smartwatch,2,3630.86,27-07-2024
ORD106685,Curtis Smith,Tablet,2,3199.88,09-07-2024
ORD106686,Bethany Wong,Headphones,4,4709.69,11-11-2024
ORD106687,Anthony Barnes,Camera,4,2416.8,06-07-2025
ORD106688,Hannah Lindsey,Smartwatch,3,4445.29,29-06-2024
ORD106689,Kendra Dean MD,Laptop,3,866.66,22-02-2025
ORD106690,Justin Anderson,Laptop,1,1280.61,22-07-2024
ORD106691,Perry Green,Camera,1,1659.17,30-06-2024
ORD106692,Patricia Martinez DVM,Printer,4,141.27,05-12-2024
ORD106693,Sarah Morales,Camera,1,1591.26,31-07-2025
ORD106694,Dr. Kayla Curry,Printer,5,3851.47,05-10-2025
ORD106695,Adam Stewart,Tablet,4,2986.18,05-02-2025
ORD106696,Crystal Burton,Mouse,3,1809.57,07-05-2025
ORD106697,Matthew Maddox,Headphones,3,2765.2,23-04-2025
ORD106698,David Evans,Mouse,4,2888.93,26-02-2024
ORD106699,Cynthia Ramirez,Smartwatch,4,3964.28,08-12-2025
ORD106700,Thomas Black,Camera,2,3745.86,29-06-2025
ORD106701,Brandon Blair,Monitor,2,1033.93,15-12-2025
ORD106702,Jessica Randolph,Tablet,4,4721.1,27-07-2025
ORD106703,Ashley Brown,Tablet,2,3149.38,25-11-2025
ORD106704,Scott Johnson,Laptop,4,4986.4,26-09-2025
ORD106705,Pamela Mcintosh,Headphones,2,1870.69,05-10-2025
ORD106706,Christine Smith,Tablet,5,1248.61,28-12-2025
ORD106707,Keith Edwards,Smartwatch,5,4061.17,17-09-2025
ORD106708,Christopher Alvarado,Printer,4,4942.47,16-03-2024
ORD106709,Gabriel Anderson,Camera,2,888.37,11-12-2025
ORD106710,Karen Jackson,Smartwatch,3,967.37,22-11-2024
ORD106711,Angel Baker,Laptop,4,3009.51,02-02-2025
ORD106712,Jackie White,Monitor,2,4292.08,05-02-2025
ORD106713,Andre Underwood,Tablet,5,295.22,09-08-2024
ORD106714,Hannah Kirby,Mobile,1,2611.57,23-01-2025
ORD106715,Valerie Rosario,Smartwatch,2,3844.68,03-04-2024
ORD106716,David Wood,Keyboard,5,1589.99,18-04-2025
ORD106717,Candice Collins,Headphones,3,1472.84,06-05-2024
ORD106718,Robert Martin,Laptop,1,1645.9,17-09-2024
ORD106719,Linda Moore,Keyboard,1,3516.85,06-10-2025
ORD106720,Hailey Hansen,Mouse,1,3253.99,19-07-2025
ORD106721,Christina Ramirez,Mouse,3,3425.55,26-03-2025
ORD106722,Melissa Osborne,Monitor,3,4064.97,16-03-2024
ORD106723,Robert Stanley,Tablet,5,4687.26,21-04-2024
ORD106724,Chris Moody,Keyboard,5,3784.55,21-11-2025
ORD106725,Andrew Boone,Keyboard,1,377.73,19-07-2024
ORD106726,Daniel Pitts,Printer,4,1313.55,01-07-2024
ORD106727,Paul Taylor,Tablet,5,4552.91,09-03-2024
ORD106728,Jeffrey Flores,Mouse,5,3162.25,23-04-2024
ORD106729,Donald Baker,Laptop,4,3363.6,30-07-2024
ORD106730,James Ingram,Printer,4,386.22,03-12-2025
ORD106731,Megan Hudson,Laptop,5,1270.17,29-04-2025
ORD106732,Ashley Wright,Printer,1,2675.84,26-11-2025
ORD106733,Juan Chang,Keyboard,4,4701.38,30-03-2025
ORD106734,Kevin Wilson,Laptop,4,2638.38,01-01-2026
ORD106735,Paul Solomon,Printer,5,1960.02,10-01-2025
ORD106736,Mary Young,Camera,1,3776.38,14-03-2025
ORD106737,Martha Thompson,Laptop,5,4633.69,15-03-2025
ORD106738,Pamela Murphy,Camera,1,2793.55,10-01-2025
ORD106739,Shelby Hernandez,Monitor,2,3814.28,23-08-2024
ORD106740,Pamela Salinas,Tablet,1,3604.91,10-12-2024
ORD106741,Andrea Boyer,Mouse,5,3548.41,03-04-2024
ORD106742,Lindsey Martin,Mouse,5,4848.98,25-05-2025
ORD106743,Michael Gill,Mobile,4,2175.47,01-01-2025
ORD106744,Crystal Johnson,Keyboard,5,2364.01,24-11-2024
ORD106745,Michelle Allen,Smartwatch,3,4667.02,27-03-2025
ORD106746,Megan Dalton,Laptop,2,2189.14,03-05-2025
ORD106747,Phillip Sandoval,Monitor,4,3884.79,19-07-2024
ORD106748,Catherine Orozco,Monitor,3,1967.13,12-01-2025
ORD106749,Alexa Chung,Mobile,5,4571.09,23-03-2025
ORD106750,Robert Hill,Smartwatch,5,254.13,26-01-2025
ORD106751,Rebecca French,Mobile,3,1998.02,22-12-2024
ORD106752,Michael Fuentes,Headphones,4,599.37,18-06-2024
ORD106753,Scott Taylor,Camera,5,3122.44,03-10-2025
ORD106754,Amy Walton,Monitor,5,3565.2,02-07-2024
ORD106755,Andrew Bell,Printer,1,3799.68,23-02-2024
ORD106756,Andrea Bullock,Keyboard,1,870.01,06-11-2024
ORD106757,Laura Crawford,Keyboard,4,264.74,06-07-2025
ORD106758,Olivia Brown,Camera,2,2438.6,23-09-2024
ORD106759,Cynthia Nelson,Headphones,5,1574.5,12-10-2025
ORD106760,John Chang,Mouse,4,3536.13,02-07-2025
ORD106761,Karen Morris,Keyboard,2,2533.53,14-09-2024
ORD106762,Matthew Clark,Camera,3,4916.37,08-08-2024
ORD106763,Shelley Hudson,Mobile,3,2207,06-01-2026
ORD106764,Tammy Roberts,Laptop,4,408.92,11-02-2025
ORD106765,Kathryn Cunningham,Smartwatch,1,3457.11,20-10-2024
ORD106766,Brianna Serrano,Laptop,1,2660.07,26-03-2025
ORD106767,David Mathis,Keyboard,2,587.71,17-01-2025
ORD106768,James Winters,Smartwatch,3,3994.64,08-05-2024
ORD106769,Jeanette Anderson,Printer,4,2491.03,18-06-2024
ORD106770,Debra Contreras,Keyboard,4,3941.71,27-08-2025
ORD106771,Debra Fisher,Smartwatch,1,3837.15,02-01-2025
ORD106772,Leslie Cohen,Headphones,3,3803.25,29-12-2024
ORD106773,Daniel Holland,Camera,1,1100.44,23-09-2024
ORD106774,Kathy Cervantes,Monitor,3,4292.72,02-12-2024
ORD106775,Dylan Watts,Headphones,3,1867.61,18-04-2025
ORD106776,Troy Lucero,Smartwatch,4,1007.95,18-07-2024
ORD106777,Laura Reese DVM,Mobile,1,3093.75,07-09-2024
ORD106778,Michelle Walker,Tablet,2,3831.44,15-02-2025
ORD106779,Erin Warren,Headphones,2,1543.64,23-03-2025
ORD106780,Lisa Johnson,Printer,1,3124.06,15-03-2024
ORD106781,Mrs. Alexandra Miller,Monitor,1,4145.31,31-03-2025
ORD106782,Thomas Mccarty,Mouse,1,1875.2,03-02-2025
ORD106783,James Thomas,Headphones,4,1019.71,09-01-2026
ORD106784,Jacob Smith,Tablet,3,1637.84,06-06-2024
ORD106785,David Stevens,Keyboard,3,2098.61,16-11-2024
ORD106786,Donald Clark,Camera,2,4508.19,22-03-2025
ORD106787,Earl Scott,Mobile,5,3573.46,27-04-2024
ORD106788,Mariah Davenport,Mouse,5,533.57,28-12-2025
ORD106789,Timothy Dixon,Monitor,3,4502.9,13-05-2025
ORD106790,Christina Cox,Monitor,5,941.27,17-01-2026
ORD106791,Kristy Berger,Keyboard,2,1816.23,12-05-2024
ORD106792,Colleen Garner,Printer,4,3765.95,09-06-2024
ORD106793,Robert Hodges,Smartwatch,5,3859.99,30-10-2025
ORD106794,Amanda Willis,Printer,1,3285.97,04-01-2025
ORD106795,Nicholas Gonzalez,Mobile,2,3636.35,14-07-2024
ORD106796,Kelli Cherry,Tablet,2,1005.5,12-02-2025
ORD106797,Mr. William Gallagher,Mobile,4,3294.6,16-11-2025
ORD106798,Brittney Hurley,Headphones,5,730.6,13-09-2025
ORD106799,Teresa Massey,Headphones,4,4611.94,25-10-2024
ORD106800,Linda Barron,Monitor,5,4799.92,16-06-2024
ORD106801,Michelle Page,Tablet,1,1752.98,17-02-2025
ORD106802,David Gibbs,Monitor,4,2001.05,03-01-2025
ORD106803,John King,Smartwatch,2,1757.14,20-05-2025
ORD106804,Keith Barnett,Tablet,3,311.1,28-01-2025
ORD106805,Cristian Obrien,Smartwatch,3,2444.22,27-10-2025
ORD106806,Shelly Nichols,Headphones,4,608.32,04-05-2024
ORD106807,Jeremy Nelson,Keyboard,1,1814.9,06-04-2024
ORD106808,Gary Terry,Tablet,2,220.37,06-04-2025
ORD106809,Larry Nichols,Headphones,5,880.72,15-12-2024
ORD106810,Mark Taylor,Keyboard,3,2260.88,18-10-2024
ORD106811,Alex Hodges,Smartwatch,5,3900.25,29-11-2024
ORD106812,Mr. Craig Adams,Keyboard,1,2200.33,06-08-2025
ORD106813,Katherine Stanley,Mobile,3,3011.47,19-12-2025
ORD106814,Katelyn Burke,Monitor,4,2244.58,13-03-2025
ORD106815,Miguel Gregory,Smartwatch,1,3528.81,25-10-2025
ORD106816,Michael Mercado,Monitor,5,500.1,13-09-2024
ORD106817,Lindsay West,Mouse,1,4457.03,13-12-2024
ORD106818,Nicole Crawford,Tablet,3,1433.2,16-03-2024
ORD106819,Kayla Gordon,Keyboard,3,3077.99,23-06-2025
ORD106820,Kelly Young,Printer,3,1889.98,21-01-2026
ORD106821,Jordan Willis,Mouse,2,2720.94,17-06-2024
ORD106822,Cassandra Martin,Laptop,5,3143.69,18-02-2025
ORD106823,Joel Stokes,Printer,4,3412.21,18-12-2024
ORD106824,Linda Thomas,Headphones,4,3147.25,30-03-2025
ORD106825,Stephanie Miller,Mouse,2,4618.94,20-12-2025
ORD106826,Jamie Fields,Mouse,1,944.46,26-05-2024
ORD106827,James Blanchard,Camera,1,2411.4,15-08-2024
ORD106828,Jesse Smith,Laptop,1,222.09,05-08-2025
ORD106829,Kristy Schmidt,Keyboard,5,382.68,05-12-2024
ORD106830,Melissa Paul,Mouse,5,4181.32,12-03-2025
ORD106831,Kathleen Bailey,Laptop,2,2198.56,04-04-2025
ORD106832,Regina Holmes,Camera,3,3127.48,13-12-2024
ORD106833,Randy Matthews,Headphones,2,3103.28,13-06-2024
ORD106834,Natalie Brewer,Camera,2,3485.85,21-06-2024
ORD106835,Anthony Welch,Smartwatch,5,1015.1,20-08-2025
ORD106836,Robin Zuniga,Monitor,3,4275.6,25-03-2024
ORD106837,Derek Butler,Camera,3,2278.55,16-07-2024
ORD106838,Eric White,Mobile,1,3069.74,29-11-2025
ORD106839,David Flynn,Keyboard,5,3741.66,13-07-2025
ORD106840,Mary Martinez,Monitor,1,1641.9,20-07-2024
ORD106841,Mr. Juan Parks III,Mouse,2,2911.33,09-06-2025
ORD106842,Anthony Smith,Camera,4,3060.19,04-05-2025
ORD106843,Scott Perez,Mobile,2,3660.96,10-09-2025
ORD106844,Teresa Vazquez,Mouse,3,819.04,16-04-2025
ORD106845,Chelsea Chaney,Smartwatch,2,2939.89,05-04-2024
ORD106846,Colleen Roberts,Camera,3,2953.15,05-09-2025
ORD106847,Kimberly Vazquez,Laptop,3,1893.24,23-11-2024
ORD106848,Samantha Johnson,Tablet,4,3204.44,09-06-2024
ORD106849,Jack Conner,Smartwatch,5,218.83,06-03-2025
ORD106850,Rodney Dennis,Tablet,4,4824.91,19-12-2024
ORD106851,Ms. Ashley Gordon MD,Mouse,3,4295.73,06-10-2025
ORD106852,Danielle Vaughn,Keyboard,5,3195.93,12-01-2026
ORD106853,Gabrielle Pace,Laptop,3,2434.49,19-11-2025
ORD106854,Timothy Little,Laptop,1,4463.53,18-07-2024
ORD106855,Scott Murray,Monitor,4,3817.11,02-10-2025
ORD106856,John Sloan,Laptop,5,2735.7,28-06-2024
ORD106857,William Baker,Camera,2,2749.58,16-02-2025
ORD106858,Michele Shaw,Headphones,4,1536.54,24-09-2025
ORD106859,Ms. Elizabeth Edwards,Printer,2,4922.81,04-10-2024
ORD106860,Dr. James Stewart DDS,Camera,3,480.17,10-06-2024
ORD106861,Jonathan Johnson,Mouse,1,1573.83,02-08-2025
ORD106862,Linda Hunter,Camera,3,1441.02,07-11-2025
ORD106863,Gary Allen,Headphones,2,520.66,03-01-2026
ORD106864,Dana Chapman,Headphones,5,3832.26,21-11-2025
ORD106865,Robin Fernandez,Mouse,4,3348.97,18-03-2024
ORD106866,Joshua Sanders,Camera,3,3828.42,08-05-2024
ORD106867,Jason Wood,Camera,5,2026.92,18-11-2024
ORD106868,Sabrina Perez,Camera,5,3310.16,25-11-2025
ORD106869,Karen Chandler,Headphones,3,2105.64,20-09-2025
ORD106870,Marc Hart,Tablet,2,4423.47,14-09-2025
ORD106871,Michelle Long,Mobile,3,1509.29,09-01-2026
ORD106872,Ryan Davis,Smartwatch,2,2522.24,10-08-2024
ORD106873,Jennifer Bond,Keyboard,3,3252.52,30-06-2025
ORD106874,Penny Williams,Laptop,2,2498.57,17-10-2025
ORD106875,Bianca Simmons,Smartwatch,5,3656.27,17-02-2025
ORD106876,David Torres,Tablet,5,2279.9,17-07-2025
ORD106877,Morgan Becker,Mouse,4,1706.39,01-05-2024
ORD106878,Lisa Johnson,Mouse,1,963.7,27-05-2025
ORD106879,Susan Lamb,Headphones,5,1579,09-03-2024
ORD106880,Monica Brooks,Mouse,1,4989.94,13-08-2024
ORD106881,James Moore,Camera,4,3171.53,18-03-2024
ORD106882,Linda Booth,Printer,5,4519.76,20-11-2024
ORD106883,Elizabeth Vincent,Monitor,3,1603.76,28-02-2024
ORD106884,Jacqueline Rodriguez,Mobile,5,4759.69,05-10-2025
ORD106885,Stephen Solis,Mobile,2,2306.59,23-05-2024
ORD106886,Lauren Jackson,Monitor,3,2822.59,14-02-2025
ORD106887,Matthew Jordan,Tablet,2,1652.34,19-10-2025
ORD106888,Beverly Andrews,Tablet,4,1314.78,07-07-2025
ORD106889,Kristen Marsh,Laptop,3,413.25,14-07-2024
ORD106890,Lucas Duran,Mouse,3,3990.04,08-02-2025
ORD106891,Cameron Ochoa,Monitor,5,4563.52,11-05-2024
ORD106892,Charles Collins,Smartwatch,1,2715.24,18-05-2025
ORD106893,Kevin Cannon,Laptop,1,714.21,03-07-2025
ORD106894,Michelle Wilson,Headphones,1,4624.98,13-04-2025
ORD106895,Cynthia Simon,Laptop,4,3309.52,27-10-2025
ORD106896,Richard Curtis,Headphones,2,4550.65,10-10-2025
ORD106897,Erica Pace,Camera,1,1817.48,24-07-2025
ORD106898,Nicholas Carter,Laptop,1,902.84,15-02-2024
ORD106899,Sarah Ramsey,Monitor,4,3513.91,02-08-2024
ORD106900,Joseph Lopez,Laptop,5,4671.06,30-09-2025
ORD106901,Margaret Gomez,Headphones,2,2782.68,13-10-2024
ORD106902,Brittney Silva,Camera,5,880.66,06-03-2024
ORD106903,Haley Marshall,Mobile,4,4951.93,09-12-2024
ORD106904,Lauren Miller PhD,Mouse,1,1901.45,27-04-2025
ORD106905,Michael Hoffman,Tablet,4,4024.1,30-06-2024
ORD106906,Donna Jenkins,Mobile,5,2535.75,15-01-2025
ORD106907,Yvonne Mcintosh,Monitor,2,3299.24,22-06-2025
ORD106908,Lucas Collins,Printer,2,3648.67,07-09-2024
ORD106909,Lori Carr,Smartwatch,2,4076.68,05-03-2025
ORD106910,Nicole Gordon,Tablet,1,4526.74,22-01-2026
ORD106911,Emily Gray,Mobile,2,1273.78,02-11-2025
ORD106912,Yvonne Harvey,Laptop,1,1270.19,10-06-2024
ORD106913,Kathy Hardy,Headphones,1,2796.46,21-05-2025
ORD106914,Charles Blake,Tablet,5,790.9,13-08-2025
ORD106915,Gregory Gonzalez,Smartwatch,2,1653.9,22-11-2024
ORD106916,Erin Vang,Laptop,3,306.8,25-06-2024
ORD106917,Amber Bradford,Headphones,3,1855.87,23-02-2024
ORD106918,Ashley Wilson DDS,Mobile,1,1083.9,28-01-2026
ORD106919,Amy Davis,Tablet,2,2880.84,13-05-2024
ORD106920,Donald Frazier,Smartwatch,2,3359.81,03-08-2024
ORD106921,Laurie Perkins,Printer,1,3239.3,27-09-2024
ORD106922,Melinda Cross,Monitor,3,780.57,16-07-2024
ORD106923,Kenneth Mendoza,Camera,4,4028.87,04-02-2025
ORD106924,Blake Rojas,Keyboard,5,1150.75,25-05-2025
ORD106925,Andrew Nichols,Camera,3,3190.59,17-03-2024
ORD106926,Michael Adams,Camera,5,2845.03,23-08-2025
ORD106927,Melissa Johnson,Camera,2,4203.38,30-03-2025
ORD106928,Mitchell Lowe,Mobile,3,4171.78,29-10-2025
ORD106929,Diana Wu,Monitor,4,4149.16,17-03-2025
ORD106930,Michael Strickland,Keyboard,1,2307.27,04-11-2024
ORD106931,Andrea Orr,Keyboard,2,2851.56,23-01-2026
ORD106932,Erik Powell,Mouse,5,972.75,03-12-2024
ORD106933,Julie Coleman,Camera,2,4423.17,10-03-2025
ORD106934,Bradley Oconnell,Headphones,4,930.4,29-06-2025
ORD106935,Joyce Carlson,Camera,4,1118.51,06-08-2024
ORD106936,Robert Green,Headphones,4,1549.1,10-01-2025
ORD106937,George Anderson,Headphones,1,675.67,08-08-2025
ORD106938,James Robertson,Mouse,3,3848.36,02-02-2025
ORD106939,Alexis Brown,Smartwatch,1,2721.72,15-02-2025
ORD106940,Daniel Rich,Tablet,3,250.56,12-09-2025
ORD106941,Terry Miller,Printer,3,4996.34,17-08-2025
ORD106942,John White,Smartwatch,3,875.63,27-09-2025
ORD106943,John Morris,Printer,4,910.89,12-10-2024
ORD106944,Sandra Hudson,Headphones,4,2530.41,25-07-2025
ORD106945,Pam Lin,Smartwatch,3,2824.61,12-05-2025
ORD106946,Laura Collins,Mobile,4,3206.44,08-02-2025
ORD106947,Amanda Collins,Tablet,3,1438.72,08-11-2025
ORD106948,Alec Hernandez,Smartwatch,2,4730.55,03-12-2025
ORD106949,John Larson,Laptop,4,1607.1,16-03-2025
ORD106950,Vanessa Thompson,Mouse,2,3809.16,23-12-2024
ORD106951,Desiree Hernandez,Smartwatch,3,1987.18,26-01-2025
ORD106952,Wayne Adams,Laptop,1,4066.85,16-02-2024
ORD106953,Theresa Mckinney,Smartwatch,2,1490.87,08-06-2025
ORD106954,Michael Hunter,Mobile,3,3942.55,22-11-2025
ORD106955,Justin Taylor,Camera,1,1426.71,26-10-2025
ORD106956,Ronald Dickson,Camera,1,2719.87,07-03-2024
ORD106957,Alicia Taylor,Laptop,1,2472.41,25-12-2024
ORD106958,Nicole Hebert,Smartwatch,5,2752.09,23-07-2025
ORD106959,David Peterson,Headphones,1,126.03,01-04-2024
ORD106960,Patricia Berry,Headphones,1,2357.39,07-01-2026
ORD106961,Meghan Moran,Keyboard,5,4467.46,17-09-2025
ORD106962,Brian Bradley,Keyboard,2,3074.64,24-02-2024
ORD106963,Deanna Townsend,Smartwatch,1,3172.42,08-10-2024
ORD106964,Thomas Brown,Mobile,3,2487.64,01-10-2024
ORD106965,Helen Wilson,Smartwatch,5,4199.47,03-05-2025
ORD106966,Robert Chavez,Monitor,1,1013.96,12-10-2024
ORD106967,Tammy Graham,Camera,3,284.53,10-10-2024
ORD106968,Erica Wong,Monitor,3,4549.16,11-03-2025
ORD106969,Erin Gibson,Headphones,4,4998.16,10-07-2025
ORD106970,Gail Jensen,Printer,5,2333.52,26-09-2025
ORD106971,Bruce Weeks,Laptop,5,2295.66,16-09-2025
ORD106972,Aaron White,Laptop,5,4172.95,19-03-2025
ORD106973,Marcus Thomas,Mouse,5,883.52,05-05-2025
ORD106974,Anthony Johnson,Keyboard,3,1281.27,07-09-2024
ORD106975,Jessica Huber,Smartwatch,4,1368.87,03-05-2024
ORD106976,Kurt Porter,Printer,3,2236.43,01-05-2025
ORD106977,Cheryl Bird,Camera,4,388.6,10-06-2025
ORD106978,Daniel Martinez,Smartwatch,3,3302.13,15-06-2024
ORD106979,Gary Sanders,Printer,2,4385.51,23-12-2024
ORD106980,Amber Booker,Mobile,1,3178.19,06-06-2024
ORD106981,Heather Patterson,Camera,1,3403.7,25-02-2024
ORD106982,Mr. Jacob Powell,Monitor,3,873.86,18-05-2024
ORD106983,Mr. Jacob Escobar,Monitor,3,3376.56,11-04-2025
ORD106984,Ronald Graves,Monitor,4,4653.9,20-12-2025
ORD106985,Bethany Woodward,Laptop,3,4280.05,16-11-2025
ORD106986,Marcus Gonzales,Laptop,3,1228.23,15-07-2025
ORD106987,Craig Henderson,Monitor,5,2018.8,01-07-2025
ORD106988,Samantha Anderson,Camera,1,2002.49,18-06-2025
ORD106989,Adrian Gutierrez,Laptop,5,2055.26,29-05-2025
ORD106990,Erin Ortega,Headphones,5,4060.66,29-01-2026
ORD106991,Claudia Kennedy,Keyboard,2,817.49,28-01-2025
ORD106992,Tammy Wade,Camera,1,1037.18,20-10-2025
ORD106993,David Wheeler,Keyboard,4,156.51,10-11-2025
ORD106994,Karina Castro,Monitor,2,1180.92,24-04-2025
ORD106995,Christopher Wilson MD,Camera,4,1518.91,14-01-2026
ORD106996,Jeremy Horne,Mouse,3,3119.07,01-01-2025
ORD106997,Vanessa Kramer,Printer,4,4361.8,20-11-2024
ORD106998,Kimberly Moon,Mouse,4,3648.8,11-10-2025
ORD106999,Kristin Chandler,Mobile,5,2089.3,30-11-2024
ORD107000,Emma Abbott,Tablet,3,3238.86,21-01-2026
ORD107001,Amy Ray,Smartwatch,1,509.59,26-03-2025
ORD107002,Jeffrey Pace,Tablet,3,752.76,27-11-2025
ORD107003,Shane Pacheco,Laptop,1,361.41,31-12-2025
ORD107004,Christopher James,Mouse,4,2603.89,28-02-2024
ORD107005,Maria Aguirre,Mouse,3,1682.7,08-01-2025
ORD107006,Gabrielle Vazquez,Camera,2,4895.27,06-03-2025
ORD107007,Mark Howard,Smartwatch,1,2873.21,03-05-2025
ORD107008,Edgar Austin,Headphones,3,3306.04,27-12-2024
ORD107009,Megan Gutierrez,Keyboard,4,1892.01,05-06-2024
ORD107010,Mr. Cole Tran Jr.,Monitor,2,4395.47,14-07-2025
ORD107011,Jesse Roberson,Headphones,5,4407.5,12-06-2025
ORD107012,Jessica Goodwin,Keyboard,2,4447.47,18-05-2025
ORD107013,Dr. Lisa Smith,Monitor,3,2568.7,19-06-2024
ORD107014,Samuel Williams,Laptop,5,2853.75,03-04-2025
ORD107015,Mrs. Lori Molina MD,Smartwatch,5,3626.37,03-05-2024
ORD107016,Kaitlyn Duncan,Printer,2,820.8,04-05-2024
ORD107017,Patricia Delacruz,Tablet,5,2259.37,16-01-2026
ORD107018,Kimberly Sanchez,Mouse,1,1369.32,14-08-2024
ORD107019,Steven Neal,Laptop,2,741.41,21-08-2024
ORD107020,Brandon Johnson,Laptop,2,2791.41,22-03-2024
ORD107021,Kyle Aguilar,Tablet,4,513.66,01-05-2025
ORD107022,Jacob Simmons,Printer,5,955.58,27-03-2024
ORD107023,Christopher Graves,Mouse,4,2573.91,11-04-2025
ORD107024,Justin Kim,Camera,5,3998.09,24-10-2025
ORD107025,Kristina Williams,Laptop,4,1315.87,14-08-2025
ORD107026,Paul Johnson,Camera,3,2167.81,30-07-2024
ORD107027,Heather Hughes,Mobile,1,915.54,19-12-2025
ORD107028,Judith Campbell,Keyboard,2,2383.87,19-01-2025
ORD107029,Philip Murillo,Smartwatch,2,3859.3,22-12-2024
ORD107030,Maurice Marks,Printer,1,2125.5,18-11-2025
ORD107031,Emily Gonzalez,Monitor,2,221.08,08-08-2025
ORD107032,Philip Williams,Camera,1,3576.55,26-10-2024
ORD107033,Brian Hughes,Keyboard,5,4878.78,14-07-2024
ORD107034,Eric Hughes,Smartwatch,2,812.96,16-03-2025
ORD107035,Bill Barnes,Headphones,3,1603.82,04-07-2024
ORD107036,Kyle Foster,Smartwatch,2,1535.72,27-03-2025
ORD107037,Anna Sharp,Camera,1,4657.18,20-11-2025
ORD107038,Yvonne Walker,Printer,3,401.44,07-04-2025
ORD107039,Calvin Chavez,Mouse,2,547.87,02-03-2024
ORD107040,Michael Bridges,Smartwatch,4,848.81,19-11-2025
ORD107041,Anita Arnold,Smartwatch,2,3793.14,29-10-2025
ORD107042,Michael Melendez,Monitor,4,850.49,19-04-2024
ORD107043,Gregory Holloway,Headphones,2,1840.85,22-04-2025
ORD107044,Cheryl Davis,Camera,1,611.57,30-07-2024
ORD107045,Oscar Adkins,Printer,1,1812.09,24-10-2025
ORD107046,David Ramsey,Camera,4,119.64,30-07-2024
ORD107047,Marie Davies,Headphones,2,860.1,27-10-2024
ORD107048,Mary Austin,Laptop,3,3529.32,13-02-2025
ORD107049,Brian Jenkins,Camera,3,3725.26,20-10-2024
ORD107050,Caitlin Bennett,Laptop,1,4829.71,14-04-2024
ORD107051,Jaime Drake,Smartwatch,3,4310.62,27-02-2024
ORD107052,Jonathon Powers,Headphones,1,827.44,30-05-2024
ORD107053,Thomas Nguyen,Tablet,4,339.45,22-05-2024
ORD107054,Sharon Hughes,Keyboard,1,2580.12,28-09-2025
ORD107055,Alexandra Smith,Smartwatch,1,2677.73,26-01-2025
ORD107056,Kevin Johnson,Mobile,5,1607.95,26-01-2026
ORD107057,Sarah Stewart,Laptop,3,2090.27,13-03-2024
ORD107058,Kelli Evans,Printer,3,1919.2,11-04-2024
ORD107059,Jennifer Morton,Keyboard,2,2418.92,15-02-2025
ORD107060,Edward Juarez,Printer,2,2662.14,22-11-2024
ORD107061,Debra Caldwell,Mouse,5,4283.1,17-02-2024
ORD107062,Alexandria Choi,Laptop,2,4959.41,16-12-2024
ORD107063,Wayne Hampton,Mobile,5,1936.52,18-07-2025
ORD107064,Sydney Lamb,Camera,2,1890.22,08-11-2024
ORD107065,Alexander Patterson,Mobile,5,2166.67,08-11-2025
ORD107066,Christina Pena,Headphones,2,2003.13,19-11-2025
ORD107067,David Morgan,Keyboard,3,3656.62,24-03-2025
ORD107068,Angel Moore,Laptop,1,4660.38,28-01-2025
ORD107069,Daniel Brooks,Laptop,3,3502,24-03-2025
ORD107070,Jaime West,Printer,4,2245.08,14-12-2025
ORD107071,Jessica Mcintyre,Smartwatch,3,3994.08,21-07-2025
ORD107072,Gabriel Harris,Monitor,2,1713.21,15-05-2025
ORD107073,Meghan Lyons,Printer,2,1440.21,15-05-2025
ORD107074,Rebecca Gross,Keyboard,3,2766.84,12-12-2025
ORD107075,Mary Sims,Headphones,3,3828.09,17-03-2025
ORD107076,Dana Ball,Mobile,1,2652.13,24-05-2025
ORD107077,Paul Davis,Printer,4,3778.06,10-01-2026
ORD107078,John Rangel,Mouse,3,3337.23,21-02-2025
ORD107079,Cassie Martinez,Headphones,2,4035.85,16-08-2024
ORD107080,James Donovan,Monitor,5,1292.01,05-02-2026
ORD107081,Ashley French,Camera,2,352.59,02-06-2024
ORD107082,Anna Martin,Mouse,3,1072.14,24-10-2025
ORD107083,Jason Monroe,Mouse,2,3005.42,03-01-2026
ORD107084,Dana Williamson,Keyboard,4,2129.24,16-09-2024
ORD107085,Isaac Stuart,Smartwatch,3,4952.62,26-02-2025
ORD107086,Mary Robinson,Headphones,5,1343.09,15-10-2024
ORD107087,Michael Ford,Mobile,5,2900.64,05-01-2026
ORD107088,Tommy Oneal PhD,Camera,5,376.7,15-10-2024
ORD107089,Natalie Hernandez,Keyboard,4,391.6,11-07-2024
ORD107090,Angelica Patterson,Headphones,4,492.87,19-02-2025
ORD107091,Alan Li,Tablet,5,2744.49,22-11-2024
ORD107092,Edward Briggs,Headphones,3,1849.36,20-01-2025
ORD107093,Daniel Mcdowell,Mouse,5,1268.07,13-10-2025
ORD107094,Paul Brown,Printer,2,4067.04,28-05-2025
ORD107095,Elizabeth Foley,Keyboard,5,1820.04,20-09-2024
ORD107096,Jesus Brown,Laptop,4,902,30-12-2024
ORD107097,Sara Adkins,Monitor,3,3016,28-01-2025
ORD107098,Charles Ware,Headphones,3,1233.83,10-01-2026
ORD107099,Monica Martin,Printer,1,883.33,09-05-2024
ORD107100,Lauren Marquez,Headphones,5,469.43,27-07-2025
ORD107101,Patricia Deleon,Mouse,2,4228.24,09-02-2026
ORD107102,Denise Perez,Camera,5,2523.28,24-07-2025
ORD107103,Jeremy Harding,Mouse,4,3340.46,21-11-2025
ORD107104,Melanie Gutierrez,Smartwatch,1,2064.94,06-06-2024
ORD107105,Sandra Ramirez,Headphones,2,4484,16-01-2026
ORD107106,Casey Meyer,Laptop,2,4351.24,05-10-2024
ORD107107,Jeff Garcia,Tablet,2,3657.23,12-04-2025
ORD107108,Julia Michael,Monitor,1,4305.86,17-12-2025
ORD107109,April Vazquez,Laptop,2,697.46,17-01-2025
ORD107110,Melissa Barry,Laptop,5,2177.19,17-04-2024
ORD107111,Mary Morris,Smartwatch,2,454.47,26-12-2024
ORD107112,Michael Johnson,Camera,4,4683.31,27-01-2026
ORD107113,Dr. Scott Wang,Printer,3,2280.28,16-01-2026
ORD107114,Juan Barnett,Mouse,5,313.16,29-01-2026
ORD107115,Roger Kelly,Keyboard,3,4148.4,20-07-2024
ORD107116,Jay Perez,Mobile,2,536.2,02-07-2024
ORD107117,Christine Brown,Mouse,4,2824.53,15-04-2025
ORD107118,Latasha Rivera,Keyboard,2,2587.62,02-04-2024
ORD107119,Christopher Scott,Mobile,4,1960.31,02-05-2025
ORD107120,Heidi Ward,Mouse,3,2432.61,19-08-2025
ORD107121,Christina Bennett,Mouse,3,4055.36,29-06-2024
ORD107122,Justin Burns,Mobile,3,3387.18,17-01-2025
ORD107123,Sean Brown,Mouse,3,2774.52,12-11-2025
ORD107124,Lori Parker,Mouse,2,4248.77,30-12-2024
ORD107125,Raymond Gilmore,Camera,5,196.31,28-01-2026
ORD107126,Willie Gill,Printer,1,144.54,03-09-2025
ORD107127,Barry Thomas,Laptop,4,4108.58,17-02-2025
ORD107128,Karen Stone,Keyboard,1,979.44,11-07-2025
ORD107129,Christine Perez,Keyboard,3,2563.32,25-02-2024
ORD107130,Jason Wang DDS,Keyboard,5,3554.35,12-06-2025
ORD107131,Anna Long,Tablet,4,578.87,08-11-2025
ORD107132,Courtney Williams,Keyboard,5,3919.12,26-02-2024
ORD107133,Adam Taylor,Smartwatch,4,1369.93,18-07-2025
ORD107134,Benjamin Gallagher,Camera,5,4910.68,03-11-2025
ORD107135,Tracy Hicks,Keyboard,4,4120.32,16-08-2024
ORD107136,Christian Johnson,Printer,3,3626.17,25-04-2024
ORD107137,Michelle Baird,Headphones,2,3175.06,08-05-2024
ORD107138,Justin Stokes,Headphones,1,1108.97,19-09-2024
ORD107139,Holly Clay,Mobile,5,1868.48,11-03-2024
ORD107140,Crystal Smith,Mobile,4,2869.32,03-02-2026
ORD107141,Ms. Emily Gardner DVM,Printer,2,4824.23,24-01-2026
ORD107142,Jodi Garcia,Camera,2,330.83,17-03-2025
ORD107143,Mrs. Connie Davis,Headphones,4,3491,15-01-2025
ORD107144,Douglas Cummings,Mobile,2,2530.79,18-04-2025
ORD107145,Charles Gallegos,Tablet,4,3912.67,13-07-2024
ORD107146,Jennifer Winters,Keyboard,2,2421.65,09-07-2025
ORD107147,Jeffrey Garrett,Mobile,5,586.93,23-09-2024
ORD107148,Paul Sullivan,Monitor,1,904.28,13-06-2025
ORD107149,Danny Banks,Mobile,5,1085.3,08-09-2025
ORD107150,Anthony Green,Headphones,1,4141.97,24-11-2025
ORD107151,Melissa Contreras,Monitor,4,544.02,15-10-2025
ORD107152,Tammy Thomas,Smartwatch,4,1300.64,17-04-2025
ORD107153,Erin Galloway,Mouse,3,4976.11,30-06-2025
ORD107154,Joseph Ramos,Camera,5,4469.98,28-03-2024
ORD107155,Gary Dillon,Printer,3,3007.85,26-07-2025
ORD107156,Joshua Johnson,Smartwatch,2,474.53,14-08-2025
ORD107157,Jose Yates,Smartwatch,4,287.9,17-07-2025
ORD107158,Deborah Dalton,Smartwatch,3,4289.6,03-07-2025
ORD107159,Dennis Fernandez,Mobile,5,807.33,14-06-2025
ORD107160,Alicia Madden,Mobile,3,890.9,25-06-2024
ORD107161,Mrs. Lisa Brown DVM,Monitor,4,4254.95,23-01-2025
ORD107162,Jennifer Campbell,Printer,1,3748.59,02-06-2024
ORD107163,Ashley Graves,Headphones,5,3892.35,31-01-2025
ORD107164,Lisa Robinson,Smartwatch,2,412.36,24-02-2025
ORD107165,Lindsey Hall,Tablet,5,4119.27,16-11-2024
ORD107166,Joseph Garcia,Laptop,5,110.48,29-07-2025
ORD107167,Kelly Neal,Mobile,5,775.42,20-06-2025
ORD107168,Jerome Peters,Monitor,1,3802.96,07-03-2025
ORD107169,Javier Carter,Smartwatch,4,747.85,09-08-2025
ORD107170,Mr. Kenneth Smith MD,Laptop,4,2719.34,28-02-2025
ORD107171,Mary Pena,Headphones,5,858.54,17-08-2024
ORD107172,Lisa Young,Laptop,4,2976.49,12-09-2024
ORD107173,Nicole Bishop,Tablet,3,4422.91,24-12-2025
ORD107174,Thomas Dunlap,Laptop,1,578.15,17-12-2025
ORD107175,Robin Green,Tablet,2,342.05,23-09-2024
ORD107176,Lori Spencer,Mobile,2,2089.07,13-05-2025
ORD107177,Lindsay Garrett,Mobile,5,433.63,01-02-2025
ORD107178,Jessica Smith,Smartwatch,1,1478.46,15-09-2025
ORD107179,Daniel George,Laptop,2,965.84,09-10-2025
ORD107180,Mary Parker,Smartwatch,4,4334.99,20-07-2024
ORD107181,Ryan Lynn,Printer,3,4798.13,29-11-2024
ORD107182,Emily Smith,Mouse,2,1656.32,26-12-2025
ORD107183,Jeremy Bridges,Laptop,2,799.53,24-07-2025
ORD107184,Victor Webb,Laptop,2,1920.34,27-09-2025
ORD107185,George Bennett,Monitor,4,2336.19,14-04-2025
ORD107186,Matthew Brown,Monitor,4,1060.69,20-08-2024
ORD107187,Amy Ayala,Headphones,3,2886.78,07-06-2025
ORD107188,Ryan Hughes,Printer,2,3587.94,28-12-2024
ORD107189,Alexander Weaver,Mouse,5,1589.32,12-02-2025
ORD107190,Chad Brown,Monitor,5,1003.58,23-12-2024
ORD107191,Mark Gardner,Camera,2,996.73,16-03-2025
ORD107192,Samantha Zimmerman,Mouse,1,616.39,13-06-2025
ORD107193,Mary Davidson,Mobile,2,2479.85,17-07-2024
ORD107194,Alexander Turner,Printer,5,3303.23,12-11-2025
ORD107195,John Lawson,Keyboard,3,4375.04,05-10-2024
ORD107196,Thomas Herring,Camera,5,2131.41,21-09-2025
ORD107197,Nicholas Murphy,Printer,2,2613.67,22-06-2024
ORD107198,Ashley Montes,Keyboard,3,3333.92,14-01-2026
ORD107199,Colin Martin,Camera,5,3618.74,18-06-2025
ORD107200,Amber Long,Monitor,5,2942.49,18-05-2024
ORD107201,Cynthia Reid,Headphones,2,4331,17-03-2025
ORD107202,David Williams,Headphones,2,2094.41,31-07-2025
ORD107203,Carlos Yu,Keyboard,1,3577.72,01-03-2025
ORD107204,Troy Hall,Mouse,2,255.06,22-12-2025
ORD107205,Richard Sandoval,Mouse,2,2553.47,20-11-2025
ORD107206,Richard Dorsey,Tablet,5,3794.67,20-02-2025
ORD107207,Wayne Burke,Tablet,1,2668.47,04-05-2024
ORD107208,Antonio Eaton,Mobile,3,3162.88,23-03-2025
ORD107209,Edward Byrd,Keyboard,4,1912.26,05-07-2025
ORD107210,Kathy Johnson,Mouse,4,2223.95,20-12-2025
ORD107211,Corey Collier,Printer,3,238.74,03-12-2024
ORD107212,Kristin Kim,Tablet,3,654.76,17-10-2024
ORD107213,Robert Sullivan,Camera,2,2639.35,09-12-2025
ORD107214,David Bass,Tablet,2,4654.69,30-08-2025
ORD107215,Don Miller,Smartwatch,3,3615.21,27-07-2024
ORD107216,Travis Williams,Camera,2,2959.59,10-04-2024
ORD107217,Christopher Morgan,Printer,4,3961.26,11-04-2025
ORD107218,Kimberly Lopez,Mobile,5,2106.7,26-06-2025
ORD107219,Elizabeth Mercer,Camera,4,4337.04,09-06-2024
ORD107220,Michelle Parks,Smartwatch,5,1072.33,20-07-2024
ORD107221,Christopher Wilson,Mobile,4,1916.35,14-12-2025
ORD107222,Franklin Davis,Headphones,5,300.63,26-06-2024
ORD107223,Jason Villanueva,Keyboard,3,1305.24,30-07-2024
ORD107224,John Jackson,Laptop,4,4657.56,25-05-2025
ORD107225,Melissa York,Mouse,4,4195.95,03-02-2025
ORD107226,Elizabeth Walker,Smartwatch,5,4403.36,23-02-2025
ORD107227,James Mcfarland,Monitor,2,3062.77,02-01-2025
ORD107228,Chad Lee,Monitor,2,2696.2,11-02-2024
ORD107229,Howard Adams,Monitor,4,2737.46,23-04-2025
ORD107230,Ryan Johnston,Tablet,1,2040.75,29-11-2025
ORD107231,Troy Cantu,Tablet,1,2913.25,23-06-2025
ORD107232,Briana Hunter,Headphones,3,4186.05,16-10-2024
ORD107233,Ashley Warner,Mouse,5,2117.46,25-12-2025
ORD107234,Shelley Freeman,Mobile,5,1775.29,05-06-2025
ORD107235,Raymond Miller,Mobile,5,1838.01,27-01-2026
ORD107236,Arthur Perry,Keyboard,2,3669.3,24-10-2025
ORD107237,Kristina Ortiz DDS,Camera,5,507.48,02-07-2024
ORD107238,Elizabeth Cross,Printer,4,4714.32,08-11-2024
ORD107239,Alison Blanchard,Monitor,3,2655.63,19-12-2024
ORD107240,Grace Spencer,Smartwatch,1,2376.6,24-07-2025
ORD107241,Joshua Garcia,Mobile,2,397.08,05-03-2024
ORD107242,Michelle Allen,Smartwatch,4,4242.31,11-03-2024
ORD107243,Mary Nolan,Tablet,3,2498.09,09-08-2024
ORD107244,Alan Jackson,Tablet,2,3594.12,28-02-2024
ORD107245,Kylie Warner,Smartwatch,1,4840.48,04-07-2025
ORD107246,Jessica Novak,Laptop,1,1108.18,27-07-2025
ORD107247,Gregory Bryan,Laptop,4,3294.46,23-07-2024
ORD107248,Joseph Ellis,Mouse,5,4310.81,27-10-2025
ORD107249,Luis Roberts,Tablet,3,1236.97,25-11-2024
ORD107250,Mario Wong,Headphones,5,2269.13,23-07-2025
ORD107251,Brian Lopez,Laptop,5,401.77,04-06-2024
ORD107252,Jonathan Berry,Keyboard,1,3215.1,11-04-2025
ORD107253,Tonya Allen,Headphones,5,3628.64,10-09-2024
ORD107254,Arthur Russell,Mouse,5,4259.81,05-09-2024
ORD107255,Eric Camacho,Laptop,2,1695.05,10-02-2026
ORD107256,Fred Richmond,Printer,5,3799.63,08-08-2024
ORD107257,Mary Romero,Smartwatch,1,2085.37,31-08-2024
ORD107258,David Fitzpatrick,Monitor,5,4778.62,02-09-2024
ORD107259,Catherine Gentry,Keyboard,1,4260.83,07-11-2024
ORD107260,Nicole Aguilar,Mouse,3,3286.81,20-02-2024
ORD107261,Brianna Moore,Headphones,4,890.62,19-12-2025
ORD107262,Jason Blevins,Keyboard,2,3691.57,10-04-2025
ORD107263,Dr. Jennifer Flowers,Keyboard,3,3307.22,22-01-2025
ORD107264,Amy Robinson,Headphones,2,4849.48,01-12-2025
ORD107265,Mary Monroe DVM,Laptop,2,1165.52,19-01-2026
ORD107266,Wesley Flores,Tablet,1,4516.75,14-06-2025
ORD107267,Austin Hood,Tablet,4,3956.63,02-06-2024
ORD107268,Tracy Brown,Printer,1,2561.39,20-05-2025
ORD107269,Jordan Watson,Camera,1,2246.89,10-01-2026
ORD107270,Alison Thomas,Laptop,1,501.73,27-08-2025
ORD107271,Tim Harvey,Mobile,3,1728.62,08-01-2026
ORD107272,Angela Tyler,Camera,2,1276.29,24-01-2026
ORD107273,John Young,Keyboard,4,3808.09,27-12-2024
ORD107274,Megan Obrien,Smartwatch,2,1243.59,25-12-2024
ORD107275,Brian Brown,Headphones,5,1301.33,01-04-2024
ORD107276,Diane Jones,Tablet,3,2789.62,25-10-2024
ORD107277,Dean Mason,Headphones,5,4798.88,02-09-2024
ORD107278,Lucas Murphy,Headphones,2,1565.04,21-02-2025
ORD107279,James Elliott,Smartwatch,3,4865.94,04-04-2024
ORD107280,Jessica Taylor,Camera,5,2409.93,03-07-2024
ORD107281,Patrick Smith,Camera,5,484.81,27-08-2025
ORD107282,Robert Ellis,Printer,5,346.66,21-05-2024
ORD107283,Benjamin Moore,Mobile,3,4022.25,14-08-2025
ORD107284,Daniel Lopez,Keyboard,3,3001.81,30-04-2025
ORD107285,Pamela Martin,Keyboard,2,3443.16,04-09-2025
ORD107286,Natasha Gates,Headphones,5,1395.08,23-03-2024
ORD107287,Rachel Coleman,Mobile,5,3092.66,15-06-2024
ORD107288,Nicole Moore,Smartwatch,5,169.12,30-12-2025
ORD107289,Emily Shaw,Camera,1,618.47,12-07-2024
ORD107290,Edwin Reeves,Smartwatch,5,3017.03,21-11-2024
ORD107291,Rebecca Flynn,Mouse,1,2940.49,04-02-2026
ORD107292,Jeffrey Jones,Camera,1,4981.95,30-03-2025
ORD107293,Bridget Willis,Mobile,4,2580.57,24-11-2024
ORD107294,Michael Garcia,Smartwatch,1,4303.68,29-06-2024
ORD107295,Dominic Sanders,Mobile,3,3524.2,28-03-2024
ORD107296,Taylor Mullen,Tablet,2,2140.82,11-05-2024
ORD107297,Jonathon Washington,Keyboard,5,3149.79,30-07-2024
ORD107298,Brenda Oneill,Printer,3,1856.14,14-04-2024
ORD107299,Diamond Garcia,Tablet,1,4684.28,26-08-2025
ORD107300,Garrett Flores,Laptop,2,1389.7,03-04-2024
ORD107301,Christopher Wagner,Monitor,1,3161.4,03-04-2025
ORD107302,Kimberly Spencer,Camera,1,1478.91,23-07-2024
ORD107303,Jeffrey Miller,Monitor,2,2129.79,07-02-2025
ORD107304,Tracey Peterson,Smartwatch,5,741.81,21-10-2025
ORD107305,Wendy Butler,Headphones,3,865.9,14-02-2025
ORD107306,Bonnie Macdonald,Camera,5,4981.36,07-05-2024
ORD107307,Olivia Jones,Mobile,1,813.15,09-10-2024
ORD107308,Charles Vazquez,Mouse,3,4277.99,15-05-2024
ORD107309,John Garza,Headphones,3,4005.34,15-11-2025
ORD107310,Teresa Santiago,Laptop,3,1586.09,01-02-2026
ORD107311,Michael Calderon,Smartwatch,5,1340.29,28-09-2025
ORD107312,Stephen Smith,Monitor,3,561.01,21-10-2025
ORD107313,Joseph Price,Smartwatch,3,4977.84,18-09-2024
ORD107314,Jason Cisneros,Keyboard,2,3325.92,20-02-2024
ORD107315,Jennifer Li,Laptop,4,2031.71,07-07-2025
ORD107316,Michael Scott,Mouse,2,268.77,10-05-2025
ORD107317,Matthew Dorsey,Monitor,3,4594.52,23-03-2025
ORD107318,Jodi Ortiz,Smartwatch,4,848.73,28-01-2026
ORD107319,Christopher Dalton,Tablet,5,3648.8,02-01-2026
ORD107320,James Gutierrez,Tablet,3,3899.13,10-06-2025
ORD107321,Larry Graham,Laptop,4,2724.87,20-03-2025
ORD107322,Holly Rodriguez,Laptop,4,2853.12,14-03-2025
ORD107323,Kristin Williams,Mobile,5,107.81,10-11-2024
ORD107324,Michael Barrera,Mouse,4,947.85,26-03-2025
ORD107325,James Neal,Laptop,3,2429.17,07-04-2024
ORD107326,Seth Simmons,Monitor,5,3706.16,24-07-2025
ORD107327,Mark Guzman,Monitor,2,2336.75,17-03-2025
ORD107328,Jamie Gordon,Tablet,5,4852.95,02-12-2024
ORD107329,Sherry Parrish,Mouse,1,4906.92,09-12-2024
ORD107330,Melissa Phillips,Mobile,3,244.78,10-11-2024
ORD107331,Victor Higgins,Mouse,5,1747.39,26-05-2025
ORD107332,Jamie Brown,Camera,1,4017.71,02-12-2025
ORD107333,Kristen Mcgrath,Keyboard,2,1258.33,12-01-2025
ORD107334,Jon Wong,Headphones,2,2947.56,03-07-2024
ORD107335,Kenneth Collins,Keyboard,4,630.2,28-10-2025
ORD107336,Mr. Aaron Choi DDS,Keyboard,1,4989.99,29-02-2024
ORD107337,Jack Oneill,Monitor,5,3614.13,18-05-2024
ORD107338,Christopher Watson,Mobile,3,413.98,06-02-2026
ORD107339,Misty Miller,Headphones,2,266.34,26-02-2025
ORD107340,Ronald Hernandez,Mobile,3,1969.5,20-08-2025
ORD107341,Jeremiah Taylor,Headphones,4,4161.73,12-06-2025
ORD107342,Kimberly Phillips,Monitor,2,3667.38,08-04-2025
ORD107343,Stephanie King,Mobile,2,4240.35,11-03-2025
ORD107344,James Mcdaniel,Keyboard,1,2637.72,30-01-2026
ORD107345,Angela Williams,Camera,4,1135.72,14-06-2025
ORD107346,Shannon Scott,Monitor,1,3345.86,03-05-2025
ORD107347,Joseph King,Tablet,2,1668.04,22-08-2024
ORD107348,Jeremy Coleman,Printer,5,1191.69,15-04-2024
ORD107349,Michelle Taylor,Printer,2,224.18,05-01-2025
ORD107350,Joshua Hernandez,Laptop,5,308.64,01-01-2025
ORD107351,Michael Ray,Tablet,3,1469.98,06-01-2025
ORD107352,Gina Jordan,Headphones,4,3114.71,26-11-2025
ORD107353,Luis Hinton,Mobile,3,4736.61,12-09-2025
ORD107354,Andrew Lopez,Laptop,4,2765.39,24-03-2025
ORD107355,William Walls,Headphones,2,105.89,07-08-2024
ORD107356,John Moody,Camera,1,3130.9,31-10-2025
ORD107357,Destiny Park,Keyboard,2,2023.3,29-05-2024
ORD107358,Corey Olson,Printer,1,3201.81,23-05-2024
ORD107359,Angela Lewis,Printer,4,181.44,28-12-2025
ORD107360,Christopher Macias,Keyboard,2,4267.86,23-07-2025
ORD107361,Christina Fernandez,Smartwatch,2,3651.88,24-07-2024
ORD107362,Devon Roberts,Mobile,3,444.97,22-02-2024
ORD107363,Thomas Estrada,Smartwatch,5,1477.4,28-01-2026
ORD107364,Matthew Hall,Tablet,2,4703.04,28-11-2025
ORD107365,Samuel Wilson,Keyboard,2,941.14,22-12-2025
ORD107366,Jermaine White,Smartwatch,2,3539.14,08-06-2024
ORD107367,Kathy Jones,Printer,1,3936.36,14-05-2024
ORD107368,Kimberly Willis,Camera,5,4179.37,07-03-2024
ORD107369,Robert Leon,Smartwatch,3,4749.71,09-12-2025
ORD107370,Valerie Ballard,Mobile,2,2714.26,12-08-2024
ORD107371,Ashley Robertson,Keyboard,5,4586.44,10-07-2024
ORD107372,Deanna Woodward,Headphones,3,2190.46,27-03-2024
ORD107373,Anthony Gray,Headphones,4,1593.49,03-04-2024
ORD107374,Brittany Roach,Tablet,2,235.26,22-02-2025
ORD107375,Thomas Taylor,Camera,1,368.41,25-01-2026
ORD107376,Tristan Heath,Printer,2,4838.92,09-07-2024
ORD107377,Stephen Mcclure,Laptop,1,738.28,07-10-2025
ORD107378,Stephanie Burton,Printer,1,3896.64,01-08-2024
ORD107379,Bryan Gonzalez,Headphones,1,3651.31,01-05-2025
ORD107380,Nathan Brown,Laptop,1,1533.43,20-02-2024
ORD107381,Thomas Montgomery,Tablet,1,4921.59,26-06-2025
ORD107382,Melissa Sellers,Laptop,4,2807.54,22-06-2025
ORD107383,Shaun Rivera,Monitor,3,3911.42,19-05-2024
ORD107384,Jonathan Klein,Mobile,4,930.59,25-12-2024
ORD107385,Donald Chaney,Keyboard,1,3951.6,09-07-2024
ORD107386,Stephen May MD,Laptop,2,269.08,19-03-2025
ORD107387,Nicole Baker,Smartwatch,2,4865.21,03-01-2026
ORD107388,Gavin Butler,Laptop,3,1309.27,10-09-2024
ORD107389,Mike Lopez,Laptop,1,3456.78,02-01-2025
ORD107390,Jason Kelley,Tablet,1,4592.62,06-06-2024
ORD107391,Johnny Olson,Laptop,1,1365.11,05-01-2026
ORD107392,Ashley King,Camera,4,3794.48,29-07-2025
ORD107393,Joseph Newman,Camera,3,2524.93,02-02-2025
ORD107394,Kelly Williamson,Smartwatch,4,1427.93,27-06-2024
ORD107395,Eric Moore,Laptop,1,2254.83,22-08-2025
ORD107396,David Smith,Mobile,3,3418.42,13-08-2025
ORD107397,Stephanie Jones,Smartwatch,1,662.03,13-01-2025
ORD107398,Kathryn Brown,Printer,1,3968.66,10-07-2024
ORD107399,Harry Hensley,Smartwatch,3,4120.99,06-08-2024
ORD107400,Kerri Lowe,Printer,2,3430.79,03-03-2024
ORD107401,Shawn Payne,Smartwatch,1,886.45,20-03-2025
ORD107402,Melissa Small,Mobile,2,3243.73,10-09-2025
ORD107403,James Reyes,Mobile,3,507.44,04-01-2026
ORD107404,Travis Andrews,Camera,2,1809.75,29-05-2025
ORD107405,Jennifer Hernandez,Keyboard,2,1735.66,28-12-2024
ORD107406,Jesus Shaw,Smartwatch,3,1195.99,03-12-2025
ORD107407,Michelle Fernandez,Keyboard,2,2703.1,24-08-2024
ORD107408,Lauren Riggs,Tablet,1,2993.3,01-08-2024
ORD107409,Michael Miller,Keyboard,4,1179.08,22-09-2025
ORD107410,Beverly Young,Smartwatch,4,4778.78,09-02-2026
ORD107411,Chelsey Allen,Camera,5,400.92,20-12-2025
ORD107412,Jessica Evans,Camera,1,2928.25,18-04-2025
ORD107413,Charles Chaney,Headphones,4,4936.65,02-09-2025
ORD107414,Eugene Reynolds,Laptop,3,1697.72,23-07-2025
ORD107415,Leslie Mckinney,Mobile,2,2864.29,20-11-2025
ORD107416,Adrian Pittman,Mouse,3,116.06,26-09-2024
ORD107417,Jennifer Mitchell,Smartwatch,1,3646.15,07-09-2024
ORD107418,Joy Cummings,Camera,3,2566.71,25-08-2024
ORD107419,Mary Walker,Mobile,1,1103.75,03-04-2024
ORD107420,Jacob Miller,Mouse,3,724.34,21-02-2025
ORD107421,Michelle Higgins,Camera,2,3210.46,12-12-2024
ORD107422,Ariana Richards,Monitor,3,4914.28,15-05-2025
ORD107423,Anthony Powell,Keyboard,3,4754.58,11-07-2025
ORD107424,Douglas Hicks,Headphones,2,4150.23,21-03-2024
ORD107425,Andrew Williamson,Mouse,5,1046.79,04-05-2025
ORD107426,Monica Brown,Camera,1,1132.94,12-12-2024
ORD107427,Rachel Dunlap,Tablet,3,1527.38,21-10-2025
ORD107428,Adam Rodriguez,Laptop,2,1812.54,14-11-2025
ORD107429,Andrea Thomas,Keyboard,2,1815.19,08-05-2024
ORD107430,Mallory Berger,Printer,5,224.16,21-03-2024
ORD107431,Joe Romero,Camera,1,1561.79,14-01-2025
ORD107432,Jason Kidd,Smartwatch,1,4989.07,27-12-2024
ORD107433,Stacey Nelson,Tablet,2,2317.86,17-06-2024
ORD107434,Diana Young,Keyboard,4,1774.14,02-01-2025
ORD107435,Shawn Floyd,Keyboard,1,1410.49,03-07-2024
ORD107436,Victoria Green,Tablet,1,2423.97,24-02-2024
ORD107437,Margaret Webster,Mobile,5,1695.14,23-06-2024
ORD107438,Robert Phillips,Monitor,5,1394.92,07-08-2024
ORD107439,Ralph Herrera,Smartwatch,3,3200.97,07-08-2025
ORD107440,Lauren Anderson,Mobile,5,2611.49,23-10-2025
ORD107441,Elizabeth Anthony,Headphones,5,3881.07,18-04-2025
ORD107442,James Soto,Keyboard,5,746.77,16-11-2024
ORD107443,Patrick Kelley,Monitor,5,4418.65,08-01-2026
ORD107444,David Cuevas,Monitor,5,4552.06,18-10-2025
ORD107445,John Evans,Printer,5,3273.59,03-10-2025
ORD107446,Pamela Dawson,Mouse,2,3143.75,30-11-2024
ORD107447,Michael Mckinney,Monitor,4,3246.52,20-02-2025
ORD107448,Brooke Jenkins,Monitor,1,2637.27,22-02-2024
ORD107449,Rodney Reeves,Keyboard,4,254.28,13-09-2024
ORD107450,Kristi Costa,Camera,5,2500.94,06-12-2024
ORD107451,Jason Bell,Mobile,5,1807.74,13-03-2024
ORD107452,Kendra Gutierrez,Headphones,2,187.72,19-11-2025
ORD107453,Crystal Goodwin MD,Headphones,4,293.9,23-04-2024
ORD107454,Richard Ponce,Mouse,4,2342.83,05-08-2025
ORD107455,Paul Duran,Mouse,5,3799.79,23-01-2025
ORD107456,Stephen Gibson,Keyboard,2,4275.57,22-09-2024
ORD107457,Mark Hernandez,Mouse,1,1451.57,01-05-2025
ORD107458,Mary Ross,Printer,4,462.34,10-07-2025
ORD107459,Mrs. Ashley Vasquez DVM,Headphones,1,4856.96,15-09-2025
ORD107460,Tom Gutierrez,Tablet,3,4911.27,08-12-2024
ORD107461,Debra Harris,Camera,5,3704.8,29-05-2025
ORD107462,Thomas Nichols,Monitor,4,592.31,10-06-2024
ORD107463,Joshua Davila,Printer,5,3218.66,15-01-2025
ORD107464,Stephen Kemp,Camera,1,1188.02,04-03-2024
ORD107465,Ashley Jacobs,Tablet,5,517.88,29-02-2024
ORD107466,Kim Chang,Monitor,2,2042.61,17-03-2025
ORD107467,Michael Carr,Printer,5,3460.61,22-10-2025
ORD107468,Amy Luna,Camera,5,4015.32,08-01-2025
ORD107469,Christopher Moore,Tablet,2,693.53,15-09-2025
ORD107470,Jennifer Gonzales,Smartwatch,3,472.94,16-01-2026
ORD107471,Carl Adams,Tablet,1,2184.02,08-11-2024
ORD107472,David Baker,Headphones,3,4272.56,19-03-2024
ORD107473,James Mitchell,Tablet,2,3723.43,04-07-2024
ORD107474,Michael Bell,Laptop,4,1176,07-04-2024
ORD107475,Jennifer Pugh,Printer,1,3996.3,03-04-2024
ORD107476,Andrea Park,Headphones,2,3650.42,21-10-2025
ORD107477,Christina Mejia,Mobile,5,2596.2,17-02-2025
ORD107478,Matthew Rojas,Tablet,1,2469.61,16-12-2025
ORD107479,Joshua Everett,Tablet,4,380.56,25-05-2025
ORD107480,Krista Silva,Monitor,1,4700.98,25-11-2025
ORD107481,Jonathan Miller,Printer,2,4510.62,25-01-2026
ORD107482,Emily Thomas,Keyboard,5,4218.69,06-07-2024
ORD107483,Richard Maxwell,Laptop,3,2800.89,06-07-2024
ORD107484,Brenda Jones,Headphones,5,1506.85,31-05-2024
ORD107485,David Salazar,Headphones,4,1380.15,19-03-2024
ORD107486,Jason Miller,Camera,4,1205.63,18-01-2026
ORD107487,Diane Jones,Keyboard,5,859.86,03-02-2026
ORD107488,Nicolas Snyder,Printer,4,3301.37,26-05-2025
ORD107489,Stephen Davis,Headphones,5,925.9,02-11-2025
ORD107490,David Lopez,Mouse,1,3782.02,03-05-2025
ORD107491,Leslie Brooks,Smartwatch,5,1399.89,11-06-2025
ORD107492,Anthony Parrish,Mouse,1,2922.71,18-09-2024
ORD107493,George Castillo,Tablet,2,2982.3,15-03-2025
ORD107494,Dr. Jo Waller,Mobile,4,955.72,31-08-2025
ORD107495,John Jones,Keyboard,1,4558.73,11-06-2024
ORD107496,Charles Rice,Printer,2,561.96,04-11-2024
ORD107497,Amy Smith,Tablet,4,371.87,28-12-2024
ORD107498,Todd Townsend,Keyboard,4,2564.43,15-09-2025
ORD107499,Frank Arroyo,Tablet,2,3438.71,29-12-2024
ORD107500,John Morrow,Laptop,4,1830.98,27-03-2025
ORD107501,Shannon Fowler,Smartwatch,3,1014.57,20-07-2024
ORD107502,Shelly French,Camera,1,4212.64,02-07-2024
ORD107503,Julia Smith,Keyboard,4,2383.59,23-06-2025
ORD107504,Dr. Walter Freeman,Tablet,2,1658.68,21-01-2025
ORD107505,David Castillo,Smartwatch,4,3078.14,23-09-2025
ORD107506,Christopher Woods,Camera,3,3953.97,11-01-2025
ORD107507,Amber Russell,Tablet,1,2520.36,07-02-2026
ORD107508,Jerry Burns PhD,Laptop,5,3510.08,26-11-2025
ORD107509,Bruce Barajas,Mobile,1,3083.88,24-10-2024
ORD107510,Bryan Lee,Printer,2,2631.23,09-01-2026
ORD107511,Destiny Solomon,Mouse,5,4542.54,28-05-2025
ORD107512,Stacey Dunn,Printer,5,4062.71,05-01-2025
ORD107513,Cody Mclaughlin,Mobile,5,2711.94,18-08-2025
ORD107514,Rebecca Carter,Mobile,2,1853.84,07-09-2025
ORD107515,Lori Richardson,Headphones,3,2875.14,27-01-2026
ORD107516,Michael Hale,Monitor,4,4961.99,27-01-2025
ORD107517,Matthew Evans,Keyboard,1,1692.17,18-07-2025
ORD107518,Kristy Taylor,Mobile,4,1289.36,24-04-2025
ORD107519,Mario Brown,Monitor,5,4716.01,20-10-2024
ORD107520,Hailey Black,Camera,1,999.83,25-11-2025
ORD107521,Angela Coleman,Laptop,5,316.51,11-08-2024
ORD107522,Michael Taylor,Monitor,5,4111.41,18-12-2024
ORD107523,Melinda Meyer,Monitor,1,3778.86,14-05-2024
ORD107524,Ronald Anderson,Laptop,1,4804.19,03-02-2025
ORD107525,Ralph Leonard,Mobile,5,1890.76,02-06-2025
ORD107526,Shawn Downs,Mouse,3,3887.59,29-10-2025
ORD107527,Colleen Lynch,Headphones,2,620.83,20-12-2024
ORD107528,David Farrell,Monitor,1,856.77,20-07-2025
ORD107529,Derek Bryan,Tablet,5,4972.85,27-05-2024
ORD107530,Brandon Gordon,Keyboard,1,963.64,08-12-2025
ORD107531,Tina Bryant,Headphones,3,503.4,19-09-2024
ORD107532,Aaron Greene,Smartwatch,2,116.22,05-04-2024
ORD107533,Janet Benton,Keyboard,1,4464.66,27-09-2025
ORD107534,Mary Kelly,Tablet,3,1979.89,21-12-2024
ORD107535,Mckenzie Santiago,Mobile,2,3405.66,28-05-2025
ORD107536,James Weber,Mouse,2,3706.72,11-03-2025
ORD107537,Wanda Crosby,Tablet,5,825.8,12-05-2025
ORD107538,Tiffany Schneider,Keyboard,4,2069.22,29-06-2025
ORD107539,Joel Pugh,Tablet,2,1995.79,22-05-2024
ORD107540,Sarah Church,Camera,1,4466.7,20-02-2025
ORD107541,Katherine Henderson,Headphones,5,4148.97,15-10-2024
ORD107542,Scott Lopez,Smartwatch,1,3512.06,26-05-2024
ORD107543,Bradley Burton,Mouse,4,3546.68,09-04-2024
ORD107544,Patricia Norman,Camera,5,1323.65,19-12-2025
ORD107545,Kevin Pitts,Keyboard,1,837.5,05-10-2024
ORD107546,Glenn Moody,Headphones,4,252.34,27-05-2024
ORD107547,Carly Copeland,Mobile,1,1610.91,23-10-2025
ORD107548,Alexandra Fernandez,Camera,4,4110.08,04-01-2025
ORD107549,Morgan Welch,Smartwatch,2,3198.82,12-01-2026
ORD107550,Jonathan Sanders,Laptop,2,4106.3,03-11-2025
ORD107551,Andrew Morgan,Keyboard,3,2503.11,15-07-2025
ORD107552,Carla Mullen,Keyboard,3,3452.12,03-08-2024
ORD107553,Crystal Reyes,Mouse,1,4576.18,18-08-2024
ORD107554,Stacy Willis,Mobile,4,3691.39,17-12-2025
ORD107555,Michael Carr,Laptop,1,2704.1,18-05-2025
ORD107556,Mary Evans,Monitor,5,478.55,28-04-2025
ORD107557,Christian Baxter,Smartwatch,1,4965.86,18-05-2024
ORD107558,Mark Bennett,Monitor,3,2740.54,05-05-2024
ORD107559,Douglas Mack,Headphones,3,2156.4,11-04-2024
ORD107560,Sandra Hall,Monitor,1,1569.31,28-05-2025
ORD107561,Craig Farley,Monitor,5,4782.5,26-02-2025
ORD107562,Michael Christensen,Mobile,4,3145.31,01-05-2025
ORD107563,Amanda Ford,Mobile,1,3379.05,18-05-2024
ORD107564,Charles Ray,Laptop,1,3181.83,19-06-2025
ORD107565,Karen Gomez,Smartwatch,5,4544.01,18-02-2025
ORD107566,Bridget Moreno,Keyboard,3,3098.47,31-10-2025
ORD107567,Jeffrey Richards,Keyboard,3,467.83,25-12-2025
ORD107568,Nicole Blake,Monitor,2,4593.43,21-10-2024
ORD107569,Devin Jones,Monitor,1,1582.23,03-03-2024
ORD107570,Brian Ramsey,Mouse,1,4427.24,19-07-2024
ORD107571,Kyle Hammond,Monitor,4,3157.3,27-06-2024
ORD107572,Keith Fowler,Printer,4,888.19,01-11-2025
ORD107573,Michelle Davis,Keyboard,1,3304.3,22-11-2025
ORD107574,Matthew Ballard,Laptop,2,180.25,09-09-2024
ORD107575,Theresa Jackson,Smartwatch,5,2893.77,08-11-2025
ORD107576,Beth Schroeder,Mobile,4,4805.9,12-10-2024
ORD107577,Monica Campos,Mobile,5,4465.42,23-02-2025
ORD107578,Debbie Beard,Camera,3,4846.77,27-09-2025
ORD107579,Ralph Lynn,Laptop,1,4489.57,13-10-2025
ORD107580,James Dodson,Laptop,3,236.65,09-08-2025
ORD107581,Christine Roberson,Monitor,5,2424.36,09-01-2026
ORD107582,Robin Hall,Printer,2,3582.22,10-06-2024
ORD107583,Dana Morgan,Mouse,3,1320.96,04-09-2024
ORD107584,Jesse Gonzalez,Monitor,4,4417.02,13-12-2025
ORD107585,Cassandra Johnson,Monitor,4,3605.7,08-05-2025
ORD107586,Calvin Garcia,Headphones,2,3744.69,05-05-2024
ORD107587,Kimberly Thomas,Keyboard,4,2935.03,09-11-2024
ORD107588,Amber Potter,Laptop,5,3206.33,24-10-2025
ORD107589,Kelly Zuniga,Keyboard,2,4993.9,12-05-2025
ORD107590,Natalie Lee,Monitor,5,839,01-04-2025
ORD107591,Julie Lucas,Printer,3,2905.09,22-06-2024
ORD107592,Kyle Johnson,Camera,5,4555.66,12-12-2024
ORD107593,Charlene Whitaker,Headphones,2,4776.41,11-08-2024
ORD107594,Michelle Hall,Camera,2,4706.24,16-03-2024
ORD107595,Daniel Keith,Mouse,4,3476.52,08-07-2024
ORD107596,Angela Anderson,Headphones,4,3679.98,05-09-2024
ORD107597,Michael Harris,Tablet,2,1787.92,19-11-2025
ORD107598,Alex Gordon,Monitor,1,870.67,13-07-2025
ORD107599,Mr. Christopher Lopez,Printer,5,1000.59,23-09-2025
ORD107600,Erik Becker,Printer,1,334.63,27-12-2024
ORD107601,Jonathan Collins,Mouse,1,1663.12,28-03-2025
ORD107602,David Hoffman,Laptop,3,3401.77,06-03-2025
ORD107603,Alexander Chen,Monitor,5,3722.26,23-12-2024
ORD107604,Luis Meza,Keyboard,4,2750.31,10-06-2024
ORD107605,Joshua Newton,Headphones,5,1727.93,02-11-2024
ORD107606,Jo Thornton,Mobile,2,2121.27,08-11-2025
ORD107607,Kimberly Rush,Laptop,5,2921.43,14-02-2024
ORD107608,Vincent Garcia,Headphones,5,1073.45,23-07-2024
ORD107609,Charles Castillo MD,Headphones,1,2683.13,23-12-2024
ORD107610,Crystal White,Smartwatch,1,2288.98,04-05-2025
ORD107611,Kimberly Mora,Monitor,3,1527.31,02-11-2025
ORD107612,Tracy Woods,Tablet,2,4265.77,27-08-2025
ORD107613,Marcus Newman,Laptop,5,2836.76,02-09-2024
ORD107614,David Salinas,Mouse,5,3781.83,11-02-2025
ORD107615,Mary Yang,Printer,2,4397.79,08-05-2025
ORD107616,Jordan Sandoval,Mobile,1,3021.15,29-12-2024
ORD107617,Ian Allen,Monitor,3,2732.64,14-08-2025
ORD107618,Angela Buckley,Headphones,5,2353.17,29-12-2024
ORD107619,Christina Williamson,Tablet,1,159.96,16-09-2024
ORD107620,Collin Martin,Printer,1,2195.26,11-12-2024
ORD107621,Ebony Farley,Mouse,4,807.51,07-04-2024
ORD107622,Mr. James Cummings,Laptop,5,1397.13,03-01-2025
ORD107623,Christopher Mendoza,Camera,3,3894.39,27-09-2025
ORD107624,Matthew Taylor,Mobile,3,379.37,03-03-2024
ORD107625,Kelly Nelson,Camera,2,3040.49,04-06-2025
ORD107626,Timothy Williams,Laptop,4,3815.42,19-09-2024
ORD107627,Deborah Madden,Mouse,5,369.05,14-06-2025
ORD107628,Kristina Huber,Camera,4,4013.51,25-09-2024
ORD107629,Sharon Brown,Tablet,5,3940.06,02-04-2025
ORD107630,Katrina Browning,Monitor,1,2014.56,01-08-2024
ORD107631,Andrew Hester,Laptop,1,836.75,01-03-2025
ORD107632,Christopher Rivera,Smartwatch,4,1198.45,07-11-2024
ORD107633,Jordan Castro,Camera,1,500.76,08-04-2024
ORD107634,Diane Benton,Camera,5,3695.01,25-11-2024
ORD107635,Kyle Cole,Keyboard,2,3462.49,04-01-2025
ORD107636,Candice Garcia,Keyboard,2,3066.85,09-10-2025
ORD107637,Bobby Chen,Mobile,3,3153.52,31-08-2025
ORD107638,Wanda Olsen,Printer,1,3971.22,17-01-2026
ORD107639,Tracy Reed,Mouse,3,4859.69,20-07-2025
ORD107640,Elizabeth Bailey MD,Smartwatch,1,417.4,28-04-2024
ORD107641,Timothy Rodriguez,Mouse,1,4660.69,19-03-2024
ORD107642,Mr. Angel Archer,Camera,5,1465.07,29-12-2025
ORD107643,Courtney Roberts,Smartwatch,1,2854.69,03-01-2026
ORD107644,Stephen May,Headphones,1,3669.92,14-06-2024
ORD107645,Sheila Patterson,Keyboard,4,2888.3,26-11-2025
ORD107646,Wendy Martin,Laptop,4,1406.15,02-10-2024
ORD107647,Melissa Daniels,Smartwatch,5,735.61,10-08-2024
ORD107648,Walter Lewis,Mobile,3,4854.88,08-09-2025
ORD107649,Richard Abbott,Keyboard,5,2801.18,01-10-2025
ORD107650,Jeremy Carter,Headphones,5,2151.48,09-07-2025
ORD107651,Cheryl Smith,Headphones,5,1152.96,16-04-2024
ORD107652,Christopher White,Mobile,4,4980.98,21-10-2025
ORD107653,Alyssa Lane,Mouse,2,2412.48,28-04-2025
ORD107654,John Vazquez,Smartwatch,4,2957.3,31-07-2024
ORD107655,Richard Wolfe,Mobile,2,2364.93,27-03-2024
ORD107656,Brandon Higgins,Monitor,1,1808.97,28-01-2026
ORD107657,Kayla Stevens,Monitor,5,1969.5,13-10-2025
ORD107658,James White,Monitor,1,920.12,16-11-2024
ORD107659,Alisha Allen,Mobile,1,1535.71,15-02-2024
ORD107660,William Mcdonald,Printer,1,2985.63,21-06-2025
ORD107661,James Brown,Monitor,5,352.23,19-03-2025
ORD107662,Lisa Barnett,Smartwatch,2,492.06,27-12-2024
ORD107663,Claudia Johnson,Monitor,5,2449.17,29-08-2024
ORD107664,Breanna Clark,Smartwatch,5,3898.66,01-06-2024
ORD107665,Stacy Hampton,Headphones,5,3039.11,01-10-2025
ORD107666,Tamara Cook,Keyboard,4,4044.28,18-04-2024
ORD107667,Nicholas Morris,Camera,4,4251.58,26-11-2025
ORD107668,Susan Howard,Laptop,2,1156.14,06-07-2025
ORD107669,Michelle Cruz,Laptop,2,4006.43,18-05-2025
ORD107670,Kelsey Baker,Keyboard,5,4405.75,23-03-2024
ORD107671,Charles Le,Mouse,5,193.13,27-05-2025
ORD107672,Edwin Scott,Printer,1,1833.41,03-11-2025
ORD107673,Peter Lin,Camera,3,3144.86,07-11-2024
ORD107674,Aaron Brown,Camera,4,396.35,03-03-2024
ORD107675,Juan Jacobs,Monitor,1,3730.4,31-01-2025
ORD107676,Melanie Jennings,Laptop,3,4936.12,19-05-2024
ORD107677,Matthew Ingram,Keyboard,2,4763.06,10-09-2025
ORD107678,Ronnie Blevins,Printer,1,4975.51,11-11-2025
ORD107679,Cathy Clark,Mobile,3,2862.32,25-01-2025
ORD107680,Kathryn Smith,Mouse,1,1160.18,19-12-2025
ORD107681,Terri Dennis,Camera,3,2284.87,22-05-2025
ORD107682,Calvin Nguyen,Keyboard,2,345.05,02-12-2025
ORD107683,Robert Hubbard,Printer,5,2989.28,05-04-2024
ORD107684,Margaret Silva,Mobile,5,2548.7,06-08-2024
ORD107685,Devin Doyle,Smartwatch,2,1170.85,15-05-2025
ORD107686,Kyle Saunders,Laptop,2,1005.1,21-07-2025
ORD107687,Timothy Garcia,Monitor,4,4410.18,03-02-2026
ORD107688,Mary Jones,Tablet,4,803.36,15-11-2024
ORD107689,Ronald Martinez,Laptop,2,3973.97,15-03-2024
ORD107690,Samantha Mullen,Mobile,4,2456.69,25-12-2024
ORD107691,Linda Murillo,Keyboard,2,4456.01,04-12-2025
ORD107692,Joseph Blankenship,Printer,4,3355.7,23-06-2025
ORD107693,Matthew Riddle,Tablet,2,3346.04,28-12-2024
ORD107694,Dr. James Goodwin,Headphones,4,1124.94,13-08-2025
ORD107695,Heather Horton,Mobile,5,3286.27,10-08-2025
ORD107696,Jennifer Odonnell,Mouse,3,3031.79,28-09-2025
ORD107697,Mark Gomez,Smartwatch,3,3472.72,03-12-2024
ORD107698,Cassandra Richard,Smartwatch,2,924.2,21-05-2025
ORD107699,Rhonda Kaiser,Smartwatch,1,4424.58,12-04-2024
ORD107700,Angela Lopez,Smartwatch,3,2960.86,27-12-2024
ORD107701,Kenneth Taylor,Tablet,3,3424.35,25-01-2026
ORD107702,Rebecca Jones,Headphones,4,2965.28,24-09-2025
ORD107703,Dylan Watkins,Camera,2,1931.02,16-04-2025
ORD107704,Matthew White,Keyboard,3,3011.35,07-03-2025
ORD107705,Danny Moore,Monitor,4,3341.66,26-07-2025
ORD107706,Brenda Miller,Headphones,2,1113.62,24-02-2024
ORD107707,Elijah Beard,Smartwatch,1,999.63,28-07-2024
ORD107708,Ian Gay,Laptop,5,590.74,21-05-2024
ORD107709,Steven Duncan,Monitor,1,1078.78,08-08-2025
ORD107710,Tara Christensen,Monitor,2,2513.05,16-03-2025
ORD107711,Michael Koch,Camera,1,192.99,03-04-2024
ORD107712,Stephanie Daugherty,Laptop,3,2437.44,11-02-2024
ORD107713,Curtis Smith MD,Headphones,2,3527.65,20-03-2025
ORD107714,James Wilson,Monitor,4,4362.02,19-12-2024
ORD107715,Eric Gilbert,Keyboard,1,1081.64,12-10-2025
ORD107716,Michael May,Headphones,4,2682.23,27-11-2025
ORD107717,Kimberly Sharp,Monitor,2,2675.65,21-08-2025
ORD107718,Marie Smith,Printer,5,1072.02,23-09-2024
ORD107719,Sarah Higgins,Smartwatch,2,117.72,07-11-2025
ORD107720,Alexis Rogers,Headphones,4,1410.81,20-06-2025
ORD107721,Mark Woods,Tablet,1,4401.44,07-07-2024
ORD107722,Hannah Smith,Camera,2,896.91,31-03-2025
ORD107723,Alisha Davidson,Mobile,4,3609.41,31-05-2025
ORD107724,Robert Williamson,Mouse,5,471.6,07-08-2024
ORD107725,Luis Larson,Keyboard,4,4082.47,24-01-2026
ORD107726,Stephen Richards,Headphones,5,3612.6,18-07-2024
ORD107727,Glenn West,Laptop,1,666.62,05-01-2026
ORD107728,Natasha Randolph,Laptop,5,678.72,04-07-2025
ORD107729,Michelle Mendez,Headphones,2,984.03,08-04-2024
ORD107730,Alexis Ortiz,Smartwatch,1,1880.23,30-10-2024
ORD107731,Jacqueline Chapman,Mouse,5,198.88,05-09-2024
ORD107732,Jason Reyes,Mobile,5,1665.59,24-04-2025
ORD107733,Emily Woods,Monitor,2,2529.21,27-08-2024
ORD107734,Andrew Church,Smartwatch,5,4364.97,15-04-2024
ORD107735,Amy Howell,Laptop,2,1830.96,25-07-2025
ORD107736,Amanda Cannon,Laptop,1,4059.29,13-09-2025
ORD107737,Emily Carroll,Mouse,1,3279.28,05-05-2025
ORD107738,Jennifer Thompson,Smartwatch,1,1955.43,16-05-2025
ORD107739,Nicole Jones,Keyboard,4,2006.75,06-04-2025
ORD107740,Devin Black,Keyboard,4,116.8,02-12-2024
ORD107741,James Burns,Monitor,2,1923.36,17-05-2024
ORD107742,Joshua Contreras,Laptop,2,447.07,03-02-2026
ORD107743,Carol Smith,Keyboard,2,3647,25-01-2026
ORD107744,Jeremy Jacobs,Tablet,4,3637.51,11-10-2024
ORD107745,Melissa Rivers,Mobile,4,3463.21,14-06-2025
ORD107746,Christopher Harris,Tablet,2,3401.27,01-01-2026
ORD107747,Kristin Cameron,Mouse,2,3155.93,20-06-2024
ORD107748,Elizabeth Galvan,Printer,5,3742.05,29-10-2025
ORD107749,Robert Black,Tablet,2,3592.39,19-05-2025
ORD107750,Luis Mitchell,Headphones,3,686.45,17-11-2025
ORD107751,Travis Andrews,Smartwatch,3,594.06,26-04-2024
ORD107752,Margaret Collins,Tablet,3,2362.76,10-11-2025
ORD107753,Kevin Bradley,Headphones,3,694.04,20-05-2025
ORD107754,Kaitlyn Macdonald,Printer,3,163.2,12-08-2024
ORD107755,Amy Williams,Mouse,5,3990.11,01-04-2024
ORD107756,Michael Sims,Headphones,2,3314.04,17-12-2024
ORD107757,Misty Obrien,Camera,5,4977.22,28-10-2024
ORD107758,Jenny White,Monitor,2,4967.35,03-04-2024
ORD107759,Adam Combs,Camera,1,2816.81,23-05-2024
ORD107760,Jay Page,Keyboard,1,4852.04,08-12-2024
ORD107761,Jeffrey Hines,Mobile,4,4387.27,05-06-2024
ORD107762,Teresa Smith DVM,Camera,2,1780.46,28-03-2024
ORD107763,Kara Sanchez,Keyboard,3,2690.67,03-01-2026
ORD107764,Ricky Hodges,Laptop,1,2571.09,02-11-2025
ORD107765,John Price,Mouse,2,4666.8,02-12-2025
ORD107766,Jessica Oconnor,Monitor,4,2580.58,20-11-2024
ORD107767,Kerry Ballard,Printer,5,3153.88,17-04-2025
ORD107768,Chelsea Miller,Laptop,5,1382.56,06-05-2024
ORD107769,Veronica Woodward,Mobile,1,371.26,31-08-2024
ORD107770,Anthony Stuart,Printer,2,3004.4,29-10-2024
ORD107771,Caleb Huerta,Headphones,5,3403.05,04-07-2025
ORD107772,Steven Johnson,Headphones,1,3249.99,25-07-2024
ORD107773,Christopher Cobb,Keyboard,5,1787.62,19-12-2024
ORD107774,Donald Stafford,Mouse,3,4598,27-03-2024
ORD107775,Teresa Miller,Monitor,2,4698.13,23-03-2024
ORD107776,Natalie Romero,Tablet,5,2078.35,27-04-2025
ORD107777,Amanda Rivera,Camera,2,1246.84,28-08-2024
ORD107778,Robin Camacho,Smartwatch,5,2454.59,08-08-2024
ORD107779,Michelle Mullins,Printer,5,393.03,27-12-2025
ORD107780,Sheryl Russell,Keyboard,5,4607.2,02-06-2025
ORD107781,Brian Campbell,Mouse,1,1909.42,17-02-2024
ORD107782,Anthony Krueger,Tablet,2,2154.32,20-11-2025
ORD107783,William Schaefer,Printer,1,3161.09,08-06-2024
ORD107784,Brian Davis,Smartwatch,5,2827.48,31-01-2025
ORD107785,Benjamin Williams DDS,Keyboard,1,3708.89,12-08-2025
ORD107786,Alan Pham,Printer,4,1977.74,06-04-2024
ORD107787,David Montgomery,Mobile,4,104.49,23-01-2026
ORD107788,Mr. Randy Lucero,Camera,4,4338.91,30-08-2024
ORD107789,Samuel Holmes,Mouse,3,4013.38,03-12-2024
ORD107790,Nichole Mitchell,Mobile,1,3967.1,25-01-2025
ORD107791,Heather Shepard,Keyboard,1,174.89,29-10-2025
ORD107792,Cynthia Johnson,Keyboard,1,4289.04,15-09-2024
ORD107793,Howard Cohen,Mouse,4,3077.13,02-10-2024
ORD107794,Sierra Long,Laptop,2,3083,26-07-2025
ORD107795,Elizabeth Marshall,Keyboard,5,3824.7,14-08-2024
ORD107796,Jeremy Thompson,Mobile,5,2397.54,31-07-2024
ORD107797,Nicole Stewart,Headphones,1,4207.87,22-10-2025
ORD107798,Emily Bean,Tablet,4,2851.09,08-02-2026
ORD107799,Debra Oconnor,Mouse,4,3519.57,31-01-2025
ORD107800,Ian Raymond,Mouse,1,792.14,30-05-2025
ORD107801,Robert Welch,Mouse,2,547.23,26-03-2025
ORD107802,Heather Smith,Printer,4,3451.28,24-10-2025
ORD107803,Michael Brown,Printer,3,2893.37,07-03-2025
ORD107804,Rachel Rivera,Tablet,5,2310.96,15-01-2025
ORD107805,Mark Lee,Laptop,1,4131.19,13-01-2025
ORD107806,Michael Johnson,Tablet,1,509.97,03-01-2026
ORD107807,Mr. Jake Yu,Keyboard,1,1216.33,26-05-2024
ORD107808,Tammy Miller,Headphones,5,1489.75,30-08-2025
ORD107809,Elizabeth Perez,Laptop,5,4349.38,19-10-2025
ORD107810,Julie Berry,Mouse,1,3382.99,26-04-2024
ORD107811,Jennifer Griffin MD,Camera,5,3052.47,29-08-2025
ORD107812,Trevor Robertson,Laptop,2,2981.26,27-12-2024
ORD107813,Russell Delacruz,Monitor,3,4999.06,30-01-2026
ORD107814,Penny Harper,Mouse,4,3458.87,31-08-2024
ORD107815,Dana Mclaughlin,Mobile,3,359.98,18-02-2024
ORD107816,George Smith,Headphones,1,413.46,23-07-2024
ORD107817,Nicholas Jackson,Headphones,1,2506.57,08-10-2024
ORD107818,Donna Mullen,Monitor,4,3593.76,27-10-2024
ORD107819,Renee Jackson,Printer,5,3923.74,21-07-2024
ORD107820,Benjamin Holder,Laptop,3,2445.01,24-07-2024
ORD107821,Anna Donovan,Laptop,2,4986.72,13-01-2026
ORD107822,Danielle Smith,Keyboard,1,562.84,01-04-2024
ORD107823,Daniel Stone,Mouse,3,4166.2,25-02-2024
ORD107824,Erica Price,Mouse,3,1862.09,30-11-2025
ORD107825,Andrew Jones,Printer,4,2461.07,14-05-2024
ORD107826,Anthony Hoover,Monitor,5,4129.81,17-05-2025
ORD107827,Kelly Rodriguez,Mobile,1,718.72,10-08-2024
ORD107828,Roy Castro,Headphones,4,3775.24,28-08-2024
ORD107829,Richard Ross,Camera,1,2528.96,23-09-2025
ORD107830,Elizabeth Mckenzie,Mouse,1,3295.08,28-11-2025
ORD107831,Garrett Baldwin,Smartwatch,5,817.45,12-07-2024
ORD107832,Melissa Pitts,Laptop,5,3579.86,24-08-2024
ORD107833,Kyle Brown,Camera,3,1203.72,23-12-2024
ORD107834,David Williams,Smartwatch,1,165.47,22-08-2024
ORD107835,Cole Berry,Mobile,4,4132.79,14-12-2025
ORD107836,Kerry Strickland,Monitor,5,760.12,30-06-2024
ORD107837,Nathaniel Barrera,Headphones,3,4308.26,13-03-2025
ORD107838,Rebecca Hale,Mobile,1,4819.59,30-09-2025
ORD107839,Scott Mendoza,Camera,1,1315.79,08-03-2024
ORD107840,Laura Weber,Mouse,2,4220.53,08-05-2025
ORD107841,Taylor Hawkins,Printer,4,543.17,09-10-2024
ORD107842,Maria Harper,Laptop,3,411.3,04-08-2024
ORD107843,Matthew Jones,Mouse,2,4942.9,07-08-2024
ORD107844,Michelle Williams,Tablet,3,2944.64,19-05-2025
ORD107845,Erica Golden,Mobile,3,4038.37,02-05-2025
ORD107846,Terry Gilbert,Mouse,3,4728.65,07-01-2026
ORD107847,Charles Bright,Headphones,5,3094.24,06-07-2024
ORD107848,David Gonzalez,Smartwatch,2,2649.3,25-09-2025
ORD107849,Jonathan Wallace,Laptop,1,1614.78,28-08-2025
ORD107850,Richard Drake,Tablet,4,2051.18,05-03-2025
ORD107851,Miguel Reed,Headphones,1,2116.19,26-01-2026
ORD107852,Zachary Wright,Printer,4,1661.76,06-01-2026
ORD107853,Ralph Mitchell,Mouse,1,3512.63,20-02-2025
ORD107854,Casey Martin,Monitor,2,4827.41,19-02-2025
ORD107855,Zachary Sutton,Mouse,2,307.82,02-09-2025
ORD107856,Zachary Mendoza,Mouse,4,3180.98,21-07-2024
ORD107857,Amanda Nichols,Laptop,3,4172.37,26-04-2025
ORD107858,Victoria Duke,Monitor,4,287.65,12-10-2025
ORD107859,Charles Robinson,Camera,4,391.85,26-02-2025
ORD107860,Nancy Maldonado,Mouse,2,4989.51,11-12-2025
ORD107861,Brittany Clark,Printer,2,1705.37,29-01-2025
ORD107862,Jessica Bryant,Keyboard,2,216.11,23-04-2024
ORD107863,April Morris,Mobile,5,953.92,28-10-2024
ORD107864,Michael Johnson,Mouse,2,2447.83,08-11-2024
ORD107865,Stephanie Robinson,Tablet,2,3014.16,13-10-2024
ORD107866,Heather Weeks,Mouse,5,1648.29,23-06-2024
ORD107867,Brandi Olsen,Monitor,1,2420.53,27-11-2024
ORD107868,Erica Walters,Camera,1,3128.07,06-10-2025
ORD107869,Richard Alexander,Smartwatch,3,3490.51,28-07-2025
ORD107870,Matthew Perez,Mobile,1,295.71,01-08-2025
ORD107871,Mrs. Amber Wagner,Mouse,2,424.75,15-02-2025
ORD107872,Jessica Holland,Headphones,3,397.84,13-01-2025
ORD107873,Steven Gonzalez,Mobile,3,4319.67,23-04-2024
ORD107874,Angela Morris,Mobile,2,3768.49,01-04-2024
ORD107875,Joshua Hammond,Tablet,3,4077.9,26-06-2025
ORD107876,Larry Banks,Printer,1,2860.52,01-10-2025
ORD107877,Sonia Brown,Laptop,2,1989.12,14-07-2024
ORD107878,Nicholas Hill,Tablet,3,4696.29,22-11-2025
ORD107879,Ashlee Hudson,Camera,3,1025.2,27-06-2024
ORD107880,Martin Schroeder,Camera,3,1150.3,28-08-2025
ORD107881,Mark Wheeler,Mobile,5,3397.8,18-12-2024
ORD107882,Kyle Wright,Printer,4,3478.17,23-12-2024
ORD107883,Jason Martin,Keyboard,5,839.63,02-10-2025
ORD107884,Charles Herrera,Camera,4,3429.06,07-02-2025
ORD107885,Teresa Phelps,Printer,5,1716.43,25-09-2025
ORD107886,Gregory Deleon,Smartwatch,5,2338.02,29-05-2024
ORD107887,Jose Willis,Printer,3,3466.86,30-08-2024
ORD107888,Donald Silva,Headphones,1,3374.44,19-06-2025
ORD107889,Philip Waters,Mobile,3,3013.5,12-04-2025
ORD107890,Heather Morgan,Monitor,4,1992.92,07-07-2025
ORD107891,Christine Woods,Headphones,4,1201.04,15-12-2024
ORD107892,Sean Miranda,Tablet,4,727.48,14-01-2026
ORD107893,Ryan Watkins,Smartwatch,3,3172.2,23-01-2025
ORD107894,Dr. Bradley Mitchell,Mouse,4,2700.13,07-07-2024
ORD107895,Bradley Nash,Printer,3,3160.31,30-01-2026
ORD107896,Mark Anderson,Laptop,5,1858.34,09-09-2024
ORD107897,Blake Ward,Smartwatch,3,2696.89,01-03-2024
ORD107898,Megan Willis,Printer,1,122.18,13-05-2025
ORD107899,Jonathan Davis,Camera,2,911.21,26-07-2024
ORD107900,Maria Johnston,Keyboard,2,1799.04,09-10-2024
ORD107901,Thomas Miller,Keyboard,3,1013.63,14-06-2025
ORD107902,Glen Benton,Printer,5,1945.19,18-08-2024
ORD107903,Shane Walker,Monitor,3,734.51,28-05-2025
ORD107904,Patrick Cameron,Headphones,1,602.65,27-04-2025
ORD107905,Anita Fowler,Laptop,2,2607.72,27-04-2024
ORD107906,Rebecca Long,Smartwatch,1,4029.57,13-03-2024
ORD107907,Ian Scott,Smartwatch,1,3203.94,05-03-2025
ORD107908,Hannah Ryan,Mouse,3,1538.47,04-12-2025
ORD107909,George Nash,Laptop,3,3216.86,08-10-2024
ORD107910,Brandon Hernandez,Keyboard,2,2091.54,15-05-2024
ORD107911,Samantha Meyers,Mouse,3,2131.68,09-08-2025
ORD107912,Jason Klein,Monitor,1,566.96,12-05-2024
ORD107913,David Bridges,Printer,2,2327.21,19-06-2024
ORD107914,Lori Mora,Smartwatch,3,3937.62,14-09-2025
ORD107915,Matthew Dean,Laptop,4,3144.7,17-09-2025
ORD107916,Roger Heath,Keyboard,5,1781.09,21-05-2024
ORD107917,Derrick Jones,Headphones,2,2315.15,30-08-2024
ORD107918,Kevin Green,Laptop,3,4661.82,07-12-2025
ORD107919,Kim Robinson,Keyboard,4,1449.39,15-05-2024
ORD107920,Ashley Mullen MD,Smartwatch,5,1281.35,08-05-2025
ORD107921,Amy Mcgee,Laptop,4,869.95,08-08-2025
ORD107922,Sarah Giles,Headphones,1,2352.26,26-11-2025
ORD107923,Diana Vargas,Printer,2,1913.67,01-03-2025
ORD107924,Albert Gordon,Mouse,1,750.52,28-11-2024
ORD107925,Randy Lopez,Headphones,4,705.62,08-10-2024
ORD107926,Christopher Miles,Keyboard,4,1817.9,31-07-2024
ORD107927,Kimberly Bailey,Monitor,3,840.12,26-06-2025
ORD107928,April Quinn,Tablet,3,2321.13,20-09-2024
ORD107929,Mr. Gregory Reed MD,Smartwatch,4,4338.66,06-11-2025
ORD107930,Emily Richards,Camera,2,423.71,12-05-2024
ORD107931,Michelle Morales,Smartwatch,3,4549.41,09-10-2024
ORD107932,Rebecca Santana,Tablet,1,1279.12,27-08-2024
ORD107933,Andrea Tapia,Camera,2,1699.48,03-05-2025
ORD107934,Emma Smith,Mouse,2,4641.87,17-08-2025
ORD107935,Christopher Myers,Keyboard,3,1446.72,30-11-2025
ORD107936,Frank Garcia,Printer,5,1156.91,01-03-2024
ORD107937,Cheryl Carter,Smartwatch,1,3464.99,09-12-2024
ORD107938,Aaron Jenkins,Mouse,4,4637.7,12-12-2024
ORD107939,Alexandra Franklin,Headphones,1,3796.55,14-03-2025
ORD107940,Carlos Fuentes,Headphones,2,2696.16,24-04-2024
ORD107941,Michael Black,Mobile,1,2819.7,21-11-2024
ORD107942,Jacob Jones,Laptop,3,4904.44,20-06-2024
ORD107943,Ryan Harris,Laptop,5,2846.31,01-10-2024
ORD107944,Kenneth Johnson,Keyboard,1,2144.18,08-11-2024
ORD107945,Justin Dillon,Tablet,4,2788.83,06-09-2025
ORD107946,Veronica Harmon,Mobile,4,2762.05,30-04-2024
ORD107947,Kayla Nichols,Keyboard,1,4009.09,29-01-2026
ORD107948,Amy Shepherd,Mouse,2,1404.49,22-10-2025
ORD107949,Juan Mclaughlin,Camera,2,2034.15,25-11-2024
ORD107950,Jose Martin,Printer,3,4184.23,13-04-2025
ORD107951,Christopher Montgomery,Keyboard,3,3653.89,14-03-2024
ORD107952,Matthew Henderson,Mobile,3,561.13,30-09-2025
ORD107953,Andre Thomas,Mobile,3,3591.61,22-11-2025
ORD107954,Thomas Thompson,Headphones,2,4874.57,13-11-2024
ORD107955,Desiree Mora,Smartwatch,3,1997.52,06-10-2025
ORD107956,Joseph Austin,Printer,5,3367.61,27-12-2024
ORD107957,Sandra Lawrence,Smartwatch,2,1064.13,28-08-2024
ORD107958,Susan Richardson,Headphones,1,4940.16,15-12-2025
ORD107959,Donna Vazquez,Smartwatch,5,1521.67,10-08-2024
ORD107960,Carla Smith,Headphones,5,2988.05,19-08-2024
ORD107961,Christopher Berg,Smartwatch,3,302.94,27-06-2025
ORD107962,Adrienne Davis,Laptop,1,882.62,23-06-2025
ORD107963,Alexis Lawson,Monitor,4,580.95,01-09-2024
ORD107964,Michael Shea,Mouse,1,2001.55,29-12-2024
ORD107965,Johnny Burns,Smartwatch,5,2167.26,17-05-2024
ORD107966,Julie Avery,Printer,2,4938.14,08-12-2025
ORD107967,Joel Gonzalez,Smartwatch,4,639.8,08-04-2025
ORD107968,Brittany Reid,Mouse,1,606.57,19-09-2024
ORD107969,Mrs. Pamela Ross,Printer,2,3105.44,05-11-2025
ORD107970,Joanna Haley,Printer,2,2400.92,20-10-2025
ORD107971,Shelly Cunningham,Mouse,2,102.36,20-07-2025
ORD107972,Timothy Beltran,Tablet,1,4673.48,21-06-2025
ORD107973,Cindy Ponce,Laptop,1,4443.34,28-05-2025
ORD107974,Melissa Wilson,Mobile,4,4099.28,06-08-2024
ORD107975,Daniel Richards,Laptop,3,432.53,30-07-2024
ORD107976,Bryan Rivera,Tablet,1,2856.66,11-04-2025
ORD107977,Rhonda Powell,Printer,2,2809.03,14-12-2024
ORD107978,Thomas Hughes,Headphones,4,2237.08,21-12-2025
ORD107979,Jerry Huff,Printer,1,1145.48,14-11-2025
ORD107980,Catherine Thomas,Keyboard,4,2330.79,11-09-2025
ORD107981,Erin Wong,Monitor,1,1017.14,29-09-2024
ORD107982,Teresa Scott,Tablet,2,4076.34,20-07-2025
ORD107983,Kimberly Koch MD,Camera,1,514.54,23-09-2025
ORD107984,Kyle Madden,Tablet,2,704.68,24-05-2024
ORD107985,Kelly Watts,Smartwatch,3,1346.33,05-05-2024
ORD107986,Karen Hughes,Laptop,5,994.25,17-11-2024
ORD107987,Jason Foster,Printer,4,3299.82,16-06-2024
ORD107988,Bryan Neal,Printer,1,1125.75,09-11-2025
ORD107989,Tammy Stone,Camera,5,634.01,16-12-2025
ORD107990,Scott Weeks,Mobile,1,3229.01,05-12-2025
ORD107991,Lisa Brown,Laptop,4,966.13,23-11-2024
ORD107992,George Henderson,Camera,3,3989.05,23-03-2024
ORD107993,Erin Davis,Mouse,5,3016.8,16-01-2025
ORD107994,Michelle Carr,Tablet,2,4488.23,16-07-2025
ORD107995,Taylor Russell,Laptop,2,4461.57,04-03-2024
ORD107996,Timothy Neal,Headphones,5,966.14,12-06-2025
ORD107997,Timothy Schroeder,Printer,4,4309.5,05-05-2024
ORD107998,Lindsay Ward,Smartwatch,5,746.46,01-02-2026
ORD107999,Jason Hunt,Printer,3,4139.16,31-10-2024
ORD108000,Ashley Hernandez,Keyboard,3,3294.56,29-03-2025
ORD108001,Theresa Cooper,Keyboard,4,1689.65,23-12-2025
ORD108002,Scott Rogers,Tablet,2,3396.22,26-04-2024
ORD108003,Christine Thompson,Laptop,1,2075.27,01-08-2025
ORD108004,Calvin Gonzalez,Printer,1,1882.3,10-01-2026
ORD108005,Adrian Humphrey,Laptop,1,3346.92,18-06-2025
ORD108006,Dana Herrera,Headphones,2,1799.88,16-11-2024
ORD108007,Miss Rachel Kennedy,Laptop,5,4856.97,22-05-2024
ORD108008,Daniel Rodriguez,Mobile,4,4679.87,17-07-2024
ORD108009,Tammy Smith,Camera,5,1459.6,02-02-2026
ORD108010,Russell Humphrey,Laptop,4,3162.52,04-04-2024
ORD108011,Javier Williams,Smartwatch,5,2310.54,03-09-2025
ORD108012,Stephen Taylor,Keyboard,3,3066,27-07-2024
ORD108013,Nicholas Evans,Smartwatch,3,1291.07,26-10-2025
ORD108014,Corey Oliver,Camera,4,1118.45,13-05-2024
ORD108015,William Miller,Mouse,4,430.39,25-05-2024
ORD108016,Tony Sanchez,Headphones,5,1075.71,24-02-2025
ORD108017,Sheryl White,Printer,2,4447.31,17-04-2024
ORD108018,Lucas Ingram,Headphones,2,2478.44,21-07-2024
ORD108019,Hayden Wood,Laptop,4,3164.71,26-08-2025
ORD108020,Andrew Williams,Laptop,5,4634.89,10-07-2025
ORD108021,Ronald Barr,Mouse,4,633.23,25-05-2024
ORD108022,Christian Berry,Headphones,1,583.93,31-03-2025
ORD108023,Ryan Moss,Smartwatch,2,4170.3,19-05-2024
ORD108024,Marcus Perez,Monitor,2,239.12,04-11-2025
ORD108025,Eric Parker,Laptop,5,3607.24,26-10-2025
ORD108026,Brittany Wilson,Camera,3,4717.71,13-06-2024
ORD108027,Jorge Harris,Printer,1,2233.95,08-02-2025
ORD108028,Gabriel Johnson,Laptop,3,407.5,11-04-2024
ORD108029,Christopher Finley,Camera,3,2872.28,19-09-2025
ORD108030,Thomas Schwartz,Camera,4,2343.87,10-07-2024
ORD108031,Robert Lowe,Headphones,1,982.57,20-10-2025
ORD108032,Lisa Adams,Laptop,2,416.46,04-12-2025
ORD108033,Stephanie Long,Tablet,5,1068.69,28-12-2025
ORD108034,Hector Mcbride,Keyboard,4,1855.4,24-10-2024
ORD108035,Brian Juarez,Monitor,2,790.14,12-10-2025
ORD108036,Russell Johnson,Laptop,3,2838.69,06-10-2024
ORD108037,Donna Zavala,Camera,5,3103.3,09-10-2025
ORD108038,Karen Olson,Camera,1,4144.9,13-09-2025
ORD108039,Kristen Wood,Keyboard,3,2665.75,28-02-2024
ORD108040,Christian Smith,Headphones,3,2399.75,03-05-2025
ORD108041,Lisa Johnson,Printer,1,4313.29,05-04-2025
ORD108042,Jasmine Walker,Tablet,1,4461.33,07-09-2024
ORD108043,Colleen Smith,Printer,5,3673,06-04-2025
ORD108044,Steve Robertson,Mouse,4,3848.9,30-03-2025
ORD108045,Crystal Lawrence,Headphones,3,4338.43,01-03-2025
ORD108046,Brad Phillips,Mobile,5,3241.45,10-07-2025
ORD108047,Jacob Sims,Printer,2,568.98,08-07-2025
ORD108048,Maureen Mason,Smartwatch,5,3346.38,10-04-2025
ORD108049,Kenneth Ibarra,Mouse,5,1694.31,30-03-2024
ORD108050,Kenneth Dunn,Printer,1,3896.84,17-11-2025
ORD108051,Susan Baker,Printer,5,2956.06,19-03-2025
ORD108052,Randall Golden,Monitor,1,4288.69,15-06-2024
ORD108053,Kathryn Mendoza,Keyboard,1,2357.15,18-08-2024
ORD108054,Randy Arias,Printer,2,1457.91,16-05-2024
ORD108055,Robert Simon,Headphones,1,4924.07,16-12-2024
ORD108056,Jonathan Jones,Camera,2,2717.03,09-06-2024
ORD108057,Barbara Brown,Mouse,3,343.4,14-12-2025
ORD108058,Dominique Parker DDS,Tablet,2,2457.02,14-05-2024
ORD108059,Stephanie Daniels,Printer,3,1357.5,22-08-2024
ORD108060,Pamela Hartman,Tablet,1,1119.01,06-09-2025
ORD108061,Henry Berry,Smartwatch,5,353.03,06-11-2024
ORD108062,Joshua Hernandez,Tablet,1,3095.39,14-09-2025
ORD108063,Jesus Hernandez DDS,Tablet,4,2633.67,13-12-2024
ORD108064,Kristin Harris,Mobile,5,1819.78,13-10-2025
ORD108065,Hailey Ramsey,Tablet,4,2800.71,31-03-2024
ORD108066,Andrea Adams,Monitor,2,1911.05,26-07-2025
ORD108067,Bailey Stone,Mobile,5,3503.7,03-10-2025
ORD108068,Samuel Villarreal,Printer,5,116.75,02-03-2025
ORD108069,Joel Monroe,Smartwatch,3,4432.97,31-07-2025
ORD108070,Sarah Greene,Laptop,4,2266.04,06-07-2024
ORD108071,Melissa Williams,Mobile,3,3118.1,19-12-2024
ORD108072,Katherine Young,Laptop,3,1809.16,23-04-2024
ORD108073,Sarah Johnson,Tablet,1,4501.04,27-06-2025
ORD108074,Brian Welch,Mouse,5,1379.83,29-08-2024
ORD108075,Marie Moreno,Headphones,3,3065.22,05-12-2025
ORD108076,Michelle Turner,Printer,3,449.13,16-01-2025
ORD108077,Deanna Barnes DVM,Mouse,2,1594.53,03-05-2025
ORD108078,Jack Conley,Printer,4,3033.27,02-03-2025
ORD108079,Nina Perez,Tablet,4,101.41,27-01-2026
ORD108080,Amanda Turner,Mouse,1,4172.58,30-09-2025
ORD108081,Whitney Patel,Laptop,5,4082.65,02-04-2024
ORD108082,Nathan James,Monitor,5,4358.9,17-12-2025
ORD108083,Cameron Hicks MD,Mobile,5,3514.36,06-12-2024
ORD108084,Joseph Wright,Mouse,4,3698.91,27-10-2025
ORD108085,Alexander Pena,Mobile,3,1733.48,23-07-2025
ORD108086,Christopher Jones,Tablet,1,2671.99,03-04-2025
ORD108087,Daniel Robinson,Printer,3,3922.97,05-04-2024
ORD108088,Kathleen King,Keyboard,4,1719.63,29-01-2026
ORD108089,Roger Lopez,Headphones,3,4177.79,04-02-2025
ORD108090,Karen Bernard,Camera,2,3181.08,20-10-2025
ORD108091,Kimberly Rivera,Keyboard,1,2230.34,03-10-2025
ORD108092,Noah Rhodes,Smartwatch,4,2766.06,28-02-2025
ORD108093,Dakota Mcmahon,Mouse,1,3027.77,26-05-2025
ORD108094,Larry Walton,Keyboard,3,4555,10-04-2024
ORD108095,Lindsey Brown,Smartwatch,2,4517,07-03-2025
ORD108096,Matthew Martin,Mouse,4,3354.99,30-06-2025
ORD108097,Ernest Donovan,Printer,4,591.08,11-04-2024
ORD108098,Michael Sweeney,Keyboard,1,2802.12,07-08-2024
ORD108099,Tammy Bentley,Tablet,5,4588.13,06-08-2024
ORD108100,Brian Richardson,Monitor,2,175,20-04-2025
ORD108101,Joshua Mahoney,Monitor,5,4554.56,12-08-2024
ORD108102,Rodney Brown,Monitor,1,504.99,12-08-2024
ORD108103,Shaun Lee,Monitor,5,3977.22,11-09-2024
ORD108104,Jodi Nelson,Tablet,4,4551.67,24-09-2024
ORD108105,Matthew Knox,Laptop,3,2116.52,20-09-2024
ORD108106,Christopher Mullen,Laptop,4,963.75,13-07-2025
ORD108107,Michelle Bass,Monitor,4,1089.6,27-02-2025
ORD108108,Crystal Lee,Keyboard,3,4306.66,22-10-2024
ORD108109,Samantha Williamson,Monitor,4,4358.47,12-03-2025
ORD108110,Craig Lee,Keyboard,4,2153.5,05-06-2025
ORD108111,Paul Hayes,Headphones,1,314.27,23-01-2026
ORD108112,Alan Mitchell,Mouse,3,1469.33,04-10-2024
ORD108113,Ryan Parsons,Headphones,1,1357.29,30-06-2025
ORD108114,Dr. Meredith Andrews,Smartwatch,4,1436.37,03-02-2025
ORD108115,Angela Davis,Mobile,3,3693.2,21-04-2025
ORD108116,Alisha Kennedy,Mouse,1,3904.62,14-10-2024
ORD108117,Leslie Robertson,Tablet,3,2965.14,28-08-2025
ORD108118,Cindy Robbins,Monitor,3,476.05,03-04-2025
ORD108119,Teresa Hensley,Mobile,3,3693.49,07-07-2024
ORD108120,Cristian Elliott,Mobile,5,4102.85,31-01-2025
ORD108121,Jamie Richard,Laptop,1,4188.38,10-09-2025
ORD108122,Michael Smith PhD,Smartwatch,4,844.41,10-04-2025
ORD108123,Daniel Simmons,Monitor,4,4059.41,23-02-2025
ORD108124,Michael Holland DDS,Laptop,3,2343.87,19-12-2025
ORD108125,Susan Bennett,Smartwatch,4,3871.33,28-11-2025
ORD108126,Lori Dalton,Monitor,3,2304.43,16-02-2024
ORD108127,Noah Johnson,Monitor,2,4045.81,23-03-2025
ORD108128,Chelsea Clark,Tablet,1,2613.37,26-11-2024
ORD108129,Nicole Hutchinson,Monitor,4,778.19,05-07-2024
ORD108130,Nicholas Elliott,Laptop,5,2151.3,27-02-2025
ORD108131,Thomas Vasquez,Mobile,4,635.77,10-02-2025
ORD108132,Mrs. Holly Barnett,Tablet,3,4898.75,16-12-2025
ORD108133,Christopher Massey,Printer,2,2091,26-01-2026
ORD108134,Nathan Obrien,Tablet,3,1963.02,30-07-2024
ORD108135,Michelle Gray,Laptop,1,1742.66,27-12-2025
ORD108136,Eugene Jones,Tablet,2,567.11,04-05-2024
ORD108137,Jared Peters,Printer,4,603.21,24-03-2024
ORD108138,Stacy Vega,Mobile,5,696.62,09-09-2025
ORD108139,Melissa Chang,Printer,4,4982.26,28-06-2025
ORD108140,Ruth Rodriguez,Headphones,1,4634.9,02-12-2025
ORD108141,Gary Richards,Mouse,3,2241.95,05-11-2025
ORD108142,Jordan Bates,Printer,4,4914.64,05-09-2024
ORD108143,Mr. Brian Frazier,Keyboard,2,1742.19,31-07-2024
ORD108144,Keith Gonzalez,Headphones,1,1539.03,03-09-2024
ORD108145,Alexis Reed,Smartwatch,3,3673.63,12-07-2025
ORD108146,Dalton Pruitt,Laptop,2,314.13,29-11-2024
ORD108147,Kimberly Williams,Printer,5,1303.99,17-12-2025
ORD108148,Carol Lopez,Headphones,1,2933.99,26-01-2025
ORD108149,Kristopher Perry,Laptop,4,1532.77,17-10-2025
ORD108150,Theodore Johnson,Mobile,2,3855.45,01-11-2025
ORD108151,Angela Simmons,Monitor,2,1221.14,19-12-2024
ORD108152,Javier Nichols,Tablet,2,4909.06,04-01-2026
ORD108153,Kyle Fisher,Headphones,1,1696.1,12-06-2025
ORD108154,Justin Stone,Monitor,2,4905.69,29-12-2024
ORD108155,Madison Jackson,Keyboard,3,3818.09,02-08-2025
ORD108156,Scott Stevenson,Smartwatch,1,1887.76,09-09-2025
ORD108157,David Dominguez,Mouse,2,1441.2,20-05-2025
ORD108158,Tracy Willis,Mouse,3,1130.03,21-05-2025
ORD108159,Matthew Miller,Mobile,5,1463.34,06-07-2025
ORD108160,Adam Williams,Monitor,3,4775.11,09-03-2024
ORD108161,Ryan Maldonado,Mouse,4,2136.05,20-08-2025
ORD108162,Eric Nichols,Tablet,4,1549.73,03-08-2024
ORD108163,Mrs. Samantha Cabrera,Monitor,1,3730.77,25-04-2025
ORD108164,Janice Anderson,Keyboard,4,4162.33,28-02-2024
ORD108165,Edward Moore,Laptop,5,4268.75,16-06-2024
ORD108166,Crystal Alvarez,Mobile,5,189.79,20-04-2025
ORD108167,Joshua Garcia,Mobile,2,2773.45,05-04-2025
ORD108168,Diana Kim,Monitor,5,1119.09,27-12-2024
ORD108169,Kimberly Lopez,Monitor,2,1398.22,10-02-2025
ORD108170,John Weeks,Camera,3,4935.05,16-09-2024
ORD108171,Emily Davis,Headphones,4,870.72,20-06-2024
ORD108172,Bonnie Taylor,Keyboard,5,3006.25,02-05-2024
ORD108173,Sharon Liu,Keyboard,1,3179.92,14-08-2024
ORD108174,Gabrielle Castillo,Smartwatch,5,2592.84,17-09-2025
ORD108175,Jared Daniels PhD,Camera,5,4831.69,28-01-2026
ORD108176,Patrick Hall,Headphones,3,1752.41,06-03-2025
ORD108177,Dr. Donald Price,Mobile,3,4417.68,06-04-2024
ORD108178,Sarah Campbell,Printer,5,1000.68,22-01-2025
ORD108179,Jordan Murillo,Printer,5,991.48,26-05-2024
ORD108180,Joseph Fleming,Mobile,3,1714,25-01-2025
ORD108181,Brian Orozco,Monitor,1,3187.07,24-05-2024
ORD108182,Tanner Schroeder,Printer,3,4648.45,15-02-2025
ORD108183,Jessica Foster,Mobile,2,4054.1,30-08-2025
ORD108184,Vanessa Frank MD,Smartwatch,3,3254.05,13-12-2024
ORD108185,Angela Garcia,Headphones,5,3022.91,13-02-2025
ORD108186,Dr. Timothy Taylor,Headphones,3,3081.1,28-11-2024
ORD108187,Tami Sanchez,Monitor,2,1892.34,04-12-2024
ORD108188,Angela Nelson,Mobile,3,983.89,20-03-2024
ORD108189,Kevin Williamson,Smartwatch,4,1107.23,14-05-2025
ORD108190,Brenda Chung,Printer,4,797.82,21-04-2025
ORD108191,Steven Pineda,Camera,4,2372.99,05-01-2025
ORD108192,Jason Callahan,Headphones,4,2536.03,19-01-2026
ORD108193,Lacey Boyer,Smartwatch,4,2600.47,09-07-2024
ORD108194,Jennifer Perry,Smartwatch,4,4080.98,02-04-2025
ORD108195,Joseph Parker,Laptop,3,3293.97,19-01-2026
ORD108196,Barbara Oliver,Printer,4,3697.78,30-01-2025
ORD108197,Karen Garza,Headphones,2,1115.64,29-03-2025
ORD108198,Sierra Jimenez,Camera,1,1367.19,22-06-2025
ORD108199,Stephanie Johnston,Smartwatch,2,181.11,10-07-2025
ORD108200,Michael Kennedy,Keyboard,2,3199.95,06-09-2024
ORD108201,Tammy Whitney,Tablet,2,1556.41,12-10-2025
ORD108202,Latasha Morales,Laptop,5,1615.84,17-10-2024
ORD108203,Johnny Parks,Laptop,1,2164.78,07-03-2024
ORD108204,John Smith,Laptop,4,4316.98,16-12-2024
ORD108205,Robert Ramos,Laptop,5,391.53,14-05-2024
ORD108206,Patrick Scott,Laptop,4,2218.92,27-05-2025
ORD108207,Thomas Moore,Keyboard,1,2442.7,19-05-2024
ORD108208,Heather Duran,Headphones,2,2562.7,04-12-2025
ORD108209,Tracy Baker,Camera,4,3525.96,16-12-2025
ORD108210,Susan Turner,Smartwatch,1,4053.99,09-01-2026
ORD108211,Sandra Drake,Camera,4,422.14,03-06-2025
ORD108212,Kristi Taylor,Laptop,1,3208.67,12-10-2025
ORD108213,Vincent Warren,Smartwatch,4,3489.78,09-06-2025
ORD108214,Tamara Norris,Laptop,5,4925.61,10-08-2025
ORD108215,Anthony Ford,Mouse,5,1264.24,29-01-2026
ORD108216,Gregory Moore,Smartwatch,4,1682.25,03-02-2026
ORD108217,Amber Johnston,Headphones,4,3815.69,04-09-2024
ORD108218,Joel Moody,Headphones,1,2047.94,13-09-2024
ORD108219,Christopher Jordan,Camera,4,4042.94,02-11-2025
ORD108220,Stacey Harris,Headphones,1,992.8,04-01-2025
ORD108221,Paul Smith,Mobile,4,2290.59,03-09-2024
ORD108222,Brandon Bradley,Tablet,1,4384.56,29-06-2024
ORD108223,Kristen Mcdonald,Mobile,5,4135.85,30-07-2025
ORD108224,Vincent Harrison,Smartwatch,5,3968.93,21-01-2025
ORD108225,Justin Walter,Mobile,1,1887.78,21-05-2025
ORD108226,Andrew Porter,Camera,5,3248.35,10-05-2024
ORD108227,Rodney Davidson,Mouse,1,1000.95,24-10-2025
ORD108228,Jerry Fuller,Tablet,1,1257.6,28-03-2025
ORD108229,Christopher Coleman,Mobile,5,4214.04,21-05-2025
ORD108230,Anthony Flores,Monitor,3,3530.69,27-08-2024
ORD108231,Dennis Ballard,Camera,1,2687.94,14-11-2025
ORD108232,Courtney Miller,Mouse,4,4501.59,09-08-2024
ORD108233,Anthony Brown,Monitor,3,4086.47,10-06-2024
ORD108234,Matthew Miller,Printer,3,693.49,20-07-2024
ORD108235,Jacqueline Greer,Laptop,2,2365.21,24-07-2024
ORD108236,Jason Martinez,Printer,3,504.77,10-08-2024
ORD108237,Kristina Nelson,Monitor,3,2630.12,19-09-2025
ORD108238,Jennifer Torres,Smartwatch,3,1708.42,22-02-2024
ORD108239,Mark Cook,Keyboard,3,804.3,15-11-2024
ORD108240,Samantha Thomas,Keyboard,5,4656.92,19-10-2025
ORD108241,Gregory Neal,Monitor,4,1330.9,11-01-2025
ORD108242,Nicole Shannon,Camera,5,298.36,07-09-2025
ORD108243,Randy Smith,Keyboard,5,930.08,05-12-2024
ORD108244,David Nelson,Printer,1,1920.48,09-12-2025
ORD108245,Debra Pham,Printer,2,2872.33,06-10-2024
ORD108246,Jacob Rojas,Headphones,2,4492.23,07-08-2025
ORD108247,Katie Morrow,Mouse,5,2681.08,02-09-2025
ORD108248,Jason Bowman,Mouse,4,2212.11,09-03-2024
ORD108249,Brian Welch,Laptop,5,221.68,30-04-2024
ORD108250,Susan Bates,Camera,1,312.36,22-10-2024
ORD108251,Adam Gordon,Mobile,4,3252.12,12-06-2024
ORD108252,Karen Cunningham MD,Monitor,3,2032.54,04-10-2024
ORD108253,Kevin Bennett,Printer,2,4695.61,28-02-2025
ORD108254,Michele Diaz,Mouse,5,817.24,08-10-2025
ORD108255,Rhonda Rogers,Smartwatch,1,616.42,26-11-2024
ORD108256,Richard Greer,Printer,4,4401.3,18-04-2025
ORD108257,Anthony Lee,Monitor,3,1756.79,26-02-2025
ORD108258,Corey Kelley,Mouse,1,2561.74,11-07-2025
ORD108259,Kevin Mcmillan,Keyboard,1,3458.72,04-08-2025
ORD108260,Douglas Henry,Mouse,2,698.22,23-07-2025
ORD108261,Michael Wagner,Headphones,5,2144.98,26-09-2025
ORD108262,Jennifer Soto,Tablet,5,3962.47,17-04-2024
ORD108263,Michelle Macias,Tablet,4,2395.49,16-02-2025
ORD108264,Patricia Taylor,Laptop,1,3835.56,06-12-2024
ORD108265,Megan Lopez,Keyboard,3,2471.28,04-11-2025
ORD108266,Daniel Tapia,Laptop,4,4951.57,04-02-2025
ORD108267,William Williams,Headphones,5,1572.71,19-06-2024
ORD108268,Christopher Callahan,Mobile,5,825.73,14-09-2024
ORD108269,Katherine Tran,Laptop,5,2242.34,20-06-2024
ORD108270,Bryan Gonzales DDS,Monitor,3,2482.46,07-07-2024
ORD108271,Charles Miller,Tablet,5,1264.9,20-09-2025
ORD108272,Belinda Smith,Keyboard,5,4809.9,27-12-2025
ORD108273,Lisa Fernandez,Monitor,2,2719.42,27-08-2025
ORD108274,Jason Huynh,Headphones,5,208.4,30-09-2024
ORD108275,Douglas Scott,Mouse,2,520.33,24-01-2026
ORD108276,Jeremy Carter,Mouse,5,1125.46,05-06-2025
ORD108277,Jennifer Johnson,Monitor,5,4167.2,14-12-2024
ORD108278,Jose Fletcher,Keyboard,1,4341.38,26-10-2024
ORD108279,Joshua Burch,Laptop,1,362.76,26-03-2025
ORD108280,Nicholas Jackson,Laptop,4,566.87,31-08-2025
ORD108281,Mrs. Sabrina Johnson,Monitor,4,3483.35,05-01-2026
ORD108282,Alan Torres,Mouse,3,3328.05,03-01-2025
ORD108283,Eric Strickland,Printer,4,2567.29,07-06-2025
ORD108284,Robert Brown,Tablet,5,3200.82,10-02-2026
ORD108285,Olivia Henderson,Tablet,3,2676.35,01-02-2026
ORD108286,Julie Gardner,Printer,2,482.94,06-06-2024
ORD108287,Marie Williams,Headphones,2,544.17,13-10-2025
ORD108288,Russell Cervantes,Tablet,1,808.81,28-03-2024
ORD108289,Chad Anderson,Camera,1,4162.99,04-08-2025
ORD108290,Ashley Martinez,Laptop,2,371.18,04-05-2025
ORD108291,Dr. Tina Brown,Keyboard,2,3151.69,09-01-2025
ORD108292,Tracy Lambert,Keyboard,3,1129.4,23-07-2025
ORD108293,Russell Vincent,Mobile,5,1612.99,24-05-2024
ORD108294,Michael Turner,Laptop,4,3988.15,04-01-2025
ORD108295,Ashley Lopez,Smartwatch,2,4942.86,06-12-2024
ORD108296,Jessica Allen,Tablet,2,2738.88,21-12-2024
ORD108297,Randall Miller,Mouse,5,3329.28,22-10-2025
ORD108298,Robert Brown,Printer,4,1425.91,08-05-2024
ORD108299,Brandon Reeves,Camera,3,4151.51,12-01-2025
ORD108300,Alyssa Frazier,Camera,4,443.54,06-06-2024
ORD108301,Jennifer Williams,Keyboard,4,2819.36,20-05-2025
ORD108302,Joshua Nunez,Headphones,2,3783.41,01-06-2025
ORD108303,Elizabeth Aguilar,Tablet,4,1575.79,30-12-2025
ORD108304,Kathryn Pratt,Headphones,1,995.6,29-10-2025
ORD108305,Robert Patterson,Monitor,1,1185.34,28-03-2025
ORD108306,John Rush,Headphones,4,1360.21,06-06-2024
ORD108307,Todd Garcia,Camera,2,1549.99,27-05-2024
ORD108308,Karen Willis,Mouse,4,3861.78,08-01-2026
ORD108309,Cindy Kelly,Monitor,2,2415.19,20-09-2025
ORD108310,Laurie Everett,Mobile,4,4357.11,28-04-2025
ORD108311,Colleen Walker,Mouse,2,4533.47,11-02-2024
ORD108312,Jasmine Meza,Monitor,1,3318.33,02-12-2024
ORD108313,Eric Bender,Printer,1,4678.53,24-03-2025
ORD108314,Jessica Swanson,Mobile,2,4699.61,25-10-2025
ORD108315,Loretta Martinez,Smartwatch,5,2829.76,10-11-2024
ORD108316,Diana Calderon,Camera,5,1301.74,26-12-2025
ORD108317,Kenneth Murphy,Monitor,5,4179.61,03-12-2024
ORD108318,Patrick Mendoza,Laptop,5,3118.55,27-03-2025
ORD108319,William Hamilton,Smartwatch,3,404.44,28-07-2024
ORD108320,Joanne Brennan,Headphones,5,3778.88,02-10-2025
ORD108321,Terry Chung,Keyboard,4,3481.28,17-02-2024
ORD108322,Laura Lane,Printer,3,4546.35,23-04-2025
ORD108323,Krystal Huber,Smartwatch,5,4847.18,30-11-2025
ORD108324,Audrey Roberts,Camera,3,1508.73,17-06-2024
ORD108325,Michael Hernandez,Mobile,2,686.78,07-09-2025
ORD108326,Cynthia Wilson,Keyboard,2,4532.17,18-12-2025
ORD108327,Keith Buchanan,Laptop,5,1019.67,28-02-2025
ORD108328,Charles Gibson,Mobile,3,1111.42,12-06-2025
ORD108329,Matthew Rodriguez,Laptop,5,2431.25,12-11-2024
ORD108330,Darlene Johnson,Keyboard,5,997.75,30-04-2025
ORD108331,Jennifer Lee,Camera,2,784.85,14-12-2024
ORD108332,Mike Adams,Mouse,1,1999.4,24-08-2024
ORD108333,Suzanne Cannon,Mouse,3,4315.29,02-03-2025
ORD108334,John Jarvis,Headphones,4,4171.84,22-11-2025
ORD108335,Edward Haley,Camera,1,2410.17,14-10-2025
ORD108336,Jennifer Johnson DVM,Tablet,1,875.25,23-06-2025
ORD108337,Richard Young,Camera,3,2900.89,23-09-2025
ORD108338,Aaron Brock,Printer,2,522.99,10-02-2025
ORD108339,Kelly Long MD,Smartwatch,4,3405.91,22-11-2025
ORD108340,Vanessa Hodges,Tablet,5,3956.76,01-09-2024
ORD108341,Michelle Cervantes,Smartwatch,2,2194.77,25-06-2024
ORD108342,James Gutierrez,Mouse,3,1031.69,15-05-2024
ORD108343,Shawn Harris,Laptop,4,3222.81,28-08-2024
ORD108344,Jamie Nelson,Mouse,3,3718.83,21-07-2024
ORD108345,Chad Morgan,Printer,1,3050.79,15-03-2025
ORD108346,Jacob Johnson DVM,Printer,4,3882.54,22-08-2025
ORD108347,Stephanie Herring,Smartwatch,5,1956.72,15-08-2025
ORD108348,Todd Haynes,Smartwatch,5,3335.39,16-08-2024
ORD108349,Elizabeth Wilson,Mobile,3,1292.25,04-01-2026
ORD108350,Andrea Allison,Smartwatch,3,2131.19,28-12-2024
ORD108351,Derrick Scott,Smartwatch,2,3653.84,01-05-2024
ORD108352,Ashley Newton,Monitor,4,3808.24,04-03-2025
ORD108353,Edward Kerr,Camera,3,2572.44,27-08-2024
ORD108354,Vincent Logan,Headphones,5,2686.32,28-03-2025
ORD108355,Nicholas Nichols,Smartwatch,4,2361.49,02-03-2024
ORD108356,Elizabeth Blankenship,Tablet,1,2747.04,27-11-2025
ORD108357,Michael Cox,Headphones,3,2204.02,17-02-2024
ORD108358,Douglas Cruz,Monitor,4,4210.92,29-08-2025
ORD108359,Matthew Mann,Headphones,2,459.27,23-01-2026
ORD108360,Eric Bradford PhD,Mouse,4,3792.1,18-02-2025
ORD108361,Charles Lane,Tablet,3,2866.54,12-03-2025
ORD108362,John Turner,Camera,4,685.97,18-06-2024
ORD108363,Karen Jennings,Laptop,3,4990.97,18-12-2025
ORD108364,Margaret Williams,Monitor,2,1629.39,20-06-2025
ORD108365,Melinda Barber,Laptop,3,3359.67,25-12-2024
ORD108366,Tonya Hart,Laptop,3,882.84,17-11-2024
ORD108367,Brian Guzman,Mouse,2,2665.2,27-02-2025
ORD108368,Daniel Watson,Monitor,4,2217.26,10-07-2025
ORD108369,Sarah Higgins,Tablet,4,1330.03,29-03-2025
ORD108370,Dorothy Benjamin,Headphones,2,1114.84,04-06-2025
ORD108371,Nicholas Johnson,Smartwatch,3,2457.91,01-10-2025
ORD108372,Aaron Carter,Headphones,2,1289.63,21-03-2025
ORD108373,Steven Mcclure,Monitor,5,2540.82,22-02-2024
ORD108374,Jesse Phillips,Smartwatch,2,2148.5,15-10-2024
ORD108375,Roy Owens,Laptop,1,2578.09,12-02-2024
ORD108376,Martha Cortez,Camera,2,3377.31,22-08-2025
ORD108377,Michael Nguyen,Keyboard,2,3484.95,19-07-2024
ORD108378,Justin Faulkner,Keyboard,4,1922.8,30-03-2025
ORD108379,Larry Frazier,Printer,3,3791.4,24-08-2024
ORD108380,Erin Gray,Smartwatch,1,2979.52,09-01-2025
ORD108381,Stephen Fowler,Mouse,4,1097.48,17-12-2025
ORD108382,Michelle Pineda,Mouse,1,1136.47,08-01-2026
ORD108383,Lisa Dennis,Mobile,1,1782.47,06-07-2024
ORD108384,Christopher Bond,Tablet,4,4584.6,04-04-2025
ORD108385,James Jackson,Printer,4,2758.26,14-05-2025
ORD108386,Regina Thompson,Headphones,2,559.21,14-01-2025
ORD108387,Julie Hall,Keyboard,3,4184.15,06-12-2025
ORD108388,Frederick Villarreal,Mouse,2,1951.48,16-01-2026
ORD108389,Marc Riley,Tablet,5,4739.53,18-03-2025
ORD108390,Jesse Baker,Tablet,2,1925.27,20-06-2024
ORD108391,Colleen Ball,Laptop,4,1629.38,29-02-2024
ORD108392,Sara Franklin,Monitor,4,1815.83,11-04-2025
ORD108393,Mitchell Williams,Monitor,3,3320.96,06-05-2025
ORD108394,Barbara Rogers,Tablet,2,4431.54,20-06-2025
ORD108395,Manuel Combs,Camera,3,1428.18,18-03-2024
ORD108396,Jeremy Jones,Headphones,1,4133.61,30-04-2025
ORD108397,Robert Ortiz Jr.,Mobile,5,3626.78,06-04-2024
ORD108398,Megan Carey,Mouse,1,1479.57,22-08-2025
ORD108399,Kimberly Schwartz,Smartwatch,5,4696.74,08-12-2024
ORD108400,Monica Edwards,Camera,1,3119.62,25-03-2025
ORD108401,Stephanie Bryan,Headphones,4,3815.69,22-03-2025
ORD108402,Nancy Martinez,Camera,4,132.4,03-10-2024
ORD108403,Scott Harris,Printer,1,138.82,16-07-2024
ORD108404,Carl Henderson,Printer,2,3054.86,16-04-2025
ORD108405,Veronica Barker,Mouse,4,2847.94,27-02-2025
ORD108406,Abigail Brewer,Headphones,3,1891.86,23-08-2024
ORD108407,Maurice Shelton,Monitor,5,3739.32,18-03-2025
ORD108408,Zachary Pollard,Tablet,4,2356.07,25-08-2025
ORD108409,Kelly Smith,Smartwatch,5,174.46,06-12-2024
ORD108410,Sergio Romero,Mobile,2,758.46,13-07-2024
ORD108411,Kevin Parker,Laptop,4,4880.09,18-01-2025
ORD108412,Heather Valenzuela,Headphones,4,3612.46,16-07-2025
ORD108413,Troy Olsen,Mobile,5,4899.35,17-02-2025
ORD108414,Tina Collins,Laptop,1,4273.73,23-11-2025
ORD108415,Peter Nelson,Printer,2,1553.43,10-03-2025
ORD108416,Melissa Leon,Laptop,2,2266.66,22-11-2025
ORD108417,James Nguyen,Camera,2,1230.16,03-02-2025
ORD108418,David Hamilton,Mobile,3,1243.3,17-09-2025
ORD108419,Timothy Vaughn,Laptop,3,2344.32,03-06-2024
ORD108420,Lisa Kim,Tablet,4,3553.16,02-02-2025
ORD108421,Michael Johnston,Keyboard,5,3517.29,22-02-2025
ORD108422,Molly Taylor,Smartwatch,2,3138.48,24-08-2025
ORD108423,Kelly Riley DDS,Printer,2,2350.67,14-02-2025
ORD108424,Douglas Hicks,Camera,4,3676.73,26-03-2024
ORD108425,Samuel Bond,Smartwatch,5,4399.71,15-08-2024
ORD108426,Brandon Santos,Smartwatch,1,2987.08,25-10-2024
ORD108427,Joanne Torres,Printer,3,2541.79,30-11-2025
ORD108428,Breanna Smith,Mobile,3,4542.75,05-11-2025
ORD108429,Julia Rodriguez,Laptop,5,3075.75,20-04-2025
ORD108430,Brenda Moore,Headphones,2,1673.22,02-07-2025
ORD108431,Joseph Vang,Mouse,1,4416.9,06-07-2025
ORD108432,Ashley Mills,Monitor,1,813.36,31-01-2026
ORD108433,Mark Holloway,Tablet,2,620.14,24-04-2024
ORD108434,Rachel Fletcher,Camera,1,1193.74,05-08-2025
ORD108435,Jonathan Howard,Monitor,5,2880.48,18-10-2024
ORD108436,Brett Harris,Printer,1,3176.95,18-09-2024
ORD108437,Antonio Berry,Headphones,2,3718.05,23-08-2025
ORD108438,Karen Parks,Camera,1,2816.74,10-06-2025
ORD108439,Ashley Thomas,Laptop,5,1529.63,09-03-2024
ORD108440,Paul Mcdonald,Keyboard,5,4397.48,04-04-2025
ORD108441,Allison Lloyd,Monitor,1,3330.78,09-03-2025
ORD108442,Austin Johnson,Tablet,2,497.97,29-05-2024
ORD108443,Mary Watts,Monitor,3,122.84,16-04-2025
ORD108444,Julia Smith,Headphones,5,4383.82,30-05-2025
ORD108445,Carl Williams DDS,Mobile,4,3184.36,03-06-2025
ORD108446,Stacie Gordon,Monitor,5,3123.1,24-07-2024
ORD108447,Jessica Terrell,Laptop,2,757.06,13-07-2025
ORD108448,Madeline Pruitt MD,Mouse,5,2470.51,07-09-2025
ORD108449,Eric Dudley,Tablet,5,4018.97,12-07-2024
ORD108450,Charles Miller,Headphones,5,903.18,03-02-2025
ORD108451,Jessica Villegas,Camera,4,4351.74,03-01-2025
ORD108452,Pamela Solis,Printer,3,3811.22,19-07-2025
ORD108453,William Travis,Keyboard,1,573.27,04-09-2025
ORD108454,Heidi Williams,Mobile,5,3349.85,03-05-2025
ORD108455,Hector Hammond,Printer,5,693.69,20-06-2024
ORD108456,John Lewis,Tablet,3,1655.37,13-03-2024
ORD108457,Emily Schneider,Monitor,4,3589.58,26-10-2025
ORD108458,Mary Morris,Laptop,1,3395.31,14-02-2024
ORD108459,Vanessa Mccormick,Laptop,4,1884.86,15-02-2024
ORD108460,Nathan Hall,Keyboard,3,2940.3,19-08-2025
ORD108461,Jerry West,Printer,1,389.28,26-01-2026
ORD108462,Peter Brown,Mouse,4,108.13,30-05-2024
ORD108463,Dr. Ronald Mccarthy,Keyboard,3,1006.74,16-01-2025
ORD108464,Thomas Zimmerman,Printer,5,3939.29,21-02-2025
ORD108465,Christopher Guerrero,Printer,4,2769.37,06-02-2025
ORD108466,James Diaz,Monitor,4,3995.56,21-09-2025
ORD108467,Belinda Parsons,Laptop,1,1631.5,19-02-2024
ORD108468,Mark Green,Mobile,2,2532.71,24-09-2024
ORD108469,David Anderson,Camera,2,1215.8,22-10-2024
ORD108470,Nathan Wilson,Mouse,3,2943.2,06-11-2024
ORD108471,Sharon Sanchez,Mouse,5,464.53,15-11-2025
ORD108472,Maria Brooks,Camera,1,1868.27,18-04-2025
ORD108473,Kelly Torres,Laptop,4,2547.03,27-01-2026
ORD108474,Stephanie Hatfield,Monitor,1,3852.45,10-09-2024
ORD108475,Monique Schneider,Monitor,2,3989.69,11-02-2025
ORD108476,Karen Sutton,Tablet,3,2007.52,09-04-2025
ORD108477,Kendra Valentine,Keyboard,5,3001.96,20-09-2025
ORD108478,Paul Cook,Tablet,4,1896.3,29-09-2025
ORD108479,Mrs. Patricia Henson,Laptop,1,1597.14,18-08-2025
ORD108480,Morgan Gray,Smartwatch,3,719.23,02-10-2024
ORD108481,Jennifer Reed,Smartwatch,3,1405.93,23-05-2025
ORD108482,Heather Wilson,Smartwatch,1,4112.66,26-03-2024
ORD108483,Gabrielle Brown,Keyboard,1,4233.06,27-05-2025
ORD108484,Molly Morales,Monitor,2,251.89,25-08-2025
ORD108485,Megan Williams,Tablet,1,2394.43,01-07-2025
ORD108486,Brent Mendez,Laptop,5,3959.82,30-07-2025
ORD108487,Joseph Hoffman,Mouse,3,1226.08,02-12-2025
ORD108488,Donna Cunningham,Laptop,4,996.35,30-04-2025
ORD108489,John Cruz,Mobile,3,4943.3,16-11-2024
ORD108490,Cynthia Gardner,Laptop,1,236.16,16-12-2024
ORD108491,Steven Rodgers,Mobile,4,604.18,18-05-2025
ORD108492,Jonathan Hanson,Mobile,1,450.21,30-12-2024
ORD108493,Mrs. Lisa Hall,Camera,1,1734.23,16-12-2025
ORD108494,Jennifer Glover,Headphones,5,4162.67,13-06-2025
ORD108495,Mark Simmons,Camera,5,1138.9,13-01-2025
ORD108496,James Roberson,Smartwatch,5,4295.08,17-07-2025
ORD108497,Amber Ibarra,Keyboard,1,3978.57,26-03-2024
ORD108498,Belinda Taylor,Camera,3,4942.03,30-03-2025
ORD108499,Mitchell Dunn,Laptop,4,3876.91,08-07-2025
ORD108500,Sarah Johnson,Laptop,2,1483.51,29-11-2025
ORD108501,Kimberly Flores,Tablet,3,1961.12,04-10-2024
ORD108502,Janice Jordan,Mouse,2,1997.39,21-07-2024
ORD108503,Andrea Hale,Camera,5,727.32,20-05-2024
ORD108504,Samuel Lopez,Mouse,4,3678.67,12-04-2024
ORD108505,Kim Chapman,Tablet,1,3122.3,18-03-2025
ORD108506,Ryan Stewart,Mobile,4,4847.55,06-06-2025
ORD108507,Brandon Duncan,Headphones,4,2114.52,12-05-2024
ORD108508,Kyle Hurst,Camera,3,3861.46,18-02-2025
ORD108509,Miss Patricia Henry,Laptop,1,1309.5,12-02-2024
ORD108510,Amber Pruitt,Smartwatch,2,4346.98,12-12-2025
ORD108511,Timothy Mahoney,Headphones,3,3751.2,18-04-2025
ORD108512,Mark Watkins,Printer,5,263.45,06-11-2024
ORD108513,David Terry,Tablet,2,3537.24,30-12-2025
ORD108514,Stephen Nichols,Mouse,5,994.06,29-09-2024
ORD108515,Thomas Hoffman,Mobile,1,2090.87,30-05-2024
ORD108516,Samuel Wright,Tablet,2,1600.86,11-02-2024
ORD108517,Sean Thompson,Mobile,5,4434.99,21-08-2025
ORD108518,Jamie Mcdonald,Mouse,4,4729.01,22-08-2024
ORD108519,Karen Dillon,Headphones,3,2096.79,10-04-2024
ORD108520,Barbara Wright,Laptop,4,1745.95,26-03-2024
ORD108521,Amy Garcia,Smartwatch,2,4909.98,15-04-2025
ORD108522,Maria Gordon,Laptop,1,2489.66,17-03-2025
ORD108523,Jeffrey Waters,Camera,3,1834.38,02-02-2026
ORD108524,Scott Sims,Monitor,1,3340.59,04-03-2024
ORD108525,Kayla Pearson,Monitor,5,978.44,11-08-2025
ORD108526,Adam Shaw,Smartwatch,1,2425.63,05-07-2024
ORD108527,Stephanie Mcmillan,Laptop,5,2041.69,10-03-2024
ORD108528,Laura Gomez,Keyboard,3,1069.68,04-03-2025
ORD108529,Bonnie Bennett,Laptop,2,3611.14,16-05-2024
ORD108530,Teresa Koch,Headphones,5,2729.67,27-06-2024
ORD108531,Marissa Cunningham,Printer,2,2304.82,18-08-2024
ORD108532,Steve Davis,Mobile,1,3551.85,04-04-2025
ORD108533,Robert Carson,Mouse,3,3232.06,09-03-2024
ORD108534,Rickey Wallace,Smartwatch,3,4110.48,04-02-2026
ORD108535,Jennifer Stein,Mobile,1,2786.79,06-10-2024
ORD108536,Marcus Martinez,Laptop,4,4299.41,21-08-2024
ORD108537,Jennifer Smith,Tablet,2,4530,11-07-2025
ORD108538,Tonya Parker,Mobile,5,387.04,10-08-2025
ORD108539,Alicia Zavala,Headphones,2,2469.43,24-12-2024
ORD108540,Paul Brady MD,Keyboard,5,1411.06,18-05-2024
ORD108541,Jennifer Levy,Monitor,2,3936.15,09-10-2024
ORD108542,Joseph Alexander,Smartwatch,1,4360.22,21-08-2025
ORD108543,Stephen Brown,Mouse,4,227.18,01-10-2024
ORD108544,Jason Monroe,Mouse,5,4803.66,19-04-2024
ORD108545,Jorge Swanson,Mobile,3,4949.92,09-09-2024
ORD108546,Emily Griffith,Headphones,1,1650.05,21-10-2025
ORD108547,Mitchell Jones,Mobile,5,982.49,24-10-2024
ORD108548,Elizabeth Mccarty,Monitor,1,4706.22,14-03-2025
ORD108549,Steven Baird,Tablet,2,108.5,24-04-2025
ORD108550,Jesus Gonzales,Mobile,2,2610.91,12-05-2025
ORD108551,Sarah Wallace,Monitor,4,2767.9,24-11-2024
ORD108552,Dennis Juarez,Laptop,1,4712.13,04-05-2025
ORD108553,Nicholas Good,Camera,4,3596.2,06-03-2025
ORD108554,Joe Johnson,Smartwatch,4,3945.39,02-01-2025
ORD108555,Glenn King,Tablet,4,3306.79,16-10-2025
ORD108556,Matthew Kelly,Printer,4,4750.36,12-06-2025
ORD108557,Christopher Washington,Headphones,2,2270.34,21-04-2025
ORD108558,Linda Ferrell,Printer,3,4402.88,11-08-2024
ORD108559,Laura Jordan,Mobile,1,3189.46,30-05-2024
ORD108560,Jonathan Miller,Camera,4,2322.66,30-12-2025
ORD108561,Derrick Jones,Camera,3,4120.72,30-11-2024
ORD108562,Dr. Marie Ramirez,Monitor,3,1257.37,25-10-2025
ORD108563,Gail Avila,Smartwatch,5,2277.03,02-02-2025
ORD108564,Amy Small,Headphones,1,3986.06,14-10-2024
ORD108565,Stefanie Brady PhD,Headphones,1,3497.88,26-10-2024
ORD108566,Gabriella Carlson,Mobile,3,3451.97,11-07-2025
ORD108567,Daniel Diaz,Smartwatch,1,4321.18,10-11-2024
ORD108568,Darrell George,Headphones,5,3780.75,07-12-2025
ORD108569,Bryan Hart,Smartwatch,1,3816.13,04-02-2026
ORD108570,Hannah Wagner,Headphones,3,102.71,04-01-2026
ORD108571,Richard Robbins,Monitor,5,1696.14,20-01-2026
ORD108572,Joseph Hess,Monitor,1,2947.62,26-01-2026
ORD108573,Dr. Paul Grant,Mobile,2,4653.24,19-08-2025
ORD108574,Scott Reynolds,Laptop,4,1438.86,19-11-2024
ORD108575,Gene Henderson,Smartwatch,5,1704.31,14-05-2025
ORD108576,Erica Norris,Headphones,3,4400.11,03-10-2025
ORD108577,Mary Clayton,Tablet,3,850.1,04-09-2024
ORD108578,Melanie Mcfarland,Laptop,2,141.06,05-01-2025
ORD108579,Matthew Young,Printer,2,4630.84,10-07-2024
ORD108580,Herbert Cruz,Laptop,3,4380.79,23-08-2025
ORD108581,Adam Oconnor,Smartwatch,2,628.48,10-05-2024
ORD108582,Bryce Cummings,Headphones,2,3083.23,18-05-2024
ORD108583,Jimmy Porter,Mobile,1,2808.66,01-06-2025
ORD108584,Brian Robinson,Mobile,1,626.44,18-03-2025
ORD108585,Tracy Harris,Monitor,2,1825.66,24-12-2024
ORD108586,Alexander Gray,Headphones,3,542.89,25-04-2024
ORD108587,Jessica Snyder,Mobile,4,1492.75,16-06-2025
ORD108588,Rachel Harrell,Smartwatch,2,187.41,07-04-2024
ORD108589,Thomas Pham,Camera,3,4396.75,26-09-2024
ORD108590,Javier Bell,Tablet,1,3713.34,20-02-2025
ORD108591,Logan Haney,Camera,4,1666.38,03-08-2025
ORD108592,Gabriela Mullen,Mouse,3,2083.34,02-01-2025
ORD108593,Megan Myers,Headphones,2,3613.39,07-08-2024
ORD108594,Joseph Flores,Camera,4,1995.23,01-02-2026
ORD108595,Heidi Martin,Headphones,3,892.96,19-01-2026
ORD108596,Karina Harrison,Tablet,1,1594.1,26-02-2024
ORD108597,Calvin Salazar,Headphones,1,4322.37,15-04-2025
ORD108598,Gabriela Powell,Printer,1,2731.64,30-08-2024
ORD108599,Brian English,Tablet,2,1405.61,26-06-2024
ORD108600,Sandra Herman,Printer,5,4070.08,08-02-2025
ORD108601,Roberta Smith,Keyboard,2,1141.95,05-03-2024
ORD108602,Mary Taylor,Mouse,2,1918.12,29-01-2026
ORD108603,Ronald Meadows,Mobile,1,819.4,05-04-2024
ORD108604,Cory Harris,Mobile,5,2921.61,23-09-2024
ORD108605,Daniel Collier,Monitor,5,1349.96,24-04-2025
ORD108606,Abigail Mercado,Printer,2,1619.47,26-05-2025
ORD108607,Thomas Best,Monitor,4,3236.16,01-02-2026
ORD108608,Andrew Johnson,Smartwatch,5,752.52,19-03-2025
ORD108609,Wesley Robinson,Laptop,5,318.25,28-03-2025
ORD108610,Dustin Roberts,Smartwatch,3,4275.99,15-02-2025
ORD108611,Christina Nguyen,Printer,3,2376.32,02-06-2025
ORD108612,Sarah Mays,Printer,1,4839.53,04-02-2025
ORD108613,Jennifer Mclaughlin,Printer,1,2371.1,11-08-2025
ORD108614,Stephanie Perez,Mouse,5,3549.32,08-11-2024
ORD108615,Patrick Barajas,Mobile,2,1134.87,02-09-2025
ORD108616,Michael Williams,Mobile,2,823.09,01-02-2026
ORD108617,Briana Warner,Camera,1,4490.1,28-08-2024
ORD108618,Sharon Williams,Mouse,5,1128.96,06-10-2025
ORD108619,Melissa Johnson,Tablet,5,4145.98,04-11-2024
ORD108620,April Howard,Mobile,1,3966.95,25-09-2025
ORD108621,Jennifer Lee,Smartwatch,1,3672.12,02-01-2026
ORD108622,Angel Johnson,Mobile,5,3058.58,19-11-2025
ORD108623,James Brown,Tablet,4,435.52,30-07-2024
ORD108624,Kevin Bryant,Keyboard,4,2172.16,19-03-2024
ORD108625,Jeffrey Hawkins,Mobile,1,190.2,29-01-2025
ORD108626,Mark Murray,Headphones,5,3024.23,24-09-2025
ORD108627,Stephen Lambert,Smartwatch,2,1581.1,06-08-2024
ORD108628,Tracey Mccarthy,Keyboard,1,1951.03,26-01-2026
ORD108629,Courtney Anderson,Laptop,1,4079.01,26-08-2025
ORD108630,Matthew Martin,Mobile,5,2459.79,30-03-2024
ORD108631,Lauren Thompson,Mobile,5,2424.83,06-06-2025
ORD108632,Angela Curtis,Tablet,3,4542.56,22-11-2024
ORD108633,Mark Williams,Headphones,3,1481.18,01-06-2025
ORD108634,Karla White MD,Tablet,1,2055.25,23-01-2026
ORD108635,Michael Little,Printer,2,4800.88,11-02-2025
ORD108636,Anita Camacho,Monitor,4,2778.4,12-04-2025
ORD108637,Peggy Montes,Laptop,5,2524.67,27-07-2025
ORD108638,Lance Hatfield,Printer,3,4194.68,26-06-2024
ORD108639,Michael Thompson,Monitor,5,2534.37,25-10-2024
ORD108640,Cathy Gonzalez,Monitor,3,392.51,10-02-2025
ORD108641,Colin Williams,Mobile,4,816.49,11-10-2025
ORD108642,Frank Park,Keyboard,4,543.02,11-04-2024
ORD108643,Ricky Bray,Headphones,3,1829.22,07-12-2025
ORD108644,Jessica Davis,Laptop,3,1657.43,04-06-2025
ORD108645,Brian Khan,Laptop,4,3899.74,27-01-2026
ORD108646,Scott Rodriguez,Mouse,4,439.77,04-05-2024
ORD108647,Amanda Carter,Smartwatch,2,924.73,09-11-2024
ORD108648,Steven Young,Headphones,3,1451.29,20-04-2024
ORD108649,Jennifer King,Mobile,3,4552.74,13-01-2025
ORD108650,Miss Alexis Ruiz,Mobile,4,2484.58,12-10-2024
ORD108651,Toni Young,Tablet,4,2974.51,30-08-2025
ORD108652,Robert Campbell,Camera,2,1983.68,15-02-2025
ORD108653,Andrew Strickland,Keyboard,3,4334.08,06-03-2025
ORD108654,Chad Morgan,Mobile,4,4495.15,29-02-2024
ORD108655,Jose Johnson,Headphones,5,3022.69,27-01-2025
ORD108656,Justin Sanchez,Tablet,4,3487.11,08-07-2024
ORD108657,Nicholas Thompson,Tablet,5,2369.94,13-07-2025
ORD108658,Molly Shepherd,Keyboard,5,4330.71,11-07-2025
ORD108659,Jason Hill,Camera,5,4502.59,09-02-2026
ORD108660,Patricia Johnson,Tablet,2,3751.2,22-03-2024
ORD108661,Bradley Nolan,Mobile,2,126.14,10-12-2025
ORD108662,Beverly Johnson,Monitor,3,3346.64,09-03-2024
ORD108663,David Nelson,Smartwatch,4,3001.07,06-11-2024
ORD108664,Victoria Johnson,Mobile,5,2908.78,09-01-2026
ORD108665,Linda Hoffman,Keyboard,4,924.9,13-09-2025
ORD108666,Debra Johnson,Keyboard,2,3985.78,24-12-2024
ORD108667,Sarah Thomas,Printer,1,4551.6,01-03-2024
ORD108668,Shawn Perry,Keyboard,2,2329.86,28-04-2024
ORD108669,Rachel Wilkinson,Camera,3,2044.33,07-09-2024
ORD108670,Nicole Cameron,Mobile,4,3691.58,16-08-2024
ORD108671,Laura Khan,Camera,4,3546.31,17-12-2024
ORD108672,Rachel Ruiz,Camera,5,3051.43,20-10-2025
ORD108673,Matthew Brown,Tablet,5,1886.34,16-12-2024
ORD108674,April Lewis,Headphones,3,4950.74,04-05-2025
ORD108675,Gina Woodward,Printer,2,3778.35,17-10-2024
ORD108676,Connor Benson,Mobile,4,2936.95,17-07-2024
ORD108677,Alicia Hall,Printer,2,3210.77,14-09-2025
ORD108678,Ryan Hart,Mobile,3,1998.46,16-12-2025
ORD108679,John Diaz,Keyboard,2,3624.01,12-05-2025
ORD108680,Jamie Hudson,Mouse,1,4460.32,22-02-2024
ORD108681,Michael Wiggins,Tablet,2,3336.97,06-05-2024
ORD108682,Taylor Cameron,Smartwatch,4,3485.45,04-11-2025
ORD108683,Brianna Martinez,Headphones,4,3450.19,14-02-2024
ORD108684,Glenn Adams,Printer,1,465.87,20-02-2024
ORD108685,Mary Fuentes,Monitor,5,2654.78,02-05-2024
ORD108686,Latasha Gonzales,Printer,3,2863.94,03-05-2024
ORD108687,Angela Miller,Keyboard,5,1520.12,15-11-2024
ORD108688,Kirsten Edwards,Keyboard,3,1466.18,12-05-2024
ORD108689,Christina Garcia,Smartwatch,3,786.9,16-10-2024
ORD108690,Jillian Gallagher,Smartwatch,2,3634.52,26-11-2024
ORD108691,Carla Saunders,Headphones,4,4170.82,17-09-2024
ORD108692,Kelly Jones,Laptop,4,4569.34,28-06-2024
ORD108693,Mr. Mark Barton MD,Tablet,5,4293.55,14-09-2024
ORD108694,Christopher King,Mouse,5,3444.57,01-09-2025
ORD108695,Francisco Cline,Camera,2,4286.84,16-02-2025
ORD108696,Tiffany Brown,Mouse,3,669.38,16-11-2024
ORD108697,Mrs. Erin Porter,Laptop,3,4032.56,07-05-2024
ORD108698,Stephen Allen,Mouse,2,3139.81,11-04-2024
ORD108699,Christy Soto,Tablet,2,3279.19,12-11-2024
ORD108700,Vanessa Yang,Keyboard,2,664.19,14-07-2025
ORD108701,Dale Scott,Headphones,3,2043.93,22-07-2024
ORD108702,Derrick Rodriguez,Monitor,4,3716.67,10-01-2025
ORD108703,David Dawson,Printer,2,4851.01,12-08-2025
ORD108704,Mr. Robert Baker,Laptop,2,1757.99,02-03-2024
ORD108705,Anthony Martin,Tablet,4,2007.11,23-03-2025
ORD108706,Mary Johnson,Mobile,5,4065.16,08-06-2024
ORD108707,George Nicholson,Printer,5,214.98,30-01-2026
ORD108708,Lauren Harrington,Monitor,3,521.07,08-09-2024
ORD108709,George Gonzalez,Mobile,4,2853.09,01-12-2025
ORD108710,Jonathan Beard,Monitor,1,388.8,27-05-2025
ORD108711,Stephen Wood,Headphones,3,3547.87,30-03-2025
ORD108712,Gabriel Tucker,Camera,1,2657.65,19-12-2025
ORD108713,Angela Swanson,Smartwatch,4,4512.57,08-02-2025
ORD108714,Charles Miller,Headphones,1,202.3,21-02-2025
ORD108715,Bobby Nelson,Monitor,3,2786.86,15-03-2024
ORD108716,George Ward,Camera,4,4856.94,05-04-2024
ORD108717,Darlene Johnson,Camera,4,3948.99,03-09-2025
ORD108718,Mary Romero,Headphones,5,1785.5,22-08-2025
ORD108719,Marissa Miller,Tablet,3,1757.43,05-11-2025
ORD108720,Joshua Perry,Printer,1,3343.52,21-01-2026
ORD108721,Shirley Hale,Mobile,3,2617.33,19-04-2024
ORD108722,Laura Watson,Printer,4,2531.94,05-02-2026
ORD108723,Ashley Hawkins,Tablet,5,1779.37,31-07-2024
ORD108724,Amber Anderson,Camera,4,286.13,15-01-2025
ORD108725,Sabrina Miller,Mobile,5,3833.2,16-06-2024
ORD108726,Antonio Davis,Camera,2,2379.07,24-02-2025
ORD108727,Brendan Schaefer,Headphones,4,2307.01,24-05-2024
ORD108728,Maria Evans,Mouse,1,4149.27,25-06-2024
ORD108729,Linda Wright,Mouse,1,3950.18,10-11-2025
ORD108730,Shelley Perry,Monitor,4,641.4,07-08-2025
ORD108731,Christopher Coleman,Monitor,5,4698.55,28-12-2024
ORD108732,Jennifer Steele,Mouse,4,2575.9,23-01-2025
ORD108733,Beth Smith,Printer,4,857.02,19-02-2024
ORD108734,Sarah Wall,Printer,5,2335.02,29-12-2024
ORD108735,Cynthia Thompson,Smartwatch,1,1499.48,21-04-2024
ORD108736,Shannon Brown,Headphones,4,4051.55,02-09-2024
ORD108737,Ashley Schwartz,Laptop,4,4943.77,11-07-2025
ORD108738,Anne Thomas,Tablet,2,734.22,08-03-2025
ORD108739,Jordan Byrd,Monitor,5,3253.15,29-05-2025
ORD108740,Kristopher Shaw,Camera,3,122.86,08-05-2025
ORD108741,Jessica Hanson,Smartwatch,4,2728.26,07-03-2024
ORD108742,Lynn Young,Mouse,1,1273.94,14-01-2025
ORD108743,Leon Gonzalez,Mobile,3,3985.6,12-02-2025
ORD108744,Jeffrey Henderson,Camera,1,3004.05,14-07-2025
ORD108745,James Cross,Tablet,2,4838.02,28-06-2024
ORD108746,Amy Miller,Smartwatch,1,238.89,09-01-2026
ORD108747,Mark Mcmahon,Monitor,4,1985.45,01-04-2024
ORD108748,Ashley Lamb,Headphones,3,857.76,06-10-2025
ORD108749,Robert Johnson,Mouse,1,795.44,25-02-2025
ORD108750,Steve Vega,Mouse,2,577.63,06-10-2025
ORD108751,Shelly Kim,Laptop,1,543.91,22-08-2024
ORD108752,Gerald Mejia,Mouse,5,3198.93,10-02-2025
ORD108753,Robert Edwards,Camera,4,3570.16,10-07-2025
ORD108754,Derek Velazquez,Headphones,5,1645.31,14-09-2025
ORD108755,Emily Parker,Keyboard,2,4026.27,13-10-2025
ORD108756,Sharon Lopez,Smartwatch,1,1072.19,25-04-2024
ORD108757,Jeremiah Everett,Monitor,3,4614.08,26-05-2024
ORD108758,Timothy Eaton,Keyboard,1,3117.35,21-01-2025
ORD108759,Marcus Mccarthy,Headphones,5,3744.6,14-03-2024
ORD108760,Emily Taylor,Mouse,1,666.38,14-03-2024
ORD108761,Christopher Williams,Monitor,1,1235.42,09-05-2024
ORD108762,Nicholas Johnson,Printer,5,4548.48,16-07-2025
ORD108763,Lisa Holland,Tablet,1,4179.59,24-08-2025
ORD108764,Darren Lang,Mouse,3,998.79,15-05-2024
ORD108765,Lauren Bond,Tablet,5,3279.06,05-04-2024
ORD108766,David Taylor,Laptop,3,4482.68,02-12-2024
ORD108767,Jim Donaldson,Laptop,4,1323.18,06-05-2025
ORD108768,Andrew Davis,Monitor,4,1582.65,05-06-2024
ORD108769,Paul Carr,Laptop,2,4706.23,08-03-2025
ORD108770,Chelsey Vasquez,Monitor,3,760.19,05-10-2024
ORD108771,Jessica Edwards,Keyboard,2,1362.49,22-12-2025
ORD108772,Jamie Jackson,Tablet,1,2618.81,04-06-2025
ORD108773,Susan Kelley,Camera,1,2534.38,11-02-2025
ORD108774,Kevin Harrington,Camera,4,3682.59,05-07-2024
ORD108775,Katherine Romero,Printer,3,1569.76,16-12-2025
ORD108776,Taylor Mcknight,Smartwatch,1,2112.3,25-06-2024
ORD108777,Gregory Porter,Printer,1,4995.78,16-07-2025
ORD108778,Sabrina Marshall,Headphones,5,249.85,24-04-2025
ORD108779,Angel Cunningham,Smartwatch,4,284.85,09-12-2025
ORD108780,Jonathan Hanson,Laptop,3,4269.97,23-12-2024
ORD108781,Matthew Jimenez,Laptop,2,1380.95,28-01-2026
ORD108782,Mathew Lane,Mobile,2,1577.58,16-03-2025
ORD108783,Marcus Cochran,Mouse,3,1879.6,08-07-2025
ORD108784,Manuel Jensen,Mobile,2,1750.25,02-04-2025
ORD108785,Allison Wilson,Laptop,4,3034.81,17-01-2026
ORD108786,James Stephens,Laptop,4,4844.02,22-01-2025
ORD108787,Paul Porter,Monitor,4,2810.83,02-06-2024
ORD108788,William Ford,Camera,3,4255.11,13-05-2024
ORD108789,Patricia Hayes,Camera,4,3410.23,12-04-2024
ORD108790,Holly Kelly,Printer,2,318.49,22-06-2025
ORD108791,Bob Dominguez,Tablet,2,2701.66,23-04-2024
ORD108792,William Snyder,Laptop,4,1511.23,14-12-2025
ORD108793,Kristin Myers,Smartwatch,4,3361.48,05-10-2025
ORD108794,Calvin Alvarez,Laptop,4,244.14,25-07-2024
ORD108795,Jay Gutierrez,Headphones,1,4466.92,31-07-2025
ORD108796,Jennifer Harris,Smartwatch,4,4419.84,04-09-2025
ORD108797,Katherine Evans,Laptop,2,3189.89,26-10-2025
ORD108798,Patrick Chavez,Mobile,4,1955.91,01-02-2026
ORD108799,Tiffany King,Printer,2,664.57,18-03-2025
ORD108800,Melissa Chavez,Camera,3,3356.18,12-09-2024
ORD108801,Jennifer Morris,Smartwatch,2,1604.17,21-09-2024
ORD108802,Susan Anderson,Headphones,1,2807.24,23-07-2025
ORD108803,Shawn Scott,Tablet,4,1606.99,16-11-2024
ORD108804,Jeffrey Rogers,Printer,5,3861.81,29-01-2026
ORD108805,Donna Wallace,Camera,3,2604.4,14-04-2024
ORD108806,Shawn Smith,Camera,3,1129.04,25-07-2025
ORD108807,James Holder,Camera,5,2726.05,11-04-2025
ORD108808,Tiffany Bryant,Keyboard,5,4210.64,14-03-2025
ORD108809,David Moore,Mobile,5,2496.26,22-06-2024
ORD108810,Jennifer Simmons,Mouse,1,2913.31,04-05-2025
ORD108811,Sheri Williams,Mouse,1,829.97,25-05-2024
ORD108812,Sabrina Wiggins,Smartwatch,4,1731.81,16-10-2025
ORD108813,Benjamin Keller,Tablet,2,2145.85,04-06-2024
ORD108814,Ian Hughes,Camera,3,3142.17,01-01-2025
ORD108815,Mary Ferguson,Printer,5,3093.09,20-04-2025
ORD108816,Margaret Young,Printer,4,4294.53,03-12-2024
ORD108817,Nicholas Brown,Headphones,3,2534.35,06-08-2025
ORD108818,Edwin Green,Headphones,5,3833.12,30-09-2025
ORD108819,Stanley Graves,Tablet,5,1568.41,31-08-2025
ORD108820,Bethany Allen,Laptop,1,3356.34,24-05-2025
ORD108821,Michelle Griffith,Keyboard,5,1503.38,10-02-2025
ORD108822,Lisa Wallace,Camera,4,4233.97,16-10-2024
ORD108823,Eric Stout,Monitor,3,4589.85,10-04-2024
ORD108824,Alicia Cole,Keyboard,4,3584.75,05-08-2025
ORD108825,Andrew Williams,Smartwatch,3,1103.58,11-07-2025
ORD108826,Kimberly Fitzpatrick,Monitor,2,3052.33,26-05-2024
ORD108827,Haley Sutton,Camera,4,554.16,01-11-2025
ORD108828,Erin Young,Camera,1,2619.67,13-05-2024
ORD108829,Amber Shaw,Tablet,5,3988.87,22-07-2024
ORD108830,Chad Acevedo,Tablet,1,4204.41,08-12-2024
ORD108831,Erica Huber,Printer,2,3187.45,14-08-2024
ORD108832,David Allen,Mobile,3,330.33,03-06-2024
ORD108833,Stephen Holland,Mouse,5,3940.4,29-11-2024
ORD108834,Eric Fisher,Printer,5,3867.52,15-04-2025
ORD108835,Rachel Cummings,Mouse,2,3490.48,30-01-2026
ORD108836,Rebecca Pitts,Monitor,4,3161.42,29-10-2025
ORD108837,Monica Moody,Tablet,1,2113.69,15-06-2025
ORD108838,Kevin Miller,Camera,4,631.33,20-08-2024
ORD108839,Shane Aguilar,Printer,2,1774.67,16-03-2024
ORD108840,Alexander Brown,Tablet,5,4804.56,04-10-2024
ORD108841,Timothy Russell Jr.,Mobile,1,4216.41,06-04-2025
ORD108842,Jennifer Ball,Printer,4,3858.71,06-12-2024
ORD108843,Amy Shaw,Smartwatch,1,4681.97,07-07-2024
ORD108844,Susan Gray,Keyboard,2,146.29,13-10-2024
ORD108845,Wendy Marquez,Camera,2,150.89,19-04-2024
ORD108846,Diana Short,Mouse,2,4071.46,18-08-2024
ORD108847,Matthew Dominguez,Laptop,3,3646.67,13-02-2024
ORD108848,Michael Dalton,Headphones,5,3015.09,02-10-2024
ORD108849,Mark Johnson,Keyboard,2,4125.9,25-10-2024
ORD108850,Roberta Reyes,Camera,5,1574.07,15-06-2024
ORD108851,Renee Johnson,Smartwatch,2,2200.08,01-03-2024
ORD108852,Tyler Khan,Mobile,4,2780.27,30-07-2025
ORD108853,Daniel Haas,Laptop,1,414.37,08-03-2024
ORD108854,Christopher Walters,Smartwatch,3,344.58,12-09-2025
ORD108855,Kristina Freeman,Tablet,3,3102.65,16-05-2025
ORD108856,Gabriela Swanson,Keyboard,2,1833.37,30-07-2024
ORD108857,Rachel James,Laptop,3,1151.55,16-11-2025
ORD108858,Tina Nelson PhD,Smartwatch,5,3563.49,11-05-2024
ORD108859,Alan Gutierrez,Keyboard,5,3717.12,30-11-2025
ORD108860,David Smith,Camera,3,2208.79,30-12-2024
ORD108861,David Cline,Printer,1,1357.01,28-07-2025
ORD108862,Darren Snyder,Camera,3,2422.39,22-07-2025
ORD108863,Roger Larsen,Headphones,2,4264.86,26-09-2024
ORD108864,Justin Potts,Mobile,2,2102.72,11-04-2024
ORD108865,Hannah Garcia,Tablet,2,200.81,03-01-2025
ORD108866,Bryan Turner,Printer,4,4787.22,06-06-2025
ORD108867,Kyle Johnson,Tablet,5,296.4,11-07-2025
ORD108868,Scott Shaw,Mouse,1,750.94,18-05-2024
ORD108869,Sarah Cruz,Keyboard,5,2712.98,02-11-2024
ORD108870,Matthew Wilson,Tablet,4,1867.04,22-05-2024
ORD108871,Christine Martinez,Headphones,2,3735.53,31-01-2026
ORD108872,Kelly Robinson DDS,Mobile,5,1336.97,27-02-2025
ORD108873,Jessica Clayton,Mobile,2,1222.09,11-12-2024
ORD108874,Kristin Cole,Headphones,2,2365.44,19-03-2025
ORD108875,Mike Macdonald,Camera,4,114.64,11-09-2025
ORD108876,Crystal Anderson,Smartwatch,3,3483.99,18-01-2026
ORD108877,Paula Jacobs,Smartwatch,5,4689.99,27-01-2025
ORD108878,Mrs. Jennifer Gomez,Monitor,1,4754.22,24-09-2024
ORD108879,Daniel Mckinney,Camera,1,4906.91,27-10-2024
ORD108880,Mary Gilbert,Tablet,2,2211.95,05-07-2024
ORD108881,Rebecca Smith,Mobile,5,736.01,09-01-2026
ORD108882,Craig Lowery,Camera,3,2523.76,28-05-2024
ORD108883,Victoria Wilkerson,Headphones,4,1642.25,18-03-2025
ORD108884,Sean Herman,Camera,4,289,11-02-2025
ORD108885,Jeff Smith,Mobile,3,569.33,29-01-2025
ORD108886,Danielle Padilla,Keyboard,5,128.25,22-01-2025
ORD108887,Tammy Green,Keyboard,2,3462.6,02-10-2025
ORD108888,Jennifer Best,Laptop,4,933.86,20-08-2025
ORD108889,Abigail Johnson,Tablet,2,3711.09,13-10-2024
ORD108890,Randall Cummings,Mouse,2,2594.65,18-04-2024
ORD108891,Corey Conway,Smartwatch,2,4884.21,21-04-2025
ORD108892,Christine Porter,Mobile,2,1284.61,15-11-2025
ORD108893,Karen Simpson,Tablet,2,205.93,17-08-2025
ORD108894,Luis Smith,Tablet,2,2478.93,20-01-2025
ORD108895,James Tate,Mobile,5,3316.88,26-05-2024
ORD108896,Sophia Weber,Headphones,3,3665.68,17-03-2025
ORD108897,Tina Rios,Mouse,3,3940.12,29-03-2024
ORD108898,Mark David,Headphones,5,1457.74,13-03-2024
ORD108899,Joanna Lambert,Tablet,5,4294.95,06-05-2024
ORD108900,Mark Jones,Smartwatch,3,594.7,05-12-2025
ORD108901,Jessica Williams,Laptop,4,520.99,24-02-2024
ORD108902,Katherine Wells,Camera,1,784.37,08-01-2025
ORD108903,Danielle Chavez,Camera,2,366.21,29-12-2024
ORD108904,Amy Saunders,Mobile,3,2647.67,18-01-2026
ORD108905,Barbara Gray,Printer,1,328.2,09-12-2024
ORD108906,Anthony Baker,Laptop,2,4107.87,23-12-2024
ORD108907,Teresa Benson DDS,Monitor,3,3957.8,27-01-2026
ORD108908,Jason Allen,Monitor,1,4037.79,30-09-2025
ORD108909,Deanna Gallagher,Keyboard,1,2183.96,20-07-2024
ORD108910,David Duncan,Keyboard,4,245.49,12-06-2024
ORD108911,Isaac Giles,Mouse,2,4867.51,04-10-2024
ORD108912,Aaron Brown,Keyboard,3,924.09,26-11-2024
ORD108913,Amanda Anderson,Smartwatch,4,3013.84,13-04-2025
ORD108914,Kristen Chapman,Keyboard,5,792.37,08-11-2025
ORD108915,Mario Humphrey,Headphones,3,3501.49,07-07-2025
ORD108916,Barbara Scott,Mobile,3,3362.3,06-02-2026
ORD108917,Lauren Gill,Mobile,4,1240.05,28-01-2025
ORD108918,Michelle Ross,Camera,1,1534.05,30-03-2024
ORD108919,Michael Evans,Mobile,2,3518.57,29-05-2025
ORD108920,Benjamin Cisneros,Printer,4,3326.36,11-09-2024
ORD108921,Christopher Hill,Monitor,4,4831.25,22-09-2024
ORD108922,Gabrielle Christensen,Mobile,1,3729.43,11-04-2025
ORD108923,Bobby Gibson,Mobile,5,3545.77,24-08-2025
ORD108924,Zachary Howell,Mobile,1,3574.03,17-05-2025
ORD108925,Steven Mckee,Monitor,4,1178.79,19-03-2025
ORD108926,John Neal,Printer,4,1210.7,07-10-2025
ORD108927,Christopher David,Mobile,4,2794.57,14-01-2026
ORD108928,Lee Dunn,Headphones,1,1697.06,30-12-2025
ORD108929,Karen Davis,Laptop,3,2065.11,29-06-2025
ORD108930,Teresa Wiggins,Mobile,5,2226.54,25-07-2024
ORD108931,Suzanne Garcia,Mobile,3,3715.74,19-05-2025
ORD108932,Megan Evans,Headphones,2,3807.61,17-04-2024
ORD108933,Dr. Joseph Dunn II,Tablet,4,3590.67,14-04-2025
ORD108934,Kelly Jackson,Tablet,2,2070.41,24-07-2024
ORD108935,Karen Adams,Printer,1,402.79,20-01-2025
ORD108936,Dustin Freeman,Mobile,5,976.4,22-02-2025
ORD108937,Michelle Gutierrez,Mobile,3,2427.98,21-05-2024
ORD108938,Dana Perez,Smartwatch,2,1592.21,18-08-2025
ORD108939,Sarah Harmon,Mobile,4,2376.04,13-10-2024
ORD108940,Derrick Smith,Tablet,3,1844.06,05-06-2025
ORD108941,Tammy Barker,Headphones,2,301.63,02-12-2024
ORD108942,Steve Ford,Mobile,3,3546.31,01-06-2025
ORD108943,Laura Moore,Tablet,4,1519.59,18-03-2025
ORD108944,Tiffany Ramirez,Monitor,4,4686.65,27-02-2025
ORD108945,Mr. Dennis Martin,Printer,5,2341.97,29-12-2024
ORD108946,Michael Hernandez,Keyboard,3,4099.08,07-09-2025
ORD108947,Russell Knight,Keyboard,5,1276.76,10-06-2025
ORD108948,Kelsey Ortiz,Tablet,3,3394.17,08-09-2024
ORD108949,Benjamin Garza,Headphones,4,1549.07,20-12-2025
ORD108950,Steven Holloway,Camera,1,4977.85,04-10-2024
ORD108951,Laurie Anderson,Keyboard,1,2252.45,02-09-2025
ORD108952,Carol Allison,Smartwatch,4,1730.91,30-12-2024
ORD108953,Zachary Macias,Tablet,3,707.43,30-09-2025
ORD108954,Lori Myers,Smartwatch,2,3773.4,13-01-2025
ORD108955,Phyllis Lee,Monitor,2,4971.86,06-10-2024
ORD108956,Lisa Anderson,Tablet,2,4617.94,10-05-2025
ORD108957,Traci Ortega,Printer,5,277.7,10-02-2026
ORD108958,Angela Garcia,Laptop,4,2778.17,16-10-2025
ORD108959,Ronald Campos,Laptop,5,1322.49,13-02-2024
ORD108960,Jason Flores,Printer,4,300.57,30-01-2026
ORD108961,Emma Poole,Headphones,5,4339.57,13-10-2025
ORD108962,Mark Cook,Printer,3,4577.57,17-09-2025
ORD108963,Laurie Davis,Printer,3,854.35,22-08-2024
ORD108964,Katelyn Strickland,Mouse,1,105.68,07-06-2025
ORD108965,Sandra Oliver,Tablet,4,1591.45,03-05-2024
ORD108966,Nicholas Nielsen,Headphones,5,979.59,13-10-2024
ORD108967,Mr. Aaron Moore,Printer,2,3275.09,14-08-2024
ORD108968,Isabel Perkins,Keyboard,5,1069.05,14-04-2025
ORD108969,Elizabeth Roy,Mobile,1,3714.16,25-04-2025
ORD108970,Timothy Finley,Smartwatch,5,112.61,04-09-2025
ORD108971,Laura Wilson,Camera,1,2812.29,19-05-2024
ORD108972,Paul Berry,Camera,2,1313.45,20-07-2024
ORD108973,Ricky Brown,Smartwatch,1,3202.98,28-08-2025
ORD108974,Jacqueline Thomas,Printer,4,2974.85,05-01-2026
ORD108975,Adam Leon,Printer,4,289.66,16-11-2024
ORD108976,Michael Allen,Camera,4,2864.99,15-07-2025
ORD108977,Douglas Willis,Mobile,1,1117.72,01-11-2025
ORD108978,Shelby Peters,Tablet,2,343.13,26-10-2025
ORD108979,Scott Miller,Smartwatch,4,4727.84,29-04-2025
ORD108980,Michael Chambers,Tablet,2,3517.98,06-05-2024
ORD108981,Jeffrey Hale,Smartwatch,5,413.04,19-04-2025
ORD108982,David Davis,Mobile,5,2143.4,12-11-2024
ORD108983,Melanie Daniels,Keyboard,3,3434.75,25-11-2025
ORD108984,Kristin Rowe,Smartwatch,2,3355.39,09-10-2025
ORD108985,Daniel Estrada,Headphones,2,3781.05,16-04-2025
ORD108986,Tammy Edwards,Smartwatch,2,3890.96,07-07-2025
ORD108987,Debbie Sullivan,Monitor,4,1692.1,26-03-2025
ORD108988,Tina Larson,Keyboard,4,3864.88,24-04-2025
ORD108989,Jonathan Contreras,Camera,4,4034.69,19-05-2025
ORD108990,Alexandra Miller,Keyboard,4,3704.46,22-01-2025
ORD108991,Gabrielle Curtis,Laptop,4,4130.84,10-01-2025
ORD108992,Billy Jones,Headphones,4,1935.49,15-10-2024
ORD108993,Steven Rosales,Tablet,4,2706.79,14-08-2024
ORD108994,Lauren Mccormick,Tablet,2,408.82,29-12-2025
ORD108995,Taylor Evans,Mobile,2,2497.73,23-03-2024
ORD108996,Gregory Nguyen,Laptop,1,3964.87,13-02-2025
ORD108997,Christine Mccall,Laptop,5,1710.32,15-03-2025
ORD108998,Sara Bell,Mobile,4,2710.84,21-11-2025
ORD108999,Theresa Cruz,Mobile,1,428.17,06-02-2025
ORD109000,Sarah Harris,Printer,3,4980.73,21-03-2024
ORD109001,Maria Horn,Laptop,4,2722.34,23-12-2025
ORD109002,Michael Bryant,Laptop,3,3583.16,07-03-2024
ORD109003,Robert Stephens,Mouse,3,562.61,23-01-2026
ORD109004,Wendy Garrison,Mouse,3,1563.35,20-04-2024
ORD109005,Mrs. Meghan Sullivan,Headphones,1,1411.45,29-03-2025
ORD109006,Megan Walker,Camera,5,3233.18,10-11-2024
ORD109007,Gabriel Gray,Headphones,4,1705.06,03-09-2025
ORD109008,Brandon Huffman,Laptop,1,1539.24,29-10-2024
ORD109009,Andrew White,Printer,2,2135.88,20-04-2024
ORD109010,Derrick Solomon PhD,Keyboard,4,1988.5,17-07-2025
ORD109011,Christopher Lewis,Headphones,5,3000.58,16-11-2024
ORD109012,Leah Graham,Keyboard,3,2811,13-06-2024
ORD109013,Paul Gomez,Headphones,1,710.95,18-01-2025
ORD109014,Linda Adams,Mobile,5,2509.94,20-02-2024
ORD109015,Charlotte Edwards,Keyboard,2,3780.08,01-08-2024
ORD109016,Kyle Chavez,Laptop,3,3094.3,05-02-2026
ORD109017,Julian Floyd,Tablet,4,3304.29,14-06-2025
ORD109018,Billy Aguilar,Tablet,2,2156.55,16-12-2025
ORD109019,Keith Mcdowell,Tablet,5,293.41,15-04-2025
ORD109020,Jeffrey Whitaker,Keyboard,1,3083.23,18-08-2024
ORD109021,David Cook,Printer,1,1940.19,16-05-2025
ORD109022,Samantha Craig,Camera,2,3609.19,10-06-2025
ORD109023,Kelly Duncan,Monitor,4,2309.96,13-05-2025
ORD109024,Dennis Melton,Smartwatch,1,659.76,03-06-2024
ORD109025,Pamela Jennings,Mobile,1,4550.78,20-01-2025
ORD109026,Kimberly Houston,Smartwatch,1,704.94,22-04-2025
ORD109027,Amanda Clements,Keyboard,3,2284.47,12-10-2025
ORD109028,Thomas Porter,Mobile,2,4840.55,20-05-2024
ORD109029,Cory Perry,Headphones,1,3909.38,26-09-2024
ORD109030,Lauren Stewart,Smartwatch,1,4437.47,09-07-2025
ORD109031,Mr. Matthew Garner,Tablet,5,1813.77,07-08-2024
ORD109032,Sharon Meyer,Monitor,2,862.42,16-10-2024
ORD109033,Timothy Drake,Tablet,1,107.06,07-11-2025
ORD109034,Sandra Krause,Mobile,1,4200.02,14-11-2025
ORD109035,Connie Gordon,Smartwatch,4,4123.38,05-06-2025
ORD109036,William Davis,Mouse,1,3233.95,28-03-2024
ORD109037,Jacob Smith,Headphones,1,2393.92,14-04-2025
ORD109038,Roberto Rodriguez,Headphones,2,3322.29,05-12-2025
ORD109039,Kristen Villanueva,Monitor,3,1089.83,31-05-2024
ORD109040,Carolyn Wagner PhD,Printer,4,2081.98,09-06-2024
ORD109041,Richard Boone,Headphones,2,419.63,26-12-2025
ORD109042,Megan Scott,Mouse,2,2115.39,03-06-2024
ORD109043,Micheal Morrison,Headphones,5,3714.19,21-03-2024
ORD109044,Dr. Kenneth Boyd DDS,Monitor,1,3406.03,18-01-2026
ORD109045,Christopher Collins,Headphones,1,1471.04,24-02-2024
ORD109046,James Mendez,Laptop,3,2515.19,18-03-2025
ORD109047,Teresa Thompson,Keyboard,1,126.83,25-11-2024
ORD109048,Jim Hawkins,Mobile,1,646.51,29-12-2025
ORD109049,Harold Walker,Laptop,3,3197.48,28-06-2025
ORD109050,Jeffrey Williams Jr.,Mobile,5,897.5,23-09-2024
ORD109051,Stephen Robinson,Mouse,2,2103.67,19-08-2024
ORD109052,Joseph Weaver,Tablet,1,4443.47,28-09-2024
ORD109053,Monica Alexander,Keyboard,3,3887.89,24-02-2024
ORD109054,Rachel Wright,Printer,5,1029.15,05-11-2024
ORD109055,Kevin Jackson,Headphones,2,3552.43,02-12-2025
ORD109056,Shirley Sanchez,Monitor,3,4570.52,09-04-2025
ORD109057,Doris Simpson,Headphones,4,916.13,21-04-2024
ORD109058,Loretta Dennis,Mouse,2,2641.07,10-09-2024
ORD109059,Brenda Roberts,Mouse,1,4961.68,27-03-2025
ORD109060,Cynthia Davis,Mouse,1,3581.49,17-01-2025
ORD109061,Harold Matthews,Mouse,4,1916.34,10-12-2025
ORD109062,Theresa Hudson,Smartwatch,4,4351.34,13-12-2025
ORD109063,Dennis Roth,Keyboard,5,4844.41,28-08-2025
ORD109064,Jason Hughes,Camera,2,1509.96,10-09-2025
ORD109065,James Hunter,Smartwatch,2,1897.2,24-12-2024
ORD109066,Timothy Matthews,Smartwatch,4,4022.39,20-03-2025
ORD109067,Crystal Crawford,Mobile,1,3963.44,07-09-2024
ORD109068,Nicole Young,Headphones,4,1144.83,04-05-2025
ORD109069,John Walton,Laptop,4,2025.05,07-05-2025
ORD109070,Jonathan Flores,Mouse,5,866.88,04-11-2025
ORD109071,Gary Skinner,Smartwatch,1,3826.47,21-11-2024
ORD109072,Nicholas Watson,Smartwatch,5,3707.18,13-02-2024
ORD109073,Michael Chambers,Smartwatch,1,1614.89,09-04-2024
ORD109074,Jessica Wright,Mobile,5,2341.37,02-01-2025
ORD109075,Megan Coleman,Laptop,1,140.34,17-05-2024
ORD109076,Cheryl Turner,Printer,5,1949.42,08-06-2025
ORD109077,Zachary Gomez,Tablet,5,758.88,26-07-2025
ORD109078,Jeff Schwartz,Smartwatch,4,3210.81,07-01-2026
ORD109079,Laurie Wilson,Printer,5,757.51,16-07-2024
ORD109080,Kristina Long,Mouse,5,2720.28,02-09-2025
ORD109081,Kimberly Moore,Headphones,2,1214.1,27-10-2025
ORD109082,Kimberly Barrett,Mouse,4,3018.93,12-05-2024
ORD109083,Jason Jones,Smartwatch,3,2160.57,21-12-2024
ORD109084,Brandi Barajas,Keyboard,5,454.09,27-03-2024
ORD109085,Nathan Garrett,Headphones,3,1049.08,23-01-2026
ORD109086,Angela Miller,Monitor,1,4798.46,22-11-2024
ORD109087,Jeffrey Carter,Printer,4,3844.18,25-06-2024
ORD109088,Nicholas Russell,Smartwatch,5,2031.26,27-12-2024
ORD109089,Jessica Reynolds,Mobile,2,856.82,08-03-2025
ORD109090,Eric Williams,Printer,5,1211.9,02-05-2025
ORD109091,Sean Wade,Mouse,3,4573.77,27-10-2025
ORD109092,Dana Nguyen,Laptop,5,2023.03,14-08-2024
ORD109093,Paul Murray,Printer,3,376.48,15-09-2024
ORD109094,Susan Brock,Mobile,5,1238.93,11-02-2024
ORD109095,Richard Price,Laptop,5,2819.44,26-05-2025
ORD109096,Matthew Gomez,Camera,2,3246.73,06-07-2025
ORD109097,Douglas Garner,Smartwatch,3,1976.06,07-08-2024
ORD109098,Nancy Taylor,Keyboard,3,3907,27-09-2024
ORD109099,Luis Ross,Camera,1,1790.17,01-07-2024
ORD109100,Melissa Santos,Mouse,3,1426.06,05-06-2025
ORD109101,Cynthia Brown,Printer,2,4039.01,12-11-2024
ORD109102,Crystal Baxter,Printer,1,2116.03,30-04-2025
ORD109103,Roberto Galvan,Headphones,1,4814.62,28-02-2025
ORD109104,Christine Ashley,Camera,3,4617.87,27-11-2024
ORD109105,Scott Potts,Headphones,5,1019.39,13-03-2024
ORD109106,John Adams,Mobile,3,3759.01,07-08-2025
ORD109107,Gregory Moore,Mobile,2,2084.33,26-11-2025
ORD109108,Victoria Thomas,Monitor,5,3495.57,23-03-2024
ORD109109,Raymond Rose,Headphones,2,1958.06,27-02-2025
ORD109110,Debra Terry,Tablet,3,3025,27-04-2025
ORD109111,Ryan Berry,Smartwatch,1,2876.77,14-10-2024
ORD109112,Ashley Beasley,Smartwatch,5,3821.16,06-01-2025
ORD109113,Valerie Carroll,Mouse,4,2975.32,23-07-2025
ORD109114,Crystal Hernandez,Laptop,3,3513.04,21-01-2026
ORD109115,Katherine Gonzalez,Monitor,3,2513.73,26-06-2025
ORD109116,Gina Howard,Smartwatch,2,2708.44,23-01-2026
ORD109117,Derek Murray,Smartwatch,3,4880.94,09-05-2024
ORD109118,Claire Nguyen,Headphones,3,1524.77,02-01-2025
ORD109119,Megan Mahoney,Tablet,3,499.32,31-07-2025
ORD109120,Mark West,Smartwatch,5,2205.29,17-08-2025
ORD109121,Danielle Reed,Monitor,3,2130.65,02-12-2025
ORD109122,Tiffany Meyer,Keyboard,2,1097.75,10-11-2025
ORD109123,Andrew Lopez,Mouse,4,4475.43,19-11-2025
ORD109124,Samuel Davis,Printer,2,2368.38,29-05-2024
ORD109125,Todd Berg,Headphones,5,323.36,05-03-2025
ORD109126,William Liu,Smartwatch,5,4076.03,06-03-2025
ORD109127,Danielle Arnold,Mobile,3,350.01,28-12-2025
ORD109128,Roberta Ramos,Tablet,5,952.73,08-11-2024
ORD109129,Steven Horn,Camera,2,2903.87,02-11-2024
ORD109130,April Garrison,Headphones,2,3776,04-01-2026
ORD109131,Sergio Bennett,Printer,3,4383.02,15-07-2025
ORD109132,Matthew Butler,Printer,2,2714.55,01-04-2024
ORD109133,Pamela Santos,Camera,2,4132.09,13-02-2025
ORD109134,Franklin Cox,Camera,3,4309.91,22-05-2024
ORD109135,Matthew Madden,Laptop,2,3104.44,15-08-2025
ORD109136,Patricia Wright,Camera,1,1829.42,25-07-2024
ORD109137,Mr. Luis Foster DDS,Headphones,3,1035.86,29-12-2025
ORD109138,Timothy Greene,Mobile,4,2120.15,24-09-2025
ORD109139,Patrick Martinez,Camera,5,3581.02,25-01-2026
ORD109140,Julian Wheeler,Mouse,5,2825.83,13-11-2024
ORD109141,Angela Russell,Headphones,4,291.9,20-02-2025
ORD109142,Karen Haynes,Headphones,2,2410.78,06-02-2026
ORD109143,Michael Zhang,Tablet,1,2195.5,17-07-2025
ORD109144,Robert Jackson,Headphones,5,2316.3,18-01-2025
ORD109145,Antonio Smith,Monitor,2,3572.69,06-03-2024
ORD109146,Mr. Alexander Sandoval,Printer,5,4696.14,14-05-2024
ORD109147,Natalie Collins,Headphones,4,565.53,10-06-2024
ORD109148,Joshua Benjamin,Printer,3,4361.66,01-09-2024
ORD109149,David Padilla,Monitor,5,4131.29,07-09-2024
ORD109150,Jay Morrow,Laptop,1,2830.38,08-08-2024
ORD109151,James Ray,Camera,3,286.75,06-07-2025
ORD109152,James Taylor,Tablet,2,831.39,29-01-2026
ORD109153,Corey Wilson,Laptop,4,2302.83,30-08-2025
ORD109154,Shawna Smith,Smartwatch,3,896.1,24-08-2024
ORD109155,Morgan Robertson,Printer,5,2778.53,03-08-2025
ORD109156,Jacob Garcia,Printer,3,3903.84,02-03-2024
ORD109157,Lauren Ruiz,Smartwatch,4,1533.07,17-04-2025
ORD109158,Lisa Hayes,Tablet,4,4892.68,07-03-2024
ORD109159,Deanna Hunt,Printer,3,4639.64,15-05-2025
ORD109160,Jacob Bishop,Laptop,4,3234.47,10-04-2025
ORD109161,Kevin Anderson,Smartwatch,2,268.62,11-09-2025
ORD109162,Nicholas Booth,Laptop,4,3972.05,10-12-2025
ORD109163,Kelsey Hardin,Printer,2,4261.02,28-06-2024
ORD109164,Mark Moore,Printer,5,2042.55,29-05-2025
ORD109165,Evan Hahn,Keyboard,4,4248.29,06-10-2024
ORD109166,Kyle Malone,Smartwatch,5,4559.29,02-02-2025
ORD109167,Derrick Robinson,Monitor,4,2910.52,14-01-2025
ORD109168,Brady Neal,Printer,5,977.09,09-11-2025
ORD109169,Kimberly Scott,Laptop,3,2986.56,05-05-2025
ORD109170,Sean Martinez,Printer,1,2120.76,25-02-2025
ORD109171,Jessica Shaw,Keyboard,3,3194.53,11-04-2024
ORD109172,Sheri Schwartz,Mouse,5,3167.48,23-12-2024
ORD109173,Brenda Gilmore,Tablet,2,2382.69,06-12-2025
ORD109174,Matthew James DDS,Tablet,2,1131.55,07-03-2024
ORD109175,Hannah Warner,Smartwatch,5,2158.71,02-07-2024
ORD109176,Richard Robbins,Camera,3,4366.14,19-03-2024
ORD109177,Samantha Wilson,Smartwatch,2,1426.29,28-11-2024
ORD109178,Michael Fleming,Headphones,4,2053.38,25-08-2025
ORD109179,Julie Paul,Headphones,5,1905.44,26-01-2026
ORD109180,Kristi Rodriguez,Tablet,1,438.78,05-05-2024
ORD109181,Louis Nguyen,Mobile,4,3965.97,01-03-2024
ORD109182,Tracey Dougherty,Printer,3,3263.97,23-04-2025
ORD109183,Tyler Nielsen,Camera,2,3516.75,23-05-2025
ORD109184,James Rodgers,Camera,1,3744.38,18-02-2024
ORD109185,Nancy Harvey,Printer,2,2765.19,07-01-2026
ORD109186,Matthew Myers,Tablet,2,2573.03,07-06-2025
ORD109187,Christopher Smith,Keyboard,1,1713.44,12-04-2024
ORD109188,Maria Coleman,Headphones,1,4449.09,18-12-2025
ORD109189,Tyler Harmon,Laptop,2,2995.5,22-05-2024
ORD109190,Pamela Pena,Mobile,1,746.77,02-12-2025
ORD109191,Donald Sanchez,Laptop,5,2687.18,28-05-2025
ORD109192,Lauren Johnson,Laptop,4,462.95,12-07-2025
ORD109193,Steve Ward,Monitor,5,3958.7,23-03-2025
ORD109194,Gabriel Diaz,Mouse,5,2897.3,18-05-2024
ORD109195,Aaron Clements,Printer,5,4505.61,09-09-2024
ORD109196,Brittany Oliver,Tablet,1,1016.95,21-07-2024
ORD109197,Chad Gallegos,Mobile,5,587.96,01-10-2024
ORD109198,Sharon Smith,Mouse,2,4975.02,28-03-2025
ORD109199,Bridget Eaton,Keyboard,2,2955.06,07-06-2024
ORD109200,Theresa Vazquez,Tablet,4,1093.81,09-11-2025
ORD109201,Bryan Rodriguez,Monitor,1,4545.52,10-06-2024
ORD109202,Richard Estrada,Keyboard,2,3398.62,07-11-2024
ORD109203,Tracy Brooks,Headphones,1,2056.5,02-02-2025
ORD109204,Gary May,Mobile,4,1095.72,13-02-2025
ORD109205,Charles Holder,Smartwatch,1,2995.64,02-06-2025
ORD109206,Christina Simpson,Laptop,2,810.6,29-09-2024
ORD109207,James Thompson,Mobile,2,3136.72,13-08-2024
ORD109208,Amanda Taylor,Mobile,1,248.06,04-02-2026
ORD109209,Christina Murphy,Laptop,4,2170.06,22-04-2025
ORD109210,Candace Yang,Mobile,4,1006.43,25-01-2025
ORD109211,Kristi Ford,Monitor,4,1658.05,18-05-2025
ORD109212,Karen Thomas,Monitor,2,4286.27,18-07-2024
ORD109213,Jeffrey Roberts,Camera,5,2035.04,17-09-2025
ORD109214,Brian Walker,Laptop,1,3716.74,15-02-2025
ORD109215,Gregory Morales,Mobile,4,4481.54,29-01-2025
ORD109216,Lisa Davis,Camera,1,3138.63,07-08-2025
ORD109217,Teresa Howard,Mouse,3,4299.62,05-03-2025
ORD109218,Donald White,Keyboard,1,1710.35,02-11-2025
ORD109219,Gregory Garcia,Tablet,4,3325.24,05-08-2024
ORD109220,Jason Hogan,Tablet,4,4392.36,19-04-2024
ORD109221,Mark Reed,Keyboard,1,1655.71,20-06-2024
ORD109222,Jonathan Evans,Smartwatch,5,249.96,13-08-2025
ORD109223,Jill Reyes,Headphones,1,3611.69,16-10-2024
ORD109224,Tamara Benton,Printer,4,4461.19,04-04-2024
ORD109225,Gloria Valenzuela,Camera,4,3146.81,08-10-2024
ORD109226,Martin Thomas,Mobile,2,950.17,09-04-2024
ORD109227,Cameron Chase,Camera,5,4365.51,06-09-2024
ORD109228,Kayla Singh,Headphones,2,3956.91,06-02-2025
ORD109229,Kim Spears,Smartwatch,4,2404.67,18-09-2025
ORD109230,Michael Russell,Camera,5,4636.23,03-05-2025
ORD109231,Mark Salazar,Monitor,1,1203.69,04-03-2025
ORD109232,Jennifer Ballard,Camera,3,3114.42,03-06-2025
ORD109233,Jackson Stephens,Laptop,5,3527.49,05-04-2025
ORD109234,Frank Davis,Smartwatch,1,4908.67,24-04-2024
ORD109235,Zachary Richardson,Monitor,4,1994.92,23-10-2025
ORD109236,Tammy Williams,Laptop,3,3609.64,05-04-2024
ORD109237,Daniel Hernandez,Camera,2,4342.06,29-12-2025
ORD109238,Selena Martin,Tablet,4,4002.77,27-12-2025
ORD109239,Brett Parker,Tablet,3,3886.01,21-01-2025
ORD109240,Benjamin Fuller,Camera,4,1173.7,12-08-2024
ORD109241,Tammy Turner,Smartwatch,4,1228.41,27-04-2025
ORD109242,Jillian Evans,Printer,1,938.65,22-03-2024
ORD109243,Thomas Murphy,Printer,2,333.27,20-09-2024
ORD109244,Patricia Mccarthy,Laptop,1,2117.85,25-04-2025
ORD109245,Nicholas Hughes,Monitor,1,521.4,11-01-2026
ORD109246,Katrina Baxter,Camera,4,2451.23,22-05-2025
ORD109247,Wendy Walker,Headphones,5,3901.21,02-03-2025
ORD109248,Luis Hicks,Mouse,5,4341.44,26-12-2025
ORD109249,Elizabeth Henry,Mobile,2,4440.06,21-06-2025
ORD109250,Mr. Phillip Owens,Printer,5,3655.98,18-10-2025
ORD109251,Susan Steele,Mouse,1,4852.78,25-08-2025
ORD109252,Emily Powers,Laptop,2,2443.27,06-09-2025
ORD109253,Zachary Ramirez,Tablet,3,1747.49,19-05-2024
ORD109254,Michael Allen,Printer,3,2578.51,30-03-2024
ORD109255,Mark Miller,Printer,4,4743.5,13-08-2025
ORD109256,Amy Burnett,Monitor,5,3847.47,20-04-2025
ORD109257,Christina Butler,Monitor,1,4635.67,14-03-2025
ORD109258,Jessica Brown,Laptop,4,1231.3,08-05-2024
ORD109259,Zachary Richards,Monitor,3,3557.08,14-12-2024
ORD109260,Mark Sanchez,Laptop,1,2275.56,11-04-2024
ORD109261,Dawn Moran,Camera,4,4690.07,19-09-2024
ORD109262,Dr. Gregory Gallagher,Laptop,4,4241.45,12-01-2026
ORD109263,Tamara Sawyer,Monitor,4,3826.89,04-11-2024
ORD109264,Brittany Lee,Mouse,3,1005.99,17-04-2024
ORD109265,Heather Jones,Tablet,3,2710.05,08-06-2025
ORD109266,Daniel Houston,Printer,4,1011.84,12-01-2025
ORD109267,Meghan Stout,Keyboard,4,1187.82,15-11-2024
ORD109268,Kayla Adams,Smartwatch,3,3540.23,16-12-2025
ORD109269,Christopher Fritz,Smartwatch,2,653.55,01-05-2025
ORD109270,Joshua Hanson,Smartwatch,3,3873.09,24-05-2025
ORD109271,Michael Long,Smartwatch,5,2871.29,04-02-2026
ORD109272,Caroline Byrd,Tablet,5,3499.21,20-06-2024
ORD109273,James Mcgee,Smartwatch,4,1433.19,07-10-2024
ORD109274,Ann Mathews,Printer,3,461.38,25-08-2025
ORD109275,Laurie Rojas,Printer,2,1559.17,17-06-2025
ORD109276,Harold Wilson,Laptop,5,708.36,15-01-2025
ORD109277,Karen Morris,Mobile,3,148.35,19-05-2025
ORD109278,Terry Hartman,Monitor,1,1163.66,30-11-2025
ORD109279,Alexis Ward,Tablet,2,3364.2,30-12-2024
ORD109280,Ricardo Diaz,Smartwatch,5,513.46,05-10-2024
ORD109281,Tammy Carpenter,Monitor,2,3400.71,13-02-2024
ORD109282,Isaiah Powers,Keyboard,5,433.25,08-04-2024
ORD109283,Christina Anderson,Tablet,2,2610.02,18-07-2024
ORD109284,Justin Bailey,Mobile,1,4137.8,01-11-2025
ORD109285,Austin Jordan,Laptop,5,3058.35,31-08-2024
ORD109286,Tyler Rose,Mobile,4,478.92,19-02-2024
ORD109287,Kevin Perez,Keyboard,1,519.23,20-04-2024
ORD109288,William Wood,Camera,2,3871.84,12-03-2025
ORD109289,Robert Williams,Camera,4,1195.49,17-06-2025
ORD109290,Bradley Jackson,Mobile,3,2368.7,26-12-2025
ORD109291,Sarah Miles,Camera,4,2291.65,19-11-2025
ORD109292,Amy Brewer,Headphones,2,1708.72,08-07-2025
ORD109293,Robert Taylor,Mouse,4,2017.21,15-03-2024
ORD109294,Amy Sanchez,Mouse,1,823.76,06-06-2025
ORD109295,Brandon Fischer II,Tablet,2,2215.36,25-07-2025
ORD109296,Kelsey Hernandez,Monitor,4,3511.64,06-04-2024
ORD109297,Joseph Smith,Headphones,4,1880.67,06-02-2025
ORD109298,William Casey,Tablet,2,566.94,27-04-2025
ORD109299,Tammy Martinez,Tablet,1,1450.49,25-06-2025
ORD109300,Brandon Parker,Smartwatch,1,4796.72,26-11-2025
ORD109301,Laurie Larsen,Laptop,2,4562.1,17-04-2025
ORD109302,Amber Jackson,Mobile,1,2323.46,22-04-2024
ORD109303,Jacob Brown,Mobile,3,770.02,13-03-2025
ORD109304,Bethany Scott,Keyboard,2,1504.67,14-02-2024
ORD109305,Matthew Bell,Tablet,4,4731.11,30-09-2025
ORD109306,Anthony Berg,Laptop,5,3090.45,31-10-2025
ORD109307,Jessica Hayden,Smartwatch,5,4135.22,20-04-2025
ORD109308,Tim Stevenson,Mouse,4,389.24,11-10-2025
ORD109309,Robert Ayala,Headphones,2,3886.01,17-09-2025
ORD109310,Stephanie Fowler,Monitor,1,528.09,05-06-2025
ORD109311,Angel Blackburn,Headphones,4,2514.83,25-09-2025
ORD109312,Mr. Arthur Johnson II,Laptop,2,4674.02,08-10-2025
ORD109313,Tracy Ingram,Laptop,3,191.28,29-05-2024
ORD109314,Bruce Sandoval,Laptop,3,3910.19,29-04-2024
ORD109315,Victor Rodriguez,Printer,1,2419.37,08-06-2024
ORD109316,Mr. Mason Lee,Smartwatch,4,1337.44,24-07-2024
ORD109317,Lisa Chapman,Laptop,2,4547.96,16-12-2024
ORD109318,Lisa Ray,Monitor,1,950.9,01-06-2024
ORD109319,Matthew Weaver,Mobile,1,4216.98,14-02-2025
ORD109320,Sarah Thompson,Camera,3,2202.25,05-08-2024
ORD109321,James Boone,Mouse,4,3578.38,30-10-2024
ORD109322,Scott Thompson,Camera,1,4762.39,07-04-2025
ORD109323,Kelly Williams,Monitor,3,3299.06,03-12-2024
ORD109324,Christian Clay,Printer,4,4446.74,09-06-2025
ORD109325,Donald Martinez,Headphones,4,3209.61,17-07-2024
ORD109326,Gwendolyn Fox,Printer,1,1157.82,25-10-2024
ORD109327,Tanner Miller,Tablet,2,1057.12,14-05-2024
ORD109328,Joshua Edwards,Headphones,3,2537.36,21-08-2025
ORD109329,Amy Snyder,Monitor,2,2600.82,18-05-2024
ORD109330,Brooke Rollins,Headphones,2,1941.3,05-07-2025
ORD109331,Cassidy Bullock,Keyboard,2,4316.76,28-02-2024
ORD109332,Travis Butler,Mouse,2,2974.43,23-01-2026
ORD109333,Kimberly Brown,Printer,3,2290.59,23-04-2024
ORD109334,Kristy Morris,Laptop,5,4499.05,27-04-2025
ORD109335,Tracey Wood,Mobile,5,694.83,27-09-2024
ORD109336,Margaret Rice,Smartwatch,5,936.53,09-03-2024
ORD109337,Stacey Miller,Mobile,5,970.12,26-09-2025
ORD109338,Paul Stone,Laptop,2,714.03,24-02-2025
ORD109339,Nancy Cooper,Camera,4,2741.52,08-06-2025
ORD109340,Eric Scott,Mobile,5,4427.83,09-10-2025
ORD109341,Garrett Reid,Monitor,1,3582.85,29-04-2025
ORD109342,Shawn Bird,Laptop,1,2518.72,19-09-2025
ORD109343,Tom Jackson,Camera,5,3094.74,24-12-2025
ORD109344,Tammy Kirk,Headphones,1,2980.14,02-07-2025
ORD109345,Ryan Waller,Tablet,3,4804.22,22-12-2025
ORD109346,Danielle Golden,Laptop,5,3029.44,29-05-2024
ORD109347,Cynthia Chambers,Mouse,2,1942.98,11-03-2025
ORD109348,Tamara Romero DDS,Printer,2,948.66,15-08-2025
ORD109349,George Brooks,Smartwatch,2,3704.27,19-07-2024
ORD109350,Rebecca Jones,Smartwatch,5,507,01-02-2025
ORD109351,Rodney Gonzales,Tablet,3,2682.61,21-12-2024
ORD109352,David Miller,Printer,3,4929.36,11-09-2024
ORD109353,Dustin Turner,Tablet,3,3868.74,09-04-2024
ORD109354,Nathaniel Bowers,Laptop,5,2119.26,17-11-2025
ORD109355,Sherry Bradley,Headphones,1,3773.54,28-05-2024
ORD109356,Marvin Griffin,Mobile,5,4727.83,26-10-2025
ORD109357,Justin Parsons,Tablet,5,3352.4,12-03-2025
ORD109358,Hunter Sawyer,Smartwatch,3,3347.09,12-12-2025
ORD109359,Anthony Gray,Mouse,4,4588.4,05-01-2026
ORD109360,Bradley Hurley,Keyboard,5,564.63,07-11-2025
ORD109361,Thomas Dillon,Laptop,1,2015.82,07-04-2025
ORD109362,Richard Brown,Keyboard,1,4779.38,02-12-2024
ORD109363,Adrienne Steele,Monitor,2,2381.28,10-04-2025
ORD109364,Michael Bailey,Tablet,5,922.13,17-10-2024
ORD109365,Rickey Maxwell,Printer,3,3956.37,22-02-2024
ORD109366,Stephanie Hanson,Mouse,5,2763.66,26-03-2025
ORD109367,Antonio Roberts,Headphones,2,4019.47,21-06-2024
ORD109368,Ashley Harris,Laptop,4,2586.81,02-02-2026
ORD109369,Bruce Johnson,Tablet,3,2608.02,09-06-2025
ORD109370,Cheryl Bowers,Camera,5,980.52,10-12-2025
ORD109371,Vanessa Martinez,Laptop,4,554.05,29-02-2024
ORD109372,Keith Chase,Tablet,1,1846.73,07-07-2025
ORD109373,Glenn Taylor,Mouse,3,3298.01,16-02-2024
ORD109374,Vincent Ball Jr.,Monitor,5,1872.42,02-02-2025
ORD109375,Olivia Haynes,Keyboard,4,3297.15,17-02-2025
ORD109376,Elizabeth Brewer,Laptop,1,3411.18,28-04-2025
ORD109377,Cesar Bryant,Keyboard,5,3436.06,31-05-2025
ORD109378,Leslie Baker,Printer,1,2771.01,29-06-2025
ORD109379,Erik Moore,Headphones,4,3806.45,15-07-2024
ORD109380,Angela Carney,Mobile,3,1838.44,11-03-2024
ORD109381,Laurie Castro,Tablet,3,1487.64,13-06-2025
ORD109382,Crystal Phillips,Laptop,2,772.16,19-11-2024
ORD109383,Scott Wagner,Smartwatch,1,1620.11,18-02-2024
ORD109384,Julie Reese,Smartwatch,2,2158.73,27-10-2025
ORD109385,Chad Thomas,Mobile,2,3128.31,15-10-2025
ORD109386,Douglas Moody,Headphones,4,3175.7,08-08-2025
ORD109387,Stephen Payne,Smartwatch,4,4909.5,22-03-2025
ORD109388,Mr. Matthew Miller,Monitor,2,2696.54,29-12-2025
ORD109389,Casey Patton,Monitor,5,2984.22,17-08-2025
ORD109390,Dustin Johnson,Mouse,5,4355.69,13-12-2025
ORD109391,Elijah Luna,Printer,2,250.66,28-01-2026
ORD109392,Ryan Shepherd,Mobile,1,2635.23,28-12-2024
ORD109393,Denise Keith,Monitor,5,467.51,14-02-2024
ORD109394,Corey Hopkins,Camera,5,2293.93,26-01-2026
ORD109395,Ian Williams,Mobile,4,3863.76,28-08-2024
ORD109396,Amanda Lambert,Printer,3,2375.33,24-09-2024
ORD109397,Steven Clark,Mouse,4,1006.79,14-01-2026
ORD109398,Brian Wilkinson,Mobile,4,4790.2,08-12-2024
ORD109399,Thomas Myers,Monitor,5,4337.84,01-01-2026
ORD109400,Leonard Thompson,Mobile,3,3551.5,25-07-2024
ORD109401,Julie Lee,Headphones,2,4170.33,02-05-2025
ORD109402,Andrew Pena,Laptop,1,1864.17,25-01-2026
ORD109403,Andrew Schneider,Monitor,5,1534.03,16-11-2024
ORD109404,Andrew Holloway,Laptop,5,718.01,17-03-2024
ORD109405,Eric Black,Headphones,2,1420.85,01-01-2026
ORD109406,Gina Freeman,Monitor,5,4135.04,03-04-2024
ORD109407,John Acosta,Headphones,4,1154.63,22-04-2025
ORD109408,Shawna Tate,Headphones,1,637.36,20-07-2025
ORD109409,Kenneth Huffman PhD,Laptop,5,2276.8,27-04-2025
ORD109410,Joshua Lee,Camera,5,2855.14,07-01-2026
ORD109411,Sarah Carroll,Monitor,3,2893.87,21-07-2025
ORD109412,Deanna Estrada,Headphones,5,4104.05,03-10-2024
ORD109413,John Taylor,Tablet,1,3164.47,13-03-2025
ORD109414,Aaron Spencer,Tablet,1,599,29-04-2025
ORD109415,Samuel Watson,Smartwatch,4,3643.54,05-10-2025
ORD109416,Dawn Watts,Monitor,1,3925.63,15-02-2025
ORD109417,Michelle Carpenter,Headphones,1,1838.67,03-08-2025
ORD109418,Jennifer Williams,Tablet,1,4846.14,21-05-2024
ORD109419,Louis Rivera,Tablet,4,3759.97,13-01-2026
ORD109420,Kenneth Ramirez,Smartwatch,1,1166.75,28-01-2026
ORD109421,Erin Mills,Mobile,1,1925.63,02-10-2024
ORD109422,Breanna Hernandez,Monitor,2,1190.3,03-07-2025
ORD109423,Justin Hayes,Tablet,2,3401.41,25-06-2024
ORD109424,Lawrence Ryan,Smartwatch,4,758.16,29-03-2025
ORD109425,Sharon Goodman,Mouse,2,1185.17,23-08-2024
ORD109426,Sandra Taylor,Tablet,2,2768.97,13-04-2025
ORD109427,Ashley Mercado,Printer,4,1964.65,29-09-2025
ORD109428,Bryan Ferrell,Monitor,3,4941.15,28-11-2025
ORD109429,Kathryn Shah,Headphones,4,833.38,20-04-2024
ORD109430,David Lee,Tablet,3,3314.84,12-01-2025
ORD109431,Hannah Davis,Laptop,3,1771.14,09-02-2025
ORD109432,Emily Mccarthy MD,Headphones,3,3332.53,09-06-2025
ORD109433,Brian Wilson,Smartwatch,5,112.38,29-08-2025
ORD109434,Russell Rodriguez,Monitor,5,3053.92,27-01-2026
ORD109435,Kayla Woodard,Headphones,2,726.67,25-09-2025
ORD109436,Darlene Stephens,Headphones,1,4922.82,07-03-2024
ORD109437,Robert Gomez,Mouse,3,796.98,07-06-2025
ORD109438,Victoria Gardner,Camera,4,300.22,27-05-2024
ORD109439,Melinda Forbes,Headphones,2,3021.31,30-09-2024
ORD109440,Brandon Gomez,Printer,3,1300.19,07-02-2025
ORD109441,Paul Willis,Mouse,4,4852.94,07-12-2024
ORD109442,Andrea Schultz,Camera,4,2038.14,07-05-2024
ORD109443,Jonathan Perez,Monitor,5,2586.91,06-06-2024
ORD109444,Stephen Ochoa,Smartwatch,2,2842.83,17-03-2024
ORD109445,Frederick Ortiz,Printer,4,685.66,14-04-2024
ORD109446,Mary Lindsey,Mouse,5,4514.64,04-04-2025
ORD109447,Lori Smith,Mouse,5,4472.86,12-08-2024
ORD109448,Kelly White,Headphones,1,3269.69,04-02-2025
ORD109449,Amanda Richardson,Printer,1,4762.71,25-12-2024
ORD109450,Kristen Fleming,Keyboard,3,2440.17,11-02-2024
ORD109451,Rodney Blackburn,Mobile,5,2298.65,07-03-2024
ORD109452,Matthew Perkins,Mouse,1,4242.55,25-08-2025
ORD109453,Maria Solomon,Monitor,2,3171.3,01-10-2024
ORD109454,Angela Hansen,Printer,4,1517.5,15-05-2025
ORD109455,Kimberly Stout,Smartwatch,4,4231.76,23-07-2025
ORD109456,Melanie Griffin,Laptop,3,4304.51,14-10-2024
ORD109457,Debra Anderson,Smartwatch,4,3586.77,19-08-2024
ORD109458,Briana Moreno,Mobile,1,687.43,23-12-2025
ORD109459,Kristopher Riggs,Headphones,4,1691.24,01-10-2024
ORD109460,Sarah Davila,Mouse,3,426.48,17-06-2025
ORD109461,Jim Best,Keyboard,5,4602.74,31-07-2025
ORD109462,Rebecca Fleming,Smartwatch,1,3898.65,17-10-2024
ORD109463,David Padilla,Monitor,4,2605.08,08-03-2024
ORD109464,Robin Lee,Tablet,4,1965.33,17-04-2024
ORD109465,Sydney Roberts,Laptop,5,4491.83,12-11-2024
ORD109466,Thomas Hernandez,Camera,4,344.79,18-12-2024
ORD109467,Sara Perry,Monitor,5,2455.77,05-03-2024
ORD109468,Nina Goodman,Mobile,1,732.62,02-05-2025
ORD109469,Judy Warner,Laptop,2,2401.3,16-05-2025
ORD109470,Joseph Kent,Tablet,4,821.1,24-09-2024
ORD109471,Justin Wise,Mouse,2,3342.73,09-08-2025
ORD109472,Mark Wilson,Laptop,2,1739.53,28-06-2024
ORD109473,Lisa Salinas,Camera,5,2425.24,12-12-2025
ORD109474,Christina Moore,Headphones,5,1216.56,08-02-2025
ORD109475,Rebecca Ross,Keyboard,2,3403.33,11-11-2024
ORD109476,Linda Armstrong,Laptop,1,2523.93,14-05-2024
ORD109477,Jerome Underwood,Smartwatch,1,4352.5,24-10-2024
ORD109478,Karen Jones,Headphones,1,703.36,15-08-2025
ORD109479,James Harrell,Keyboard,4,2806.13,05-07-2024
ORD109480,Madison Clark,Mobile,1,718.27,13-02-2025
ORD109481,Jennifer Ray,Headphones,1,1929.57,07-11-2025
ORD109482,Erik Barker,Monitor,4,3909.08,29-05-2025
ORD109483,Robert Montgomery,Tablet,2,768.94,16-01-2025
ORD109484,Diane Gray,Keyboard,5,1015.39,30-04-2024
ORD109485,Jerry Cox,Smartwatch,1,3139.69,11-12-2025
ORD109486,Mr. Logan Mitchell,Tablet,2,638.84,06-05-2025
ORD109487,Brian Atkins,Printer,5,776.49,22-10-2025
ORD109488,Shaun Clark,Printer,5,726.8,10-01-2025
ORD109489,Suzanne Miranda,Tablet,3,2751.85,13-11-2024
ORD109490,Cindy Olson,Tablet,3,737.66,23-11-2025
ORD109491,Wendy Clark,Keyboard,5,1531.62,13-10-2025
ORD109492,Nicholas Lyons,Headphones,2,948.26,14-03-2025
ORD109493,Richard Walter,Tablet,1,4242.72,28-04-2024
ORD109494,Diana Robinson,Keyboard,2,2296.29,11-12-2024
ORD109495,Candice Lambert,Laptop,2,1567.22,08-01-2025
ORD109496,Charles Murillo,Laptop,4,2981.55,27-07-2025
ORD109497,Eugene Anderson,Mobile,4,746.2,15-09-2025
ORD109498,Robert Jackson,Headphones,4,227.8,10-04-2024
ORD109499,Melanie Mcdaniel,Headphones,1,3840.36,01-06-2024
ORD109500,Nancy Dennis,Tablet,2,3207.78,25-05-2025
ORD109501,Martha Rogers,Mouse,3,3207.35,01-03-2024
ORD109502,Jonathan Thompson,Smartwatch,3,616.94,01-06-2024
ORD109503,Bryan Wolfe,Monitor,5,4500.66,17-03-2024
ORD109504,Jessica Cox,Tablet,2,2257.99,10-02-2025
ORD109505,Shane Allen,Laptop,1,2023.87,11-08-2024
ORD109506,Alicia Eaton,Camera,1,556.6,18-07-2025
ORD109507,Stephen Gilbert,Mouse,1,3634.37,23-04-2024
ORD109508,Holly Valentine,Keyboard,2,3926.53,03-03-2025
ORD109509,Connie Davis,Mouse,4,1279.02,31-10-2025
ORD109510,Michael Brown,Mobile,5,1362.66,04-04-2025
ORD109511,Tammy Mcbride,Camera,2,1790.73,17-02-2024
ORD109512,James Walker,Keyboard,1,1730.31,07-03-2025
ORD109513,Patrick Benton,Keyboard,5,1867.12,22-02-2025
ORD109514,Jessica Yang,Laptop,1,412.43,28-11-2025
ORD109515,Jonathan Hogan,Headphones,4,4217.32,21-07-2025
ORD109516,Stefanie Cohen,Camera,2,550.92,10-07-2025
ORD109517,Margaret Stout,Laptop,1,3744.58,17-12-2025
ORD109518,Mario Roberts,Mouse,1,3302.93,12-07-2024
ORD109519,Tricia Hahn,Keyboard,5,2708.36,12-05-2024
ORD109520,Sarah House,Tablet,2,3102.41,23-06-2024
ORD109521,Patricia Long,Laptop,3,3454.89,08-02-2026
ORD109522,Paula Steele,Printer,4,3530.23,17-06-2024
ORD109523,Robin Cole,Laptop,2,1845.09,04-01-2025
ORD109524,Jacob Brown,Tablet,3,762.17,09-05-2024
ORD109525,Patrick Parker,Tablet,4,1720.48,27-02-2024
ORD109526,Yolanda Anderson,Tablet,2,4588.31,10-08-2025
ORD109527,Richard Eaton,Mouse,2,1043.38,26-06-2025
ORD109528,Jessica Copeland,Mouse,3,3840.05,07-12-2024
ORD109529,Dawn Miller,Keyboard,2,3778.25,20-12-2024
ORD109530,Jake Davis,Printer,1,4216.29,22-09-2025
ORD109531,Lisa Schaefer,Keyboard,1,1722.03,01-06-2024
ORD109532,Yvonne Rodriguez,Camera,3,2772.37,04-06-2025
ORD109533,Katherine Novak,Laptop,1,506.86,15-08-2025
ORD109534,Vincent Anderson,Headphones,5,4990.01,09-02-2025
ORD109535,Theresa Bond,Mouse,4,4171.76,18-04-2024
ORD109536,Thomas Hernandez,Camera,2,2826.89,19-07-2025
ORD109537,Kelly Nixon,Keyboard,5,4274.26,03-07-2024
ORD109538,Meredith Hall,Printer,3,4030.02,30-07-2025
ORD109539,David Graves,Headphones,1,1687.51,12-02-2025
ORD109540,Linda Curtis,Mobile,3,636.55,02-04-2025
ORD109541,Steven Griffith,Keyboard,2,2008.51,10-01-2026
ORD109542,Joshua Jackson,Monitor,4,2757.94,10-04-2024
ORD109543,Valerie Love,Printer,3,4793.99,20-07-2024
ORD109544,Jay Daniels,Monitor,4,2873.64,26-08-2025
ORD109545,Andrew Fischer,Monitor,2,4895.12,02-02-2026
ORD109546,Teresa Perez,Smartwatch,2,4375.3,28-08-2024
ORD109547,Jose Reeves,Headphones,3,4710.2,27-01-2025
ORD109548,John Crosby,Headphones,2,3514.97,03-05-2024
ORD109549,Nicholas Lee,Printer,3,2701.41,25-06-2025
ORD109550,Tammy Garza,Smartwatch,5,722.32,05-01-2026
ORD109551,Mitchell Edwards,Laptop,1,1203.48,28-04-2024
ORD109552,Lisa Zhang,Monitor,4,2919.59,09-03-2024
ORD109553,Monica Avila,Mouse,5,969.07,24-02-2025
ORD109554,Cynthia Miller,Smartwatch,2,457.99,13-04-2024
ORD109555,Francisco Reynolds,Smartwatch,4,4638.71,03-07-2025
ORD109556,Mrs. Susan Sullivan,Mobile,4,4634.1,14-06-2024
ORD109557,Diana Tate,Headphones,4,2721.26,19-08-2025
ORD109558,Casey Sellers,Headphones,1,1246.26,05-05-2025
ORD109559,Sharon Willis,Mobile,3,3856.16,02-05-2024
ORD109560,Wayne Walls,Mobile,4,611.63,10-03-2024
ORD109561,Donna Flores,Laptop,3,3684.43,05-02-2026
ORD109562,Kathryn Williams,Camera,3,4892.96,18-05-2024
ORD109563,George Wilson,Printer,2,1912.96,16-02-2024
ORD109564,Mason Martinez,Laptop,3,832.56,18-11-2025
ORD109565,Theresa Rodriguez,Camera,5,4837.87,17-09-2025
ORD109566,Michelle Allen,Mouse,2,2235.05,07-03-2024
ORD109567,Brian Choi,Monitor,3,2097.06,23-03-2025
ORD109568,Lori Mccoy,Monitor,2,4795.19,06-09-2024
ORD109569,Kaitlyn Roberts,Tablet,4,4089.48,16-03-2025
ORD109570,Katherine Kidd,Keyboard,1,3660.71,28-10-2024
ORD109571,Joshua Jacobs,Laptop,2,4386.74,01-12-2025
ORD109572,Thomas Stokes,Camera,1,2270.2,02-02-2025
ORD109573,Joe Scott,Printer,4,2863.93,15-07-2024
ORD109574,Katrina Smith,Printer,4,1598.3,26-05-2024
ORD109575,Troy Ferguson,Laptop,4,4500.01,29-09-2024
ORD109576,Michael Hickman,Smartwatch,4,512.73,15-12-2025
ORD109577,Shirley Griffin,Camera,5,2138.57,04-08-2024
ORD109578,Joshua Smith,Tablet,3,4936.01,22-08-2024
ORD109579,Jessica Stark,Printer,4,4908.03,19-04-2024
ORD109580,Steven Miller,Printer,1,4877.48,28-01-2026
ORD109581,Corey Morris,Laptop,3,376.54,27-11-2024
ORD109582,Danny Ward,Printer,1,578.37,30-08-2024
ORD109583,Jillian Mcconnell,Tablet,1,4218.35,24-03-2025
ORD109584,David Flynn,Tablet,3,2905.9,21-10-2025
ORD109585,Jay Walker,Mouse,5,2888,14-12-2025
ORD109586,Christopher Cruz,Camera,5,382.34,04-01-2025
ORD109587,Juan Maxwell,Headphones,3,2522.37,25-05-2024
ORD109588,Angela Johnson,Monitor,4,1614.83,04-11-2025
ORD109589,Lee Huffman,Headphones,3,3077.61,08-06-2024
ORD109590,Kari Rice,Monitor,4,1854.4,24-09-2024
ORD109591,Sally Mendoza,Printer,5,1564.55,24-03-2024
ORD109592,Kimberly Martinez,Headphones,4,458.04,25-12-2024
ORD109593,Jennifer Lambert,Smartwatch,1,3351.55,02-12-2024
ORD109594,Maureen Thompson,Smartwatch,4,778.89,12-08-2024
ORD109595,Donna Green,Laptop,2,2799.47,30-06-2024
ORD109596,Miranda Cruz,Monitor,2,4762.12,12-09-2024
ORD109597,Natalie Wolf,Mouse,5,3473.28,23-12-2024
ORD109598,John Frazier,Keyboard,5,4777.18,29-10-2024
ORD109599,Anthony Holder,Printer,4,2212.7,21-03-2024
ORD109600,Henry Davis,Keyboard,4,1390.16,21-02-2025
ORD109601,Emily Klein,Mouse,1,3591.86,10-09-2025
ORD109602,Cindy Wagner,Mobile,4,3887.4,24-11-2024
ORD109603,Spencer Juarez,Mouse,5,1794.14,21-05-2024
ORD109604,Betty Griffin,Printer,5,315.35,25-12-2025
ORD109605,Caleb Price,Tablet,1,3120.95,03-04-2024
ORD109606,Kevin Nelson,Headphones,3,1277.58,06-11-2024
ORD109607,Justin Lowe,Mouse,5,1745.61,30-07-2024
ORD109608,Laura Hayes,Mouse,1,1449.84,15-02-2025
ORD109609,Andrew Robinson,Printer,1,3255.56,24-04-2025
ORD109610,Tracy Rodgers,Keyboard,5,3732.84,14-06-2025
ORD109611,Justin Beard,Mouse,5,1738.29,08-03-2025
ORD109612,Deborah Le,Headphones,1,165.11,02-10-2025
ORD109613,John Payne,Headphones,5,3560.37,17-02-2024
ORD109614,Matthew Mckinney,Mouse,2,2087.81,29-09-2025
ORD109615,Denise Long,Laptop,5,174.43,10-07-2024
ORD109616,Diana Hudson,Laptop,5,3772.34,20-01-2025
ORD109617,John Jefferson,Printer,3,3379.09,06-05-2024
ORD109618,James Gordon,Keyboard,5,4346.81,17-04-2024
ORD109619,Jill Taylor,Mobile,3,4301.56,18-05-2025
ORD109620,Melanie Howard,Tablet,3,4501.55,03-06-2024
ORD109621,Vanessa Potter,Mouse,5,3967.59,21-03-2024
ORD109622,Joseph Avila,Headphones,5,1346.73,01-11-2024
ORD109623,Timothy Sullivan,Smartwatch,3,4018.04,12-09-2025
ORD109624,Michael Campbell,Laptop,2,3661.03,31-05-2025
ORD109625,Victoria Rivera,Headphones,1,4890.52,05-03-2024
ORD109626,Gabriela Jordan,Mouse,3,491.89,24-01-2026
ORD109627,Mark Swanson,Mouse,3,4188.84,22-10-2025
ORD109628,Steve Reynolds,Printer,1,246.22,21-05-2025
ORD109629,Olivia Lopez,Headphones,3,4298.17,01-06-2024
ORD109630,Gabriel Smith,Mouse,3,2801.43,22-11-2025
ORD109631,Chad Boyle,Printer,3,3861.99,12-03-2024
ORD109632,William Holt,Mouse,2,4249.86,02-01-2026
ORD109633,Joyce Hawkins,Printer,2,3019.73,04-06-2025
ORD109634,Stephanie Nicholson,Monitor,4,3660.67,13-04-2024
ORD109635,Richard Jones,Headphones,2,2928.73,25-09-2024
ORD109636,Tammy Anderson,Printer,4,3706.07,28-09-2024
ORD109637,Stacey Smith,Mobile,3,1040.08,14-01-2025
ORD109638,Joel Allen,Laptop,1,2435.92,17-01-2026
ORD109639,Andrea Mendoza,Headphones,4,1166.48,21-01-2025
ORD109640,Catherine Sanchez,Headphones,4,435.78,28-07-2024
ORD109641,Charles Smith,Headphones,5,1789.79,22-09-2024
ORD109642,Nancy Wise,Headphones,1,1450.86,19-06-2024
ORD109643,Jose Henson,Monitor,2,2239.14,21-01-2025
ORD109644,Dr. Mary Wilkerson,Smartwatch,2,2724.96,22-09-2024
ORD109645,Tracey Page,Tablet,4,2031.97,27-08-2024
ORD109646,Evan Clarke,Laptop,5,2419.34,15-11-2024
ORD109647,Ashley Griffith,Camera,2,3631.63,29-02-2024
ORD109648,Derrick Moore,Camera,2,1286.52,25-01-2025
ORD109649,Juan Compton,Mouse,2,2155.18,09-06-2024
ORD109650,Megan Wilcox,Smartwatch,2,4997.89,22-09-2025
ORD109651,Carol Knight,Mouse,5,4506.22,07-03-2024
ORD109652,Robert Fuentes,Laptop,2,3046.83,23-08-2024
ORD109653,Caitlin Kelley,Headphones,5,2124.76,20-10-2025
ORD109654,Jose Rivera,Camera,1,1445,05-08-2024
ORD109655,Dylan Burnett DDS,Mobile,3,1399.5,08-12-2024
ORD109656,Johnny Jones,Smartwatch,1,2901.35,13-01-2026
ORD109657,Heather Boyd,Mouse,3,4003.43,21-12-2024
ORD109658,Stacey Mcbride,Printer,4,4751.5,18-12-2025
ORD109659,Ryan Dunn,Mobile,4,4187.18,01-11-2025
ORD109660,Carol Mack,Camera,4,4027.31,08-11-2024
ORD109661,William Roy,Laptop,2,3817.41,05-10-2024
ORD109662,Michael Richardson,Tablet,2,697.61,28-12-2025
ORD109663,Brendan Strong,Mouse,1,3316.03,16-06-2025
ORD109664,Michael Sullivan,Printer,1,4701.26,06-07-2024
ORD109665,Wendy Young,Smartwatch,5,3231.4,27-03-2024
ORD109666,Laura Goodman,Tablet,5,4328.83,20-05-2024
ORD109667,Michael Blackburn,Monitor,1,168.95,05-06-2025
ORD109668,Maria Bailey DVM,Tablet,1,4407.34,05-06-2025
ORD109669,Brenda Gordon,Tablet,5,2788.01,19-12-2024
ORD109670,Troy Douglas,Monitor,5,844.22,25-09-2024
ORD109671,Rebecca Lloyd,Mouse,5,3781.39,11-02-2024
ORD109672,Jennifer Roth,Monitor,1,2927.88,24-03-2025
ORD109673,Christina Carter,Laptop,5,3834.69,26-01-2025
ORD109674,Brenda West,Camera,3,333.85,25-12-2025
ORD109675,Robert Murphy,Smartwatch,5,2258.51,27-09-2024
ORD109676,Casey Johnson,Laptop,5,3872.23,15-12-2025
ORD109677,Charles Franklin,Printer,1,3894.97,09-12-2024
ORD109678,Kim Bradley,Mobile,1,4185.26,15-09-2025
ORD109679,Nicole Holmes,Camera,4,2937.98,16-12-2024
ORD109680,Michele Turner,Camera,3,155.92,18-11-2025
ORD109681,Jacob Ford,Laptop,1,1873.14,09-04-2024
ORD109682,Robert Thomas,Printer,4,4236.6,10-07-2025
ORD109683,Ashlee Huber,Printer,4,1059.59,17-01-2025
ORD109684,Anthony Goodwin,Smartwatch,3,1328.1,01-11-2024
ORD109685,Katherine Garcia,Mouse,3,4780.28,16-04-2025
ORD109686,Christopher Ibarra,Headphones,5,4337.59,03-03-2024
ORD109687,Arthur Wilson,Tablet,4,3813.44,19-01-2025
ORD109688,John Roberson,Laptop,2,1667.27,30-09-2024
ORD109689,Benjamin Barker,Mouse,1,2951.2,20-07-2024
ORD109690,Lauren Castillo,Tablet,5,3975.03,15-12-2024
ORD109691,Jessica Farmer,Keyboard,4,4930.6,10-12-2024
ORD109692,Marcia Harvey,Headphones,2,1423.58,02-06-2024
ORD109693,Matthew Roberts,Printer,2,791.93,02-04-2024
ORD109694,Nathan Reed,Mouse,3,4787.29,02-07-2024
ORD109695,Kylie Ward,Smartwatch,3,513.05,04-04-2025
ORD109696,Michael Williams,Tablet,1,343.93,17-01-2026
ORD109697,Justin Jenkins,Smartwatch,2,3625.28,02-11-2025
ORD109698,Elizabeth Brown,Camera,1,4705.04,27-11-2025
ORD109699,Hailey Howard,Mouse,4,534.58,01-10-2024
ORD109700,Daniel Estrada,Mouse,3,1158.77,09-02-2025
ORD109701,Raymond Myers,Camera,3,4446.15,12-10-2025
ORD109702,Elizabeth Moore,Camera,2,981,30-11-2024
ORD109703,Tasha Evans,Printer,3,1313.29,21-11-2024
ORD109704,Belinda Taylor,Headphones,3,965.23,12-11-2024
ORD109705,Meghan Brown,Mobile,4,1548.01,08-01-2025
ORD109706,Jennifer Garcia,Mouse,4,1912.89,26-12-2025
ORD109707,Michael Hooper,Mobile,5,753.83,29-12-2025
ORD109708,Brian Calhoun,Mouse,4,1044.51,21-01-2026
ORD109709,Brenda Martinez,Mouse,5,897.38,03-06-2024
ORD109710,Nicole Long,Mobile,1,3523.17,26-08-2024
ORD109711,Richard Wood,Headphones,3,2046.51,22-08-2024
ORD109712,Matthew Nelson,Monitor,4,167.7,12-05-2025
ORD109713,John Moore,Tablet,5,1568.86,20-02-2024
ORD109714,David Smith,Camera,4,1097.87,18-11-2024
ORD109715,Tracy Campbell,Headphones,2,3639.83,03-07-2025
ORD109716,Brittany James,Mouse,4,761.82,11-03-2025
ORD109717,Jordan Brown,Keyboard,1,3277.6,20-11-2025
ORD109718,Amanda Hill,Keyboard,5,1880.9,12-05-2025
ORD109719,Jeremy Brown,Camera,3,1135.47,17-09-2024
ORD109720,Elizabeth Cox,Printer,2,4725.26,01-06-2025
ORD109721,Albert Short,Printer,5,3043.88,13-12-2024
ORD109722,John Levy,Laptop,2,113.39,02-02-2026
ORD109723,Michelle Garza,Laptop,4,3425.53,08-07-2024
ORD109724,Nicholas Taylor,Laptop,3,851.89,18-10-2025
ORD109725,Andrea Willis,Mouse,5,4057.56,01-12-2025
ORD109726,Marie Montgomery,Smartwatch,5,1172.61,13-10-2024
ORD109727,Lance Rodriguez,Laptop,3,872.47,18-01-2025
ORD109728,Phillip Drake,Camera,2,780.1,23-12-2024
ORD109729,Samuel Pennington,Mobile,1,305.23,27-05-2024
ORD109730,Michael Thompson,Monitor,1,2941.46,01-11-2025
ORD109731,Mrs. Debra Cohen MD,Mobile,4,2902,28-04-2024
ORD109732,Stacy Johnston,Mobile,4,1275.2,04-05-2024
ORD109733,Thomas White,Camera,2,2266.98,14-07-2025
ORD109734,Dr. Samantha Carter,Keyboard,5,3961.84,22-04-2025
ORD109735,John Gonzales,Smartwatch,2,4443.1,23-08-2025
ORD109736,Maria Cameron,Monitor,3,1145.62,09-04-2024
ORD109737,Allison Harrington,Tablet,1,3601,23-02-2024
ORD109738,Joseph Williams,Mobile,5,442,13-06-2024
ORD109739,Michael Marshall,Mobile,5,4671.41,21-02-2025
ORD109740,Ashley Pope,Mouse,3,644,29-01-2025
ORD109741,Dawn Williams,Laptop,2,2051.83,28-02-2024
ORD109742,Elizabeth Gray,Camera,3,2832.82,30-11-2024
ORD109743,Dana Caldwell,Mobile,1,4859.71,05-07-2024
ORD109744,Linda Carr,Mouse,1,2180.81,10-12-2024
ORD109745,Teresa Watkins,Tablet,3,2113.54,28-01-2025
ORD109746,Charles Zuniga,Tablet,5,2506.57,17-04-2025
ORD109747,Chelsea Taylor,Headphones,4,1766.59,25-10-2024
ORD109748,Robert Herrera,Camera,5,2481.22,10-09-2025
ORD109749,Wendy Fields,Printer,3,3697.1,06-04-2025
ORD109750,Anita Wilson,Mouse,2,4487.15,22-03-2025
ORD109751,Amanda Choi,Laptop,4,3229.57,09-05-2025
ORD109752,Gina Spencer,Camera,4,4845.53,03-08-2024
ORD109753,Dr. Travis Sullivan,Camera,5,4956.48,13-08-2025
ORD109754,Scott Rios,Tablet,5,996.16,04-10-2025
ORD109755,Matthew Gordon,Camera,3,1482.11,09-06-2024
ORD109756,Jennifer Delacruz MD,Keyboard,3,104.97,11-03-2025
ORD109757,Richard Robinson,Printer,3,3572.19,04-03-2025
ORD109758,Alan Hess,Printer,5,3812.81,29-06-2025
ORD109759,Shelley Gonzalez,Tablet,1,1117.34,29-04-2024
ORD109760,Melissa Curtis,Printer,3,233.12,06-07-2025
ORD109761,Ronald Ward,Smartwatch,5,2464.24,13-07-2025
ORD109762,Adam Brandt,Laptop,2,3003.28,10-06-2025
ORD109763,Caroline Avila PhD,Mouse,3,151.32,15-03-2024
ORD109764,Emily Cisneros,Camera,1,1947.1,28-05-2025
ORD109765,Henry Mcgrath,Printer,1,2339.27,19-07-2024
ORD109766,Janet Long,Mobile,3,3040.08,20-09-2025
ORD109767,Joann Clark,Tablet,3,4814.16,04-01-2025
ORD109768,Terry Davenport,Mouse,1,480.62,24-10-2024
ORD109769,Sonya Price,Mouse,3,3875.46,01-04-2025
ORD109770,Alexandra Wilson,Monitor,1,918.69,16-04-2025
ORD109771,Mary Brown,Keyboard,1,2206.75,05-11-2024
ORD109772,Alan Williamson,Mouse,5,3471.09,16-07-2025
ORD109773,Donna Oneal,Tablet,3,2759.83,04-09-2024
ORD109774,Shannon Padilla,Monitor,4,2512.32,26-09-2025
ORD109775,Cassandra Copeland,Smartwatch,2,4229.1,11-01-2026
ORD109776,Allen Mack,Smartwatch,5,4634.74,25-07-2025
ORD109777,Heidi Wallace,Camera,1,3042.88,24-09-2024
ORD109778,Christy Kennedy,Laptop,4,3202.7,12-03-2024
ORD109779,Becky Ross,Tablet,4,1219.7,01-09-2024
ORD109780,Barbara Santana,Mouse,3,1311.27,22-08-2024
ORD109781,Rebecca Park,Tablet,3,3886.21,08-09-2025
ORD109782,Michael Maldonado,Tablet,2,1080.3,18-06-2025
ORD109783,John Snyder,Headphones,4,2990.75,04-07-2025
ORD109784,Pamela Lopez,Mobile,4,1392.01,03-10-2024
ORD109785,Matthew Hobbs,Mobile,2,3901.42,05-10-2024
ORD109786,Christopher Sullivan,Mobile,1,201.75,19-08-2024
ORD109787,Brad Phillips,Smartwatch,5,4499.41,13-07-2024
ORD109788,Megan Mcconnell,Monitor,5,3927.14,26-08-2025
ORD109789,Michelle Madden,Mobile,5,4491.05,12-03-2024
ORD109790,Brian Richmond,Monitor,1,3049.23,20-04-2024
ORD109791,Gary Flores,Camera,2,2685.31,15-11-2024
ORD109792,Eric Young,Tablet,2,4931.87,15-02-2025
ORD109793,Benjamin Levine,Keyboard,1,656.87,11-08-2024
ORD109794,Dr. Carol Hoffman,Smartwatch,4,499.45,28-05-2024
ORD109795,Vanessa Matthews,Keyboard,2,3074.82,11-02-2024
ORD109796,Richard Ramos,Smartwatch,4,3607.28,16-04-2025
ORD109797,Christine Woods,Camera,1,1775.68,31-03-2024
ORD109798,Carl Brown,Headphones,1,1819.01,27-12-2024
ORD109799,David Davis,Laptop,4,3301.61,23-05-2024
ORD109800,Jacob Frank,Headphones,1,4248.49,24-04-2025
ORD109801,Carmen Wilson,Keyboard,4,989.62,06-05-2024
ORD109802,Denise Miller,Tablet,1,2883.3,06-12-2025
ORD109803,Denise Diaz,Keyboard,2,4111.18,14-10-2025
ORD109804,Jason Oliver,Monitor,5,2037.94,08-11-2025
ORD109805,Morgan Webb,Keyboard,2,502.69,10-02-2026
ORD109806,Stephanie Campbell,Mobile,5,2563.24,04-06-2024
ORD109807,Joshua Hicks,Laptop,2,465.8,27-12-2024
ORD109808,Patrick Gonzalez,Headphones,5,3533.81,19-12-2025
ORD109809,Christina Moore,Laptop,2,4949.49,17-10-2025
ORD109810,Karen Vargas,Smartwatch,5,601.59,07-07-2025
ORD109811,Natalie Tate,Mobile,1,4680.87,12-04-2025
ORD109812,Benjamin Lewis,Monitor,2,2532.55,27-05-2025
ORD109813,Daniel Burke,Camera,3,4257.17,01-05-2024
ORD109814,Katie Moon,Laptop,4,576.62,18-01-2026
ORD109815,Brett Fritz,Tablet,1,1705.23,05-08-2025
ORD109816,Daniel Thompson,Camera,1,4632.83,03-06-2025
ORD109817,Kimberly Kennedy,Tablet,5,463.02,29-03-2025
ORD109818,Scott Bennett,Laptop,1,2642.06,24-11-2024
ORD109819,Susan Moore,Headphones,5,2957.92,24-03-2025
ORD109820,Katherine Ayala,Mouse,5,3136.43,27-03-2025
ORD109821,Todd Miller,Keyboard,3,640.47,16-09-2025
ORD109822,Robert Thomas,Smartwatch,1,2785.04,19-07-2024
ORD109823,Nathan Fuller,Laptop,3,3149.87,14-06-2025
ORD109824,Robert Rodriguez,Laptop,2,4708.54,08-02-2025
ORD109825,Chelsey Sims,Headphones,2,3656.68,12-12-2025
ORD109826,Heather Barry,Monitor,2,1347.01,30-04-2024
ORD109827,Mr. Kenneth Peck Jr.,Keyboard,4,1585.88,22-12-2024
ORD109828,John Robbins,Laptop,4,849.62,08-04-2025
ORD109829,Kaylee Hoffman,Laptop,3,516.67,17-10-2024
ORD109830,Larry Graves,Tablet,4,4888.74,17-01-2026
ORD109831,Nicole Ruiz,Mouse,1,2541.15,28-12-2025
ORD109832,Jennifer Hines,Mouse,4,1970.04,28-09-2024
ORD109833,Joanna Porter,Keyboard,5,1508.19,23-04-2024
ORD109834,Sarah Short,Mouse,2,4468.1,09-02-2026
ORD109835,Sean Parks,Mobile,4,3652.55,15-09-2024
ORD109836,William Parsons,Mouse,4,3887.49,21-02-2025
ORD109837,Donna Schwartz,Monitor,5,2527.69,05-07-2025
ORD109838,Mercedes Hudson,Keyboard,1,2128.26,20-03-2025
ORD109839,Sara Moore,Mouse,5,2466.03,21-11-2024
ORD109840,Kimberly Olsen,Monitor,1,2863.9,19-05-2025
ORD109841,Brandon Cox,Headphones,4,370.88,25-12-2024
ORD109842,Kristi Meyer,Smartwatch,2,1654.09,07-03-2024
ORD109843,Maria Larson,Keyboard,3,1585.89,17-08-2024
ORD109844,Anthony Ryan,Mouse,1,336.01,07-11-2024
ORD109845,Kelly Smith,Laptop,4,3759.5,27-10-2024
ORD109846,James Mitchell,Headphones,4,1399.63,25-02-2024
ORD109847,Courtney Walker,Smartwatch,3,4390.84,02-07-2025
ORD109848,Zachary Jones,Monitor,4,382.41,06-11-2025
ORD109849,Richard Tucker,Smartwatch,4,1118.66,22-10-2024
ORD109850,Jacob Munoz,Headphones,1,4825.91,13-05-2025
ORD109851,Robert Chandler,Printer,5,2603.98,31-10-2025
ORD109852,Nicholas Ruiz DVM,Printer,2,381.24,09-11-2024
ORD109853,Kristin Young,Smartwatch,4,4620.9,10-09-2025
ORD109854,Audrey Le,Printer,5,4363.42,09-05-2025
ORD109855,Sean Shepherd,Laptop,1,2861.41,06-08-2025
ORD109856,Sandra Terrell,Mouse,3,4200.56,10-12-2025
ORD109857,Edward Mayer,Monitor,3,167.78,16-06-2025
ORD109858,Michael Donaldson,Smartwatch,5,342.1,15-03-2024
ORD109859,Joel Hall,Tablet,4,4127.14,19-05-2025
ORD109860,Jeremy Hughes,Camera,1,4509.26,06-08-2024
ORD109861,Joseph Wood,Smartwatch,2,3974.2,11-05-2024
ORD109862,Leon Lee,Mobile,5,2928.54,01-01-2025
ORD109863,Laura Morgan,Smartwatch,2,4405.22,14-07-2024
ORD109864,Darlene Blanchard,Mobile,2,595.17,10-03-2024
ORD109865,Leah Meadows,Tablet,1,765.69,21-07-2025
ORD109866,Brianna Harrison,Printer,1,2108.15,20-03-2025
ORD109867,Michelle Bryan,Monitor,3,4368.74,01-03-2024
ORD109868,Vanessa Doyle,Keyboard,4,4712.7,09-07-2025
ORD109869,Thomas Bennett,Headphones,1,2494.82,16-07-2025
ORD109870,Whitney Ruiz,Monitor,1,2090.17,30-01-2025
ORD109871,Carolyn Ellison,Laptop,4,1292.52,10-10-2024
ORD109872,Tracy Hall,Mouse,5,4892.91,02-10-2025
ORD109873,Jill Smith,Laptop,2,3760.31,01-05-2024
ORD109874,Toni Morris,Printer,4,3630.69,18-10-2025
ORD109875,Abigail Perez,Mouse,1,3095.98,06-03-2024
ORD109876,Kimberly Adams,Printer,2,4363,13-07-2025
ORD109877,Debbie Vega,Headphones,5,4130.39,05-06-2025
ORD109878,Sara White,Mobile,4,3097.79,07-09-2024
ORD109879,Valerie Lloyd,Smartwatch,2,3959.21,02-05-2025
ORD109880,Rachel Evans,Camera,1,2260.54,05-04-2025
ORD109881,Theresa Wilson,Printer,5,3181.39,24-04-2024
ORD109882,James Horton,Mouse,5,1668.59,03-11-2024
ORD109883,Connie Rodgers,Mouse,3,2180.69,08-12-2024
ORD109884,Anthony Lowe,Monitor,3,2700.74,04-12-2024
ORD109885,Richard Sandoval,Smartwatch,2,3862.08,03-02-2026
ORD109886,Deborah Hunt,Smartwatch,5,1469.05,01-03-2024
ORD109887,Corey Bradley,Mobile,3,1022.3,28-12-2025
ORD109888,Mr. Brandon Munoz,Tablet,3,3226.2,13-07-2024
ORD109889,Joseph Mcclure,Tablet,4,4710.26,20-02-2025
ORD109890,Donna George,Laptop,3,2168.99,04-01-2025
ORD109891,Roberta Bowman MD,Laptop,4,838.42,20-03-2025
ORD109892,Lisa Miller DDS,Monitor,2,3616.98,30-06-2025
ORD109893,Ashley Ortiz,Laptop,1,1005.58,19-03-2025
ORD109894,Angel Cox,Laptop,3,4760.65,13-11-2024
ORD109895,Andrew Humphrey,Tablet,5,2854.24,30-06-2024
ORD109896,Christina Miles,Mobile,2,240.51,10-05-2025
ORD109897,Ashley Franklin,Laptop,3,3982,21-01-2026
ORD109898,Lisa Brown,Smartwatch,3,3920.74,07-08-2024
ORD109899,Colleen Peterson,Smartwatch,5,1578.69,13-03-2024
ORD109900,Barbara Hall,Tablet,1,4007.57,23-07-2025
ORD109901,Mackenzie Mack,Headphones,4,684.57,20-05-2024
ORD109902,Yvonne Moore,Tablet,1,4873.99,26-07-2024
ORD109903,Victor Martin,Headphones,4,2102.92,10-12-2025
ORD109904,Mikayla Shepard,Tablet,4,1094.39,25-04-2025
ORD109905,Andrew Mendez,Smartwatch,1,4536.1,13-12-2025
ORD109906,Brittany Melton,Mouse,1,3813.94,03-05-2025
ORD109907,Carol Galvan,Smartwatch,3,4742.39,01-10-2024
ORD109908,Brittany Ramos,Mobile,5,4038.59,06-11-2025
ORD109909,Brandy Nelson,Tablet,3,4618.54,29-09-2025
ORD109910,Kristopher Jackson,Smartwatch,2,3481.84,10-01-2025
ORD109911,Johnathan Richardson,Keyboard,1,3314.32,22-03-2025
ORD109912,Sonya Martin,Printer,2,3974.03,23-01-2026
ORD109913,Jennifer Roman,Keyboard,2,1741.63,24-04-2024
ORD109914,Alexandria Duncan,Camera,4,523.14,19-01-2026
ORD109915,Gary Alvarez,Mouse,4,2537.89,31-01-2025
ORD109916,Barbara Moreno,Monitor,5,2231.51,19-06-2025
ORD109917,Ian Ward,Monitor,1,4528.01,13-08-2025
ORD109918,Stephanie Deleon,Printer,4,4448.62,25-04-2025
ORD109919,Kevin Riggs,Mouse,4,4537.25,25-10-2025
ORD109920,Tiffany Stevenson,Mouse,5,2669.85,05-12-2024
ORD109921,Robert Bradley,Headphones,1,3248.81,08-07-2025
ORD109922,Barry Ball,Mobile,2,1084.57,22-06-2024
ORD109923,Anna Mcdowell,Monitor,2,2374.27,22-07-2025
ORD109924,Elizabeth Reed,Mouse,5,4740.18,21-09-2025
ORD109925,Jim Jackson,Laptop,2,1116.89,20-11-2025
ORD109926,Elizabeth Owens,Camera,5,2036.58,18-02-2024
ORD109927,Brenda Adams,Printer,2,3106.26,28-10-2024
ORD109928,Matthew Long,Mobile,1,3296.73,09-12-2025
ORD109929,Jennifer Perez,Printer,5,1384.15,17-07-2025
ORD109930,Ashley Lynn,Smartwatch,1,3758.58,29-07-2024
ORD109931,Yvonne Vega,Smartwatch,1,3007.8,01-03-2025
ORD109932,Elizabeth Baker,Headphones,2,3254.85,22-05-2024
ORD109933,Richard Pierce,Mouse,5,1001.21,13-10-2024
ORD109934,Jessica Espinoza,Mouse,4,1065.83,30-04-2024
ORD109935,Steve Miller,Mouse,4,4314.69,28-10-2025
ORD109936,Mariah Perez,Headphones,4,4147.12,22-01-2026
ORD109937,Melissa Guzman,Mouse,1,1778.87,17-01-2026
ORD109938,Robert Murphy,Keyboard,2,2855.28,26-01-2026
ORD109939,Suzanne Acosta,Headphones,2,4077.69,30-08-2025
ORD109940,Christina Young,Printer,4,2022.48,22-09-2024
ORD109941,Todd Gonzalez,Camera,4,4958.04,05-06-2024
ORD109942,Robert Davenport,Tablet,2,1749.39,28-10-2025
ORD109943,Julie Kelley,Camera,2,980.26,01-10-2024
ORD109944,Craig Brewer,Camera,2,3433.86,18-12-2025
ORD109945,Jason Richardson,Keyboard,1,4131.91,19-01-2025
ORD109946,Dr. George Davis PhD,Keyboard,4,4840.07,08-07-2024
ORD109947,Michael Davis,Keyboard,2,1355.43,28-02-2025
ORD109948,Cassandra Hayes,Keyboard,3,2663.29,14-03-2024
ORD109949,Sherry Martin,Camera,1,4489.05,11-07-2025
ORD109950,Dominique Sullivan,Headphones,2,4398.62,02-04-2025
ORD109951,Maria Adams,Headphones,4,2110.88,20-12-2024
ORD109952,Michael Stewart,Keyboard,3,173.52,02-02-2025
ORD109953,Kristi Johnson,Smartwatch,5,2217.42,19-03-2025
ORD109954,Brenda Collins,Printer,1,1162.34,27-04-2024
ORD109955,Nathan Montgomery,Headphones,4,3716.55,28-03-2024
ORD109956,Karen Gibson,Smartwatch,4,3704.27,22-11-2024
ORD109957,Robert Butler,Smartwatch,5,2508.92,07-01-2025
ORD109958,Joshua Wolf,Headphones,3,4973.29,20-05-2024
ORD109959,Keith Carey,Mouse,1,922.65,21-03-2025
ORD109960,Misty Harrison,Laptop,1,1703.33,04-12-2024
ORD109961,Kimberly Drake,Monitor,3,1723.01,02-10-2025
ORD109962,Kathleen Black,Headphones,3,1952.44,01-07-2025
ORD109963,Chad Rodgers,Printer,1,3364.63,03-07-2024
ORD109964,Zachary Palmer,Monitor,2,1147.53,31-07-2024
ORD109965,Patricia Clark,Laptop,5,2684.62,05-08-2024
ORD109966,Christina Smith,Keyboard,1,4674.16,18-07-2024
ORD109967,Janice Mccarthy,Mobile,2,4572.76,04-05-2024
ORD109968,Gary Higgins,Keyboard,5,4706.76,23-04-2024
ORD109969,Mary Gonzalez,Mobile,3,2669.04,30-09-2025
ORD109970,Daniel Cobb,Keyboard,3,3934.14,29-06-2024
ORD109971,Christopher King,Monitor,2,689.72,19-06-2025
ORD109972,Elizabeth Blevins,Laptop,4,3107.61,31-12-2024
ORD109973,Tammy Lyons,Laptop,4,4409.52,25-07-2024
ORD109974,Javier Williams,Monitor,2,2404.91,21-08-2024
ORD109975,Carol Yoder,Mouse,4,2802.75,04-01-2026
ORD109976,Michael Walter,Monitor,2,1970.43,05-09-2025
ORD109977,Dawn Arias,Headphones,5,4457.77,09-02-2026
ORD109978,Nicholas Bennett Jr.,Camera,5,1721.95,14-11-2025
ORD109979,John Soto,Laptop,2,4993.99,15-12-2025
ORD109980,Gary Beck,Camera,4,3793.63,26-10-2024
ORD109981,Briana Adams,Headphones,5,4150.43,30-11-2025
ORD109982,Denise Patterson,Laptop,2,3737.66,19-02-2025
ORD109983,Erin Garcia,Mouse,1,2691.54,19-04-2025
ORD109984,Scott Hunter,Mouse,5,745.08,22-06-2024
ORD109985,Antonio Collins,Mouse,5,4382.21,01-04-2024
ORD109986,Walter Mcgee,Headphones,2,2619.13,21-03-2025
ORD109987,Chad Jenkins,Camera,4,4120.35,17-03-2025
ORD109988,Leah Moyer DVM,Tablet,1,515.32,01-07-2024
ORD109989,Logan Holt,Headphones,3,3880.38,12-06-2024
ORD109990,Michael Patterson,Printer,5,3125.63,04-05-2025
ORD109991,Kathleen Hall,Monitor,2,3835.86,21-01-2026
ORD109992,Erin Carter,Monitor,3,4314.07,03-11-2025
ORD109993,Jennifer Vazquez,Camera,5,2962.95,12-04-2025
ORD109994,Charles Mann,Tablet,3,1195.34,06-10-2025
ORD109995,Mary Steele,Tablet,5,3157.49,06-06-2024
ORD109996,Frank Smith,Tablet,3,271.9,07-03-2025
ORD109997,Jennifer Perez,Laptop,3,3166.65,06-05-2024
ORD109998,Elijah Sharp,Mobile,3,3238.47,29-11-2025
ORD109999,Eric Soto,Camera,5,2387.67,31-08-2024
